[2026-03-23 18:12:31] 📋 ==================================================
[2026-03-23 18:12:31] 📋 构建开始
[2026-03-23 18:12:31] 📋 ==================================================
[2026-03-23 18:12:31] 📋 日志文件: /workspace/logs/build/build_20260323_181231.log
[2026-03-23 18:12:31] 📋 入口文件: /workspace/scripts/main.lua
[2026-03-23 18:12:31] 📋 脚本目录: /workspace/scripts
[2026-03-23 18:12:31] 📋 工作目录: /workspace
[2026-03-23 18:12:31] 📋 MCP 环境: production
[2026-03-23 18:12:31] 📋 纹理压缩限制: 每次最多 10 张
[2026-03-23 18:12:31] 📋 步骤 1: 验证入口 Lua 文件存在
[2026-03-23 18:12:31] ✅ 入口文件存在
[2026-03-23 18:12:31] 📋 ⏱️  耗时: 0.01s
[2026-03-23 18:12:31] 📋 步骤 2: 验证 Lua 文件包含 Start() 函数
[2026-03-23 18:12:31] ✅ Start() 函数验证通过
[2026-03-23 18:12:31] 📋 ⏱️  耗时: 0.01s
[2026-03-23 18:12:31] 📋 步骤 3: 验证 scripts 目录存在
[2026-03-23 18:12:31] ✅ scripts 目录存在
[2026-03-23 18:12:31] 📋 ⏱️  耗时: 0.04s
[2026-03-23 18:12:31] 📋 步骤 4: 启动 Lua LSP watch 模式
[2026-03-23 18:12:31] 📋 LSP watch 已运行 (PID: 8451)
[2026-03-23 18:12:31] ✅ Lua LSP 检查通过: 0 个错误
[2026-03-23 18:12:31] 📋 ⏱️  耗时: 0.02s
[2026-03-23 18:12:31] 📋 步骤 5: 检查并初始化 .project 目录
[2026-03-23 18:12:31] ✅ .project 目录已正确初始化
[2026-03-23 18:12:31] 📋 ⏱️  耗时: 0.01s
[2026-03-23 18:12:31] 📋 步骤 5.6: 检查/更新 multiplayer 配置
[2026-03-23 18:12:31] ✅ 使用本地已有的 multiplayer 配置
[2026-03-23 18:12:31] 📋 ⏱️  耗时: 0.01s
[2026-03-23 18:12:31] 📋 步骤 6: 更新 project.json 的 entry
[2026-03-23 18:12:31] 📋 更新 project.json: /workspace/.project/project.json
[2026-03-23 18:12:31] 📋   设置 entry: main.lua
[2026-03-23 18:12:31] ✅ project.json 更新完成
[2026-03-23 18:12:31] 📋 步骤 6.1: 检查 project_id 一致性
[2026-03-23 18:12:31] ✅ project_id 一致性检查通过: p_70vd
[2026-03-23 18:12:31] 📋 ⏱️  耗时: 0.04s
[2026-03-23 18:12:31] 📋 步骤 7: 调用 project_builder.py 进行构建
[2026-03-23 18:12:31] 📋 已设置 AssetsCooking 可执行权限: /home/Maker/.sce/build/AssetsCooking
[2026-03-23 18:12:31] 📋 已设置 TileTerrainCLI 可执行权限: /workspace/.cli/TileTerrainCLI
[2026-03-23 18:12:31] 📋 已设置 download_tile_resources.py 可执行权限: /workspace/.cli/download_tile_resources.py
[2026-03-23 18:12:31] 📋 执行脚本: /home/Maker/.sce/build/project_builder.py
[2026-03-23 18:12:31] 📋 参数: --project /workspace --platform all --cooking /home/Maker/.sce/build/AssetsCooking --cooking-limit 10 --no-7z
[2026-03-23 18:12:31] 📋 Python: python3
[2026-03-23 18:13:58] 📋 project_builder.py stdout:
[2026-03-23 18:13:58] 📋   [INFO] 开始构建项目: /workspace [平台: all]
[2026-03-23 18:13:58] 📋   [INFO] [1/13] 初始化构建目录...
[2026-03-23 18:13:58] 📋   [INFO]   完成 (0.02s)
[2026-03-23 18:13:58] 📋   [INFO] [2/13] 加载配置...
[2026-03-23 18:13:58] 📋   [INFO]   解析平台配置: all
[2026-03-23 18:13:58] 📋   [INFO]   项目: p_70vd v1.0.23
[2026-03-23 18:13:58] 📋   [INFO]   入口: main.lua
[2026-03-23 18:13:58] 📋   [INFO]   输出: /workspace/.project/../dist/1.0.23
[2026-03-23 18:13:58] 📋   [INFO]   构建号: 40
[2026-03-23 18:13:58] 📋   [INFO]   完成 (0.01s)
[2026-03-23 18:13:58] 📋   [INFO] [3/13] 加载远程资源...
[2026-03-23 18:13:58] 📋   [INFO]   加载远端来源: engine (tag: stable)
[2026-03-23 18:13:58] 📋   [INFO]     导入 4 个远端资源: engine
[2026-03-23 18:13:58] 📋   [INFO]   加载远端来源: engine-res (tag: stable)
[2026-03-23 18:13:58] 📋   [INFO]     导入 1224 个远端资源: engine-res
[2026-03-23 18:13:58] 📋   [INFO]   加载远端来源: official-res (tag: stable)
[2026-03-23 18:13:58] 📋   [INFO]     导入 25358 个远端资源: official-res
[2026-03-23 18:13:58] 📋   [INFO]   完成 (3.63s)
[2026-03-23 18:13:58] 📋   [INFO] [4/13] 扫描本地资源...
[2026-03-23 18:13:58] 📋   [INFO]   扫描目录: ../assets (prefix: ../assets)
[2026-03-23 18:13:58] 📋   [INFO]   生成 meta: 仿生关节组件_20260323095142.png -> D-xQSVFF...
[2026-03-23 18:13:58] 📋   [INFO]   生成 meta: 仿生关节组件_20260323100307.png -> Aokwudmn...
[2026-03-23 18:13:58] 📋   [INFO]   生成 meta: 信号干扰器外壳_20260323094703.png -> BUXZUYdw...
[2026-03-23 18:13:58] 📋   [INFO]   生成 meta: 像素画打印件_20260323095038.png -> HJVpUZ1h...
[2026-03-23 18:13:58] 📋   [INFO]   生成 meta: 全息投影名片盒_20260323095029.png -> FCRygQoa...
[2026-03-23 18:13:58] 📋   [INFO]   生成 meta: 军用外骨骼脚踝_20260323095048.png -> FNEtGWAS...
[2026-03-23 18:13:58] 📋   [INFO]   生成 meta: 军用夜光管_20260323094706.png -> EQTq8fc7...
[2026-03-23 18:13:58] 📋   [INFO]   生成 meta: 军用无人机主板_20260323095204.png -> AGpR4fLG...
[2026-03-23 18:13:58] 📋   [INFO]   生成 meta: 军用无人机主板_20260323095817.png -> CF33MQVM...
[2026-03-23 18:13:58] 📋   [INFO]   生成 meta: 军用无人机主板_20260323100425.png -> DEXqSbeO...
[2026-03-23 18:13:58] 📋   [INFO]   生成 meta: 初代游戏机_20260323094005.png -> AJ0rYb-s...
[2026-03-23 18:13:58] 📋   [INFO]   生成 meta: 加密U盘_20260323095033.png -> EuS3qaGX...
[2026-03-23 18:13:58] 📋   [INFO]   生成 meta: 动态光雕原件_20260323095042.png -> COC1mQ7U...
[2026-03-23 18:13:58] 📋   [INFO]   生成 meta: 单瓶年份红酒_20260323094531.png -> HGTMKSNV...
[2026-03-23 18:13:58] 📋   [INFO]   生成 meta: 古巴雪茄单支_20260323094517.png -> DyVCMdJL...
[2026-03-23 18:13:58] 📋   [INFO]   生成 meta: 古董摩托车_20260323094539.png -> Hm_i0aUJ...
[2026-03-23 18:13:58] 📋   [INFO]   生成 meta: 太阳能电池板碎片_20260323094711.png -> AH8BAbrq...
[2026-03-23 18:13:58] 📋   [INFO]   生成 meta: 宋代瓷枕_20260323094230.png -> Gae3EZ_w...
[2026-03-23 18:13:58] 📋   [INFO]   生成 meta: 工业级激光管_20260323094655.png -> AreMofC7...
[2026-03-23 18:13:58] 📋   [INFO]   生成 meta: 废旧VR手套_20260323095818.png -> EZRlickD...
[2026-03-23 18:13:58] 📋   [INFO]   生成 meta: 废旧VR手套_20260323100436.png -> FXwlQd4T...
[2026-03-23 18:13:58] 📋   [INFO]   生成 meta: 手动缝纫机_20260323094355.png -> GlqIISqt...
[2026-03-23 18:13:58] 📋   [INFO]   生成 meta: 整箱进口红酒_20260323094520.png -> FV_X2bvI...
[2026-03-23 18:13:58] 📋   [INFO]   生成 meta: 无人机涡轮引擎_20260323095051.png -> FhtCaZZO...
[2026-03-23 18:13:58] 📋   [INFO]   生成 meta: 日本限定清酒_20260323094530.png -> Beq14Ukd...
[2026-03-23 18:13:58] 📋   [INFO]   生成 meta: 旧伺服电机_20260323095159.png -> DLcDobPU...
[2026-03-23 18:13:58] 📋   [INFO]   生成 meta: 旧伺服电机_20260323100309.png -> FQqKob8_...
[2026-03-23 18:13:58] 📋   [INFO]   生成 meta: 旧等离子球_20260323094710.png -> C1Fk6adk...
[2026-03-23 18:13:58] 📋   [INFO]   生成 meta: 机械秒表_20260323094007.png -> Fo4FoTQx...
[2026-03-23 18:13:58] 📋   [INFO]   生成 meta: 核电站控制杆_20260323094659.png -> AK1sAV3h...
[2026-03-23 18:13:58] 📋   [INFO]   生成 meta: 民国月份牌_20260323094225.png -> C1WZeavf...
[2026-03-23 18:13:58] 📋   [INFO]   生成 meta: 气动缸筒_20260323095155.png -> A3Pm6VBn...
[2026-03-23 18:13:58] 📋   [INFO]   生成 meta: 气动缸筒_20260323100323.png -> FGlAKYeZ...
[2026-03-23 18:13:58] 📋   [INFO]   生成 meta: 汉代陶俑_20260323093757.png -> CNgYqWRE...
[2026-03-23 18:13:58] 📋   [INFO]   生成 meta: 法拉第线圈装置_20260323094011.png -> Huf2ETWI...
[2026-03-23 18:13:58] 📋   [INFO]   生成 meta: 液压动力单元_20260323095641.png -> HYuRSaV4...
[2026-03-23 18:13:58] 📋   [INFO]   生成 meta: 清代官帽_20260323093801.png -> DBvXGVNS...
[2026-03-23 18:13:58] 📋   [INFO]   生成 meta: 清宫如意_20260323094229.png -> EQRd0SJj...
[2026-03-23 18:13:58] 📋   [INFO]   生成 meta: 潜艇潜望镜_20260323094347.png -> BsOxwdXa...
[2026-03-23 18:13:58] 📋   [INFO]   生成 meta: 爱迪生留声机部件_20260323094018.png -> DT1p6bN-...
[2026-03-23 18:13:58] 📋   [INFO]   生成 meta: 玛瑙扳指_20260323094208.png -> CarvAQRx...
[2026-03-23 18:13:58] 📋   [INFO]   生成 meta: 瓦特蒸汽机零件_20260323094034.png -> Fereif-y...
[2026-03-23 18:13:58] 📋   [INFO]   生成 meta: 生物芯片植入器_20260323095157.png -> GmP2Yerv...
[2026-03-23 18:13:58] 📋   [INFO]   生成 meta: 生物芯片植入器_20260323095905.png -> Bovd-U-D...
[2026-03-23 18:13:58] 📋   [INFO]   生成 meta: 生物芯片植入器_20260323100437.png -> CI2Dsfvf...
[2026-03-23 18:13:58] 📋   [INFO]   生成 meta: 电磁悬浮陀螞_20260323094702.png -> Bhy_-Skk...
[2026-03-23 18:13:58] 📋   [INFO]   生成 meta: 百年陈酿白兰地_20260323094656.png -> FLjAmfxu...
[2026-03-23 18:13:58] 📋   [INFO]   生成 meta: 砖雕花片_20260323094006.png -> G0cAqeQG...
[2026-03-23 18:13:58] 📋   [INFO]   生成 meta: 碳纤维机械臂段_20260323095206.png -> En-n2flY...
[2026-03-23 18:13:58] 📋   [INFO]   生成 meta: 碳纤维机械臂段_20260323100310.png -> AyW90VXW...
[2026-03-23 18:13:58] 📋   [INFO]   生成 meta: 碳纳米管样品管_20260323094655.png -> AfA_CTyd...
[2026-03-23 18:13:58] 📋   [INFO]   生成 meta: 磁浮列车制动器_20260323095111.png -> D8gk6Z9T...
[2026-03-23 18:13:58] 📋   [INFO]   生成 meta: 神经接口芯片_20260323095204.png -> CGsXOSeK...
[2026-03-23 18:13:58] 📋   [INFO]   生成 meta: 神经接口芯片_20260323100445.png -> Ex-nyRaG...
[2026-03-23 18:13:58] 📋   [INFO]   生成 meta: 神经接口芯片_20260323100641.png -> E2ZkWWLs...
[2026-03-23 18:13:58] 📋   [INFO]   生成 meta: 竹编提篮_20260323093825.png -> G6t3qaAn...
[2026-03-23 18:13:58] 📋   [INFO]   生成 meta: 粗陶花瓶_20260323094206.png -> DtrmaRUC...
[2026-03-23 18:13:58] 📋   [INFO]   生成 meta: 精密减速器_20260323095141.png -> FnuV4bV6...
[2026-03-23 18:13:58] 📋   [INFO]   生成 meta: 精密减速器_20260323100333.png -> DU49Map6...
[2026-03-23 18:13:58] 📋   [INFO]   生成 meta: 绿松石散珠_20260323094204.png -> AnWqGf5z...
[2026-03-23 18:13:58] 📋   [INFO]   生成 meta: 翡翠观音挂件_20260323094206.png -> DLTsCR_b...
[2026-03-23 18:13:58] 📋   [INFO]   生成 meta: 老唱片机_20260323094002.png -> GaeB4U0a...
[2026-03-23 18:13:58] 📋   [INFO]   生成 meta: 老坑翡翠手镐_20260323094353.png -> FDBSCRxe...
[2026-03-23 18:13:58] 📋   [INFO]   生成 meta: 老年画原版_20260323094205.png -> EsBcqU64...
[2026-03-23 18:13:58] 📋   [INFO]   生成 meta: 老式摩托油箱_20260323094348.png -> CodaSZFm...
[2026-03-23 18:13:58] 📋   [INFO]   生成 meta: 老式显微镜_20260323094400.png -> AWGGUY_m...
[2026-03-23 18:13:58] 📋   [INFO]   生成 meta: 老式火车模型_20260323094525.png -> DnjbETUV...
[2026-03-23 18:13:58] 📋   [INFO]   生成 meta: 老式相机_20260323094013.png -> DbjBgaGd...
[2026-03-23 18:13:58] 📋   [INFO]   生成 meta: 老煤油炉_20260323093756.png -> FxAhiSJw...
[2026-03-23 18:13:58] 📋   [INFO]   生成 meta: 老窖原浆酒_20260323094520.png -> ETQ9gSp0...
[2026-03-23 18:13:58] 📋   [INFO]   生成 meta: 老自行车铃_20260323094351.png -> GxoNycZt...
[2026-03-23 18:13:58] 📋   [INFO]   生成 meta: 老铜碗_20260323093758.png -> DsYqmXds...
[2026-03-23 18:13:58] 📋   [INFO]   生成 meta: 老铜镜_20260323093754.png -> Ciiy-Sh9...
[2026-03-23 18:13:58] 📋   [INFO]   生成 meta: 老银锁片_20260323094231.png -> DF1ssTk9...
[2026-03-23 18:13:58] 📋   [INFO]   生成 meta: 脑电波耳机原型_20260323095147.png -> A6uNcSVm...
[2026-03-23 18:13:58] 📋   [INFO]   生成 meta: 脑电波耳机原型_20260323095817.png -> Bx2Y-cEv...
[2026-03-23 18:13:58] 📋   [INFO]   生成 meta: 脑电波耳机原型_20260323100514.png -> C4Y_Ebzd...
[2026-03-23 18:13:58] 📋   [INFO]   生成 meta: 航海六分仪_20260323094349.png -> Dj0ZmdXL...
[2026-03-23 18:13:58] 📋   [INFO]   生成 meta: 船用汽笛_20260323094001.png -> BICrOQHm...
[2026-03-23 18:13:58] 📋   [INFO]   生成 meta: 蒸汽朋克机械钟_20260323094406.png -> CXcl0Y5t...
[2026-03-23 18:13:58] 📋   [INFO]   生成 meta: 街头涂鸦墙砖_20260323095100.png -> FzGgkSAu...
[2026-03-23 18:13:58] 📋   [INFO]   生成 meta: 赛博涂鸦模板_20260323095035.png -> E-u6WX_j...
[2026-03-23 18:13:58] 📋   [INFO]   生成 meta: 超导线圈组件_20260323094658.png -> CJgMcUKE...
[2026-03-23 18:13:58] 📋   [INFO]   生成 meta: 达芬奇手稿残页_20260323094054.png -> FBRiqaVn...
[2026-03-23 18:13:58] 📋   [INFO]   生成 meta: 进口雪茄保湿柜_20260323094537.png -> FnizMaTR...
[2026-03-23 18:13:58] 📋   [INFO]   生成 meta: 铁路信号灯_20260323093751.png -> D0b56Xru...
[2026-03-23 18:13:58] 📋   [INFO]   生成 meta: 铜水烟袋_20260323093804.png -> AC6pWcIG...
[2026-03-23 18:13:58] 📋   [INFO]   生成 meta: 铜烛剪_20260323093756.png -> CLFFCZV6...
[2026-03-23 18:13:58] 📋   [INFO]   生成 meta: 铜质天平_20260323094348.png -> F1Y0CfYr...
[2026-03-23 18:13:58] 📋   [INFO]   生成 meta: 银耳挖_20260323093755.png -> GZAZCbYd...
[2026-03-23 18:13:58] 📋   [INFO]   生成 meta: 银质发簪_20260323094207.png -> FI0qQTxX...
[2026-03-23 18:13:58] 📋   [INFO]   生成 meta: 陈年黄酒坛_20260323094516.png -> C3aqGeBn...
[2026-03-23 18:13:58] 📋   [INFO]   生成 meta: 霓虹灯管字母_20260323095042.png -> Dt1Hqbui...
[2026-03-23 18:13:58] 📋   [INFO]   生成 meta: 马车灯_20260323094401.png -> ESJ9YeZS...
[2026-03-23 18:13:59] 📋   [INFO]   生成 meta: 黄铜船锚模型_20260323094521.png -> EWi6ifnG...
[2026-03-23 18:13:59] 📋   [INFO]   生成 meta: 单瓶年份红酒.png -> AR2t6Y1M...
[2026-03-23 18:13:59] 📋   [INFO]   生成 meta: 古巴雪茄单支.png -> GAWniScF...
[2026-03-23 18:13:59] 📋   [INFO]   生成 meta: 整箱进口红酒.png -> BSM-UUFb...
[2026-03-23 18:13:59] 📋   [INFO]   生成 meta: 日本限定清酒.png -> D9TXAS6L...
[2026-03-23 18:13:59] 📋   [INFO]   生成 meta: 百年陈酿白兰地.png -> H8ASIXmX...
[2026-03-23 18:13:59] 📋   [INFO]   生成 meta: 老窖原浆酒.png -> HccBgb87...
[2026-03-23 18:13:59] 📋   [INFO]   生成 meta: 进口雪茄保湿柜.png -> CXCY4Xwg...
[2026-03-23 18:13:59] 📋   [INFO]   生成 meta: 陈年黄酒坛.png -> Bg8twaBz...
[2026-03-23 18:13:59] 📋   [INFO]   生成 meta: 初代游戏机.png -> AdRiOZ_3...
[2026-03-23 18:13:59] 📋   [INFO]   生成 meta: 机械秒表.png -> EVxj8RBD...
[2026-03-23 18:13:59] 📋   [INFO]   生成 meta: 汉代陶俑.png -> FBYaoZ07...
[2026-03-23 18:13:59] 📋   [INFO]   生成 meta: 法拉第线圈装置.png -> Am2VgQQE...
[2026-03-23 18:13:59] 📋   [INFO]   生成 meta: 清代官帽.png -> EFZhqQuL...
[2026-03-23 18:13:59] 📋   [INFO]   生成 meta: 爱迪生留声机部件.png -> Gz4pKcsd...
[2026-03-23 18:13:59] 📋   [INFO]   生成 meta: 瓦特蒸汽机零件.png -> DuJg4b6Q...
[2026-03-23 18:13:59] 📋   [INFO]   生成 meta: 砖雕花片.png -> CBV--UFk...
[2026-03-23 18:13:59] 📋   [INFO]   生成 meta: 竹编提篮.png -> HEUNEdOv...
[2026-03-23 18:13:59] 📋   [INFO]   生成 meta: 老唱片机.png -> BnrpEc-d...
[2026-03-23 18:13:59] 📋   [INFO]   生成 meta: 老式相机.png -> CouCWRCE...
[2026-03-23 18:13:59] 📋   [INFO]   生成 meta: 老煤油炉.png -> BIzk8adr...
[2026-03-23 18:13:59] 📋   [INFO]   生成 meta: 老铜碗.png -> ADWo8Wo2...
[2026-03-23 18:13:59] 📋   [INFO]   生成 meta: 老铜镜.png -> FAxBkaNc...
[2026-03-23 18:13:59] 📋   [INFO]   生成 meta: 船用汽笛.png -> FDfUAVTh...
[2026-03-23 18:13:59] 📋   [INFO]   生成 meta: 达芬奇手稿残页.png -> DDVQ8fmY...
[2026-03-23 18:13:59] 📋   [INFO]   生成 meta: 铁路信号灯.png -> BQyi2arK...
[2026-03-23 18:13:59] 📋   [INFO]   生成 meta: 铜水烟袋.png -> HuLoQag4...
[2026-03-23 18:13:59] 📋   [INFO]   生成 meta: 铜烛剪.png -> ELqJqe29...
[2026-03-23 18:13:59] 📋   [INFO]   生成 meta: 银耳挖.png -> GM61OTUK...
[2026-03-23 18:13:59] 📋   [INFO]   生成 meta: 仿生关节组件.png -> AxQ9sSrf...
[2026-03-23 18:13:59] 📋   [INFO]   生成 meta: 信号干扰器外壳.png -> FQamyfn3...
[2026-03-23 18:13:59] 📋   [INFO]   生成 meta: 像素画打印件.png -> HxtOOSim...
[2026-03-23 18:13:59] 📋   [INFO]   生成 meta: 全息投影名片盒.png -> AHBVgcKt...
[2026-03-23 18:13:59] 📋   [INFO]   生成 meta: 军用外骨骼脚踝.png -> GcmNwbe5...
[2026-03-23 18:13:59] 📋   [INFO]   生成 meta: 军用夜光管.png -> C3jw8em8...
[2026-03-23 18:13:59] 📋   [INFO]   生成 meta: 军用无人机主板.png -> DTJvqZvT...
[2026-03-23 18:13:59] 📋   [INFO]   生成 meta: 加密U盘.png -> H2igYWrH...
[2026-03-23 18:13:59] 📋   [INFO]   生成 meta: 动态光雕原件.png -> C2R8WQ4u...
[2026-03-23 18:13:59] 📋   [INFO]   生成 meta: 太阳能电池板碎片.png -> E7gkqSHu...
[2026-03-23 18:13:59] 📋   [INFO]   生成 meta: 工业级激光管.png -> CHGB0dj4...
[2026-03-23 18:13:59] 📋   [INFO]   生成 meta: 废旧VR手套.png -> DbNR0RPu...
[2026-03-23 18:13:59] 📋   [INFO]   生成 meta: 无人机涡轮引擎.png -> FACEmdMO...
[2026-03-23 18:13:59] 📋   [INFO]   生成 meta: 旧伺服电机.png -> CrtwoeMx...
[2026-03-23 18:13:59] 📋   [INFO]   生成 meta: 旧等离子球.png -> B9RVISbD...
[2026-03-23 18:13:59] 📋   [INFO]   生成 meta: 核电站控制杆.png -> FjBFQSQ6...
[2026-03-23 18:13:59] 📋   [INFO]   生成 meta: 气动缸筒.png -> FErMiZV6...
[2026-03-23 18:13:59] 📋   [INFO]   生成 meta: 液压动力单元.png -> CZhhKeQo...
[2026-03-23 18:13:59] 📋   [INFO]   生成 meta: 生物芯片植入器.png -> EAIsGSbA...
[2026-03-23 18:13:59] 📋   [INFO]   生成 meta: 电磁悬浮陀螞.png -> D8RZeTGk...
[2026-03-23 18:13:59] 📋   [INFO]   生成 meta: 碳纤维机械臂段.png -> F9cgiXv4...
[2026-03-23 18:13:59] 📋   [INFO]   生成 meta: 碳纳米管样品管.png -> Dc4raVS7...
[2026-03-23 18:13:59] 📋   [INFO]   生成 meta: 磁浮列车制动器.png -> AYDy0QMX...
[2026-03-23 18:13:59] 📋   [INFO]   生成 meta: 神经接口芯片.png -> BOdg0ahq...
[2026-03-23 18:13:59] 📋   [INFO]   生成 meta: 精密减速器.png -> Gix7wf9L...
[2026-03-23 18:13:59] 📋   [INFO]   生成 meta: 脑电波耳机原型.png -> BRVisQQj...
[2026-03-23 18:13:59] 📋   [INFO]   生成 meta: 街头涂鸦墙砖.png -> DWHxWbpx...
[2026-03-23 18:13:59] 📋   [INFO]   生成 meta: 赛博涂鸦模板.png -> DinfwSO3...
[2026-03-23 18:13:59] 📋   [INFO]   生成 meta: 超导线圈组件.png -> H-46UW-a...
[2026-03-23 18:13:59] 📋   [INFO]   生成 meta: 霓虹灯管字母.png -> BBLAuTXn...
[2026-03-23 18:13:59] 📋   [INFO]   生成 meta: 古董摩托车.png -> CuXLaRRl...
[2026-03-23 18:13:59] 📋   [INFO]   生成 meta: 手动缝纫机.png -> AfnxSZ_R...
[2026-03-23 18:13:59] 📋   [INFO]   生成 meta: 潜艇潜望镜.png -> ClNuQRIu...
[2026-03-23 18:13:59] 📋   [INFO]   生成 meta: 老式摩托油箱.png -> F_VLaZ2n...
[2026-03-23 18:13:59] 📋   [INFO]   生成 meta: 老式显微镜.png -> F2aMGfGA...
[2026-03-23 18:13:59] 📋   [INFO]   生成 meta: 老式火车模型.png -> FT-AMSu6...
[2026-03-23 18:13:59] 📋   [INFO]   生成 meta: 老自行车铃.png -> FDRTWc47...
[2026-03-23 18:13:59] 📋   [INFO]   生成 meta: 航海六分仪.png -> HURHCdyx...
[2026-03-23 18:13:59] 📋   [INFO]   生成 meta: 蒸汽朋克机械钟.png -> CBEdGbqV...
[2026-03-23 18:13:59] 📋   [INFO]   生成 meta: 铜质天平.png -> Gg3AOfNr...
[2026-03-23 18:13:59] 📋   [INFO]   生成 meta: 马车灯.png -> Fkj52aEv...
[2026-03-23 18:13:59] 📋   [INFO]   生成 meta: 黄铜船锚模型.png -> BBKiUcJn...
[2026-03-23 18:13:59] 📋   [INFO]   生成 meta: 玛瑙扳指.png -> A-fasdNE...
[2026-03-23 18:13:59] 📋   [INFO]   生成 meta: 绿松石散珠.png -> HQn1maB1...
[2026-03-23 18:13:59] 📋   [INFO]   生成 meta: 翡翠观音挂件.png -> CZLWMZF8...
[2026-03-23 18:13:59] 📋   [INFO]   生成 meta: 老坑翡翠手镐.png -> BpiBGXk1...
[2026-03-23 18:13:59] 📋   [INFO]   生成 meta: 老银锁片.png -> GFPP6Qs5...
[2026-03-23 18:13:59] 📋   [INFO]   生成 meta: 银质发簪.png -> HcwIsVxK...
[2026-03-23 18:13:59] 📋   [INFO]   生成 meta: 宋代瓷枕.png -> GqFFkaZd...
[2026-03-23 18:13:59] 📋   [INFO]   生成 meta: 民国月份牌.png -> FRmQ4bja...
[2026-03-23 18:13:59] 📋   [INFO]   生成 meta: 清宫如意.png -> DZhicYdm...
[2026-03-23 18:13:59] 📋   [INFO]   生成 meta: 粗陶花瓶.png -> E2-leeTx...
[2026-03-23 18:13:59] 📋   [INFO]   生成 meta: 老年画原版.png -> Et7jwXcw...
[2026-03-23 18:13:59] 📋   [INFO]   扫描目录: ../scripts (prefix: ../scripts)
[2026-03-23 18:13:59] 📋   [INFO]   生成 meta: move_item_images.sh -> DG5r4eZZ...
[2026-03-23 18:13:59] 📋   [INFO]   发现资源: 1432 个
[2026-03-23 18:13:59] 📋   [INFO]   完成 (12.91s)
[2026-03-23 18:13:59] 📋   [INFO] [5/13] 处理配置文件运行时变体...
[2026-03-23 18:13:59] 📋   [INFO]   处理配置文件运行时变体: settings.json
[2026-03-23 18:13:59] 📋   [INFO]     UUID: FiU5KSoyQiGlA6fMBhu0kw, hash: 034d0642
[2026-03-23 18:13:59] 📋   [INFO]     自动添加 #config 到 preload_groups
[2026-03-23 18:13:59] 📋   [INFO]   完成 (0.01s)
[2026-03-23 18:13:59] 📋   [INFO] [6/13] 解析别名...
[2026-03-23 18:13:59] 📋   [INFO]   解析别名: 0 个
[2026-03-23 18:13:59] 📋   [INFO]   完成 (0.00s)
[2026-03-23 18:13:59] 📋   [INFO] [7/13] 分配分组...
[2026-03-23 18:13:59] 📋   [INFO]   添加远端资源: 1224 个
[2026-03-23 18:13:59] 📋   [INFO]   分组完成，总资源: 2657 个
[2026-03-23 18:13:59] 📋   [INFO]   完成 (0.02s)
[2026-03-23 18:13:59] 📋   [INFO] [8/13] 展开引用...
[2026-03-23 18:13:59] 📋   [INFO]   递归收集 uuid:// 和 alias:// 引用...（全量模式（兼容旧二进制））
[2026-03-23 18:13:59] 📋   [INFO]   #blocking 组: 924 个阻塞类型资源
[2026-03-23 18:13:59] 📋   [INFO]   完成 (0.24s)
[2026-03-23 18:13:59] 📋   [INFO] [9/13] 资产烘焙...
[2026-03-23 18:13:59] 📋   [INFO]   使用 AssetsCooking: /home/Maker/.sce/build/AssetsCooking
[2026-03-23 18:13:59] 📋   [INFO]   发现 1321 个纹理文件
[2026-03-23 18:13:59] 📋   [INFO]   生成 tasks.json: 1321 个任务
[2026-03-23 18:13:59] 📋   [WARN]     压缩失败 [FNEtGWASg_4rCFuzGnYXsK9K_ae2c50ed@ios]: Skipped due to cooking limit
[2026-03-23 18:13:59] 📋   [WARN]     压缩失败 [FNEtGWASg_4rCFuzGnYXsK9K_ae2c50ed@android]: Skipped due to cooking limit
[2026-03-23 18:13:59] 📋   [WARN]     压缩失败 [FNEtGWASg_4rCFuzGnYXsK9K_ae2c50ed@windows]: Skipped due to cooking limit
[2026-03-23 18:13:59] 📋   [WARN]     压缩失败 [EQTq8fc7tvHLnurLY8gR5onO_9a0c4fc2@ios]: Skipped due to cooking limit
[2026-03-23 18:13:59] 📋   [WARN]     压缩失败 [EQTq8fc7tvHLnurLY8gR5onO_9a0c4fc2@android]: Skipped due to cooking limit
[2026-03-23 18:13:59] 📋   [WARN]     压缩失败 [EQTq8fc7tvHLnurLY8gR5onO_9a0c4fc2@windows]: Skipped due to cooking limit
[2026-03-23 18:13:59] 📋   [WARN]     压缩失败 [AGpR4fLGnNz4z3VMklPX2Zoo_aa43b96f@ios]: Skipped due to cooking limit
[2026-03-23 18:13:59] 📋   [WARN]     压缩失败 [AGpR4fLGnNz4z3VMklPX2Zoo_aa43b96f@android]: Skipped due to cooking limit
[2026-03-23 18:13:59] 📋   [WARN]     压缩失败 [AGpR4fLGnNz4z3VMklPX2Zoo_aa43b96f@windows]: Skipped due to cooking limit
[2026-03-23 18:13:59] 📋   [WARN]     压缩失败 [CF33MQVMtq_fL-DGwiVb2W99_a456b7c4@ios]: Skipped due to cooking limit
[2026-03-23 18:13:59] 📋   [WARN]     压缩失败 [CF33MQVMtq_fL-DGwiVb2W99_a456b7c4@android]: Skipped due to cooking limit
[2026-03-23 18:13:59] 📋   [WARN]     压缩失败 [CF33MQVMtq_fL-DGwiVb2W99_a456b7c4@windows]: Skipped due to cooking limit
[2026-03-23 18:13:59] 📋   [WARN]     压缩失败 [DEXqSbeOjs0CZDuUWpdwOl_F_3e9f780f@ios]: Skipped due to cooking limit
[2026-03-23 18:13:59] 📋   [WARN]     压缩失败 [DEXqSbeOjs0CZDuUWpdwOl_F_3e9f780f@android]: Skipped due to cooking limit
[2026-03-23 18:13:59] 📋   [WARN]     压缩失败 [DEXqSbeOjs0CZDuUWpdwOl_F_3e9f780f@windows]: Skipped due to cooking limit
[2026-03-23 18:13:59] 📋   [WARN]     压缩失败 [AJ0rYb-s_TBtfGJ69E9y2B5P_7815ee97@ios]: Skipped due to cooking limit
[2026-03-23 18:13:59] 📋   [WARN]     压缩失败 [AJ0rYb-s_TBtfGJ69E9y2B5P_7815ee97@android]: Skipped due to cooking limit
[2026-03-23 18:13:59] 📋   [WARN]     压缩失败 [AJ0rYb-s_TBtfGJ69E9y2B5P_7815ee97@windows]: Skipped due to cooking limit
[2026-03-23 18:13:59] 📋   [WARN]     压缩失败 [EuS3qaGXUJVTKy8cPxTQRWU5_0f23125f@ios]: Skipped due to cooking limit
[2026-03-23 18:13:59] 📋   [WARN]     压缩失败 [EuS3qaGXUJVTKy8cPxTQRWU5_0f23125f@android]: Skipped due to cooking limit
[2026-03-23 18:13:59] 📋   [WARN]     压缩失败 [EuS3qaGXUJVTKy8cPxTQRWU5_0f23125f@windows]: Skipped due to cooking limit
[2026-03-23 18:13:59] 📋   [WARN]     压缩失败 [COC1mQ7UMu8qCoPdEVieY4uu_7f03d5e2@ios]: Skipped due to cooking limit
[2026-03-23 18:13:59] 📋   [WARN]     压缩失败 [COC1mQ7UMu8qCoPdEVieY4uu_7f03d5e2@android]: Skipped due to cooking limit
[2026-03-23 18:13:59] 📋   [WARN]     压缩失败 [COC1mQ7UMu8qCoPdEVieY4uu_7f03d5e2@windows]: Skipped due to cooking limit
[2026-03-23 18:13:59] 📋   [WARN]     压缩失败 [HGTMKSNVYx8rBsRx7gcM0-Pt_8909b5bd@ios]: Skipped due to cooking limit
[2026-03-23 18:13:59] 📋   [WARN]     压缩失败 [HGTMKSNVYx8rBsRx7gcM0-Pt_8909b5bd@android]: Skipped due to cooking limit
[2026-03-23 18:13:59] 📋   [WARN]     压缩失败 [HGTMKSNVYx8rBsRx7gcM0-Pt_8909b5bd@windows]: Skipped due to cooking limit
[2026-03-23 18:13:59] 📋   [WARN]     压缩失败 [DyVCMdJLzYBNUXpAMjs1t6fE_eb24990b@ios]: Skipped due to cooking limit
[2026-03-23 18:13:59] 📋   [WARN]     压缩失败 [DyVCMdJLzYBNUXpAMjs1t6fE_eb24990b@android]: Skipped due to cooking limit
[2026-03-23 18:13:59] 📋   [WARN]     压缩失败 [DyVCMdJLzYBNUXpAMjs1t6fE_eb24990b@windows]: Skipped due to cooking limit
[2026-03-23 18:13:59] 📋   [WARN]     压缩失败 [Hm_i0aUJCtJfu4x0K3cqh-xp_2cde0c0f@ios]: Skipped due to cooking limit
[2026-03-23 18:13:59] 📋   [WARN]     压缩失败 [Hm_i0aUJCtJfu4x0K3cqh-xp_2cde0c0f@android]: Skipped due to cooking limit
[2026-03-23 18:13:59] 📋   [WARN]     压缩失败 [Hm_i0aUJCtJfu4x0K3cqh-xp_2cde0c0f@windows]: Skipped due to cooking limit
[2026-03-23 18:13:59] 📋   [WARN]     压缩失败 [AH8BAbrq1rgAMeR3noOgke7e_fb8b48e1@ios]: Skipped due to cooking limit
[2026-03-23 18:13:59] 📋   [WARN]     压缩失败 [AH8BAbrq1rgAMeR3noOgke7e_fb8b48e1@android]: Skipped due to cooking limit
[2026-03-23 18:13:59] 📋   [WARN]     压缩失败 [AH8BAbrq1rgAMeR3noOgke7e_fb8b48e1@windows]: Skipped due to cooking limit
[2026-03-23 18:13:59] 📋   [WARN]     压缩失败 [Gae3EZ_w9vnnLXaId4r2JIgs_159998e4@ios]: Skipped due to cooking limit
[2026-03-23 18:13:59] 📋   [WARN]     压缩失败 [Gae3EZ_w9vnnLXaId4r2JIgs_159998e4@android]: Skipped due to cooking limit
[2026-03-23 18:13:59] 📋   [WARN]     压缩失败 [Gae3EZ_w9vnnLXaId4r2JIgs_159998e4@windows]: Skipped due to cooking limit
[2026-03-23 18:13:59] 📋   [WARN]     压缩失败 [AreMofC7OcDXcZ7iNU1K4AEq_1ff4bc86@ios]: Skipped due to cooking limit
[2026-03-23 18:13:59] 📋   [WARN]     压缩失败 [AreMofC7OcDXcZ7iNU1K4AEq_1ff4bc86@android]: Skipped due to cooking limit
[2026-03-23 18:13:59] 📋   [WARN]     压缩失败 [AreMofC7OcDXcZ7iNU1K4AEq_1ff4bc86@windows]: Skipped due to cooking limit
[2026-03-23 18:13:59] 📋   [WARN]     压缩失败 [EZRlickDCXd18XY0AqcDdC9z_f1e2fe21@ios]: Skipped due to cooking limit
[2026-03-23 18:13:59] 📋   [WARN]     压缩失败 [EZRlickDCXd18XY0AqcDdC9z_f1e2fe21@android]: Skipped due to cooking limit
[2026-03-23 18:13:59] 📋   [WARN]     压缩失败 [EZRlickDCXd18XY0AqcDdC9z_f1e2fe21@windows]: Skipped due to cooking limit
[2026-03-23 18:13:59] 📋   [WARN]     压缩失败 [FXwlQd4TkFiUiWqBPM-st_eh_8e6f6e64@ios]: Skipped due to cooking limit
[2026-03-23 18:13:59] 📋   [WARN]     压缩失败 [FXwlQd4TkFiUiWqBPM-st_eh_8e6f6e64@android]: Skipped due to cooking limit
[2026-03-23 18:13:59] 📋   [WARN]     压缩失败 [FXwlQd4TkFiUiWqBPM-st_eh_8e6f6e64@windows]: Skipped due to cooking limit
[2026-03-23 18:13:59] 📋   [WARN]     压缩失败 [GlqIISqtqd4B6GgtySZs2yWy_24880ad1@ios]: Skipped due to cooking limit
[2026-03-23 18:13:59] 📋   [WARN]     压缩失败 [GlqIISqtqd4B6GgtySZs2yWy_24880ad1@android]: Skipped due to cooking limit
[2026-03-23 18:13:59] 📋   [WARN]     压缩失败 [GlqIISqtqd4B6GgtySZs2yWy_24880ad1@windows]: Skipped due to cooking limit
[2026-03-23 18:13:59] 📋   [WARN]     压缩失败 [FV_X2bvIcpglf1TmoeId3eK2_2c7c77a7@ios]: Skipped due to cooking limit
[2026-03-23 18:13:59] 📋   [WARN]     压缩失败 [FV_X2bvIcpglf1TmoeId3eK2_2c7c77a7@android]: Skipped due to cooking limit
[2026-03-23 18:13:59] 📋   [WARN]     压缩失败 [FV_X2bvIcpglf1TmoeId3eK2_2c7c77a7@windows]: Skipped due to cooking limit
[2026-03-23 18:13:59] 📋   [WARN]     压缩失败 [FhtCaZZOw2VqAM1Zstygczfv_90826d9e@ios]: Skipped due to cooking limit
[2026-03-23 18:13:59] 📋   [WARN]     压缩失败 [FhtCaZZOw2VqAM1Zstygczfv_90826d9e@android]: Skipped due to cooking limit
[2026-03-23 18:13:59] 📋   [WARN]     压缩失败 [FhtCaZZOw2VqAM1Zstygczfv_90826d9e@windows]: Skipped due to cooking limit
[2026-03-23 18:13:59] 📋   [WARN]     压缩失败 [Beq14UkdiI8DiMhslLdfj7XP_fb8b0e15@ios]: Skipped due to cooking limit
[2026-03-23 18:13:59] 📋   [WARN]     压缩失败 [Beq14UkdiI8DiMhslLdfj7XP_fb8b0e15@android]: Skipped due to cooking limit
[2026-03-23 18:13:59] 📋   [WARN]     压缩失败 [Beq14UkdiI8DiMhslLdfj7XP_fb8b0e15@windows]: Skipped due to cooking limit
[2026-03-23 18:13:59] 📋   [WARN]     压缩失败 [DLcDobPUCCfS_PzTENx6JOtD_7c059fd7@ios]: Skipped due to cooking limit
[2026-03-23 18:13:59] 📋   [WARN]     压缩失败 [DLcDobPUCCfS_PzTENx6JOtD_7c059fd7@android]: Skipped due to cooking limit
[2026-03-23 18:13:59] 📋   [WARN]     压缩失败 [DLcDobPUCCfS_PzTENx6JOtD_7c059fd7@windows]: Skipped due to cooking limit
[2026-03-23 18:13:59] 📋   [WARN]     压缩失败 [FQqKob8_aWcXwQuZECvuFfzJ_6558a5c5@ios]: Skipped due to cooking limit
[2026-03-23 18:13:59] 📋   [WARN]     压缩失败 [FQqKob8_aWcXwQuZECvuFfzJ_6558a5c5@android]: Skipped due to cooking limit
[2026-03-23 18:13:59] 📋   [WARN]     压缩失败 [FQqKob8_aWcXwQuZECvuFfzJ_6558a5c5@windows]: Skipped due to cooking limit
[2026-03-23 18:13:59] 📋   [WARN]     压缩失败 [C1Fk6adkLf86hntsqvINV9zd_3f922593@ios]: Skipped due to cooking limit
[2026-03-23 18:13:59] 📋   [WARN]     压缩失败 [C1Fk6adkLf86hntsqvINV9zd_3f922593@android]: Skipped due to cooking limit
[2026-03-23 18:13:59] 📋   [WARN]     压缩失败 [C1Fk6adkLf86hntsqvINV9zd_3f922593@windows]: Skipped due to cooking limit
[2026-03-23 18:13:59] 📋   [WARN]     压缩失败 [Fo4FoTQx5EkMlktnRpTAPsrA_148763f5@ios]: Skipped due to cooking limit
[2026-03-23 18:13:59] 📋   [WARN]     压缩失败 [Fo4FoTQx5EkMlktnRpTAPsrA_148763f5@android]: Skipped due to cooking limit
[2026-03-23 18:13:59] 📋   [WARN]     压缩失败 [Fo4FoTQx5EkMlktnRpTAPsrA_148763f5@windows]: Skipped due to cooking limit
[2026-03-23 18:13:59] 📋   [WARN]     压缩失败 [AK1sAV3hJulhbQ3hhxKQTC4w_b854dc12@ios]: Skipped due to cooking limit
[2026-03-23 18:13:59] 📋   [WARN]     压缩失败 [AK1sAV3hJulhbQ3hhxKQTC4w_b854dc12@android]: Skipped due to cooking limit
[2026-03-23 18:13:59] 📋   [WARN]     压缩失败 [AK1sAV3hJulhbQ3hhxKQTC4w_b854dc12@windows]: Skipped due to cooking limit
[2026-03-23 18:13:59] 📋   [WARN]     压缩失败 [C1WZeavfiATLU5NyWrO6g1aG_13e70f40@ios]: Skipped due to cooking limit
[2026-03-23 18:13:59] 📋   [WARN]     压缩失败 [C1WZeavfiATLU5NyWrO6g1aG_13e70f40@android]: Skipped due to cooking limit
[2026-03-23 18:13:59] 📋   [WARN]     压缩失败 [C1WZeavfiATLU5NyWrO6g1aG_13e70f40@windows]: Skipped due to cooking limit
[2026-03-23 18:13:59] 📋   [WARN]     压缩失败 [A3Pm6VBnXk_xkQz7x28AatXs_be1d8ab0@ios]: Skipped due to cooking limit
[2026-03-23 18:13:59] 📋   [WARN]     压缩失败 [A3Pm6VBnXk_xkQz7x28AatXs_be1d8ab0@android]: Skipped due to cooking limit
[2026-03-23 18:13:59] 📋   [WARN]     压缩失败 [A3Pm6VBnXk_xkQz7x28AatXs_be1d8ab0@windows]: Skipped due to cooking limit
[2026-03-23 18:13:59] 📋   [WARN]     压缩失败 [FGlAKYeZS28wpLzG1BHpcsXJ_21b661fa@ios]: Skipped due to cooking limit
[2026-03-23 18:13:59] 📋   [WARN]     压缩失败 [FGlAKYeZS28wpLzG1BHpcsXJ_21b661fa@android]: Skipped due to cooking limit
[2026-03-23 18:13:59] 📋   [WARN]     压缩失败 [FGlAKYeZS28wpLzG1BHpcsXJ_21b661fa@windows]: Skipped due to cooking limit
[2026-03-23 18:13:59] 📋   [WARN]     压缩失败 [CNgYqWREDWD3bHS0Kkvu49F0_95664fa5@ios]: Skipped due to cooking limit
[2026-03-23 18:13:59] 📋   [WARN]     压缩失败 [CNgYqWREDWD3bHS0Kkvu49F0_95664fa5@android]: Skipped due to cooking limit
[2026-03-23 18:13:59] 📋   [WARN]     压缩失败 [CNgYqWREDWD3bHS0Kkvu49F0_95664fa5@windows]: Skipped due to cooking limit
[2026-03-23 18:13:59] 📋   [WARN]     压缩失败 [Huf2ETWI2frVEbYYRlIKBuUp_0f12b5e6@ios]: Skipped due to cooking limit
[2026-03-23 18:13:59] 📋   [WARN]     压缩失败 [Huf2ETWI2frVEbYYRlIKBuUp_0f12b5e6@android]: Skipped due to cooking limit
[2026-03-23 18:13:59] 📋   [WARN]     压缩失败 [Huf2ETWI2frVEbYYRlIKBuUp_0f12b5e6@windows]: Skipped due to cooking limit
[2026-03-23 18:13:59] 📋   [WARN]     压缩失败 [HYuRSaV4j7VvkeZ3FvUvZSIG_acdf53c0@ios]: Skipped due to cooking limit
[2026-03-23 18:13:59] 📋   [WARN]     压缩失败 [HYuRSaV4j7VvkeZ3FvUvZSIG_acdf53c0@android]: Skipped due to cooking limit
[2026-03-23 18:14:00] 📋   [WARN]     压缩失败 [HYuRSaV4j7VvkeZ3FvUvZSIG_acdf53c0@windows]: Skipped due to cooking limit
[2026-03-23 18:14:00] 📋   [WARN]     压缩失败 [DBvXGVNSAv4d58Y_LXvVPSSF_65d5f1b4@ios]: Skipped due to cooking limit
[2026-03-23 18:14:00] 📋   [WARN]     压缩失败 [DBvXGVNSAv4d58Y_LXvVPSSF_65d5f1b4@android]: Skipped due to cooking limit
[2026-03-23 18:14:00] 📋   [WARN]     压缩失败 [DBvXGVNSAv4d58Y_LXvVPSSF_65d5f1b4@windows]: Skipped due to cooking limit
[2026-03-23 18:14:00] 📋   [WARN]     压缩失败 [EQRd0SJjfypLGvK7eT3pITYK_28c75abd@ios]: Skipped due to cooking limit
[2026-03-23 18:14:00] 📋   [WARN]     压缩失败 [EQRd0SJjfypLGvK7eT3pITYK_28c75abd@android]: Skipped due to cooking limit
[2026-03-23 18:14:00] 📋   [WARN]     压缩失败 [EQRd0SJjfypLGvK7eT3pITYK_28c75abd@windows]: Skipped due to cooking limit
[2026-03-23 18:14:00] 📋   [WARN]     压缩失败 [BsOxwdXaPHDe2pgRfLpZ5a72_95257d89@ios]: Skipped due to cooking limit
[2026-03-23 18:14:00] 📋   [WARN]     压缩失败 [BsOxwdXaPHDe2pgRfLpZ5a72_95257d89@android]: Skipped due to cooking limit
[2026-03-23 18:14:00] 📋   [WARN]     压缩失败 [BsOxwdXaPHDe2pgRfLpZ5a72_95257d89@windows]: Skipped due to cooking limit
[2026-03-23 18:14:00] 📋   [WARN]     压缩失败 [DT1p6bN-A6iH2272DgHOTcr9_1d719158@ios]: Skipped due to cooking limit
[2026-03-23 18:14:00] 📋   [WARN]     压缩失败 [DT1p6bN-A6iH2272DgHOTcr9_1d719158@android]: Skipped due to cooking limit
[2026-03-23 18:14:00] 📋   [WARN]     压缩失败 [DT1p6bN-A6iH2272DgHOTcr9_1d719158@windows]: Skipped due to cooking limit
[2026-03-23 18:14:00] 📋   [WARN]     压缩失败 [CarvAQRxKAJ3iNpKBJqrwu4F_52c31e4f@ios]: Skipped due to cooking limit
[2026-03-23 18:14:00] 📋   [WARN]     压缩失败 [CarvAQRxKAJ3iNpKBJqrwu4F_52c31e4f@android]: Skipped due to cooking limit
[2026-03-23 18:14:00] 📋   [WARN]     压缩失败 [CarvAQRxKAJ3iNpKBJqrwu4F_52c31e4f@windows]: Skipped due to cooking limit
[2026-03-23 18:14:00] 📋   [WARN]     压缩失败 [Fereif-y5Fd-o_ftFbpaByJp_d71c0cc6@ios]: Skipped due to cooking limit
[2026-03-23 18:14:00] 📋   [WARN]     压缩失败 [Fereif-y5Fd-o_ftFbpaByJp_d71c0cc6@android]: Skipped due to cooking limit
[2026-03-23 18:14:00] 📋   [WARN]     压缩失败 [Fereif-y5Fd-o_ftFbpaByJp_d71c0cc6@windows]: Skipped due to cooking limit
[2026-03-23 18:14:00] 📋   [WARN]     压缩失败 [GmP2YervHbj5FPU6PcoHdyom_df64762e@ios]: Skipped due to cooking limit
[2026-03-23 18:14:00] 📋   [WARN]     压缩失败 [GmP2YervHbj5FPU6PcoHdyom_df64762e@android]: Skipped due to cooking limit
[2026-03-23 18:14:00] 📋   [WARN]     压缩失败 [GmP2YervHbj5FPU6PcoHdyom_df64762e@windows]: Skipped due to cooking limit
[2026-03-23 18:14:00] 📋   [WARN]     压缩失败 [Bovd-U-DbUoO9LMeE-1vZuJV_42cc9963@ios]: Skipped due to cooking limit
[2026-03-23 18:14:00] 📋   [WARN]     压缩失败 [Bovd-U-DbUoO9LMeE-1vZuJV_42cc9963@android]: Skipped due to cooking limit
[2026-03-23 18:14:00] 📋   [WARN]     压缩失败 [Bovd-U-DbUoO9LMeE-1vZuJV_42cc9963@windows]: Skipped due to cooking limit
[2026-03-23 18:14:00] 📋   [WARN]     压缩失败 [CI2Dsfvfpcmcq1v4Z4JDxGg8_3cbf3578@ios]: Skipped due to cooking limit
[2026-03-23 18:14:00] 📋   [WARN]     压缩失败 [CI2Dsfvfpcmcq1v4Z4JDxGg8_3cbf3578@android]: Skipped due to cooking limit
[2026-03-23 18:14:00] 📋   [WARN]     压缩失败 [CI2Dsfvfpcmcq1v4Z4JDxGg8_3cbf3578@windows]: Skipped due to cooking limit
[2026-03-23 18:14:00] 📋   [WARN]     压缩失败 [Bhy_-SkkRuSP6jXG4V6-X-6Z_4256824a@ios]: Skipped due to cooking limit
[2026-03-23 18:14:00] 📋   [WARN]     压缩失败 [Bhy_-SkkRuSP6jXG4V6-X-6Z_4256824a@android]: Skipped due to cooking limit
[2026-03-23 18:14:00] 📋   [WARN]     压缩失败 [Bhy_-SkkRuSP6jXG4V6-X-6Z_4256824a@windows]: Skipped due to cooking limit
[2026-03-23 18:14:00] 📋   [WARN]     压缩失败 [FLjAmfxu8Hnv-Awt_6t5qWmt_346bb621@ios]: Skipped due to cooking limit
[2026-03-23 18:14:00] 📋   [WARN]     压缩失败 [FLjAmfxu8Hnv-Awt_6t5qWmt_346bb621@android]: Skipped due to cooking limit
[2026-03-23 18:14:00] 📋   [WARN]     压缩失败 [FLjAmfxu8Hnv-Awt_6t5qWmt_346bb621@windows]: Skipped due to cooking limit
[2026-03-23 18:14:00] 📋   [WARN]     压缩失败 [G0cAqeQGTtMu5jJyk3n4rLOP_0c5d2c24@ios]: Skipped due to cooking limit
[2026-03-23 18:14:00] 📋   [WARN]     压缩失败 [G0cAqeQGTtMu5jJyk3n4rLOP_0c5d2c24@android]: Skipped due to cooking limit
[2026-03-23 18:14:00] 📋   [WARN]     压缩失败 [G0cAqeQGTtMu5jJyk3n4rLOP_0c5d2c24@windows]: Skipped due to cooking limit
[2026-03-23 18:14:00] 📋   [WARN]     压缩失败 [En-n2flYreHLBPEieZs_XYD6_3238aba9@ios]: Skipped due to cooking limit
[2026-03-23 18:14:00] 📋   [WARN]     压缩失败 [En-n2flYreHLBPEieZs_XYD6_3238aba9@android]: Skipped due to cooking limit
[2026-03-23 18:14:00] 📋   [WARN]     压缩失败 [En-n2flYreHLBPEieZs_XYD6_3238aba9@windows]: Skipped due to cooking limit
[2026-03-23 18:14:00] 📋   [WARN]     压缩失败 [AyW90VXWmWmpMF093nzyCuCG_6804509a@ios]: Skipped due to cooking limit
[2026-03-23 18:14:00] 📋   [WARN]     压缩失败 [AyW90VXWmWmpMF093nzyCuCG_6804509a@android]: Skipped due to cooking limit
[2026-03-23 18:14:00] 📋   [WARN]     压缩失败 [AyW90VXWmWmpMF093nzyCuCG_6804509a@windows]: Skipped due to cooking limit
[2026-03-23 18:14:00] 📋   [WARN]     压缩失败 [AfA_CTyd7HtInp91oyznGFIU_2d8eb088@ios]: Skipped due to cooking limit
[2026-03-23 18:14:00] 📋   [WARN]     压缩失败 [AfA_CTyd7HtInp91oyznGFIU_2d8eb088@android]: Skipped due to cooking limit
[2026-03-23 18:14:00] 📋   [WARN]     压缩失败 [AfA_CTyd7HtInp91oyznGFIU_2d8eb088@windows]: Skipped due to cooking limit
[2026-03-23 18:14:00] 📋   [WARN]     压缩失败 [D8gk6Z9TkdXQwtXIChYqq2E5_49d45638@ios]: Skipped due to cooking limit
[2026-03-23 18:14:00] 📋   [WARN]     压缩失败 [D8gk6Z9TkdXQwtXIChYqq2E5_49d45638@android]: Skipped due to cooking limit
[2026-03-23 18:14:00] 📋   [WARN]     压缩失败 [D8gk6Z9TkdXQwtXIChYqq2E5_49d45638@windows]: Skipped due to cooking limit
[2026-03-23 18:14:00] 📋   [WARN]     压缩失败 [CGsXOSeKcdIvqq6bllwH6ESk_de3dbec9@ios]: Skipped due to cooking limit
[2026-03-23 18:14:00] 📋   [WARN]     压缩失败 [CGsXOSeKcdIvqq6bllwH6ESk_de3dbec9@android]: Skipped due to cooking limit
[2026-03-23 18:14:00] 📋   [WARN]     压缩失败 [CGsXOSeKcdIvqq6bllwH6ESk_de3dbec9@windows]: Skipped due to cooking limit
[2026-03-23 18:14:00] 📋   [WARN]     压缩失败 [Ex-nyRaGbQ63bVf91Lmzizor_3f5abdf6@ios]: Skipped due to cooking limit
[2026-03-23 18:14:00] 📋   [WARN]     压缩失败 [Ex-nyRaGbQ63bVf91Lmzizor_3f5abdf6@android]: Skipped due to cooking limit
[2026-03-23 18:14:00] 📋   [WARN]     压缩失败 [Ex-nyRaGbQ63bVf91Lmzizor_3f5abdf6@windows]: Skipped due to cooking limit
[2026-03-23 18:14:00] 📋   [WARN]     压缩失败 [E2ZkWWLs2v_8Tq-KQdJDKK71_cc985b80@ios]: Skipped due to cooking limit
[2026-03-23 18:14:00] 📋   [WARN]     压缩失败 [E2ZkWWLs2v_8Tq-KQdJDKK71_cc985b80@android]: Skipped due to cooking limit
[2026-03-23 18:14:00] 📋   [WARN]     压缩失败 [E2ZkWWLs2v_8Tq-KQdJDKK71_cc985b80@windows]: Skipped due to cooking limit
[2026-03-23 18:14:00] 📋   [WARN]     压缩失败 [AkG5sRS6yvj8vtS696AGMpqe_0e7f96c1@ios]: Skipped due to cooking limit
[2026-03-23 18:14:00] 📋   [WARN]     压缩失败 [AkG5sRS6yvj8vtS696AGMpqe_0e7f96c1@android]: Skipped due to cooking limit
[2026-03-23 18:14:00] 📋   [WARN]     压缩失败 [AkG5sRS6yvj8vtS696AGMpqe_0e7f96c1@windows]: Skipped due to cooking limit
[2026-03-23 18:14:00] 📋   [WARN]     压缩失败 [G6t3qaAndbSswo7pQOICe4TU_c98182e5@ios]: Skipped due to cooking limit
[2026-03-23 18:14:00] 📋   [WARN]     压缩失败 [G6t3qaAndbSswo7pQOICe4TU_c98182e5@android]: Skipped due to cooking limit
[2026-03-23 18:14:00] 📋   [WARN]     压缩失败 [G6t3qaAndbSswo7pQOICe4TU_c98182e5@windows]: Skipped due to cooking limit
[2026-03-23 18:14:00] 📋   [WARN]     压缩失败 [B0FMKWcCIbWx_YUtRSrgskhc_b02e7b15@ios]: Skipped due to cooking limit
[2026-03-23 18:14:00] 📋   [WARN]     压缩失败 [B0FMKWcCIbWx_YUtRSrgskhc_b02e7b15@android]: Skipped due to cooking limit
[2026-03-23 18:14:00] 📋   [WARN]     压缩失败 [B0FMKWcCIbWx_YUtRSrgskhc_b02e7b15@windows]: Skipped due to cooking limit
[2026-03-23 18:14:00] 📋   [WARN]     压缩失败 [DtrmaRUCGbz1FzwfgE5aQEvK_f8df7408@ios]: Skipped due to cooking limit
[2026-03-23 18:14:00] 📋   [WARN]     压缩失败 [DtrmaRUCGbz1FzwfgE5aQEvK_f8df7408@android]: Skipped due to cooking limit
[2026-03-23 18:14:00] 📋   [WARN]     压缩失败 [DtrmaRUCGbz1FzwfgE5aQEvK_f8df7408@windows]: Skipped due to cooking limit
[2026-03-23 18:14:00] 📋   [WARN]     压缩失败 [FnuV4bV6LMOWehlYFpAl81-z_a2801b2a@ios]: Skipped due to cooking limit
[2026-03-23 18:14:00] 📋   [WARN]     压缩失败 [FnuV4bV6LMOWehlYFpAl81-z_a2801b2a@android]: Skipped due to cooking limit
[2026-03-23 18:14:00] 📋   [WARN]     压缩失败 [FnuV4bV6LMOWehlYFpAl81-z_a2801b2a@windows]: Skipped due to cooking limit
[2026-03-23 18:14:00] 📋   [WARN]     压缩失败 [DU49Map6Oa_zDKJv8DXXpYqR_373af83d@ios]: Skipped due to cooking limit
[2026-03-23 18:14:00] 📋   [WARN]     压缩失败 [DU49Map6Oa_zDKJv8DXXpYqR_373af83d@android]: Skipped due to cooking limit
[2026-03-23 18:14:00] 📋   [WARN]     压缩失败 [DU49Map6Oa_zDKJv8DXXpYqR_373af83d@windows]: Skipped due to cooking limit
[2026-03-23 18:14:00] 📋   [WARN]     压缩失败 [BfQfcXkab4ZKtD6C1rfGIdwl_9cb0d1b6@ios]: Skipped due to cooking limit
[2026-03-23 18:14:00] 📋   [WARN]     压缩失败 [BfQfcXkab4ZKtD6C1rfGIdwl_9cb0d1b6@android]: Skipped due to cooking limit
[2026-03-23 18:14:00] 📋   [WARN]     压缩失败 [BfQfcXkab4ZKtD6C1rfGIdwl_9cb0d1b6@windows]: Skipped due to cooking limit
[2026-03-23 18:14:00] 📋   [WARN]     压缩失败 [AnWqGf5zfxCT0-0Z8WLH4O0k_5559c621@ios]: Skipped due to cooking limit
[2026-03-23 18:14:00] 📋   [WARN]     压缩失败 [AnWqGf5zfxCT0-0Z8WLH4O0k_5559c621@android]: Skipped due to cooking limit
[2026-03-23 18:14:00] 📋   [WARN]     压缩失败 [AnWqGf5zfxCT0-0Z8WLH4O0k_5559c621@windows]: Skipped due to cooking limit
[2026-03-23 18:14:00] 📋   [WARN]     压缩失败 [DLTsCR_blWXV9Hd7XtepdPj1_ec9afba1@ios]: Skipped due to cooking limit
[2026-03-23 18:14:00] 📋   [WARN]     压缩失败 [DLTsCR_blWXV9Hd7XtepdPj1_ec9afba1@android]: Skipped due to cooking limit
[2026-03-23 18:14:00] 📋   [WARN]     压缩失败 [DLTsCR_blWXV9Hd7XtepdPj1_ec9afba1@windows]: Skipped due to cooking limit
[2026-03-23 18:14:00] 📋   [WARN]     压缩失败 [GaeB4U0aG4XzJk8eFs-ODCmL_af70fbef@ios]: Skipped due to cooking limit
[2026-03-23 18:14:00] 📋   [WARN]     压缩失败 [GaeB4U0aG4XzJk8eFs-ODCmL_af70fbef@android]: Skipped due to cooking limit
[2026-03-23 18:14:00] 📋   [WARN]     压缩失败 [GaeB4U0aG4XzJk8eFs-ODCmL_af70fbef@windows]: Skipped due to cooking limit
[2026-03-23 18:14:00] 📋   [WARN]     压缩失败 [FDBSCRxeXNi4UbsiqGdMOl4X_2238bbfc@ios]: Skipped due to cooking limit
[2026-03-23 18:14:00] 📋   [WARN]     压缩失败 [FDBSCRxeXNi4UbsiqGdMOl4X_2238bbfc@android]: Skipped due to cooking limit
[2026-03-23 18:14:00] 📋   [WARN]     压缩失败 [FDBSCRxeXNi4UbsiqGdMOl4X_2238bbfc@windows]: Skipped due to cooking limit
[2026-03-23 18:14:00] 📋   [WARN]     压缩失败 [EsBcqU64MoNTwmRGaB85cQXO_9acfc79c@ios]: Skipped due to cooking limit
[2026-03-23 18:14:00] 📋   [WARN]     压缩失败 [EsBcqU64MoNTwmRGaB85cQXO_9acfc79c@android]: Skipped due to cooking limit
[2026-03-23 18:14:00] 📋   [WARN]     压缩失败 [EsBcqU64MoNTwmRGaB85cQXO_9acfc79c@windows]: Skipped due to cooking limit
[2026-03-23 18:14:00] 📋   [WARN]     压缩失败 [DyndgQhCiMgTWb7n_c-0gH_k_9c69cb52@ios]: Skipped due to cooking limit
[2026-03-23 18:14:00] 📋   [WARN]     压缩失败 [DyndgQhCiMgTWb7n_c-0gH_k_9c69cb52@android]: Skipped due to cooking limit
[2026-03-23 18:14:00] 📋   [WARN]     压缩失败 [DyndgQhCiMgTWb7n_c-0gH_k_9c69cb52@windows]: Skipped due to cooking limit
[2026-03-23 18:14:00] 📋   [WARN]     压缩失败 [CodaSZFmKXUkCmHwRHholYhg_08d3be62@ios]: Skipped due to cooking limit
[2026-03-23 18:14:00] 📋   [WARN]     压缩失败 [CodaSZFmKXUkCmHwRHholYhg_08d3be62@android]: Skipped due to cooking limit
[2026-03-23 18:14:00] 📋   [WARN]     压缩失败 [CodaSZFmKXUkCmHwRHholYhg_08d3be62@windows]: Skipped due to cooking limit
[2026-03-23 18:14:00] 📋   [WARN]     压缩失败 [AWGGUY_muxVuLXVgyQa0bfIB_eb4831d5@ios]: Skipped due to cooking limit
[2026-03-23 18:14:00] 📋   [WARN]     压缩失败 [AWGGUY_muxVuLXVgyQa0bfIB_eb4831d5@android]: Skipped due to cooking limit
[2026-03-23 18:14:00] 📋   [WARN]     压缩失败 [AWGGUY_muxVuLXVgyQa0bfIB_eb4831d5@windows]: Skipped due to cooking limit
[2026-03-23 18:14:00] 📋   [WARN]     压缩失败 [DnjbETUVnCPJZwnqjGQYlk-g_61175461@ios]: Skipped due to cooking limit
[2026-03-23 18:14:00] 📋   [WARN]     压缩失败 [DnjbETUVnCPJZwnqjGQYlk-g_61175461@android]: Skipped due to cooking limit
[2026-03-23 18:14:00] 📋   [WARN]     压缩失败 [DnjbETUVnCPJZwnqjGQYlk-g_61175461@windows]: Skipped due to cooking limit
[2026-03-23 18:14:00] 📋   [WARN]     压缩失败 [DbjBgaGdWb2jQJCCnSz7lnvo_c783010f@ios]: Skipped due to cooking limit
[2026-03-23 18:14:00] 📋   [WARN]     压缩失败 [DbjBgaGdWb2jQJCCnSz7lnvo_c783010f@android]: Skipped due to cooking limit
[2026-03-23 18:14:00] 📋   [WARN]     压缩失败 [DbjBgaGdWb2jQJCCnSz7lnvo_c783010f@windows]: Skipped due to cooking limit
[2026-03-23 18:14:00] 📋   [WARN]     压缩失败 [CIArCdkk4T0DhQ066HVhSNqQ_6f10a475@ios]: Skipped due to cooking limit
[2026-03-23 18:14:00] 📋   [WARN]     压缩失败 [CIArCdkk4T0DhQ066HVhSNqQ_6f10a475@android]: Skipped due to cooking limit
[2026-03-23 18:14:00] 📋   [WARN]     压缩失败 [CIArCdkk4T0DhQ066HVhSNqQ_6f10a475@windows]: Skipped due to cooking limit
[2026-03-23 18:14:00] 📋   [WARN]     压缩失败 [CSKgySqNOgrQ4jE4LgvbPYse_80cada4d@ios]: Skipped due to cooking limit
[2026-03-23 18:14:00] 📋   [WARN]     压缩失败 [CSKgySqNOgrQ4jE4LgvbPYse_80cada4d@android]: Skipped due to cooking limit
[2026-03-23 18:14:00] 📋   [WARN]     压缩失败 [CSKgySqNOgrQ4jE4LgvbPYse_80cada4d@windows]: Skipped due to cooking limit
[2026-03-23 18:14:00] 📋   [WARN]     压缩失败 [FxAhiSJw6-9nW_opvMMrJvMr_27cfdf1e@ios]: Skipped due to cooking limit
[2026-03-23 18:14:00] 📋   [WARN]     压缩失败 [FxAhiSJw6-9nW_opvMMrJvMr_27cfdf1e@android]: Skipped due to cooking limit
[2026-03-23 18:14:00] 📋   [WARN]     压缩失败 [FxAhiSJw6-9nW_opvMMrJvMr_27cfdf1e@windows]: Skipped due to cooking limit
[2026-03-23 18:14:00] 📋   [WARN]     压缩失败 [ETQ9gSp0TpMSwibd-anh5gni_aed08719@ios]: Skipped due to cooking limit
[2026-03-23 18:14:00] 📋   [WARN]     压缩失败 [ETQ9gSp0TpMSwibd-anh5gni_aed08719@android]: Skipped due to cooking limit
[2026-03-23 18:14:00] 📋   [WARN]     压缩失败 [ETQ9gSp0TpMSwibd-anh5gni_aed08719@windows]: Skipped due to cooking limit
[2026-03-23 18:14:00] 📋   [WARN]     压缩失败 [GxoNycZtlU7fpyQHo5R4n1eT_6dc1ef86@ios]: Skipped due to cooking limit
[2026-03-23 18:14:00] 📋   [WARN]     压缩失败 [GxoNycZtlU7fpyQHo5R4n1eT_6dc1ef86@android]: Skipped due to cooking limit
[2026-03-23 18:14:00] 📋   [WARN]     压缩失败 [GxoNycZtlU7fpyQHo5R4n1eT_6dc1ef86@windows]: Skipped due to cooking limit
[2026-03-23 18:14:00] 📋   [WARN]     压缩失败 [EEgkAQ7yiYgIz-dn0Kzmi8hP_221bffe7@ios]: Skipped due to cooking limit
[2026-03-23 18:14:00] 📋   [WARN]     压缩失败 [EEgkAQ7yiYgIz-dn0Kzmi8hP_221bffe7@android]: Skipped due to cooking limit
[2026-03-23 18:14:00] 📋   [WARN]     压缩失败 [EEgkAQ7yiYgIz-dn0Kzmi8hP_221bffe7@windows]: Skipped due to cooking limit
[2026-03-23 18:14:00] 📋   [WARN]     压缩失败 [DsYqmXdsIyURU5foBngy_Gbn_3f800269@ios]: Skipped due to cooking limit
[2026-03-23 18:14:00] 📋   [WARN]     压缩失败 [DsYqmXdsIyURU5foBngy_Gbn_3f800269@android]: Skipped due to cooking limit
[2026-03-23 18:14:00] 📋   [WARN]     压缩失败 [DsYqmXdsIyURU5foBngy_Gbn_3f800269@windows]: Skipped due to cooking limit
[2026-03-23 18:14:00] 📋   [WARN]     压缩失败 [Ciiy-Sh9CWA9CDpEtJcGtUPy_3b233c40@ios]: Skipped due to cooking limit
[2026-03-23 18:14:00] 📋   [WARN]     压缩失败 [Ciiy-Sh9CWA9CDpEtJcGtUPy_3b233c40@android]: Skipped due to cooking limit
[2026-03-23 18:14:00] 📋   [WARN]     压缩失败 [Ciiy-Sh9CWA9CDpEtJcGtUPy_3b233c40@windows]: Skipped due to cooking limit
[2026-03-23 18:14:00] 📋   [WARN]     压缩失败 [DF1ssTk99SqBy_MNDmOJpvDY_1b0d1f68@ios]: Skipped due to cooking limit
[2026-03-23 18:14:00] 📋   [WARN]     压缩失败 [DF1ssTk99SqBy_MNDmOJpvDY_1b0d1f68@android]: Skipped due to cooking limit
[2026-03-23 18:14:00] 📋   [WARN]     压缩失败 [DF1ssTk99SqBy_MNDmOJpvDY_1b0d1f68@windows]: Skipped due to cooking limit
[2026-03-23 18:14:00] 📋   [WARN]     压缩失败 [A6uNcSVm05sIAT5qfiHT79Rw_41be608a@ios]: Skipped due to cooking limit
[2026-03-23 18:14:00] 📋   [WARN]     压缩失败 [A6uNcSVm05sIAT5qfiHT79Rw_41be608a@android]: Skipped due to cooking limit
[2026-03-23 18:14:00] 📋   [WARN]     压缩失败 [A6uNcSVm05sIAT5qfiHT79Rw_41be608a@windows]: Skipped due to cooking limit
[2026-03-23 18:14:00] 📋   [WARN]     压缩失败 [Bx2Y-cEvYMiiCDFyKmd2oY6l_6c542a1b@ios]: Skipped due to cooking limit
[2026-03-23 18:14:00] 📋   [WARN]     压缩失败 [Bx2Y-cEvYMiiCDFyKmd2oY6l_6c542a1b@android]: Skipped due to cooking limit
[2026-03-23 18:14:00] 📋   [WARN]     压缩失败 [Bx2Y-cEvYMiiCDFyKmd2oY6l_6c542a1b@windows]: Skipped due to cooking limit
[2026-03-23 18:14:00] 📋   [WARN]     压缩失败 [C4Y_Ebzd-t8ggimkm_PyxBC5_708ecda1@ios]: Skipped due to cooking limit
[2026-03-23 18:14:00] 📋   [WARN]     压缩失败 [C4Y_Ebzd-t8ggimkm_PyxBC5_708ecda1@android]: Skipped due to cooking limit
[2026-03-23 18:14:00] 📋   [WARN]     压缩失败 [C4Y_Ebzd-t8ggimkm_PyxBC5_708ecda1@windows]: Skipped due to cooking limit
[2026-03-23 18:14:00] 📋   [WARN]     压缩失败 [DASW4S3i-AfZ4T-AQuvFjHti_7ff32bad@ios]: Skipped due to cooking limit
[2026-03-23 18:14:00] 📋   [WARN]     压缩失败 [DASW4S3i-AfZ4T-AQuvFjHti_7ff32bad@android]: Skipped due to cooking limit
[2026-03-23 18:14:00] 📋   [WARN]     压缩失败 [DASW4S3i-AfZ4T-AQuvFjHti_7ff32bad@windows]: Skipped due to cooking limit
[2026-03-23 18:14:00] 📋   [WARN]     压缩失败 [AkyaWcslENPjjg8AOHzzHLCI_38701ddc@ios]: Skipped due to cooking limit
[2026-03-23 18:14:00] 📋   [WARN]     压缩失败 [AkyaWcslENPjjg8AOHzzHLCI_38701ddc@android]: Skipped due to cooking limit
[2026-03-23 18:14:00] 📋   [WARN]     压缩失败 [AkyaWcslENPjjg8AOHzzHLCI_38701ddc@windows]: Skipped due to cooking limit
[2026-03-23 18:14:00] 📋   [WARN]     压缩失败 [Dj0ZmdXLtSGkER6UbMRMi2RM_6fedbac9@ios]: Skipped due to cooking limit
[2026-03-23 18:14:00] 📋   [WARN]     压缩失败 [Dj0ZmdXLtSGkER6UbMRMi2RM_6fedbac9@android]: Skipped due to cooking limit
[2026-03-23 18:14:00] 📋   [WARN]     压缩失败 [Dj0ZmdXLtSGkER6UbMRMi2RM_6fedbac9@windows]: Skipped due to cooking limit
[2026-03-23 18:14:00] 📋   [WARN]     压缩失败 [BICrOQHmmOuE-kIOY2ze7ht__5a8e23f8@ios]: Skipped due to cooking limit
[2026-03-23 18:14:00] 📋   [WARN]     压缩失败 [BICrOQHmmOuE-kIOY2ze7ht__5a8e23f8@android]: Skipped due to cooking limit
[2026-03-23 18:14:00] 📋   [WARN]     压缩失败 [BICrOQHmmOuE-kIOY2ze7ht__5a8e23f8@windows]: Skipped due to cooking limit
[2026-03-23 18:14:00] 📋   [WARN]     压缩失败 [CzBj-dsxrkNebe0l0uR5oKmh_afe80bcc@ios]: Skipped due to cooking limit
[2026-03-23 18:14:00] 📋   [WARN]     压缩失败 [CzBj-dsxrkNebe0l0uR5oKmh_afe80bcc@android]: Skipped due to cooking limit
[2026-03-23 18:14:00] 📋   [WARN]     压缩失败 [CzBj-dsxrkNebe0l0uR5oKmh_afe80bcc@windows]: Skipped due to cooking limit
[2026-03-23 18:14:00] 📋   [WARN]     压缩失败 [CXcl0Y5tLI34nCJdL06kaPdj_b713a106@ios]: Skipped due to cooking limit
[2026-03-23 18:14:00] 📋   [WARN]     压缩失败 [CXcl0Y5tLI34nCJdL06kaPdj_b713a106@android]: Skipped due to cooking limit
[2026-03-23 18:14:00] 📋   [WARN]     压缩失败 [CXcl0Y5tLI34nCJdL06kaPdj_b713a106@windows]: Skipped due to cooking limit
[2026-03-23 18:14:00] 📋   [WARN]     压缩失败 [Eq2P2bbkPeht98u3wy3YxSQb_23cdb1f8@ios]: Skipped due to cooking limit
[2026-03-23 18:14:00] 📋   [WARN]     压缩失败 [Eq2P2bbkPeht98u3wy3YxSQb_23cdb1f8@android]: Skipped due to cooking limit
[2026-03-23 18:14:00] 📋   [WARN]     压缩失败 [Eq2P2bbkPeht98u3wy3YxSQb_23cdb1f8@windows]: Skipped due to cooking limit
[2026-03-23 18:14:00] 📋   [WARN]     压缩失败 [FzGgkSAu_dsXsiVic-dPrgqc_dac0e765@ios]: Skipped due to cooking limit
[2026-03-23 18:14:00] 📋   [WARN]     压缩失败 [FzGgkSAu_dsXsiVic-dPrgqc_dac0e765@android]: Skipped due to cooking limit
[2026-03-23 18:14:00] 📋   [WARN]     压缩失败 [FzGgkSAu_dsXsiVic-dPrgqc_dac0e765@windows]: Skipped due to cooking limit
[2026-03-23 18:14:00] 📋   [WARN]     压缩失败 [GJPccW4gZzkvFUitlRxMjS61_49434b25@ios]: Skipped due to cooking limit
[2026-03-23 18:14:00] 📋   [WARN]     压缩失败 [GJPccW4gZzkvFUitlRxMjS61_49434b25@android]: Skipped due to cooking limit
[2026-03-23 18:14:00] 📋   [WARN]     压缩失败 [GJPccW4gZzkvFUitlRxMjS61_49434b25@windows]: Skipped due to cooking limit
[2026-03-23 18:14:00] 📋   [WARN]     压缩失败 [DGDyMRyd92JNdoLcwWCd-GHD_8003c985@ios]: Skipped due to cooking limit
[2026-03-23 18:14:00] 📋   [WARN]     压缩失败 [DGDyMRyd92JNdoLcwWCd-GHD_8003c985@android]: Skipped due to cooking limit
[2026-03-23 18:14:00] 📋   [WARN]     压缩失败 [DGDyMRyd92JNdoLcwWCd-GHD_8003c985@windows]: Skipped due to cooking limit
[2026-03-23 18:14:00] 📋   [WARN]     压缩失败 [E-u6WX_jxavcskVNxqdaLuce_3cc9be71@ios]: Skipped due to cooking limit
[2026-03-23 18:14:00] 📋   [WARN]     压缩失败 [E-u6WX_jxavcskVNxqdaLuce_3cc9be71@android]: Skipped due to cooking limit
[2026-03-23 18:14:00] 📋   [WARN]     压缩失败 [E-u6WX_jxavcskVNxqdaLuce_3cc9be71@windows]: Skipped due to cooking limit
[2026-03-23 18:14:00] 📋   [WARN]     压缩失败 [CJgMcUKE80MjDlG3_0DfjQBt_8ddf30d0@ios]: Skipped due to cooking limit
[2026-03-23 18:14:00] 📋   [WARN]     压缩失败 [CJgMcUKE80MjDlG3_0DfjQBt_8ddf30d0@android]: Skipped due to cooking limit
[2026-03-23 18:14:00] 📋   [WARN]     压缩失败 [CJgMcUKE80MjDlG3_0DfjQBt_8ddf30d0@windows]: Skipped due to cooking limit
[2026-03-23 18:14:00] 📋   [WARN]     压缩失败 [FBRiqaVnan12CBnOb2aXo6PM_374b8935@ios]: Skipped due to cooking limit
[2026-03-23 18:14:00] 📋   [WARN]     压缩失败 [FBRiqaVnan12CBnOb2aXo6PM_374b8935@android]: Skipped due to cooking limit
[2026-03-23 18:14:00] 📋   [WARN]     压缩失败 [FBRiqaVnan12CBnOb2aXo6PM_374b8935@windows]: Skipped due to cooking limit
[2026-03-23 18:14:00] 📋   [WARN]     压缩失败 [BNrYKYgc-st1p2Kfr1LYJsDV_61f13e3a@ios]: Skipped due to cooking limit
[2026-03-23 18:14:00] 📋   [WARN]     压缩失败 [BNrYKYgc-st1p2Kfr1LYJsDV_61f13e3a@android]: Skipped due to cooking limit
[2026-03-23 18:14:00] 📋   [WARN]     压缩失败 [BNrYKYgc-st1p2Kfr1LYJsDV_61f13e3a@windows]: Skipped due to cooking limit
[2026-03-23 18:14:00] 📋   [WARN]     压缩失败 [HOhnGQptHWG-yHKfVTzkhgic_8aed4a46@ios]: Skipped due to cooking limit
[2026-03-23 18:14:00] 📋   [WARN]     压缩失败 [HOhnGQptHWG-yHKfVTzkhgic_8aed4a46@android]: Skipped due to cooking limit
[2026-03-23 18:14:00] 📋   [WARN]     压缩失败 [HOhnGQptHWG-yHKfVTzkhgic_8aed4a46@windows]: Skipped due to cooking limit
[2026-03-23 18:14:00] 📋   [WARN]     压缩失败 [FnizMaTRFuGj9VwP9AKFoeyL_54c76e4d@ios]: Skipped due to cooking limit
[2026-03-23 18:14:00] 📋   [WARN]     压缩失败 [FnizMaTRFuGj9VwP9AKFoeyL_54c76e4d@android]: Skipped due to cooking limit
[2026-03-23 18:14:00] 📋   [WARN]     压缩失败 [FnizMaTRFuGj9VwP9AKFoeyL_54c76e4d@windows]: Skipped due to cooking limit
[2026-03-23 18:14:00] 📋   [WARN]     压缩失败 [AVnYcQBTkMotW0M4RUHdDgaX_e992af71@ios]: Skipped due to cooking limit
[2026-03-23 18:14:00] 📋   [WARN]     压缩失败 [AVnYcQBTkMotW0M4RUHdDgaX_e992af71@android]: Skipped due to cooking limit
[2026-03-23 18:14:00] 📋   [WARN]     压缩失败 [AVnYcQBTkMotW0M4RUHdDgaX_e992af71@windows]: Skipped due to cooking limit
[2026-03-23 18:14:00] 📋   [WARN]     压缩失败 [D0b56XruFnR4NxnjNVotH9Zh_d868356d@ios]: Skipped due to cooking limit
[2026-03-23 18:14:01] 📋   [WARN]     压缩失败 [D0b56XruFnR4NxnjNVotH9Zh_d868356d@android]: Skipped due to cooking limit
[2026-03-23 18:14:01] 📋   [WARN]     压缩失败 [D0b56XruFnR4NxnjNVotH9Zh_d868356d@windows]: Skipped due to cooking limit
[2026-03-23 18:14:01] 📋   [WARN]     压缩失败 [AC6pWcIGvaknoVIYQxXJhPnQ_9a7c2ab6@ios]: Skipped due to cooking limit
[2026-03-23 18:14:01] 📋   [WARN]     压缩失败 [AC6pWcIGvaknoVIYQxXJhPnQ_9a7c2ab6@android]: Skipped due to cooking limit
[2026-03-23 18:14:01] 📋   [WARN]     压缩失败 [AC6pWcIGvaknoVIYQxXJhPnQ_9a7c2ab6@windows]: Skipped due to cooking limit
[2026-03-23 18:14:01] 📋   [WARN]     压缩失败 [CLFFCZV64UwrEhl84YKgg78s_75c5c481@ios]: Skipped due to cooking limit
[2026-03-23 18:14:01] 📋   [WARN]     压缩失败 [CLFFCZV64UwrEhl84YKgg78s_75c5c481@android]: Skipped due to cooking limit
[2026-03-23 18:14:01] 📋   [WARN]     压缩失败 [CLFFCZV64UwrEhl84YKgg78s_75c5c481@windows]: Skipped due to cooking limit
[2026-03-23 18:14:01] 📋   [WARN]     压缩失败 [F1Y0CfYr76TsQkSjlfewW-rN_0d3db3fa@ios]: Skipped due to cooking limit
[2026-03-23 18:14:01] 📋   [WARN]     压缩失败 [F1Y0CfYr76TsQkSjlfewW-rN_0d3db3fa@android]: Skipped due to cooking limit
[2026-03-23 18:14:01] 📋   [WARN]     压缩失败 [F1Y0CfYr76TsQkSjlfewW-rN_0d3db3fa@windows]: Skipped due to cooking limit
[2026-03-23 18:14:01] 📋   [WARN]     压缩失败 [GZAZCbYd9YFvtwOTe8N8Fr-4_f76aef96@ios]: Skipped due to cooking limit
[2026-03-23 18:14:01] 📋   [WARN]     压缩失败 [GZAZCbYd9YFvtwOTe8N8Fr-4_f76aef96@android]: Skipped due to cooking limit
[2026-03-23 18:14:01] 📋   [WARN]     压缩失败 [GZAZCbYd9YFvtwOTe8N8Fr-4_f76aef96@windows]: Skipped due to cooking limit
[2026-03-23 18:14:01] 📋   [WARN]     压缩失败 [FI0qQTxXniAvQ0w-YVVWtbEY_b8650807@ios]: Skipped due to cooking limit
[2026-03-23 18:14:01] 📋   [WARN]     压缩失败 [FI0qQTxXniAvQ0w-YVVWtbEY_b8650807@android]: Skipped due to cooking limit
[2026-03-23 18:14:01] 📋   [WARN]     压缩失败 [FI0qQTxXniAvQ0w-YVVWtbEY_b8650807@windows]: Skipped due to cooking limit
[2026-03-23 18:14:01] 📋   [WARN]     压缩失败 [DDpN2TrRl8wFaFUs3Zt7BUk4_80f44a5a@ios]: Skipped due to cooking limit
[2026-03-23 18:14:01] 📋   [WARN]     压缩失败 [DDpN2TrRl8wFaFUs3Zt7BUk4_80f44a5a@android]: Skipped due to cooking limit
[2026-03-23 18:14:01] 📋   [WARN]     压缩失败 [DDpN2TrRl8wFaFUs3Zt7BUk4_80f44a5a@windows]: Skipped due to cooking limit
[2026-03-23 18:14:01] 📋   [WARN]     压缩失败 [GLOLMexXEP7ZEmCHXGIix6cA_a13787ca@ios]: Skipped due to cooking limit
[2026-03-23 18:14:01] 📋   [WARN]     压缩失败 [GLOLMexXEP7ZEmCHXGIix6cA_a13787ca@android]: Skipped due to cooking limit
[2026-03-23 18:14:01] 📋   [WARN]     压缩失败 [GLOLMexXEP7ZEmCHXGIix6cA_a13787ca@windows]: Skipped due to cooking limit
[2026-03-23 18:14:01] 📋   [WARN]     压缩失败 [C3aqGeBnfQ-cNvJ-yUJbHkwh_aacad364@ios]: Skipped due to cooking limit
[2026-03-23 18:14:01] 📋   [WARN]     压缩失败 [C3aqGeBnfQ-cNvJ-yUJbHkwh_aacad364@android]: Skipped due to cooking limit
[2026-03-23 18:14:01] 📋   [WARN]     压缩失败 [C3aqGeBnfQ-cNvJ-yUJbHkwh_aacad364@windows]: Skipped due to cooking limit
[2026-03-23 18:14:01] 📋   [WARN]     压缩失败 [D0kpoc2n_Dr7nsfZaqDZQko-_aee1b001@ios]: Skipped due to cooking limit
[2026-03-23 18:14:01] 📋   [WARN]     压缩失败 [D0kpoc2n_Dr7nsfZaqDZQko-_aee1b001@android]: Skipped due to cooking limit
[2026-03-23 18:14:01] 📋   [WARN]     压缩失败 [D0kpoc2n_Dr7nsfZaqDZQko-_aee1b001@windows]: Skipped due to cooking limit
[2026-03-23 18:14:01] 📋   [WARN]     压缩失败 [G15e2YWKRXgyiB8YTA-Y1ZtO_8975c3e2@ios]: Skipped due to cooking limit
[2026-03-23 18:14:01] 📋   [WARN]     压缩失败 [G15e2YWKRXgyiB8YTA-Y1ZtO_8975c3e2@android]: Skipped due to cooking limit
[2026-03-23 18:14:01] 📋   [WARN]     压缩失败 [G15e2YWKRXgyiB8YTA-Y1ZtO_8975c3e2@windows]: Skipped due to cooking limit
[2026-03-23 18:14:01] 📋   [WARN]     压缩失败 [Dt1HqbuiMw7DdKQLuFy5SE8P_780410e8@ios]: Skipped due to cooking limit
[2026-03-23 18:14:01] 📋   [WARN]     压缩失败 [Dt1HqbuiMw7DdKQLuFy5SE8P_780410e8@android]: Skipped due to cooking limit
[2026-03-23 18:14:01] 📋   [WARN]     压缩失败 [Dt1HqbuiMw7DdKQLuFy5SE8P_780410e8@windows]: Skipped due to cooking limit
[2026-03-23 18:14:01] 📋   [WARN]     压缩失败 [ESJ9YeZSRl06qCSoS79IqHJp_49982bb6@ios]: Skipped due to cooking limit
[2026-03-23 18:14:01] 📋   [WARN]     压缩失败 [ESJ9YeZSRl06qCSoS79IqHJp_49982bb6@android]: Skipped due to cooking limit
[2026-03-23 18:14:01] 📋   [WARN]     压缩失败 [ESJ9YeZSRl06qCSoS79IqHJp_49982bb6@windows]: Skipped due to cooking limit
[2026-03-23 18:14:01] 📋   [WARN]     压缩失败 [DlscwWD7q040UPzhDzLE5B0z_04d7d9bc@ios]: Skipped due to cooking limit
[2026-03-23 18:14:01] 📋   [WARN]     压缩失败 [DlscwWD7q040UPzhDzLE5B0z_04d7d9bc@android]: Skipped due to cooking limit
[2026-03-23 18:14:01] 📋   [WARN]     压缩失败 [DlscwWD7q040UPzhDzLE5B0z_04d7d9bc@windows]: Skipped due to cooking limit
[2026-03-23 18:14:01] 📋   [WARN]     压缩失败 [EWi6ifnGLeqYMFv_POqg1XaZ_78cdac2a@ios]: Skipped due to cooking limit
[2026-03-23 18:14:01] 📋   [WARN]     压缩失败 [EWi6ifnGLeqYMFv_POqg1XaZ_78cdac2a@android]: Skipped due to cooking limit
[2026-03-23 18:14:01] 📋   [WARN]     压缩失败 [EWi6ifnGLeqYMFv_POqg1XaZ_78cdac2a@windows]: Skipped due to cooking limit
[2026-03-23 18:14:01] 📋   [WARN]     压缩失败 [ForHqRC7d8zgaU9l0OP5yzAI_032b9b92@ios]: Skipped due to cooking limit
[2026-03-23 18:14:01] 📋   [WARN]     压缩失败 [ForHqRC7d8zgaU9l0OP5yzAI_032b9b92@android]: Skipped due to cooking limit
[2026-03-23 18:14:01] 📋   [WARN]     压缩失败 [ForHqRC7d8zgaU9l0OP5yzAI_032b9b92@windows]: Skipped due to cooking limit
[2026-03-23 18:14:01] 📋   [WARN]     压缩失败 [Ds0-MctNW2LTj2UWwRWmlGyu_b432d4d4@ios]: Skipped due to cooking limit
[2026-03-23 18:14:01] 📋   [WARN]     压缩失败 [Ds0-MctNW2LTj2UWwRWmlGyu_b432d4d4@android]: Skipped due to cooking limit
[2026-03-23 18:14:01] 📋   [WARN]     压缩失败 [Ds0-MctNW2LTj2UWwRWmlGyu_b432d4d4@windows]: Skipped due to cooking limit
[2026-03-23 18:14:01] 📋   [WARN]     压缩失败 [HygvyVTIu43JkD1li1nQaqoR_42286d1b@ios]: Skipped due to cooking limit
[2026-03-23 18:14:01] 📋   [WARN]     压缩失败 [HygvyVTIu43JkD1li1nQaqoR_42286d1b@android]: Skipped due to cooking limit
[2026-03-23 18:14:01] 📋   [WARN]     压缩失败 [HygvyVTIu43JkD1li1nQaqoR_42286d1b@windows]: Skipped due to cooking limit
[2026-03-23 18:14:01] 📋   [WARN]     压缩失败 [A4K6GVmU_uRSxCSiAkhAiHSS_fdd6a9f2@ios]: Skipped due to cooking limit
[2026-03-23 18:14:01] 📋   [WARN]     压缩失败 [A4K6GVmU_uRSxCSiAkhAiHSS_fdd6a9f2@android]: Skipped due to cooking limit
[2026-03-23 18:14:01] 📋   [WARN]     压缩失败 [A4K6GVmU_uRSxCSiAkhAiHSS_fdd6a9f2@windows]: Skipped due to cooking limit
[2026-03-23 18:14:01] 📋   [WARN]     压缩失败 [FYvk-Ug13Tmtwu-bYhxAs6xw_6f10a475@ios]: Skipped due to cooking limit
[2026-03-23 18:14:01] 📋   [WARN]     压缩失败 [FYvk-Ug13Tmtwu-bYhxAs6xw_6f10a475@android]: Skipped due to cooking limit
[2026-03-23 18:14:01] 📋   [WARN]     压缩失败 [FYvk-Ug13Tmtwu-bYhxAs6xw_6f10a475@windows]: Skipped due to cooking limit
[2026-03-23 18:14:01] 📋   [WARN]     压缩失败 [G0RP-ZYMgOGxUM9ZQIHapqsb_23cdb1f8@ios]: Skipped due to cooking limit
[2026-03-23 18:14:01] 📋   [WARN]     压缩失败 [G0RP-ZYMgOGxUM9ZQIHapqsb_23cdb1f8@android]: Skipped due to cooking limit
[2026-03-23 18:14:01] 📋   [WARN]     压缩失败 [G0RP-ZYMgOGxUM9ZQIHapqsb_23cdb1f8@windows]: Skipped due to cooking limit
[2026-03-23 18:14:01] 📋   [WARN]     压缩失败 [AR2t6Y1MQvtLT2TAbKC_q1Ge_8909b5bd@ios]: Skipped due to cooking limit
[2026-03-23 18:14:01] 📋   [WARN]     压缩失败 [AR2t6Y1MQvtLT2TAbKC_q1Ge_8909b5bd@android]: Skipped due to cooking limit
[2026-03-23 18:14:01] 📋   [WARN]     压缩失败 [AR2t6Y1MQvtLT2TAbKC_q1Ge_8909b5bd@windows]: Skipped due to cooking limit
[2026-03-23 18:14:01] 📋   [WARN]     压缩失败 [GAWniScFhW9z6KlH-A7Gr5G7_eb24990b@ios]: Skipped due to cooking limit
[2026-03-23 18:14:01] 📋   [WARN]     压缩失败 [GAWniScFhW9z6KlH-A7Gr5G7_eb24990b@android]: Skipped due to cooking limit
[2026-03-23 18:14:01] 📋   [WARN]     压缩失败 [GAWniScFhW9z6KlH-A7Gr5G7_eb24990b@windows]: Skipped due to cooking limit
[2026-03-23 18:14:01] 📋   [WARN]     压缩失败 [BSM-UUFbnQ4zcXE5ZxQaUgoL_2c7c77a7@ios]: Skipped due to cooking limit
[2026-03-23 18:14:01] 📋   [WARN]     压缩失败 [BSM-UUFbnQ4zcXE5ZxQaUgoL_2c7c77a7@android]: Skipped due to cooking limit
[2026-03-23 18:14:01] 📋   [WARN]     压缩失败 [BSM-UUFbnQ4zcXE5ZxQaUgoL_2c7c77a7@windows]: Skipped due to cooking limit
[2026-03-23 18:14:01] 📋   [WARN]     压缩失败 [D9TXAS6LRggQvuq62vyovrox_fb8b0e15@ios]: Skipped due to cooking limit
[2026-03-23 18:14:01] 📋   [WARN]     压缩失败 [D9TXAS6LRggQvuq62vyovrox_fb8b0e15@android]: Skipped due to cooking limit
[2026-03-23 18:14:01] 📋   [WARN]     压缩失败 [D9TXAS6LRggQvuq62vyovrox_fb8b0e15@windows]: Skipped due to cooking limit
[2026-03-23 18:14:01] 📋   [WARN]     压缩失败 [H8ASIXmXoSp1CsnRCdY2Q13h_346bb621@ios]: Skipped due to cooking limit
[2026-03-23 18:14:01] 📋   [WARN]     压缩失败 [H8ASIXmXoSp1CsnRCdY2Q13h_346bb621@android]: Skipped due to cooking limit
[2026-03-23 18:14:01] 📋   [WARN]     压缩失败 [H8ASIXmXoSp1CsnRCdY2Q13h_346bb621@windows]: Skipped due to cooking limit
[2026-03-23 18:14:01] 📋   [WARN]     压缩失败 [HccBgb87GoGYHKSQIiQLW0Ot_aed08719@ios]: Skipped due to cooking limit
[2026-03-23 18:14:01] 📋   [WARN]     压缩失败 [HccBgb87GoGYHKSQIiQLW0Ot_aed08719@android]: Skipped due to cooking limit
[2026-03-23 18:14:01] 📋   [WARN]     压缩失败 [HccBgb87GoGYHKSQIiQLW0Ot_aed08719@windows]: Skipped due to cooking limit
[2026-03-23 18:14:01] 📋   [WARN]     压缩失败 [CXCY4XwgRn7hPC74iZ3GBgLI_54c76e4d@ios]: Skipped due to cooking limit
[2026-03-23 18:14:01] 📋   [WARN]     压缩失败 [CXCY4XwgRn7hPC74iZ3GBgLI_54c76e4d@android]: Skipped due to cooking limit
[2026-03-23 18:14:01] 📋   [WARN]     压缩失败 [CXCY4XwgRn7hPC74iZ3GBgLI_54c76e4d@windows]: Skipped due to cooking limit
[2026-03-23 18:14:01] 📋   [WARN]     压缩失败 [Bg8twaBzf4M9MVe3iltX8hJ5_aacad364@ios]: Skipped due to cooking limit
[2026-03-23 18:14:01] 📋   [WARN]     压缩失败 [Bg8twaBzf4M9MVe3iltX8hJ5_aacad364@android]: Skipped due to cooking limit
[2026-03-23 18:14:01] 📋   [WARN]     压缩失败 [Bg8twaBzf4M9MVe3iltX8hJ5_aacad364@windows]: Skipped due to cooking limit
[2026-03-23 18:14:01] 📋   [WARN]     压缩失败 [AdRiOZ_3frvh6PZ0CUyco95C_7815ee97@ios]: Skipped due to cooking limit
[2026-03-23 18:14:01] 📋   [WARN]     压缩失败 [AdRiOZ_3frvh6PZ0CUyco95C_7815ee97@android]: Skipped due to cooking limit
[2026-03-23 18:14:01] 📋   [WARN]     压缩失败 [AdRiOZ_3frvh6PZ0CUyco95C_7815ee97@windows]: Skipped due to cooking limit
[2026-03-23 18:14:01] 📋   [WARN]     压缩失败 [GzzKERv5an9_JQ8_TKiJZndX_146e35a3@ios]: Skipped due to cooking limit
[2026-03-23 18:14:01] 📋   [WARN]     压缩失败 [GzzKERv5an9_JQ8_TKiJZndX_146e35a3@android]: Skipped due to cooking limit
[2026-03-23 18:14:01] 📋   [WARN]     压缩失败 [GzzKERv5an9_JQ8_TKiJZndX_146e35a3@windows]: Skipped due to cooking limit
[2026-03-23 18:14:01] 📋   [WARN]     压缩失败 [HlVmEVvQN0XfDnBerJhqehSx_be37ec98@ios]: Skipped due to cooking limit
[2026-03-23 18:14:01] 📋   [WARN]     压缩失败 [HlVmEVvQN0XfDnBerJhqehSx_be37ec98@android]: Skipped due to cooking limit
[2026-03-23 18:14:01] 📋   [WARN]     压缩失败 [HlVmEVvQN0XfDnBerJhqehSx_be37ec98@windows]: Skipped due to cooking limit
[2026-03-23 18:14:01] 📋   [WARN]     压缩失败 [CcQ0gbNtpGcv4T1H3vL1VpI6_9f2b2704@ios]: Skipped due to cooking limit
[2026-03-23 18:14:01] 📋   [WARN]     压缩失败 [CcQ0gbNtpGcv4T1H3vL1VpI6_9f2b2704@android]: Skipped due to cooking limit
[2026-03-23 18:14:01] 📋   [WARN]     压缩失败 [CcQ0gbNtpGcv4T1H3vL1VpI6_9f2b2704@windows]: Skipped due to cooking limit
[2026-03-23 18:14:01] 📋   [WARN]     压缩失败 [EUG9saiyK_aFQfqgXM9nO9WM_fd0027a3@ios]: Skipped due to cooking limit
[2026-03-23 18:14:01] 📋   [WARN]     压缩失败 [EUG9saiyK_aFQfqgXM9nO9WM_fd0027a3@android]: Skipped due to cooking limit
[2026-03-23 18:14:01] 📋   [WARN]     压缩失败 [EUG9saiyK_aFQfqgXM9nO9WM_fd0027a3@windows]: Skipped due to cooking limit
[2026-03-23 18:14:01] 📋   [WARN]     压缩失败 [AjfcGUMGHBhHXyI4oTNUNmcl_59b7d9e5@ios]: Skipped due to cooking limit
[2026-03-23 18:14:01] 📋   [WARN]     压缩失败 [AjfcGUMGHBhHXyI4oTNUNmcl_59b7d9e5@android]: Skipped due to cooking limit
[2026-03-23 18:14:01] 📋   [WARN]     压缩失败 [AjfcGUMGHBhHXyI4oTNUNmcl_59b7d9e5@windows]: Skipped due to cooking limit
[2026-03-23 18:14:01] 📋   [WARN]     压缩失败 [EVxj8RBDsCJhr5eQph4ZWY7H_148763f5@ios]: Skipped due to cooking limit
[2026-03-23 18:14:01] 📋   [WARN]     压缩失败 [EVxj8RBDsCJhr5eQph4ZWY7H_148763f5@android]: Skipped due to cooking limit
[2026-03-23 18:14:01] 📋   [WARN]     压缩失败 [EVxj8RBDsCJhr5eQph4ZWY7H_148763f5@windows]: Skipped due to cooking limit
[2026-03-23 18:14:01] 📋   [WARN]     压缩失败 [FBYaoZ07qNzRg5bMlDqxMjOt_95664fa5@ios]: Skipped due to cooking limit
[2026-03-23 18:14:01] 📋   [WARN]     压缩失败 [FBYaoZ07qNzRg5bMlDqxMjOt_95664fa5@android]: Skipped due to cooking limit
[2026-03-23 18:14:01] 📋   [WARN]     压缩失败 [FBYaoZ07qNzRg5bMlDqxMjOt_95664fa5@windows]: Skipped due to cooking limit
[2026-03-23 18:14:01] 📋   [WARN]     压缩失败 [Am2VgQQECuvh2MMPyiOlXe4b_0f12b5e6@ios]: Skipped due to cooking limit
[2026-03-23 18:14:01] 📋   [WARN]     压缩失败 [Am2VgQQECuvh2MMPyiOlXe4b_0f12b5e6@android]: Skipped due to cooking limit
[2026-03-23 18:14:01] 📋   [WARN]     压缩失败 [Am2VgQQECuvh2MMPyiOlXe4b_0f12b5e6@windows]: Skipped due to cooking limit
[2026-03-23 18:14:01] 📋   [WARN]     压缩失败 [GiVZMeQb6kxbSD2H8cKeHf58_9b17ec24@ios]: Skipped due to cooking limit
[2026-03-23 18:14:01] 📋   [WARN]     压缩失败 [GiVZMeQb6kxbSD2H8cKeHf58_9b17ec24@android]: Skipped due to cooking limit
[2026-03-23 18:14:01] 📋   [WARN]     压缩失败 [GiVZMeQb6kxbSD2H8cKeHf58_9b17ec24@windows]: Skipped due to cooking limit
[2026-03-23 18:14:01] 📋   [WARN]     压缩失败 [EFZhqQuL_jI0OcjRUOKhgx8R_65d5f1b4@ios]: Skipped due to cooking limit
[2026-03-23 18:14:01] 📋   [WARN]     压缩失败 [EFZhqQuL_jI0OcjRUOKhgx8R_65d5f1b4@android]: Skipped due to cooking limit
[2026-03-23 18:14:01] 📋   [WARN]     压缩失败 [EFZhqQuL_jI0OcjRUOKhgx8R_65d5f1b4@windows]: Skipped due to cooking limit
[2026-03-23 18:14:01] 📋   [WARN]     压缩失败 [GNZooad-v6kw_nMVrFqCgc31_f948ce08@ios]: Skipped due to cooking limit
[2026-03-23 18:14:01] 📋   [WARN]     压缩失败 [GNZooad-v6kw_nMVrFqCgc31_f948ce08@android]: Skipped due to cooking limit
[2026-03-23 18:14:01] 📋   [WARN]     压缩失败 [GNZooad-v6kw_nMVrFqCgc31_f948ce08@windows]: Skipped due to cooking limit
[2026-03-23 18:14:01] 📋   [WARN]     压缩失败 [Gz4pKcsdmaiQp2sz7lOOd75S_1d719158@ios]: Skipped due to cooking limit
[2026-03-23 18:14:01] 📋   [WARN]     压缩失败 [Gz4pKcsdmaiQp2sz7lOOd75S_1d719158@android]: Skipped due to cooking limit
[2026-03-23 18:14:01] 📋   [WARN]     压缩失败 [Gz4pKcsdmaiQp2sz7lOOd75S_1d719158@windows]: Skipped due to cooking limit
[2026-03-23 18:14:01] 📋   [WARN]     压缩失败 [DuJg4b6QBKu2Dcc2vAhoc_uI_d71c0cc6@ios]: Skipped due to cooking limit
[2026-03-23 18:14:01] 📋   [WARN]     压缩失败 [DuJg4b6QBKu2Dcc2vAhoc_uI_d71c0cc6@android]: Skipped due to cooking limit
[2026-03-23 18:14:01] 📋   [WARN]     压缩失败 [DuJg4b6QBKu2Dcc2vAhoc_uI_d71c0cc6@windows]: Skipped due to cooking limit
[2026-03-23 18:14:01] 📋   [WARN]     压缩失败 [CBV--UFkFNFrKV83WZh79Od0_0c5d2c24@ios]: Skipped due to cooking limit
[2026-03-23 18:14:01] 📋   [WARN]     压缩失败 [CBV--UFkFNFrKV83WZh79Od0_0c5d2c24@android]: Skipped due to cooking limit
[2026-03-23 18:14:01] 📋   [WARN]     压缩失败 [CBV--UFkFNFrKV83WZh79Od0_0c5d2c24@windows]: Skipped due to cooking limit
[2026-03-23 18:14:01] 📋   [WARN]     压缩失败 [HEUNEdOv6jcnoYsQU8qY7C9c_c98182e5@ios]: Skipped due to cooking limit
[2026-03-23 18:14:01] 📋   [WARN]     压缩失败 [HEUNEdOv6jcnoYsQU8qY7C9c_c98182e5@android]: Skipped due to cooking limit
[2026-03-23 18:14:01] 📋   [WARN]     压缩失败 [HEUNEdOv6jcnoYsQU8qY7C9c_c98182e5@windows]: Skipped due to cooking limit
[2026-03-23 18:14:01] 📋   [WARN]     压缩失败 [BnrpEc-dQErcYyTsCw5FpoBE_af70fbef@ios]: Skipped due to cooking limit
[2026-03-23 18:14:01] 📋   [WARN]     压缩失败 [BnrpEc-dQErcYyTsCw5FpoBE_af70fbef@android]: Skipped due to cooking limit
[2026-03-23 18:14:01] 📋   [WARN]     压缩失败 [BnrpEc-dQErcYyTsCw5FpoBE_af70fbef@windows]: Skipped due to cooking limit
[2026-03-23 18:14:01] 📋   [WARN]     压缩失败 [CouCWRCEd_2mmyN5o4ZWkvdU_c783010f@ios]: Skipped due to cooking limit
[2026-03-23 18:14:01] 📋   [WARN]     压缩失败 [CouCWRCEd_2mmyN5o4ZWkvdU_c783010f@android]: Skipped due to cooking limit
[2026-03-23 18:14:01] 📋   [WARN]     压缩失败 [CouCWRCEd_2mmyN5o4ZWkvdU_c783010f@windows]: Skipped due to cooking limit
[2026-03-23 18:14:01] 📋   [WARN]     压缩失败 [BIzk8adr_pN4Qv3NhRNcE9Ju_27cfdf1e@ios]: Skipped due to cooking limit
[2026-03-23 18:14:01] 📋   [WARN]     压缩失败 [BIzk8adr_pN4Qv3NhRNcE9Ju_27cfdf1e@android]: Skipped due to cooking limit
[2026-03-23 18:14:01] 📋   [WARN]     压缩失败 [BIzk8adr_pN4Qv3NhRNcE9Ju_27cfdf1e@windows]: Skipped due to cooking limit
[2026-03-23 18:14:01] 📋   [WARN]     压缩失败 [ADWo8Wo2SndcsuxJkhiuAycO_3f800269@ios]: Skipped due to cooking limit
[2026-03-23 18:14:01] 📋   [WARN]     压缩失败 [ADWo8Wo2SndcsuxJkhiuAycO_3f800269@android]: Skipped due to cooking limit
[2026-03-23 18:14:01] 📋   [WARN]     压缩失败 [ADWo8Wo2SndcsuxJkhiuAycO_3f800269@windows]: Skipped due to cooking limit
[2026-03-23 18:14:01] 📋   [WARN]     压缩失败 [FAxBkaNcBvpmnK2T-PheSutv_3b233c40@ios]: Skipped due to cooking limit
[2026-03-23 18:14:01] 📋   [WARN]     压缩失败 [FAxBkaNcBvpmnK2T-PheSutv_3b233c40@android]: Skipped due to cooking limit
[2026-03-23 18:14:01] 📋   [WARN]     压缩失败 [FAxBkaNcBvpmnK2T-PheSutv_3b233c40@windows]: Skipped due to cooking limit
[2026-03-23 18:14:01] 📋   [WARN]     压缩失败 [FDfUAVThrYfuUf6IyheX48H8_5a8e23f8@ios]: Skipped due to cooking limit
[2026-03-23 18:14:01] 📋   [WARN]     压缩失败 [FDfUAVThrYfuUf6IyheX48H8_5a8e23f8@android]: Skipped due to cooking limit
[2026-03-23 18:14:01] 📋   [WARN]     压缩失败 [FDfUAVThrYfuUf6IyheX48H8_5a8e23f8@windows]: Skipped due to cooking limit
[2026-03-23 18:14:01] 📋   [WARN]     压缩失败 [DDVQ8fmYgh7BeFe3AqE0poIZ_374b8935@ios]: Skipped due to cooking limit
[2026-03-23 18:14:01] 📋   [WARN]     压缩失败 [DDVQ8fmYgh7BeFe3AqE0poIZ_374b8935@android]: Skipped due to cooking limit
[2026-03-23 18:14:01] 📋   [WARN]     压缩失败 [DDVQ8fmYgh7BeFe3AqE0poIZ_374b8935@windows]: Skipped due to cooking limit
[2026-03-23 18:14:01] 📋   [WARN]     压缩失败 [BQyi2arKoS1JRP_S1sp_BbFt_d868356d@ios]: Skipped due to cooking limit
[2026-03-23 18:14:01] 📋   [WARN]     压缩失败 [BQyi2arKoS1JRP_S1sp_BbFt_d868356d@android]: Skipped due to cooking limit
[2026-03-23 18:14:01] 📋   [WARN]     压缩失败 [BQyi2arKoS1JRP_S1sp_BbFt_d868356d@windows]: Skipped due to cooking limit
[2026-03-23 18:14:01] 📋   [WARN]     压缩失败 [HuLoQag4Xw7bD7RdoKtYA8JM_9a7c2ab6@ios]: Skipped due to cooking limit
[2026-03-23 18:14:01] 📋   [WARN]     压缩失败 [HuLoQag4Xw7bD7RdoKtYA8JM_9a7c2ab6@android]: Skipped due to cooking limit
[2026-03-23 18:14:01] 📋   [WARN]     压缩失败 [HuLoQag4Xw7bD7RdoKtYA8JM_9a7c2ab6@windows]: Skipped due to cooking limit
[2026-03-23 18:14:01] 📋   [WARN]     压缩失败 [ELqJqe29QvNL_BuEn-mNl0A2_75c5c481@ios]: Skipped due to cooking limit
[2026-03-23 18:14:01] 📋   [WARN]     压缩失败 [ELqJqe29QvNL_BuEn-mNl0A2_75c5c481@android]: Skipped due to cooking limit
[2026-03-23 18:14:01] 📋   [WARN]     压缩失败 [ELqJqe29QvNL_BuEn-mNl0A2_75c5c481@windows]: Skipped due to cooking limit
[2026-03-23 18:14:01] 📋   [WARN]     压缩失败 [GM61OTUKrhN0sdetdAiEkVmK_f76aef96@ios]: Skipped due to cooking limit
[2026-03-23 18:14:01] 📋   [WARN]     压缩失败 [GM61OTUKrhN0sdetdAiEkVmK_f76aef96@android]: Skipped due to cooking limit
[2026-03-23 18:14:01] 📋   [WARN]     压缩失败 [GM61OTUKrhN0sdetdAiEkVmK_f76aef96@windows]: Skipped due to cooking limit
[2026-03-23 18:14:01] 📋   [WARN]     压缩失败 [AxQ9sSrfxpj-D81C7MeIzZqB_477995a5@ios]: Skipped due to cooking limit
[2026-03-23 18:14:01] 📋   [WARN]     压缩失败 [AxQ9sSrfxpj-D81C7MeIzZqB_477995a5@android]: Skipped due to cooking limit
[2026-03-23 18:14:01] 📋   [WARN]     压缩失败 [AxQ9sSrfxpj-D81C7MeIzZqB_477995a5@windows]: Skipped due to cooking limit
[2026-03-23 18:14:01] 📋   [WARN]     压缩失败 [FQamyfn30MQ3XSBBnh_zjWyS_8a2dc93d@ios]: Skipped due to cooking limit
[2026-03-23 18:14:01] 📋   [WARN]     压缩失败 [FQamyfn30MQ3XSBBnh_zjWyS_8a2dc93d@android]: Skipped due to cooking limit
[2026-03-23 18:14:01] 📋   [WARN]     压缩失败 [FQamyfn30MQ3XSBBnh_zjWyS_8a2dc93d@windows]: Skipped due to cooking limit
[2026-03-23 18:14:01] 📋   [WARN]     压缩失败 [HxtOOSimDI9V3gjWAyTdL0cC_bd9d2c2b@ios]: Skipped due to cooking limit
[2026-03-23 18:14:01] 📋   [WARN]     压缩失败 [HxtOOSimDI9V3gjWAyTdL0cC_bd9d2c2b@android]: Skipped due to cooking limit
[2026-03-23 18:14:01] 📋   [WARN]     压缩失败 [HxtOOSimDI9V3gjWAyTdL0cC_bd9d2c2b@windows]: Skipped due to cooking limit
[2026-03-23 18:14:01] 📋   [WARN]     压缩失败 [AHBVgcKtN-oen9S884qxDnEx_61948068@ios]: Skipped due to cooking limit
[2026-03-23 18:14:01] 📋   [WARN]     压缩失败 [AHBVgcKtN-oen9S884qxDnEx_61948068@android]: Skipped due to cooking limit
[2026-03-23 18:14:01] 📋   [WARN]     压缩失败 [AHBVgcKtN-oen9S884qxDnEx_61948068@windows]: Skipped due to cooking limit
[2026-03-23 18:14:01] 📋   [WARN]     压缩失败 [GcmNwbe5WGUZ5IWrY5Ceo5R0_ae2c50ed@ios]: Skipped due to cooking limit
[2026-03-23 18:14:01] 📋   [WARN]     压缩失败 [GcmNwbe5WGUZ5IWrY5Ceo5R0_ae2c50ed@android]: Skipped due to cooking limit
[2026-03-23 18:14:01] 📋   [WARN]     压缩失败 [GcmNwbe5WGUZ5IWrY5Ceo5R0_ae2c50ed@windows]: Skipped due to cooking limit
[2026-03-23 18:14:01] 📋   [WARN]     压缩失败 [C3jw8em8Aw3qE4uXI3Yz2oef_9a0c4fc2@ios]: Skipped due to cooking limit
[2026-03-23 18:14:01] 📋   [WARN]     压缩失败 [C3jw8em8Aw3qE4uXI3Yz2oef_9a0c4fc2@android]: Skipped due to cooking limit
[2026-03-23 18:14:01] 📋   [WARN]     压缩失败 [C3jw8em8Aw3qE4uXI3Yz2oef_9a0c4fc2@windows]: Skipped due to cooking limit
[2026-03-23 18:14:01] 📋   [WARN]     压缩失败 [DTJvqZvT723D3qN-70HPeREq_3e9f780f@ios]: Skipped due to cooking limit
[2026-03-23 18:14:01] 📋   [WARN]     压缩失败 [DTJvqZvT723D3qN-70HPeREq_3e9f780f@android]: Skipped due to cooking limit
[2026-03-23 18:14:01] 📋   [WARN]     压缩失败 [DTJvqZvT723D3qN-70HPeREq_3e9f780f@windows]: Skipped due to cooking limit
[2026-03-23 18:14:01] 📋   [WARN]     压缩失败 [H2igYWrHOaAh9d7oYGCI_Lvn_0f23125f@ios]: Skipped due to cooking limit
[2026-03-23 18:14:01] 📋   [WARN]     压缩失败 [H2igYWrHOaAh9d7oYGCI_Lvn_0f23125f@android]: Skipped due to cooking limit
[2026-03-23 18:14:01] 📋   [WARN]     压缩失败 [H2igYWrHOaAh9d7oYGCI_Lvn_0f23125f@windows]: Skipped due to cooking limit
[2026-03-23 18:14:01] 📋   [WARN]     压缩失败 [C2R8WQ4u6GiKJf7tONOEX2yV_7f03d5e2@ios]: Skipped due to cooking limit
[2026-03-23 18:14:01] 📋   [WARN]     压缩失败 [C2R8WQ4u6GiKJf7tONOEX2yV_7f03d5e2@android]: Skipped due to cooking limit
[2026-03-23 18:14:01] 📋   [WARN]     压缩失败 [C2R8WQ4u6GiKJf7tONOEX2yV_7f03d5e2@windows]: Skipped due to cooking limit
[2026-03-23 18:14:01] 📋   [WARN]     压缩失败 [E7gkqSHuWpixJ-4uU-iVPuaP_fb8b48e1@ios]: Skipped due to cooking limit
[2026-03-23 18:14:01] 📋   [WARN]     压缩失败 [E7gkqSHuWpixJ-4uU-iVPuaP_fb8b48e1@android]: Skipped due to cooking limit
[2026-03-23 18:14:01] 📋   [WARN]     压缩失败 [E7gkqSHuWpixJ-4uU-iVPuaP_fb8b48e1@windows]: Skipped due to cooking limit
[2026-03-23 18:14:01] 📋   [WARN]     压缩失败 [CHGB0dj4Up2Dij7Tj24vxGyZ_1ff4bc86@ios]: Skipped due to cooking limit
[2026-03-23 18:14:01] 📋   [WARN]     压缩失败 [CHGB0dj4Up2Dij7Tj24vxGyZ_1ff4bc86@android]: Skipped due to cooking limit
[2026-03-23 18:14:01] 📋   [WARN]     压缩失败 [CHGB0dj4Up2Dij7Tj24vxGyZ_1ff4bc86@windows]: Skipped due to cooking limit
[2026-03-23 18:14:01] 📋   [WARN]     压缩失败 [DbNR0RPu_Qm5ZOafnRTBNlAD_8e6f6e64@ios]: Skipped due to cooking limit
[2026-03-23 18:14:01] 📋   [WARN]     压缩失败 [DbNR0RPu_Qm5ZOafnRTBNlAD_8e6f6e64@android]: Skipped due to cooking limit
[2026-03-23 18:14:01] 📋   [WARN]     压缩失败 [DbNR0RPu_Qm5ZOafnRTBNlAD_8e6f6e64@windows]: Skipped due to cooking limit
[2026-03-23 18:14:01] 📋   [WARN]     压缩失败 [FACEmdMO3AJGKvgukxAYPjT0_90826d9e@ios]: Skipped due to cooking limit
[2026-03-23 18:14:01] 📋   [WARN]     压缩失败 [FACEmdMO3AJGKvgukxAYPjT0_90826d9e@android]: Skipped due to cooking limit
[2026-03-23 18:14:01] 📋   [WARN]     压缩失败 [FACEmdMO3AJGKvgukxAYPjT0_90826d9e@windows]: Skipped due to cooking limit
[2026-03-23 18:14:01] 📋   [WARN]     压缩失败 [CrtwoeMx_EN4Umt5UJetwaEG_6558a5c5@ios]: Skipped due to cooking limit
[2026-03-23 18:14:01] 📋   [WARN]     压缩失败 [CrtwoeMx_EN4Umt5UJetwaEG_6558a5c5@android]: Skipped due to cooking limit
[2026-03-23 18:14:02] 📋   [WARN]     压缩失败 [CrtwoeMx_EN4Umt5UJetwaEG_6558a5c5@windows]: Skipped due to cooking limit
[2026-03-23 18:14:02] 📋   [WARN]     压缩失败 [B9RVISbDt7O2N9tYDcYiBwel_3f922593@ios]: Skipped due to cooking limit
[2026-03-23 18:14:02] 📋   [WARN]     压缩失败 [B9RVISbDt7O2N9tYDcYiBwel_3f922593@android]: Skipped due to cooking limit
[2026-03-23 18:14:02] 📋   [WARN]     压缩失败 [B9RVISbDt7O2N9tYDcYiBwel_3f922593@windows]: Skipped due to cooking limit
[2026-03-23 18:14:02] 📋   [WARN]     压缩失败 [FjBFQSQ6_r8F-O-isWtjjSxv_b854dc12@ios]: Skipped due to cooking limit
[2026-03-23 18:14:02] 📋   [WARN]     压缩失败 [FjBFQSQ6_r8F-O-isWtjjSxv_b854dc12@android]: Skipped due to cooking limit
[2026-03-23 18:14:02] 📋   [WARN]     压缩失败 [FjBFQSQ6_r8F-O-isWtjjSxv_b854dc12@windows]: Skipped due to cooking limit
[2026-03-23 18:14:02] 📋   [WARN]     压缩失败 [FErMiZV69TZu-HxIuPCJf0uL_21b661fa@ios]: Skipped due to cooking limit
[2026-03-23 18:14:02] 📋   [WARN]     压缩失败 [FErMiZV69TZu-HxIuPCJf0uL_21b661fa@android]: Skipped due to cooking limit
[2026-03-23 18:14:02] 📋   [WARN]     压缩失败 [FErMiZV69TZu-HxIuPCJf0uL_21b661fa@windows]: Skipped due to cooking limit
[2026-03-23 18:14:02] 📋   [WARN]     压缩失败 [CZhhKeQoO0g-yRQXOJnpnYoo_acdf53c0@ios]: Skipped due to cooking limit
[2026-03-23 18:14:02] 📋   [WARN]     压缩失败 [CZhhKeQoO0g-yRQXOJnpnYoo_acdf53c0@android]: Skipped due to cooking limit
[2026-03-23 18:14:02] 📋   [WARN]     压缩失败 [CZhhKeQoO0g-yRQXOJnpnYoo_acdf53c0@windows]: Skipped due to cooking limit
[2026-03-23 18:14:02] 📋   [WARN]     压缩失败 [EAIsGSbAX50KGNgJ86aO7HkS_3cbf3578@ios]: Skipped due to cooking limit
[2026-03-23 18:14:02] 📋   [WARN]     压缩失败 [EAIsGSbAX50KGNgJ86aO7HkS_3cbf3578@android]: Skipped due to cooking limit
[2026-03-23 18:14:02] 📋   [WARN]     压缩失败 [EAIsGSbAX50KGNgJ86aO7HkS_3cbf3578@windows]: Skipped due to cooking limit
[2026-03-23 18:14:02] 📋   [WARN]     压缩失败 [D8RZeTGkxOf99u_fSDVj6eZa_4256824a@ios]: Skipped due to cooking limit
[2026-03-23 18:14:02] 📋   [WARN]     压缩失败 [D8RZeTGkxOf99u_fSDVj6eZa_4256824a@android]: Skipped due to cooking limit
[2026-03-23 18:14:02] 📋   [WARN]     压缩失败 [D8RZeTGkxOf99u_fSDVj6eZa_4256824a@windows]: Skipped due to cooking limit
[2026-03-23 18:14:02] 📋   [WARN]     压缩失败 [F9cgiXv4WXR_TyvKGi3AtAlI_6804509a@ios]: Skipped due to cooking limit
[2026-03-23 18:14:02] 📋   [WARN]     压缩失败 [F9cgiXv4WXR_TyvKGi3AtAlI_6804509a@android]: Skipped due to cooking limit
[2026-03-23 18:14:02] 📋   [WARN]     压缩失败 [F9cgiXv4WXR_TyvKGi3AtAlI_6804509a@windows]: Skipped due to cooking limit
[2026-03-23 18:14:02] 📋   [WARN]     压缩失败 [Dc4raVS7xKa1bsKTsLAJHjwf_2d8eb088@ios]: Skipped due to cooking limit
[2026-03-23 18:14:02] 📋   [WARN]     压缩失败 [Dc4raVS7xKa1bsKTsLAJHjwf_2d8eb088@android]: Skipped due to cooking limit
[2026-03-23 18:14:02] 📋   [WARN]     压缩失败 [Dc4raVS7xKa1bsKTsLAJHjwf_2d8eb088@windows]: Skipped due to cooking limit
[2026-03-23 18:14:02] 📋   [WARN]     压缩失败 [AYDy0QMX-6RY1T82M2nMDUlf_49d45638@ios]: Skipped due to cooking limit
[2026-03-23 18:14:02] 📋   [WARN]     压缩失败 [AYDy0QMX-6RY1T82M2nMDUlf_49d45638@android]: Skipped due to cooking limit
[2026-03-23 18:14:02] 📋   [WARN]     压缩失败 [AYDy0QMX-6RY1T82M2nMDUlf_49d45638@windows]: Skipped due to cooking limit
[2026-03-23 18:14:02] 📋   [WARN]     压缩失败 [BOdg0ahq6lmb8wYw1ziUhBTY_cc985b80@ios]: Skipped due to cooking limit
[2026-03-23 18:14:02] 📋   [WARN]     压缩失败 [BOdg0ahq6lmb8wYw1ziUhBTY_cc985b80@android]: Skipped due to cooking limit
[2026-03-23 18:14:02] 📋   [WARN]     压缩失败 [BOdg0ahq6lmb8wYw1ziUhBTY_cc985b80@windows]: Skipped due to cooking limit
[2026-03-23 18:14:02] 📋   [WARN]     压缩失败 [Gix7wf9LTsCbvl8ax1Wp2w78_373af83d@ios]: Skipped due to cooking limit
[2026-03-23 18:14:02] 📋   [WARN]     压缩失败 [Gix7wf9LTsCbvl8ax1Wp2w78_373af83d@android]: Skipped due to cooking limit
[2026-03-23 18:14:02] 📋   [WARN]     压缩失败 [Gix7wf9LTsCbvl8ax1Wp2w78_373af83d@windows]: Skipped due to cooking limit
[2026-03-23 18:14:02] 📋   [WARN]     压缩失败 [BRVisQQjk8sVowIZXr_Wq9st_708ecda1@ios]: Skipped due to cooking limit
[2026-03-23 18:14:02] 📋   [WARN]     压缩失败 [BRVisQQjk8sVowIZXr_Wq9st_708ecda1@android]: Skipped due to cooking limit
[2026-03-23 18:14:02] 📋   [WARN]     压缩失败 [BRVisQQjk8sVowIZXr_Wq9st_708ecda1@windows]: Skipped due to cooking limit
[2026-03-23 18:14:02] 📋   [WARN]     压缩失败 [DWHxWbpxPDmCxuUcbT7ayVtO_dac0e765@ios]: Skipped due to cooking limit
[2026-03-23 18:14:02] 📋   [WARN]     压缩失败 [DWHxWbpxPDmCxuUcbT7ayVtO_dac0e765@android]: Skipped due to cooking limit
[2026-03-23 18:14:02] 📋   [WARN]     压缩失败 [DWHxWbpxPDmCxuUcbT7ayVtO_dac0e765@windows]: Skipped due to cooking limit
[2026-03-23 18:14:02] 📋   [WARN]     压缩失败 [DinfwSO3TRVZw7EbP9L9z6iX_3cc9be71@ios]: Skipped due to cooking limit
[2026-03-23 18:14:02] 📋   [WARN]     压缩失败 [DinfwSO3TRVZw7EbP9L9z6iX_3cc9be71@android]: Skipped due to cooking limit
[2026-03-23 18:14:02] 📋   [WARN]     压缩失败 [DinfwSO3TRVZw7EbP9L9z6iX_3cc9be71@windows]: Skipped due to cooking limit
[2026-03-23 18:14:02] 📋   [WARN]     压缩失败 [H-46UW-aj_7ves3Uqw8O6543_8ddf30d0@ios]: Skipped due to cooking limit
[2026-03-23 18:14:02] 📋   [WARN]     压缩失败 [H-46UW-aj_7ves3Uqw8O6543_8ddf30d0@android]: Skipped due to cooking limit
[2026-03-23 18:14:02] 📋   [WARN]     压缩失败 [H-46UW-aj_7ves3Uqw8O6543_8ddf30d0@windows]: Skipped due to cooking limit
[2026-03-23 18:14:02] 📋   [WARN]     压缩失败 [BBLAuTXnCLVIyQd2mOq9tzby_780410e8@ios]: Skipped due to cooking limit
[2026-03-23 18:14:02] 📋   [WARN]     压缩失败 [BBLAuTXnCLVIyQd2mOq9tzby_780410e8@android]: Skipped due to cooking limit
[2026-03-23 18:14:02] 📋   [WARN]     压缩失败 [BBLAuTXnCLVIyQd2mOq9tzby_780410e8@windows]: Skipped due to cooking limit
[2026-03-23 18:14:02] 📋   [WARN]     压缩失败 [CuXLaRRl0BVOfLU-CAfglmqO_2cde0c0f@ios]: Skipped due to cooking limit
[2026-03-23 18:14:02] 📋   [WARN]     压缩失败 [CuXLaRRl0BVOfLU-CAfglmqO_2cde0c0f@android]: Skipped due to cooking limit
[2026-03-23 18:14:02] 📋   [WARN]     压缩失败 [CuXLaRRl0BVOfLU-CAfglmqO_2cde0c0f@windows]: Skipped due to cooking limit
[2026-03-23 18:14:02] 📋   [WARN]     压缩失败 [HvAxGSl27tl9SxY_GNCOfKKx_4e47edf9@ios]: Skipped due to cooking limit
[2026-03-23 18:14:02] 📋   [WARN]     压缩失败 [HvAxGSl27tl9SxY_GNCOfKKx_4e47edf9@android]: Skipped due to cooking limit
[2026-03-23 18:14:02] 📋   [WARN]     压缩失败 [HvAxGSl27tl9SxY_GNCOfKKx_4e47edf9@windows]: Skipped due to cooking limit
[2026-03-23 18:14:02] 📋   [WARN]     压缩失败 [BAsO-YyiLXwxxE1xezkgl2Z2_f3894e2e@ios]: Skipped due to cooking limit
[2026-03-23 18:14:02] 📋   [WARN]     压缩失败 [BAsO-YyiLXwxxE1xezkgl2Z2_f3894e2e@android]: Skipped due to cooking limit
[2026-03-23 18:14:02] 📋   [WARN]     压缩失败 [BAsO-YyiLXwxxE1xezkgl2Z2_f3894e2e@windows]: Skipped due to cooking limit
[2026-03-23 18:14:02] 📋   [WARN]     压缩失败 [AfnxSZ_RiU1CM1egQFwMH1cU_24880ad1@ios]: Skipped due to cooking limit
[2026-03-23 18:14:02] 📋   [WARN]     压缩失败 [AfnxSZ_RiU1CM1egQFwMH1cU_24880ad1@android]: Skipped due to cooking limit
[2026-03-23 18:14:02] 📋   [WARN]     压缩失败 [AfnxSZ_RiU1CM1egQFwMH1cU_24880ad1@windows]: Skipped due to cooking limit
[2026-03-23 18:14:02] 📋   [WARN]     压缩失败 [ClNuQRIu_RSB7s39aRDN7eCP_95257d89@ios]: Skipped due to cooking limit
[2026-03-23 18:14:02] 📋   [WARN]     压缩失败 [ClNuQRIu_RSB7s39aRDN7eCP_95257d89@android]: Skipped due to cooking limit
[2026-03-23 18:14:02] 📋   [WARN]     压缩失败 [ClNuQRIu_RSB7s39aRDN7eCP_95257d89@windows]: Skipped due to cooking limit
[2026-03-23 18:14:02] 📋   [WARN]     压缩失败 [AZVgSbZxFQR1Nimi4fRSf0bS_8594ecf5@ios]: Skipped due to cooking limit
[2026-03-23 18:14:02] 📋   [WARN]     压缩失败 [AZVgSbZxFQR1Nimi4fRSf0bS_8594ecf5@android]: Skipped due to cooking limit
[2026-03-23 18:14:02] 📋   [WARN]     压缩失败 [AZVgSbZxFQR1Nimi4fRSf0bS_8594ecf5@windows]: Skipped due to cooking limit
[2026-03-23 18:14:02] 📋   [WARN]     压缩失败 [F_VLaZ2n7JAbapjqXADwexcr_08d3be62@ios]: Skipped due to cooking limit
[2026-03-23 18:14:02] 📋   [WARN]     压缩失败 [F_VLaZ2n7JAbapjqXADwexcr_08d3be62@android]: Skipped due to cooking limit
[2026-03-23 18:14:02] 📋   [WARN]     压缩失败 [F_VLaZ2n7JAbapjqXADwexcr_08d3be62@windows]: Skipped due to cooking limit
[2026-03-23 18:14:02] 📋   [WARN]     压缩失败 [F2aMGfGAY7xEvsa63M0pL_Oh_eb4831d5@ios]: Skipped due to cooking limit
[2026-03-23 18:14:02] 📋   [WARN]     压缩失败 [F2aMGfGAY7xEvsa63M0pL_Oh_eb4831d5@android]: Skipped due to cooking limit
[2026-03-23 18:14:02] 📋   [WARN]     压缩失败 [F2aMGfGAY7xEvsa63M0pL_Oh_eb4831d5@windows]: Skipped due to cooking limit
[2026-03-23 18:14:02] 📋   [WARN]     压缩失败 [FT-AMSu66NWYxIpXgc3ab3dI_61175461@ios]: Skipped due to cooking limit
[2026-03-23 18:14:02] 📋   [WARN]     压缩失败 [FT-AMSu66NWYxIpXgc3ab3dI_61175461@android]: Skipped due to cooking limit
[2026-03-23 18:14:02] 📋   [WARN]     压缩失败 [FT-AMSu66NWYxIpXgc3ab3dI_61175461@windows]: Skipped due to cooking limit
[2026-03-23 18:14:02] 📋   [WARN]     压缩失败 [FDRTWc47BUQ1n69Qh1047gTA_6dc1ef86@ios]: Skipped due to cooking limit
[2026-03-23 18:14:02] 📋   [WARN]     压缩失败 [FDRTWc47BUQ1n69Qh1047gTA_6dc1ef86@android]: Skipped due to cooking limit
[2026-03-23 18:14:02] 📋   [WARN]     压缩失败 [FDRTWc47BUQ1n69Qh1047gTA_6dc1ef86@windows]: Skipped due to cooking limit
[2026-03-23 18:14:02] 📋   [WARN]     压缩失败 [Gg-mEWrBL1yctVIygb_5lu4a_7ff32bad@ios]: Skipped due to cooking limit
[2026-03-23 18:14:02] 📋   [WARN]     压缩失败 [Gg-mEWrBL1yctVIygb_5lu4a_7ff32bad@android]: Skipped due to cooking limit
[2026-03-23 18:14:02] 📋   [WARN]     压缩失败 [Gg-mEWrBL1yctVIygb_5lu4a_7ff32bad@windows]: Skipped due to cooking limit
[2026-03-23 18:14:02] 📋   [WARN]     压缩失败 [E7VB0Yf6PJ5zaEAT1whTDGLV_38701ddc@ios]: Skipped due to cooking limit
[2026-03-23 18:14:02] 📋   [WARN]     压缩失败 [E7VB0Yf6PJ5zaEAT1whTDGLV_38701ddc@android]: Skipped due to cooking limit
[2026-03-23 18:14:02] 📋   [WARN]     压缩失败 [E7VB0Yf6PJ5zaEAT1whTDGLV_38701ddc@windows]: Skipped due to cooking limit
[2026-03-23 18:14:02] 📋   [WARN]     压缩失败 [HURHCdyxDRDNXABBGayV5ehT_6fedbac9@ios]: Skipped due to cooking limit
[2026-03-23 18:14:02] 📋   [WARN]     压缩失败 [HURHCdyxDRDNXABBGayV5ehT_6fedbac9@android]: Skipped due to cooking limit
[2026-03-23 18:14:02] 📋   [WARN]     压缩失败 [HURHCdyxDRDNXABBGayV5ehT_6fedbac9@windows]: Skipped due to cooking limit
[2026-03-23 18:14:02] 📋   [WARN]     压缩失败 [CBEdGbqV9Mb2Dqo3fBn2PV9F_b713a106@ios]: Skipped due to cooking limit
[2026-03-23 18:14:02] 📋   [WARN]     压缩失败 [CBEdGbqV9Mb2Dqo3fBn2PV9F_b713a106@android]: Skipped due to cooking limit
[2026-03-23 18:14:02] 📋   [WARN]     压缩失败 [CBEdGbqV9Mb2Dqo3fBn2PV9F_b713a106@windows]: Skipped due to cooking limit
[2026-03-23 18:14:02] 📋   [WARN]     压缩失败 [Gg3AOfNrAZj5pdluy9LD4qqp_0d3db3fa@ios]: Skipped due to cooking limit
[2026-03-23 18:14:02] 📋   [WARN]     压缩失败 [Gg3AOfNrAZj5pdluy9LD4qqp_0d3db3fa@android]: Skipped due to cooking limit
[2026-03-23 18:14:02] 📋   [WARN]     压缩失败 [Gg3AOfNrAZj5pdluy9LD4qqp_0d3db3fa@windows]: Skipped due to cooking limit
[2026-03-23 18:14:02] 📋   [WARN]     压缩失败 [Fkj52aEvbcN5Sbnn18IDDgi6_49982bb6@ios]: Skipped due to cooking limit
[2026-03-23 18:14:02] 📋   [WARN]     压缩失败 [Fkj52aEvbcN5Sbnn18IDDgi6_49982bb6@android]: Skipped due to cooking limit
[2026-03-23 18:14:02] 📋   [WARN]     压缩失败 [Fkj52aEvbcN5Sbnn18IDDgi6_49982bb6@windows]: Skipped due to cooking limit
[2026-03-23 18:14:02] 📋   [WARN]     压缩失败 [BBKiUcJnjV26pr_Fq5HHUZvf_78cdac2a@ios]: Skipped due to cooking limit
[2026-03-23 18:14:02] 📋   [WARN]     压缩失败 [BBKiUcJnjV26pr_Fq5HHUZvf_78cdac2a@android]: Skipped due to cooking limit
[2026-03-23 18:14:02] 📋   [WARN]     压缩失败 [BBKiUcJnjV26pr_Fq5HHUZvf_78cdac2a@windows]: Skipped due to cooking limit
[2026-03-23 18:14:02] 📋   [WARN]     压缩失败 [Fs7loQ6Uh0dHIoeRagIXjFzb_264cc994@ios]: Skipped due to cooking limit
[2026-03-23 18:14:02] 📋   [WARN]     压缩失败 [Fs7loQ6Uh0dHIoeRagIXjFzb_264cc994@android]: Skipped due to cooking limit
[2026-03-23 18:14:02] 📋   [WARN]     压缩失败 [Fs7loQ6Uh0dHIoeRagIXjFzb_264cc994@windows]: Skipped due to cooking limit
[2026-03-23 18:14:02] 📋   [WARN]     压缩失败 [GVrS4egpOPDU_U-YwdrxsJhW_6c171df3@ios]: Skipped due to cooking limit
[2026-03-23 18:14:02] 📋   [WARN]     压缩失败 [GVrS4egpOPDU_U-YwdrxsJhW_6c171df3@android]: Skipped due to cooking limit
[2026-03-23 18:14:02] 📋   [WARN]     压缩失败 [GVrS4egpOPDU_U-YwdrxsJhW_6c171df3@windows]: Skipped due to cooking limit
[2026-03-23 18:14:02] 📋   [WARN]     压缩失败 [H3cYQY5hM8siYsj9bJK8ua9v_9abbc75f@ios]: Skipped due to cooking limit
[2026-03-23 18:14:02] 📋   [WARN]     压缩失败 [H3cYQY5hM8siYsj9bJK8ua9v_9abbc75f@android]: Skipped due to cooking limit
[2026-03-23 18:14:02] 📋   [WARN]     压缩失败 [H3cYQY5hM8siYsj9bJK8ua9v_9abbc75f@windows]: Skipped due to cooking limit
[2026-03-23 18:14:02] 📋   [WARN]     压缩失败 [BV_H0etY1EUklenlf8GFtqox_765d854c@ios]: Skipped due to cooking limit
[2026-03-23 18:14:02] 📋   [WARN]     压缩失败 [BV_H0etY1EUklenlf8GFtqox_765d854c@android]: Skipped due to cooking limit
[2026-03-23 18:14:02] 📋   [WARN]     压缩失败 [BV_H0etY1EUklenlf8GFtqox_765d854c@windows]: Skipped due to cooking limit
[2026-03-23 18:14:02] 📋   [WARN]     压缩失败 [DACUMT5wUH4S65KxZe6pcl9S_ab159dca@ios]: Skipped due to cooking limit
[2026-03-23 18:14:02] 📋   [WARN]     压缩失败 [DACUMT5wUH4S65KxZe6pcl9S_ab159dca@android]: Skipped due to cooking limit
[2026-03-23 18:14:02] 📋   [WARN]     压缩失败 [DACUMT5wUH4S65KxZe6pcl9S_ab159dca@windows]: Skipped due to cooking limit
[2026-03-23 18:14:02] 📋   [WARN]     压缩失败 [BjbXKVqAeNoRhk--lcn-26Fp_3b3ef9b8@ios]: Skipped due to cooking limit
[2026-03-23 18:14:02] 📋   [WARN]     压缩失败 [BjbXKVqAeNoRhk--lcn-26Fp_3b3ef9b8@android]: Skipped due to cooking limit
[2026-03-23 18:14:02] 📋   [WARN]     压缩失败 [BjbXKVqAeNoRhk--lcn-26Fp_3b3ef9b8@windows]: Skipped due to cooking limit
[2026-03-23 18:14:02] 📋   [WARN]     压缩失败 [Cj7QyVWGhSek9UhuHWPzXO9E_e949d541@ios]: Skipped due to cooking limit
[2026-03-23 18:14:02] 📋   [WARN]     压缩失败 [Cj7QyVWGhSek9UhuHWPzXO9E_e949d541@android]: Skipped due to cooking limit
[2026-03-23 18:14:02] 📋   [WARN]     压缩失败 [Cj7QyVWGhSek9UhuHWPzXO9E_e949d541@windows]: Skipped due to cooking limit
[2026-03-23 18:14:02] 📋   [WARN]     压缩失败 [GWtaoRn18s4r5uNByLnLbAmQ_6922608f@ios]: Skipped due to cooking limit
[2026-03-23 18:14:02] 📋   [WARN]     压缩失败 [GWtaoRn18s4r5uNByLnLbAmQ_6922608f@android]: Skipped due to cooking limit
[2026-03-23 18:14:02] 📋   [WARN]     压缩失败 [GWtaoRn18s4r5uNByLnLbAmQ_6922608f@windows]: Skipped due to cooking limit
[2026-03-23 18:14:02] 📋   [WARN]     压缩失败 [AyAPWWw08UtXKE439wZ8AYt0_76f44922@ios]: Skipped due to cooking limit
[2026-03-23 18:14:02] 📋   [WARN]     压缩失败 [AyAPWWw08UtXKE439wZ8AYt0_76f44922@android]: Skipped due to cooking limit
[2026-03-23 18:14:02] 📋   [WARN]     压缩失败 [AyAPWWw08UtXKE439wZ8AYt0_76f44922@windows]: Skipped due to cooking limit
[2026-03-23 18:14:02] 📋   [WARN]     压缩失败 [FiHbQQDrF8Nfjs6g-Ns8Cpw0_70a78770@ios]: Skipped due to cooking limit
[2026-03-23 18:14:02] 📋   [WARN]     压缩失败 [FiHbQQDrF8Nfjs6g-Ns8Cpw0_70a78770@android]: Skipped due to cooking limit
[2026-03-23 18:14:02] 📋   [WARN]     压缩失败 [FiHbQQDrF8Nfjs6g-Ns8Cpw0_70a78770@windows]: Skipped due to cooking limit
[2026-03-23 18:14:02] 📋   [WARN]     压缩失败 [Ayx2AXBsChIPoPAvPTaWDku7_39449b94@ios]: Skipped due to cooking limit
[2026-03-23 18:14:02] 📋   [WARN]     压缩失败 [Ayx2AXBsChIPoPAvPTaWDku7_39449b94@android]: Skipped due to cooking limit
[2026-03-23 18:14:02] 📋   [WARN]     压缩失败 [Ayx2AXBsChIPoPAvPTaWDku7_39449b94@windows]: Skipped due to cooking limit
[2026-03-23 18:14:02] 📋   [WARN]     压缩失败 [A5llSVZeEs1FxIiFZz0F7TZa_5a8af75f@ios]: Skipped due to cooking limit
[2026-03-23 18:14:02] 📋   [WARN]     压缩失败 [A5llSVZeEs1FxIiFZz0F7TZa_5a8af75f@android]: Skipped due to cooking limit
[2026-03-23 18:14:02] 📋   [WARN]     压缩失败 [A5llSVZeEs1FxIiFZz0F7TZa_5a8af75f@windows]: Skipped due to cooking limit
[2026-03-23 18:14:02] 📋   [WARN]     压缩失败 [Bng4UcBoIScA0bXBxUQxsoP3_ec898ff1@ios]: Skipped due to cooking limit
[2026-03-23 18:14:02] 📋   [WARN]     压缩失败 [Bng4UcBoIScA0bXBxUQxsoP3_ec898ff1@android]: Skipped due to cooking limit
[2026-03-23 18:14:02] 📋   [WARN]     压缩失败 [Bng4UcBoIScA0bXBxUQxsoP3_ec898ff1@windows]: Skipped due to cooking limit
[2026-03-23 18:14:02] 📋   [WARN]     压缩失败 [FZCmAaV_DC9sy573Dj54QIw4_94ae4ef9@ios]: Skipped due to cooking limit
[2026-03-23 18:14:02] 📋   [WARN]     压缩失败 [FZCmAaV_DC9sy573Dj54QIw4_94ae4ef9@android]: Skipped due to cooking limit
[2026-03-23 18:14:02] 📋   [WARN]     压缩失败 [FZCmAaV_DC9sy573Dj54QIw4_94ae4ef9@windows]: Skipped due to cooking limit
[2026-03-23 18:14:02] 📋   [WARN]     压缩失败 [Bt9hWYeqkmC_9ImiS1Ded0Z-_61a4875c@ios]: Skipped due to cooking limit
[2026-03-23 18:14:02] 📋   [WARN]     压缩失败 [Bt9hWYeqkmC_9ImiS1Ded0Z-_61a4875c@android]: Skipped due to cooking limit
[2026-03-23 18:14:02] 📋   [WARN]     压缩失败 [Bt9hWYeqkmC_9ImiS1Ded0Z-_61a4875c@windows]: Skipped due to cooking limit
[2026-03-23 18:14:02] 📋   [WARN]     压缩失败 [HY2KmSp0QB9Z8Jc5LiMUK_xV_fc174678@ios]: Skipped due to cooking limit
[2026-03-23 18:14:02] 📋   [WARN]     压缩失败 [HY2KmSp0QB9Z8Jc5LiMUK_xV_fc174678@android]: Skipped due to cooking limit
[2026-03-23 18:14:02] 📋   [WARN]     压缩失败 [HY2KmSp0QB9Z8Jc5LiMUK_xV_fc174678@windows]: Skipped due to cooking limit
[2026-03-23 18:14:02] 📋   [WARN]     压缩失败 [ExdnMUuh53-Q3HxR-g0FRtcA_5bf8c4ec@ios]: Skipped due to cooking limit
[2026-03-23 18:14:02] 📋   [WARN]     压缩失败 [ExdnMUuh53-Q3HxR-g0FRtcA_5bf8c4ec@android]: Skipped due to cooking limit
[2026-03-23 18:14:02] 📋   [WARN]     压缩失败 [ExdnMUuh53-Q3HxR-g0FRtcA_5bf8c4ec@windows]: Skipped due to cooking limit
[2026-03-23 18:14:02] 📋   [WARN]     压缩失败 [B4iXubuO2s6EG_SSXkxG_cTR_96026494@ios]: Skipped due to cooking limit
[2026-03-23 18:14:02] 📋   [WARN]     压缩失败 [B4iXubuO2s6EG_SSXkxG_cTR_96026494@android]: Skipped due to cooking limit
[2026-03-23 18:14:02] 📋   [WARN]     压缩失败 [B4iXubuO2s6EG_SSXkxG_cTR_96026494@windows]: Skipped due to cooking limit
[2026-03-23 18:14:02] 📋   [WARN]     压缩失败 [HZfdWfXvwTwAKEdjmBj2Yn0O_8d22542d@ios]: Skipped due to cooking limit
[2026-03-23 18:14:02] 📋   [WARN]     压缩失败 [HZfdWfXvwTwAKEdjmBj2Yn0O_8d22542d@android]: Skipped due to cooking limit
[2026-03-23 18:14:02] 📋   [WARN]     压缩失败 [HZfdWfXvwTwAKEdjmBj2Yn0O_8d22542d@windows]: Skipped due to cooking limit
[2026-03-23 18:14:02] 📋   [WARN]     压缩失败 [DFXwAS0HMnrZkR_UjioWK8XH_b6f39b7c@ios]: Skipped due to cooking limit
[2026-03-23 18:14:02] 📋   [WARN]     压缩失败 [DFXwAS0HMnrZkR_UjioWK8XH_b6f39b7c@android]: Skipped due to cooking limit
[2026-03-23 18:14:02] 📋   [WARN]     压缩失败 [DFXwAS0HMnrZkR_UjioWK8XH_b6f39b7c@windows]: Skipped due to cooking limit
[2026-03-23 18:14:02] 📋   [WARN]     压缩失败 [HVmhYUmd0CDhazfgpbg6KHye_272aed1a@ios]: Skipped due to cooking limit
[2026-03-23 18:14:02] 📋   [WARN]     压缩失败 [HVmhYUmd0CDhazfgpbg6KHye_272aed1a@android]: Skipped due to cooking limit
[2026-03-23 18:14:02] 📋   [WARN]     压缩失败 [HVmhYUmd0CDhazfgpbg6KHye_272aed1a@windows]: Skipped due to cooking limit
[2026-03-23 18:14:02] 📋   [WARN]     压缩失败 [FoJRKd-pOvqj7Y9blleYy--K_9ac14c72@ios]: Skipped due to cooking limit
[2026-03-23 18:14:02] 📋   [WARN]     压缩失败 [FoJRKd-pOvqj7Y9blleYy--K_9ac14c72@android]: Skipped due to cooking limit
[2026-03-23 18:14:02] 📋   [WARN]     压缩失败 [FoJRKd-pOvqj7Y9blleYy--K_9ac14c72@windows]: Skipped due to cooking limit
[2026-03-23 18:14:02] 📋   [WARN]     压缩失败 [F7IkUSwk7k1i-dWhEmSsaeVn_0e7f96c1@ios]: Skipped due to cooking limit
[2026-03-23 18:14:02] 📋   [WARN]     压缩失败 [F7IkUSwk7k1i-dWhEmSsaeVn_0e7f96c1@android]: Skipped due to cooking limit
[2026-03-23 18:14:02] 📋   [WARN]     压缩失败 [F7IkUSwk7k1i-dWhEmSsaeVn_0e7f96c1@windows]: Skipped due to cooking limit
[2026-03-23 18:14:02] 📋   [WARN]     压缩失败 [GyxgyQpv-0p4bKunMpZJVMDy_afe80bcc@ios]: Skipped due to cooking limit
[2026-03-23 18:14:02] 📋   [WARN]     压缩失败 [GyxgyQpv-0p4bKunMpZJVMDy_afe80bcc@android]: Skipped due to cooking limit
[2026-03-23 18:14:02] 📋   [WARN]     压缩失败 [GyxgyQpv-0p4bKunMpZJVMDy_afe80bcc@windows]: Skipped due to cooking limit
[2026-03-23 18:14:02] 📋   [WARN]     压缩失败 [Gy_DoXYKPKeh-6X_FQubAd2z_8003c985@ios]: Skipped due to cooking limit
[2026-03-23 18:14:02] 📋   [WARN]     压缩失败 [Gy_DoXYKPKeh-6X_FQubAd2z_8003c985@android]: Skipped due to cooking limit
[2026-03-23 18:14:02] 📋   [WARN]     压缩失败 [Gy_DoXYKPKeh-6X_FQubAd2z_8003c985@windows]: Skipped due to cooking limit
[2026-03-23 18:14:02] 📋   [WARN]     压缩失败 [GVuYMa8ZhcWFd9DxbZq4yolG_8aed4a46@ios]: Skipped due to cooking limit
[2026-03-23 18:14:02] 📋   [WARN]     压缩失败 [GVuYMa8ZhcWFd9DxbZq4yolG_8aed4a46@android]: Skipped due to cooking limit
[2026-03-23 18:14:02] 📋   [WARN]     压缩失败 [GVuYMa8ZhcWFd9DxbZq4yolG_8aed4a46@windows]: Skipped due to cooking limit
[2026-03-23 18:14:02] 📋   [WARN]     压缩失败 [Dy9viXYphbinwYSXiT6lXNY0_80f44a5a@ios]: Skipped due to cooking limit
[2026-03-23 18:14:02] 📋   [WARN]     压缩失败 [Dy9viXYphbinwYSXiT6lXNY0_80f44a5a@android]: Skipped due to cooking limit
[2026-03-23 18:14:02] 📋   [WARN]     压缩失败 [Dy9viXYphbinwYSXiT6lXNY0_80f44a5a@windows]: Skipped due to cooking limit
[2026-03-23 18:14:02] 📋   [WARN]     压缩失败 [HuMhwWixg2UNQagcol6zZ3tR_aee1b001@ios]: Skipped due to cooking limit
[2026-03-23 18:14:02] 📋   [WARN]     压缩失败 [HuMhwWixg2UNQagcol6zZ3tR_aee1b001@android]: Skipped due to cooking limit
[2026-03-23 18:14:02] 📋   [WARN]     压缩失败 [HuMhwWixg2UNQagcol6zZ3tR_aee1b001@windows]: Skipped due to cooking limit
[2026-03-23 18:14:02] 📋   [WARN]     压缩失败 [GEr1-aPESyFUZqIDJSMtAL7B_8975c3e2@ios]: Skipped due to cooking limit
[2026-03-23 18:14:02] 📋   [WARN]     压缩失败 [GEr1-aPESyFUZqIDJSMtAL7B_8975c3e2@android]: Skipped due to cooking limit
[2026-03-23 18:14:02] 📋   [WARN]     压缩失败 [GEr1-aPESyFUZqIDJSMtAL7B_8975c3e2@windows]: Skipped due to cooking limit
[2026-03-23 18:14:03] 📋   [WARN]     压缩失败 [CT7EiRFvrggaLsS9MD3oSL1c_46c52cb9@ios]: Skipped due to cooking limit
[2026-03-23 18:14:03] 📋   [WARN]     压缩失败 [CT7EiRFvrggaLsS9MD3oSL1c_46c52cb9@android]: Skipped due to cooking limit
[2026-03-23 18:14:03] 📋   [WARN]     压缩失败 [CT7EiRFvrggaLsS9MD3oSL1c_46c52cb9@windows]: Skipped due to cooking limit
[2026-03-23 18:14:03] 📋   [WARN]     压缩失败 [A-fasdNE4Z9tSf8c65Nosclu_52c31e4f@ios]: Skipped due to cooking limit
[2026-03-23 18:14:03] 📋   [WARN]     压缩失败 [A-fasdNE4Z9tSf8c65Nosclu_52c31e4f@android]: Skipped due to cooking limit
[2026-03-23 18:14:03] 📋   [WARN]     压缩失败 [A-fasdNE4Z9tSf8c65Nosclu_52c31e4f@windows]: Skipped due to cooking limit
[2026-03-23 18:14:03] 📋   [WARN]     压缩失败 [BKxHSX0VxlBEfplzqwk2kHk2_347bf2d3@ios]: Skipped due to cooking limit
[2026-03-23 18:14:03] 📋   [WARN]     压缩失败 [BKxHSX0VxlBEfplzqwk2kHk2_347bf2d3@android]: Skipped due to cooking limit
[2026-03-23 18:14:03] 📋   [WARN]     压缩失败 [BKxHSX0VxlBEfplzqwk2kHk2_347bf2d3@windows]: Skipped due to cooking limit
[2026-03-23 18:14:03] 📋   [WARN]     压缩失败 [E5nlGVzRlu5akVmN5W7r9WhL_b02e7b15@ios]: Skipped due to cooking limit
[2026-03-23 18:14:03] 📋   [WARN]     压缩失败 [E5nlGVzRlu5akVmN5W7r9WhL_b02e7b15@android]: Skipped due to cooking limit
[2026-03-23 18:14:03] 📋   [WARN]     压缩失败 [E5nlGVzRlu5akVmN5W7r9WhL_b02e7b15@windows]: Skipped due to cooking limit
[2026-03-23 18:14:03] 📋   [WARN]     压缩失败 [GYrQYdLVfTRTAueXDAae98_O_9cb0d1b6@ios]: Skipped due to cooking limit
[2026-03-23 18:14:03] 📋   [WARN]     压缩失败 [GYrQYdLVfTRTAueXDAae98_O_9cb0d1b6@android]: Skipped due to cooking limit
[2026-03-23 18:14:03] 📋   [WARN]     压缩失败 [GYrQYdLVfTRTAueXDAae98_O_9cb0d1b6@windows]: Skipped due to cooking limit
[2026-03-23 18:14:03] 📋   [WARN]     压缩失败 [HQn1maB1Dr2hByXXW9Xnh2g6_5559c621@ios]: Skipped due to cooking limit
[2026-03-23 18:14:03] 📋   [WARN]     压缩失败 [HQn1maB1Dr2hByXXW9Xnh2g6_5559c621@android]: Skipped due to cooking limit
[2026-03-23 18:14:03] 📋   [WARN]     压缩失败 [HQn1maB1Dr2hByXXW9Xnh2g6_5559c621@windows]: Skipped due to cooking limit
[2026-03-23 18:14:03] 📋   [WARN]     压缩失败 [CZLWMZF8vv5d_Y_oN0o0-7sn_ec9afba1@ios]: Skipped due to cooking limit
[2026-03-23 18:14:03] 📋   [WARN]     压缩失败 [CZLWMZF8vv5d_Y_oN0o0-7sn_ec9afba1@android]: Skipped due to cooking limit
[2026-03-23 18:14:03] 📋   [WARN]     压缩失败 [CZLWMZF8vv5d_Y_oN0o0-7sn_ec9afba1@windows]: Skipped due to cooking limit
[2026-03-23 18:14:03] 📋   [WARN]     压缩失败 [BpiBGXk1WcRxGJeuIII98NyF_2238bbfc@ios]: Skipped due to cooking limit
[2026-03-23 18:14:03] 📋   [WARN]     压缩失败 [BpiBGXk1WcRxGJeuIII98NyF_2238bbfc@android]: Skipped due to cooking limit
[2026-03-23 18:14:03] 📋   [WARN]     压缩失败 [BpiBGXk1WcRxGJeuIII98NyF_2238bbfc@windows]: Skipped due to cooking limit
[2026-03-23 18:14:03] 📋   [WARN]     压缩失败 [GIDhAXGCfeEZhUT0PEtI-f5w_221bffe7@ios]: Skipped due to cooking limit
[2026-03-23 18:14:03] 📋   [WARN]     压缩失败 [GIDhAXGCfeEZhUT0PEtI-f5w_221bffe7@android]: Skipped due to cooking limit
[2026-03-23 18:14:03] 📋   [WARN]     压缩失败 [GIDhAXGCfeEZhUT0PEtI-f5w_221bffe7@windows]: Skipped due to cooking limit
[2026-03-23 18:14:03] 📋   [WARN]     压缩失败 [GFPP6Qs5SrRriYHF5GlLfyLx_1b0d1f68@ios]: Skipped due to cooking limit
[2026-03-23 18:14:03] 📋   [WARN]     压缩失败 [GFPP6Qs5SrRriYHF5GlLfyLx_1b0d1f68@android]: Skipped due to cooking limit
[2026-03-23 18:14:03] 📋   [WARN]     压缩失败 [GFPP6Qs5SrRriYHF5GlLfyLx_1b0d1f68@windows]: Skipped due to cooking limit
[2026-03-23 18:14:03] 📋   [WARN]     压缩失败 [HcwIsVxKEaq6hyHvLxW048hg_b8650807@ios]: Skipped due to cooking limit
[2026-03-23 18:14:03] 📋   [WARN]     压缩失败 [HcwIsVxKEaq6hyHvLxW048hg_b8650807@android]: Skipped due to cooking limit
[2026-03-23 18:14:03] 📋   [WARN]     压缩失败 [HcwIsVxKEaq6hyHvLxW048hg_b8650807@windows]: Skipped due to cooking limit
[2026-03-23 18:14:03] 📋   [WARN]     压缩失败 [HlRMeb0-PS_VY19lc7xfhGFI_04d7d9bc@ios]: Skipped due to cooking limit
[2026-03-23 18:14:03] 📋   [WARN]     压缩失败 [HlRMeb0-PS_VY19lc7xfhGFI_04d7d9bc@android]: Skipped due to cooking limit
[2026-03-23 18:14:03] 📋   [WARN]     压缩失败 [HlRMeb0-PS_VY19lc7xfhGFI_04d7d9bc@windows]: Skipped due to cooking limit
[2026-03-23 18:14:03] 📋   [WARN]     压缩失败 [Hbjz2QJQQOF9fZR0oyBlZtXL_4a68504a@ios]: Skipped due to cooking limit
[2026-03-23 18:14:03] 📋   [WARN]     压缩失败 [Hbjz2QJQQOF9fZR0oyBlZtXL_4a68504a@android]: Skipped due to cooking limit
[2026-03-23 18:14:03] 📋   [WARN]     压缩失败 [Hbjz2QJQQOF9fZR0oyBlZtXL_4a68504a@windows]: Skipped due to cooking limit
[2026-03-23 18:14:03] 📋   [WARN]     压缩失败 [Ap9YCd8lNy5XfqYylbsH5NQR_4f1810b3@ios]: Skipped due to cooking limit
[2026-03-23 18:14:03] 📋   [WARN]     压缩失败 [Ap9YCd8lNy5XfqYylbsH5NQR_4f1810b3@android]: Skipped due to cooking limit
[2026-03-23 18:14:03] 📋   [WARN]     压缩失败 [Ap9YCd8lNy5XfqYylbsH5NQR_4f1810b3@windows]: Skipped due to cooking limit
[2026-03-23 18:14:03] 📋   [WARN]     压缩失败 [AsmOIVCKFKfunHEYkJxGUvjC_c016f3c9@ios]: Skipped due to cooking limit
[2026-03-23 18:14:03] 📋   [WARN]     压缩失败 [AsmOIVCKFKfunHEYkJxGUvjC_c016f3c9@android]: Skipped due to cooking limit
[2026-03-23 18:14:03] 📋   [WARN]     压缩失败 [AsmOIVCKFKfunHEYkJxGUvjC_c016f3c9@windows]: Skipped due to cooking limit
[2026-03-23 18:14:03] 📋   [WARN]     压缩失败 [A4somQ-U-SvDu_6yutC7NP06_9c69cb52@ios]: Skipped due to cooking limit
[2026-03-23 18:14:03] 📋   [WARN]     压缩失败 [A4somQ-U-SvDu_6yutC7NP06_9c69cb52@android]: Skipped due to cooking limit
[2026-03-23 18:14:03] 📋   [WARN]     压缩失败 [A4somQ-U-SvDu_6yutC7NP06_9c69cb52@windows]: Skipped due to cooking limit
[2026-03-23 18:14:03] 📋   [WARN]     压缩失败 [A3CxWWBn2w4aSegfDgCvUFQa_a13787ca@ios]: Skipped due to cooking limit
[2026-03-23 18:14:03] 📋   [WARN]     压缩失败 [A3CxWWBn2w4aSegfDgCvUFQa_a13787ca@android]: Skipped due to cooking limit
[2026-03-23 18:14:03] 📋   [WARN]     压缩失败 [A3CxWWBn2w4aSegfDgCvUFQa_a13787ca@windows]: Skipped due to cooking limit
[2026-03-23 18:14:03] 📋   [WARN]     压缩失败 [C_oeYUOwcePIYcZAWQ6aypHK_d830debd@ios]: Skipped due to cooking limit
[2026-03-23 18:14:03] 📋   [WARN]     压缩失败 [C_oeYUOwcePIYcZAWQ6aypHK_d830debd@android]: Skipped due to cooking limit
[2026-03-23 18:14:03] 📋   [WARN]     压缩失败 [C_oeYUOwcePIYcZAWQ6aypHK_d830debd@windows]: Skipped due to cooking limit
[2026-03-23 18:14:03] 📋   [WARN]     压缩失败 [EZSG-V297W2s2jBpMRdsJy_Y_1b47071f@ios]: Skipped due to cooking limit
[2026-03-23 18:14:03] 📋   [WARN]     压缩失败 [EZSG-V297W2s2jBpMRdsJy_Y_1b47071f@android]: Skipped due to cooking limit
[2026-03-23 18:14:03] 📋   [WARN]     压缩失败 [EZSG-V297W2s2jBpMRdsJy_Y_1b47071f@windows]: Skipped due to cooking limit
[2026-03-23 18:14:03] 📋   [WARN]     压缩失败 [Av_2cWuHN7o4T3c1Gti0m6oW_40e0a068@ios]: Skipped due to cooking limit
[2026-03-23 18:14:03] 📋   [WARN]     压缩失败 [Av_2cWuHN7o4T3c1Gti0m6oW_40e0a068@android]: Skipped due to cooking limit
[2026-03-23 18:14:03] 📋   [WARN]     压缩失败 [Av_2cWuHN7o4T3c1Gti0m6oW_40e0a068@windows]: Skipped due to cooking limit
[2026-03-23 18:14:03] 📋   [WARN]     压缩失败 [GsVeMU9-2yNCpDHS11uGeWvl_80cada4d@ios]: Skipped due to cooking limit
[2026-03-23 18:14:03] 📋   [WARN]     压缩失败 [GsVeMU9-2yNCpDHS11uGeWvl_80cada4d@android]: Skipped due to cooking limit
[2026-03-23 18:14:03] 📋   [WARN]     压缩失败 [GsVeMU9-2yNCpDHS11uGeWvl_80cada4d@windows]: Skipped due to cooking limit
[2026-03-23 18:14:03] 📋   [WARN]     压缩失败 [Ff3CET6VrXozkT_4jMBimqfK_e992af71@ios]: Skipped due to cooking limit
[2026-03-23 18:14:03] 📋   [WARN]     压缩失败 [Ff3CET6VrXozkT_4jMBimqfK_e992af71@android]: Skipped due to cooking limit
[2026-03-23 18:14:03] 📋   [WARN]     压缩失败 [Ff3CET6VrXozkT_4jMBimqfK_e992af71@windows]: Skipped due to cooking limit
[2026-03-23 18:14:03] 📋   [WARN]     压缩失败 [CCzAkRWTY6tA2bCXonMDjQJp_9634665f@ios]: Skipped due to cooking limit
[2026-03-23 18:14:03] 📋   [WARN]     压缩失败 [CCzAkRWTY6tA2bCXonMDjQJp_9634665f@android]: Skipped due to cooking limit
[2026-03-23 18:14:03] 📋   [WARN]     压缩失败 [CCzAkRWTY6tA2bCXonMDjQJp_9634665f@windows]: Skipped due to cooking limit
[2026-03-23 18:14:03] 📋   [WARN]     压缩失败 [GqFFkaZdLf74RJ1qq2VzarvN_159998e4@ios]: Skipped due to cooking limit
[2026-03-23 18:14:03] 📋   [WARN]     压缩失败 [GqFFkaZdLf74RJ1qq2VzarvN_159998e4@android]: Skipped due to cooking limit
[2026-03-23 18:14:03] 📋   [WARN]     压缩失败 [GqFFkaZdLf74RJ1qq2VzarvN_159998e4@windows]: Skipped due to cooking limit
[2026-03-23 18:14:03] 📋   [WARN]     压缩失败 [HdpFueHlPv6O9F4a7pb1gEwG_c47e26fc@ios]: Skipped due to cooking limit
[2026-03-23 18:14:03] 📋   [WARN]     压缩失败 [HdpFueHlPv6O9F4a7pb1gEwG_c47e26fc@android]: Skipped due to cooking limit
[2026-03-23 18:14:03] 📋   [WARN]     压缩失败 [HdpFueHlPv6O9F4a7pb1gEwG_c47e26fc@windows]: Skipped due to cooking limit
[2026-03-23 18:14:03] 📋   [WARN]     压缩失败 [Hy5pERZlHS3Qo7u7l9Sb-4dp_c304233c@ios]: Skipped due to cooking limit
[2026-03-23 18:14:03] 📋   [WARN]     压缩失败 [Hy5pERZlHS3Qo7u7l9Sb-4dp_c304233c@android]: Skipped due to cooking limit
[2026-03-23 18:14:03] 📋   [WARN]     压缩失败 [Hy5pERZlHS3Qo7u7l9Sb-4dp_c304233c@windows]: Skipped due to cooking limit
[2026-03-23 18:14:03] 📋   [WARN]     压缩失败 [EQzI8bJLOwNMj54FaMTGLPec_933e1a09@ios]: Skipped due to cooking limit
[2026-03-23 18:14:03] 📋   [WARN]     压缩失败 [EQzI8bJLOwNMj54FaMTGLPec_933e1a09@android]: Skipped due to cooking limit
[2026-03-23 18:14:03] 📋   [WARN]     压缩失败 [EQzI8bJLOwNMj54FaMTGLPec_933e1a09@windows]: Skipped due to cooking limit
[2026-03-23 18:14:03] 📋   [WARN]     压缩失败 [FRmQ4bjaqkH1BVj6VAoNNuL4_13e70f40@ios]: Skipped due to cooking limit
[2026-03-23 18:14:03] 📋   [WARN]     压缩失败 [FRmQ4bjaqkH1BVj6VAoNNuL4_13e70f40@android]: Skipped due to cooking limit
[2026-03-23 18:14:03] 📋   [WARN]     压缩失败 [FRmQ4bjaqkH1BVj6VAoNNuL4_13e70f40@windows]: Skipped due to cooking limit
[2026-03-23 18:14:03] 📋   [WARN]     压缩失败 [DZhicYdmxKLqGzx3kHOhKq_l_28c75abd@ios]: Skipped due to cooking limit
[2026-03-23 18:14:03] 📋   [WARN]     压缩失败 [DZhicYdmxKLqGzx3kHOhKq_l_28c75abd@android]: Skipped due to cooking limit
[2026-03-23 18:14:03] 📋   [WARN]     压缩失败 [DZhicYdmxKLqGzx3kHOhKq_l_28c75abd@windows]: Skipped due to cooking limit
[2026-03-23 18:14:03] 📋   [WARN]     压缩失败 [E2-leeTxlqvyeeS6coWIsPH8_f8df7408@ios]: Skipped due to cooking limit
[2026-03-23 18:14:03] 📋   [WARN]     压缩失败 [E2-leeTxlqvyeeS6coWIsPH8_f8df7408@android]: Skipped due to cooking limit
[2026-03-23 18:14:03] 📋   [WARN]     压缩失败 [E2-leeTxlqvyeeS6coWIsPH8_f8df7408@windows]: Skipped due to cooking limit
[2026-03-23 18:14:03] 📋   [WARN]     压缩失败 [Et7jwXcwd6ZMeZ672H6n4u8c_9acfc79c@ios]: Skipped due to cooking limit
[2026-03-23 18:14:03] 📋   [WARN]     压缩失败 [Et7jwXcwd6ZMeZ672H6n4u8c_9acfc79c@android]: Skipped due to cooking limit
[2026-03-23 18:14:03] 📋   [WARN]     压缩失败 [Et7jwXcwd6ZMeZ672H6n4u8c_9acfc79c@windows]: Skipped due to cooking limit
[2026-03-23 18:14:03] 📋   [WARN]     压缩失败 [CoBzkRbJ2VhqgtmhdSXfnho__032b9b92@ios]: Skipped due to cooking limit
[2026-03-23 18:14:03] 📋   [WARN]     压缩失败 [CoBzkRbJ2VhqgtmhdSXfnho__032b9b92@android]: Skipped due to cooking limit
[2026-03-23 18:14:03] 📋   [WARN]     压缩失败 [CoBzkRbJ2VhqgtmhdSXfnho__032b9b92@windows]: Skipped due to cooking limit
[2026-03-23 18:14:03] 📋   [INFO]   批量压缩完成: 总计 3963, 成功 3183, 缓存命中 3173 (80.1%), 错误 780
[2026-03-23 18:14:03] 📋   [INFO]   完成 (64.31s)
[2026-03-23 18:14:03] 📋   [INFO] [10/13] 生成产物...
[2026-03-23 18:14:03] 📋   [INFO]   清空版本目录: /workspace/.project/../dist/1.0.23
[2026-03-23 18:14:03] 📋   [INFO]   生成: manifest-ff7113c1.json (client)
[2026-03-23 18:14:03] 📋   [INFO]   生成: manifest-1dfa319f.json (server)
[2026-03-23 18:14:03] 📋   [INFO]   生成: engine-ef9e23e2.json
[2026-03-23 18:14:03] 📋   [INFO]   生成: version.json
[2026-03-23 18:14:03] 📋   [INFO]   生成: project.json
[2026-03-23 18:14:03] 📋   [INFO]   生成: dist/project.json
[2026-03-23 18:14:03] 📋   [INFO]   生成 tag: latest.json (默认)
[2026-03-23 18:14:03] 📋   [INFO]   生成 tag: 1.x.x.json (默认)
[2026-03-23 18:14:03] 📋   [INFO]   完成 (0.40s)
[2026-03-23 18:14:03] 📋   [INFO] [11/13] 复制资产...
[2026-03-23 18:14:03] 📋   [INFO]   复制资源到: /workspace/.project/../dist/assets
[2026-03-23 18:14:03] 📋   [INFO]   已复制: 183 个文件
[2026-03-23 18:14:03] 📋   [INFO]   完成 (3.13s)
[2026-03-23 18:14:03] 📋   [INFO] [12/13] 清理旧版本...
[2026-03-23 18:14:03] 📋   [INFO]   清理完成: 0 个旧版本, 1 个孤立资源
[2026-03-23 18:14:03] 📋   [INFO]   完成 (1.79s)
[2026-03-23 18:14:03] 📋   [INFO] [13/13] 输出统计...
[2026-03-23 18:14:03] 📋   
[2026-03-23 18:14:03] 📋   === 构建统计 ===
[2026-03-23 18:14:03] 📋   项目根目录: /workspace
[2026-03-23 18:14:03] 📋   目标平台: all
[2026-03-23 18:14:03] 📋   资产目录: ../assets, ../scripts
[2026-03-23 18:14:03] 📋   
[2026-03-23 18:14:03] 📋   资源统计:
[2026-03-23 18:14:03] 📋     扫描文件: 2688
[2026-03-23 18:14:03] 📋     发现资源: 2656
[2026-03-23 18:14:03] 📋     忽略文件: 0
[2026-03-23 18:14:03] 📋     生成 meta: 177
[2026-03-23 18:14:03] 📋     Client 资源: 2656
[2026-03-23 18:14:03] 📋     Server 资源: 1
[2026-03-23 18:14:03] 📋     复制资源: 183
[2026-03-23 18:14:03] 📋     纹理压缩: 1061
[2026-03-23 18:14:03] 📋   
[2026-03-23 18:14:03] 📋   Meta 缓存:
[2026-03-23 18:14:03] 📋   
[2026-03-23 18:14:03] 📋   === Meta 缓存统计 ===
[2026-03-23 18:14:03] 📋   本地缓存: 1432 条目
[2026-03-23 18:14:03] 📋   命中次数: 0
[2026-03-23 18:14:03] 📋   未命中次数: 1432
[2026-03-23 18:14:03] 📋   命中率: 0.0%
[2026-03-23 18:14:03] 📋   加载次数: 1432
[2026-03-23 18:14:03] 📋   刷新次数: 0
[2026-03-23 18:14:03] 📋   
[2026-03-23 18:14:03] 📋   远端来源: 3 个
[2026-03-23 18:14:03] 📋     - engine: 4 个文件
[2026-03-23 18:14:03] 📋     - engine-res: 1224 个文件
[2026-03-23 18:14:03] 📋     - official-res: 25358 个文件
[2026-03-23 18:14:03] 📋   
[2026-03-23 18:14:03] 📋   构建完成!
[2026-03-23 18:14:03] 📋     版本: 1.0.23
[2026-03-23 18:14:03] 📋     输出: /workspace/.project/../dist/1.0.23
[2026-03-23 18:14:03] 📋     Client: manifest-ff7113c1.json
[2026-03-23 18:14:03] 📋     Server: manifest-1dfa319f.json
[2026-03-23 18:14:03] 📋   [INFO]   完成 (0.00s)
[2026-03-23 18:14:03] 📋   [INFO] 总耗时: 86.46s
[2026-03-23 18:14:03] 📋   [INFO] 构建完成!
[2026-03-23 18:14:03] 📋 设置目录权限...
[2026-03-23 18:14:03] 📋 设置 dist 目录权限: /workspace/dist
[2026-03-23 18:14:16] ✅ dist 目录权限已设置 (root:root, 755/644)
[2026-03-23 18:14:16] 📋 设置目录权限: /workspace/logs
[2026-03-23 18:14:17] 📋 设置目录权限: /workspace/.project
[2026-03-23 18:14:17] 📋 设置目录权限: /workspace/.build
[2026-03-23 18:14:21] ✅ 非 dist 目录权限已设置 (1000:1000)
[2026-03-23 18:14:21] 📋 ⏱️  耗时: 110.04s
[2026-03-23 18:14:21] ✅ ==================================================
[2026-03-23 18:14:21] ✅ 构建完成！总耗时: 110.20s
[2026-03-23 18:14:21] ✅ ==================================================
