[2026-03-28 19:38:40] 📋 ==================================================
[2026-03-28 19:38:40] 📋 构建开始
[2026-03-28 19:38:40] 📋 ==================================================
[2026-03-28 19:38:40] 📋 日志文件: /workspace/logs/build/build_20260328_193840.log
[2026-03-28 19:38:40] 📋 入口文件: /workspace/scripts/main.lua
[2026-03-28 19:38:40] 📋 脚本目录: /workspace/scripts
[2026-03-28 19:38:40] 📋 工作目录: /workspace
[2026-03-28 19:38:40] 📋 MCP 环境: production
[2026-03-28 19:38:40] 📋 纹理压缩限制: 每次最多 10 张
[2026-03-28 19:38:40] 📋 步骤 1: 验证入口 Lua 文件存在
[2026-03-28 19:38:40] ✅ 入口文件存在
[2026-03-28 19:38:40] 📋 ⏱️  耗时: 0.02s
[2026-03-28 19:38:40] 📋 步骤 2: 验证 Lua 文件包含 Start() 函数
[2026-03-28 19:38:40] ✅ Start() 函数验证通过
[2026-03-28 19:38:40] 📋 ⏱️  耗时: 0.02s
[2026-03-28 19:38:40] 📋 步骤 3: 验证 scripts 目录存在
[2026-03-28 19:38:40] ✅ scripts 目录存在
[2026-03-28 19:38:40] 📋 ⏱️  耗时: 0.26s
[2026-03-28 19:38:40] 📋 步骤 4: 启动 Lua LSP watch 模式
[2026-03-28 19:38:40] 📋 LSP watch 已运行 (PID: 6981)
[2026-03-28 19:38:40] ✅ Lua LSP 检查通过: 0 个错误
[2026-03-28 19:38:40] 📋 ⏱️  耗时: 0.04s
[2026-03-28 19:38:40] 📋 步骤 5: 检查并初始化 .project 目录
[2026-03-28 19:38:40] ✅ .project 目录已正确初始化
[2026-03-28 19:38:40] 📋 ⏱️  耗时: 0.02s
[2026-03-28 19:38:40] 📋 步骤 5.6: 检查/更新 multiplayer 配置
[2026-03-28 19:38:40] ✅ 使用本地已有的 multiplayer 配置
[2026-03-28 19:38:40] 📋 ⏱️  耗时: 0.02s
[2026-03-28 19:38:40] 📋 步骤 6: 更新 project.json 的 entry
[2026-03-28 19:38:40] 📋 更新 project.json: /workspace/.project/project.json
[2026-03-28 19:38:40] 📋   设置 entry: main.lua
[2026-03-28 19:38:40] ✅ project.json 更新完成
[2026-03-28 19:38:40] 📋 步骤 6.1: 检查 project_id 一致性
[2026-03-28 19:38:40] ✅ project_id 一致性检查通过: p_70vd
[2026-03-28 19:38:40] 📋 ⏱️  耗时: 0.06s
[2026-03-28 19:38:40] 📋 步骤 7: 调用 project_builder.py 进行构建
[2026-03-28 19:38:40] 📋 已设置 AssetsCooking 可执行权限: /home/Maker/.sce/build/AssetsCooking
[2026-03-28 19:38:40] 📋 已设置 TileTerrainCLI 可执行权限: /workspace/.cli/TileTerrainCLI
[2026-03-28 19:38:40] 📋 已设置 download_tile_resources.py 可执行权限: /workspace/.cli/download_tile_resources.py
[2026-03-28 19:38:40] 📋 执行脚本: /home/Maker/.sce/build/project_builder.py
[2026-03-28 19:38:40] 📋 参数: --project /workspace --platform all --cooking /home/Maker/.sce/build/AssetsCooking --cooking-limit 10 --no-7z
[2026-03-28 19:38:40] 📋 Python: python3
[2026-03-28 19:40:28] 📋 project_builder.py stdout:
[2026-03-28 19:40:28] 📋   [INFO] 开始构建项目: /workspace [平台: all]
[2026-03-28 19:40:28] 📋   [INFO] [1/15] 初始化构建目录...
[2026-03-28 19:40:28] 📋   [INFO]   完成 (0.03s)
[2026-03-28 19:40:28] 📋   [INFO] [2/15] 加载配置...
[2026-03-28 19:40:28] 📋   [INFO]   解析平台配置: all
[2026-03-28 19:40:28] 📋   [INFO]   项目: p_70vd v1.0.30
[2026-03-28 19:40:28] 📋   [INFO]   入口: main.lua
[2026-03-28 19:40:28] 📋   [INFO]   输出: /workspace/.project/../dist/1.0.30
[2026-03-28 19:40:28] 📋   [INFO]   构建号: 8
[2026-03-28 19:40:28] 📋   [INFO]   完成 (0.03s)
[2026-03-28 19:40:29] 📋   [INFO] [3/15] 加载远程资源...
[2026-03-28 19:40:29] 📋   [INFO]   加载远端来源: engine (tag: stable)
[2026-03-28 19:40:29] 📋   [INFO]     导入 4 个远端资源: engine
[2026-03-28 19:40:29] 📋   [INFO]   加载远端来源: engine-res (tag: stable)
[2026-03-28 19:40:29] 📋   [INFO]     导入 1226 个远端资源: engine-res
[2026-03-28 19:40:29] 📋   [INFO]   加载远端来源: official-res (tag: stable)
[2026-03-28 19:40:29] 📋   [INFO]     导入 25358 个远端资源: official-res
[2026-03-28 19:40:29] 📋   [INFO]   完成 (1.17s)
[2026-03-28 19:40:29] 📋   [INFO] [4/15] 扫描本地资源...
[2026-03-28 19:40:29] 📋   [INFO]   扫描目录: ../assets (prefix: ../assets)
[2026-03-28 19:40:29] 📋   [INFO]   生成 meta: chen_laogen.png -> Df86oU9I...
[2026-03-28 19:40:29] 📋   [INFO]   生成 meta: fang_jinshu.png -> CtLdKcpx...
[2026-03-28 19:40:29] 📋   [INFO]   生成 meta: gu_qianhe.png -> CPQtoRyk...
[2026-03-28 19:40:29] 📋   [INFO]   生成 meta: he_qiming.png -> BgRB8eBj...
[2026-03-28 19:40:29] 📋   [INFO]   生成 meta: portrait_fang_yichen.png -> F0rtAdb7...
[2026-03-28 19:40:29] 📋   [INFO]   生成 meta: portrait_gu_qingyun.png -> BvOhYaoe...
[2026-03-28 19:40:29] 📋   [INFO]   生成 meta: portrait_han_moli.png -> Eh4eWX-b...
[2026-03-28 19:40:29] 📋   [INFO]   生成 meta: portrait_he_qiming.png -> DDDO6TzM...
[2026-03-28 19:40:29] 📋   [INFO]   生成 meta: portrait_lin_yuanzhou.png -> Fiu4GWOf...
[2026-03-28 19:40:29] 📋   [INFO]   生成 meta: portrait_qian_siyuan.png -> GPAEEWLh...
[2026-03-28 19:40:29] 📋   [INFO]   生成 meta: portrait_shen_yuke.png -> EoPbcSoH...
[2026-03-28 19:40:29] 📋   [INFO]   生成 meta: portrait_sun_yichen.png -> Bho8IVxP...
[2026-03-28 19:40:29] 📋   [INFO]   生成 meta: portrait_wu_jianzhi.png -> AtAAodQz...
[2026-03-28 19:40:29] 📋   [INFO]   生成 meta: portrait_zhao_muyao.png -> AyhyAVyx...
[2026-03-28 19:40:29] 📋   [INFO]   生成 meta: portrait_zhou_zhengting.png -> A1nmGXE5...
[2026-03-28 19:40:29] 📋   [INFO]   生成 meta: qian_bonian.png -> GVIcKfRg...
[2026-03-28 19:40:29] 📋   [INFO]   生成 meta: shen_jinghong.png -> FaQOaXt4...
[2026-03-28 19:40:29] 📋   [INFO]   生成 meta: su_qiaoqiao.png -> DJ2LaWxo...
[2026-03-28 19:40:29] 📋   [INFO]   生成 meta: sun_yichen.png -> BCNu2RsX...
[2026-03-28 19:40:29] 📋   [INFO]   生成 meta: wu_jianzhi.png -> EV-CScYY...
[2026-03-28 19:40:29] 📋   [INFO]   生成 meta: ye_lingxi.png -> A2W1eT_v...
[2026-03-28 19:40:29] 📋   [INFO]   生成 meta: zhao_tiezhu.png -> B2a7gb30...
[2026-03-28 19:40:29] 📋   [INFO]   生成 meta: world_map.jpg -> E_InaY8w...
[2026-03-28 19:40:29] 📋   [INFO]   生成 meta: world_map.png -> DFOFARQW...
[2026-03-28 19:40:29] 📋   [INFO]   生成 meta: 世界大地图_20260321132610.png -> HWVX0R4v...
[2026-03-28 19:40:29] 📋   [INFO]   生成 meta: 世界大地图_20260321132902.png -> ANUGialp...
[2026-03-28 19:40:29] 📋   [INFO]   生成 meta: 城市大地图_20260321132400.png -> Ac6IyYRC...
[2026-03-28 19:40:29] 📋   [INFO]   生成 meta: 科技产业园背景_20260321131435.png -> AE7fIWBU...
[2026-03-28 19:40:29] 📋   [INFO]   生成 meta: bgm_bondedport.ogg -> A8F3Ue9w...
[2026-03-28 19:40:29] 📋   [INFO]   生成 meta: bgm_grocery.ogg -> AFftYT91...
[2026-03-28 19:40:29] 📋   [INFO]   生成 meta: bgm_oldtown.ogg -> H6eK2cLJ...
[2026-03-28 19:40:29] 📋   [INFO]   生成 meta: bgm_techpark.ogg -> DDwV-Vub...
[2026-03-28 19:40:29] 📋   [INFO]   生成 meta: bgm_warehouse.ogg -> Ddwmebvm...
[2026-03-28 19:40:29] 📋   [INFO]   生成 meta: music_1774276389099.ogg -> CiuNiVCA...
[2026-03-28 19:40:29] 📋   [INFO]   生成 meta: bid_fail.ogg -> C-57wYrf...
[2026-03-28 19:40:29] 📋   [INFO]   生成 meta: bid_place.ogg -> E_jJ0b4e...
[2026-03-28 19:40:29] 📋   [INFO]   生成 meta: bid_success.ogg -> Bw4guTtA...
[2026-03-28 19:40:29] 📋   [INFO]   生成 meta: game_over.ogg -> E5zgge9X...
[2026-03-28 19:40:29] 📋   [INFO]   生成 meta: round_start.ogg -> FQox-bn3...
[2026-03-28 19:40:29] 📋   [INFO]   生成 meta: timer_tick.ogg -> CoC0uedu...
[2026-03-28 19:40:29] 📋   [INFO]   生成 meta: ui_click.ogg -> GB1KMXZt...
[2026-03-28 19:40:29] 📋   [INFO]   生成 meta: celebrate_10_吴鉴之.ogg -> CLz_MUx3...
[2026-03-28 19:40:29] 📋   [INFO]   生成 meta: celebrate_11_何启明.ogg -> Gek_caDc...
[2026-03-28 19:40:29] 📋   [INFO]   生成 meta: celebrate_1_林远舟.ogg -> GEQuoV51...
[2026-03-28 19:40:29] 📋   [INFO]   生成 meta: celebrate_2_赵沐瑶.ogg -> BEK2OZw1...
[2026-03-28 19:40:29] 📋   [INFO]   生成 meta: celebrate_3_钱思远.ogg -> CzSFcXz0...
[2026-03-28 19:40:29] 📋   [INFO]   生成 meta: celebrate_4_顾清韵.ogg -> G7tXAZ7s...
[2026-03-28 19:40:29] 📋   [INFO]   生成 meta: celebrate_5_沈玉珂.ogg -> DPzHGRk7...
[2026-03-28 19:40:29] 📋   [INFO]   生成 meta: celebrate_6_周正霆.ogg -> C2U1kYwZ...
[2026-03-28 19:40:29] 📋   [INFO]   生成 meta: celebrate_7_方逸尘.ogg -> Ft9m0Tx3...
[2026-03-28 19:40:29] 📋   [INFO]   生成 meta: celebrate_8_韩墨璃.ogg -> GS8CKX4T...
[2026-03-28 19:40:29] 📋   [INFO]   生成 meta: celebrate_9_孙弈辰.ogg -> HXf8GeZd...
[2026-03-28 19:40:29] 📋   [INFO]   生成 meta: char_fyc_bid_1_方逸尘.ogg -> CMJfmTcy...
[2026-03-28 19:40:29] 📋   [INFO]   生成 meta: char_fyc_bluff_1_方逸尘.ogg -> Bnu-GZ5j...
[2026-03-28 19:40:29] 📋   [INFO]   生成 meta: char_fyc_forfeit_1_方逸尘.ogg -> GuDFGX05...
[2026-03-28 19:40:29] 📋   [INFO]   生成 meta: char_fyc_win_1_方逸尘.ogg -> A31usSm0...
[2026-03-28 19:40:29] 📋   [INFO]   生成 meta: char_gqy_bid_1_顾清韵.ogg -> Beeu-cic...
[2026-03-28 19:40:29] 📋   [INFO]   生成 meta: char_gqy_bluff_1_顾清韵.ogg -> Aq0aud7B...
[2026-03-28 19:40:29] 📋   [INFO]   生成 meta: char_gqy_forfeit_1_顾清韵.ogg -> B6U2mbfn...
[2026-03-28 19:40:29] 📋   [INFO]   生成 meta: char_gqy_win_1_顾清韵.ogg -> AjXOUQ2s...
[2026-03-28 19:40:29] 📋   [INFO]   生成 meta: char_hml_bid_1_韩墨璃.ogg -> Djj2ge-s...
[2026-03-28 19:40:29] 📋   [INFO]   生成 meta: char_hml_bluff_1_韩墨璃.ogg -> DViUQeQI...
[2026-03-28 19:40:29] 📋   [INFO]   生成 meta: char_hml_forfeit_1_韩墨璃.ogg -> HH8Ggd16...
[2026-03-28 19:40:29] 📋   [INFO]   生成 meta: char_hml_win_1_韩墨璃.ogg -> ESTLyYuD...
[2026-03-28 19:40:29] 📋   [INFO]   生成 meta: char_hqm_bid_1_何启明.ogg -> BT9eiQRa...
[2026-03-28 19:40:29] 📋   [INFO]   生成 meta: char_hqm_bluff_1_何启明.ogg -> DD4YyQqD...
[2026-03-28 19:40:29] 📋   [INFO]   生成 meta: char_hqm_forfeit_1_何启明.ogg -> A6BQMfFb...
[2026-03-28 19:40:29] 📋   [INFO]   生成 meta: char_hqm_win_1_何启明.ogg -> CB46KQj8...
[2026-03-28 19:40:29] 📋   [INFO]   生成 meta: char_lyz_bid_1_林远舟.ogg -> DEDr4R7z...
[2026-03-28 19:40:29] 📋   [INFO]   生成 meta: char_lyz_bluff_1_林远舟.ogg -> BczuuUYw...
[2026-03-28 19:40:29] 📋   [INFO]   生成 meta: char_lyz_forfeit_1_林远舟.ogg -> GG720V2c...
[2026-03-28 19:40:29] 📋   [INFO]   生成 meta: char_lyz_win_1_林远舟.ogg -> Dld28fvt...
[2026-03-28 19:40:29] 📋   [INFO]   生成 meta: char_qsy_bid_1_钱思远.ogg -> Bvu5EfZx...
[2026-03-28 19:40:29] 📋   [INFO]   生成 meta: char_qsy_bluff_1_钱思远.ogg -> GgD7Sd4d...
[2026-03-28 19:40:29] 📋   [INFO]   生成 meta: char_qsy_forfeit_1_钱思远.ogg -> BE15CXYN...
[2026-03-28 19:40:29] 📋   [INFO]   生成 meta: char_qsy_win_1_钱思远.ogg -> DAzjYXyj...
[2026-03-28 19:40:29] 📋   [INFO]   生成 meta: char_syc_bid_1_孙弈辰.ogg -> EskhObPP...
[2026-03-28 19:40:29] 📋   [INFO]   生成 meta: char_syc_bluff_1_孙弈辰.ogg -> H0oFEQWb...
[2026-03-28 19:40:29] 📋   [INFO]   生成 meta: char_syc_forfeit_1_孙弈辰.ogg -> DX0RiZok...
[2026-03-28 19:40:29] 📋   [INFO]   生成 meta: char_syc_win_1_孙弈辰.ogg -> FGpG4aSV...
[2026-03-28 19:40:29] 📋   [INFO]   生成 meta: char_syk_bid_1_沈玉珂.ogg -> Hy3UaRJ4...
[2026-03-28 19:40:29] 📋   [INFO]   生成 meta: char_syk_bluff_1_沈玉珂.ogg -> ChyduYxe...
[2026-03-28 19:40:29] 📋   [INFO]   生成 meta: char_syk_forfeit_1_沈玉珂.ogg -> A5vdwUGA...
[2026-03-28 19:40:29] 📋   [INFO]   生成 meta: char_syk_win_1_沈玉珂.ogg -> AgjS4f_i...
[2026-03-28 19:40:29] 📋   [INFO]   生成 meta: char_wjz_bid_1_吴鉴之.ogg -> EBS6GS6F...
[2026-03-28 19:40:29] 📋   [INFO]   生成 meta: char_wjz_bluff_1_吴鉴之.ogg -> GPrrSV1P...
[2026-03-28 19:40:29] 📋   [INFO]   生成 meta: char_wjz_forfeit_1_吴鉴之.ogg -> G7QPCeUo...
[2026-03-28 19:40:29] 📋   [INFO]   生成 meta: char_wjz_win_1_吴鉴之.ogg -> BgWIuf4s...
[2026-03-28 19:40:29] 📋   [INFO]   生成 meta: char_zmy_bid_1_赵沐瑶.ogg -> EmpSWaG9...
[2026-03-28 19:40:29] 📋   [INFO]   生成 meta: char_zmy_bluff_1_赵沐瑶.ogg -> COMvGdno...
[2026-03-28 19:40:29] 📋   [INFO]   生成 meta: char_zmy_forfeit_1_赵沐瑶.ogg -> FZqwedgd...
[2026-03-28 19:40:29] 📋   [INFO]   生成 meta: char_zmy_win_1_赵沐瑶.ogg -> E_xF8eNY...
[2026-03-28 19:40:29] 📋   [INFO]   生成 meta: char_zzt_bid_1_周正霆.ogg -> FFKhieoi...
[2026-03-28 19:40:29] 📋   [INFO]   生成 meta: char_zzt_bluff_1_周正霆.ogg -> DrVeCSUn...
[2026-03-28 19:40:29] 📋   [INFO]   生成 meta: char_zzt_forfeit_1_周正霆.ogg -> H6f9OZLv...
[2026-03-28 19:40:29] 📋   [INFO]   生成 meta: char_zzt_win_1_周正霆.ogg -> EdjOwePx...
[2026-03-28 19:40:29] 📋   [INFO]   生成 meta: greet_10_吴鉴之.ogg -> GmqWyV7a...
[2026-03-28 19:40:29] 📋   [INFO]   生成 meta: greet_11_何启明.ogg -> ERi62exm...
[2026-03-28 19:40:29] 📋   [INFO]   生成 meta: greet_1_林远舟.ogg -> Bi49-XRd...
[2026-03-28 19:40:29] 📋   [INFO]   生成 meta: greet_2_赵沐瑶.ogg -> DCEB-bpL...
[2026-03-28 19:40:29] 📋   [INFO]   生成 meta: greet_3_钱思远.ogg -> EDw0kSEV...
[2026-03-28 19:40:29] 📋   [INFO]   生成 meta: greet_4_顾清韵.ogg -> Fmqa2XSP...
[2026-03-28 19:40:29] 📋   [INFO]   生成 meta: greet_5_沈玉珂.ogg -> FZHoCaE7...
[2026-03-28 19:40:29] 📋   [INFO]   生成 meta: greet_6_周正霆.ogg -> Fg63KSIf...
[2026-03-28 19:40:29] 📋   [INFO]   生成 meta: greet_7_方逸尘.ogg -> FZBw4Zm9...
[2026-03-28 19:40:29] 📋   [INFO]   生成 meta: greet_8_韩墨璃.ogg -> Dojjgacg...
[2026-03-28 19:40:29] 📋   [INFO]   生成 meta: greet_9_孙弈辰.ogg -> AllhsRPk...
[2026-03-28 19:40:29] 📋   [INFO]   生成 meta: narrator_bid_reveal_1_旁白.ogg -> BNqsmZDq...
[2026-03-28 19:40:29] 📋   [INFO]   生成 meta: narrator_game_over_loss_1_旁白.ogg -> Cx_2ydlE...
[2026-03-28 19:40:29] 📋   [INFO]   生成 meta: narrator_game_over_win_1_旁白.ogg -> FanMIRWo...
[2026-03-28 19:40:29] 📋   [INFO]   生成 meta: narrator_info_reveal_1_旁白.ogg -> G5lskfPZ...
[2026-03-28 19:40:29] 📋   [INFO]   生成 meta: narrator_judge_fail_1_旁白.ogg -> C3MuCY9C...
[2026-03-28 19:40:29] 📋   [INFO]   生成 meta: narrator_judge_win_1_旁白.ogg -> Bhxduc10...
[2026-03-28 19:40:29] 📋   [INFO]   生成 meta: narrator_sealed_bid_1_旁白.ogg -> GLoG2fhM...
[2026-03-28 19:40:29] 📋   [INFO]   生成 meta: narrator_tiebreak_1_旁白.ogg -> DvOR0UAM...
[2026-03-28 19:40:29] 📋   [INFO]   生成 meta: narrator_warehouse_intro_1_旁白.ogg -> FiqZUZco...
[2026-03-28 19:40:29] 📋   [INFO]   生成 meta: narrator_warehouse_open_1_旁白.ogg -> F1vwMU7-...
[2026-03-28 19:40:29] 📋   [INFO]   生成 meta: overbid_10_吴鉴之.ogg -> F5x2icCu...
[2026-03-28 19:40:29] 📋   [INFO]   生成 meta: overbid_11_何启明.ogg -> FDi9-fOd...
[2026-03-28 19:40:29] 📋   [INFO]   生成 meta: overbid_1_林远舟.ogg -> HLh28QLH...
[2026-03-28 19:40:29] 📋   [INFO]   生成 meta: overbid_2_赵沐瑶.ogg -> GoutMX_G...
[2026-03-28 19:40:29] 📋   [INFO]   生成 meta: overbid_3_钱思远.ogg -> F3P0sVaY...
[2026-03-28 19:40:29] 📋   [INFO]   生成 meta: overbid_4_顾清韵.ogg -> Citu4VcJ...
[2026-03-28 19:40:29] 📋   [INFO]   生成 meta: overbid_5_沈玉珂.ogg -> D-akeb95...
[2026-03-28 19:40:29] 📋   [INFO]   生成 meta: overbid_6_周正霆.ogg -> C2oief6O...
[2026-03-28 19:40:29] 📋   [INFO]   生成 meta: overbid_7_方逸尘.ogg -> EN9MMcqX...
[2026-03-28 19:40:29] 📋   [INFO]   生成 meta: overbid_8_韩墨璃.ogg -> BSM0qVun...
[2026-03-28 19:40:29] 📋   [INFO]   生成 meta: overbid_9_孙弈辰.ogg -> D1whwWNM...
[2026-03-28 19:40:29] 📋   [INFO]   生成 meta: regret_10_吴鉴之.ogg -> Eaf3STx2...
[2026-03-28 19:40:29] 📋   [INFO]   生成 meta: regret_11_何启明.ogg -> B8nvMXvN...
[2026-03-28 19:40:29] 📋   [INFO]   生成 meta: regret_1_林远舟.ogg -> CHL0QSNR...
[2026-03-28 19:40:29] 📋   [INFO]   生成 meta: regret_2_赵沐瑶.ogg -> CC2eOene...
[2026-03-28 19:40:29] 📋   [INFO]   生成 meta: regret_3_钱思远.ogg -> AYh5ASXp...
[2026-03-28 19:40:29] 📋   [INFO]   生成 meta: regret_4_顾清韵.ogg -> DYT4QZN9...
[2026-03-28 19:40:29] 📋   [INFO]   生成 meta: regret_5_沈玉珂.ogg -> EaXjIQ2x...
[2026-03-28 19:40:29] 📋   [INFO]   生成 meta: regret_6_周正霆.ogg -> A0xegSR0...
[2026-03-28 19:40:29] 📋   [INFO]   生成 meta: regret_7_方逸尘.ogg -> CtOz-XaH...
[2026-03-28 19:40:29] 📋   [INFO]   生成 meta: regret_8_韩墨璃.ogg -> BPxNSWdh...
[2026-03-28 19:40:29] 📋   [INFO]   生成 meta: regret_9_孙弈辰.ogg -> G7uI4cql...
[2026-03-28 19:40:29] 📋   [INFO]   生成 meta: round_start_10_吴鉴之.ogg -> GTViqXze...
[2026-03-28 19:40:29] 📋   [INFO]   生成 meta: round_start_11_何启明.ogg -> E24kMYuu...
[2026-03-28 19:40:29] 📋   [INFO]   生成 meta: round_start_1_林远舟.ogg -> AXATmcom...
[2026-03-28 19:40:29] 📋   [INFO]   生成 meta: round_start_2_赵沐瑶.ogg -> E1fDoZbZ...
[2026-03-28 19:40:29] 📋   [INFO]   生成 meta: round_start_3_钱思远.ogg -> FC6VAbol...
[2026-03-28 19:40:29] 📋   [INFO]   生成 meta: round_start_4_顾清韵.ogg -> CIrtodTk...
[2026-03-28 19:40:29] 📋   [INFO]   生成 meta: round_start_5_沈玉珂.ogg -> EkN6KT4V...
[2026-03-28 19:40:29] 📋   [INFO]   生成 meta: round_start_6_周正霆.ogg -> F6Ynkevw...
[2026-03-28 19:40:29] 📋   [INFO]   生成 meta: round_start_7_方逸尘.ogg -> HT5dOeye...
[2026-03-28 19:40:29] 📋   [INFO]   生成 meta: round_start_8_韩墨璃.ogg -> EYZLycUQ...
[2026-03-28 19:40:29] 📋   [INFO]   生成 meta: round_start_9_孙弈辰.ogg -> Cr3n4VfQ...
[2026-03-28 19:40:29] 📋   [INFO]   生成 meta: backspace_icon_20260318061717.png -> HGPckWxl...
[2026-03-28 19:40:29] 📋   [INFO]   生成 meta: chen_laogen_20260319090805.png -> C9FB4WDo...
[2026-03-28 19:40:29] 📋   [INFO]   生成 meta: fang_jinshu_20260319090852.png -> CUPCCW2W...
[2026-03-28 19:40:29] 📋   [INFO]   生成 meta: gu_qianhe_20260319090909.png -> ELG1kT26...
[2026-03-28 19:40:29] 📋   [INFO]   生成 meta: 50年威士忌_20260323081315.png -> A5wbCVD2...
[2026-03-28 19:40:30] 📋   [INFO]   生成 meta: AI协作画布原件_20260322101345.png -> Ggz9MZH9...
[2026-03-28 19:40:30] 📋   [INFO]   生成 meta: AI训练显卡_20260321115816.png -> G4ERobz9...
[2026-03-28 19:40:30] 📋   [INFO]   生成 meta: AI训练显卡_20260321121343.png -> E3LTsWcM...
[2026-03-28 19:40:30] 📋   [INFO]   生成 meta: ASML光刻机核心组件_20260321115343.png -> AyNteYJ8...
[2026-03-28 19:40:30] 📋   [INFO]   生成 meta: ASML光刻机核心组件_20260321121017.png -> A-XOaeJv...
[2026-03-28 19:40:30] 📋   [INFO]   生成 meta: LED动态艺术装置_20260321115935.png -> Bo-_Gdb6...
[2026-03-28 19:40:30] 📋   [INFO]   生成 meta: LED动态艺术装置_20260321121417.png -> AcgG6ce3...
[2026-03-28 19:40:30] 📋   [INFO]   生成 meta: LED指示灯组_20260322095738.png -> EznV6at4...
[2026-03-28 19:40:30] 📋   [INFO]   生成 meta: UPS应急电源_20260322100017.png -> B0ACeXcn...
[2026-03-28 19:40:30] 📋   [INFO]   生成 meta: bg_bondedport_20260323082721.png -> FA5KKRtJ...
[2026-03-28 19:40:30] 📋   [INFO]   生成 meta: bg_oldtown_20260321192643.png -> GAQN2aMy...
[2026-03-28 19:40:30] 📋   [INFO]   生成 meta: bg_techpark_20260321192636.png -> BIeRabAB...
[2026-03-28 19:40:30] 📋   [INFO]   生成 meta: bg_warehouse_bondedport_20260323082731.png -> EeWoga_y...
[2026-03-28 19:40:30] 📋   [INFO]   生成 meta: bg_warehouse_datacenter_20260322132508.png -> ENEC-Xei...
[2026-03-28 19:40:30] 📋   [INFO]   生成 meta: bg_warehouse_grocery_20260322132513.png -> B48baaZQ...
[2026-03-28 19:40:30] 📋   [INFO]   生成 meta: bg_warehouse_repair_20260322132510.png -> EtWqKVc5...
[2026-03-28 19:40:30] 📋   [INFO]   生成 meta: bg_warehouse_storage_20260322132545.png -> DZwSaShi...
[2026-03-28 19:40:30] 📋   [INFO]   生成 meta: bg_warehouse_techpark_20260322132509.png -> GBfAOZNM...
[2026-03-28 19:40:30] 📋   [INFO]   生成 meta: edited_bg_bondedport_night_20260323131115.png -> BIxUueXX...
[2026-03-28 19:40:30] 📋   [INFO]   生成 meta: he_qiming_20260321221916.png -> GOSuST28...
[2026-03-28 19:40:30] 📋   [INFO]   生成 meta: portrait_fang_yichen_20260323150102.png -> Dwq9SVSz...
[2026-03-28 19:40:30] 📋   [INFO]   生成 meta: portrait_gu_qingyun_20260323150002.png -> EIEK2atT...
[2026-03-28 19:40:30] 📋   [INFO]   生成 meta: portrait_han_moli_20260323150104.png -> Ho7a0fZJ...
[2026-03-28 19:40:30] 📋   [INFO]   生成 meta: portrait_han_moli_20260323151315.png -> D97fCeLF...
[2026-03-28 19:40:30] 📋   [INFO]   生成 meta: portrait_he_qiming_20260323150059.png -> EVJqGUe4...
[2026-03-28 19:40:30] 📋   [INFO]   生成 meta: portrait_lin_yuanzhou_20260323150007.png -> G0tBoZKr...
[2026-03-28 19:40:30] 📋   [INFO]   生成 meta: portrait_qian_siyuan_20260323150001.png -> CUI_SVGp...
[2026-03-28 19:40:30] 📋   [INFO]   生成 meta: portrait_shen_yuke_20260323150008.png -> HEwhcWw3...
[2026-03-28 19:40:30] 📋   [INFO]   生成 meta: portrait_sun_yichen_20260323150107.png -> HivRqZSw...
[2026-03-28 19:40:30] 📋   [INFO]   生成 meta: portrait_sun_yichen_20260323151332.png -> H7ww-SRG...
[2026-03-28 19:40:30] 📋   [INFO]   生成 meta: portrait_sun_yichen_20260323151705.png -> GvrXiaMo...
[2026-03-28 19:40:30] 📋   [INFO]   生成 meta: portrait_wu_jianzhi_20260323150105.png -> Ad3HyRLf...
[2026-03-28 19:40:30] 📋   [INFO]   生成 meta: portrait_wu_jianzhi_20260323151310.png -> G2DCGWDh...
[2026-03-28 19:40:30] 📋   [INFO]   生成 meta: portrait_zhao_muyao_20260323150003.png -> C9O7GXpy...
[2026-03-28 19:40:30] 📋   [INFO]   生成 meta: portrait_zhao_muyao_20260323151310.png -> CpmUGZ71...
[2026-03-28 19:40:30] 📋   [INFO]   生成 meta: portrait_zhou_zhengting_20260323150106.png -> ESiZKbyA...
[2026-03-28 19:40:30] 📋   [INFO]   生成 meta: sun_yichen_20260321221854.png -> D65VqagR...
[2026-03-28 19:40:30] 📋   [INFO]   生成 meta: warehouse_bondedport_20260323083134.png -> G7xTMUrn...
[2026-03-28 19:40:30] 📋   [INFO]   生成 meta: warehouse_bondedport_20260323083437.png -> DDIR0aFb...
[2026-03-28 19:40:30] 📋   [INFO]   生成 meta: warehouse_datacenter_20260322110414.png -> FtmDiQ9m...
[2026-03-28 19:40:30] 📋   [INFO]   生成 meta: warehouse_techpark_20260321194424.png -> En9Xicx7...
[2026-03-28 19:40:30] 📋   [INFO]   生成 meta: world_map_20260323084303.png -> CVDzSXf1...
[2026-03-28 19:40:30] 📋   [INFO]   生成 meta: wu_jianzhi_20260321221851.png -> AfYAabhE...
[2026-03-28 19:40:30] 📋   [INFO]   生成 meta: 一级方程式赛车引擎_20260323072423.png -> AfnIwRaL...
[2026-03-28 19:40:30] 📋   [INFO]   生成 meta: 世界大地图_20260321132610.png -> BLwdSQJb...
[2026-03-28 19:40:30] 📋   [INFO]   生成 meta: 世界大地图暗色_20260321132902.png -> Auj-0ev1...
[2026-03-28 19:40:30] 📋   [INFO]   生成 meta: 主机框架残骸_20260322101053.png -> ANIHaVcU...
[2026-03-28 19:40:30] 📋   [INFO]   生成 meta: 二手VR头显_20260321115729.png -> ErXC8dhf...
[2026-03-28 19:40:30] 📋   [INFO]   生成 meta: 二手VR头显_20260321121241.png -> HcW8MXpK...
[2026-03-28 19:40:30] 📋   [INFO]   生成 meta: 二手机械键盘_20260321115739.png -> Eq2MaSfM...
[2026-03-28 19:40:30] 📋   [INFO]   生成 meta: 二手机械键盘_20260321121253.png -> ByE80Y49...
[2026-03-28 19:40:30] 📋   [INFO]   生成 meta: 交通_帆船铜舵轮_20260324114016.png -> B5sJSe9g...
[2026-03-28 19:40:30] 📋   [INFO]   生成 meta: 交通_旧火车钟_20260324114018.png -> F8hkYcbK...
[2026-03-28 19:40:30] 📋   [INFO]   生成 meta: 交通_老式马车车轮_20260324114044.png -> FITcUTDK...
[2026-03-28 19:40:30] 📋   [INFO]   生成 meta: 交通_老船用铜钟_20260324114017.png -> EB_SsYeA...
[2026-03-28 19:40:30] 📋   [INFO]   生成 meta: 交通_老马鞍_20260324114046.png -> Cq1D6VGt...
[2026-03-28 19:40:30] 📋   [INFO]   生成 meta: 交通_航海羊皮地图_20260324114020.png -> F9Bg0b7d...
[2026-03-28 19:40:30] 📋   [INFO]   生成 meta: 交通_蒸汽火车汽笛_20260324114049.png -> Ex4UuXY4...
[2026-03-28 19:40:30] 📋   [INFO]   生成 meta: 人形机器人原型_20260321115406.png -> BxIfoe8m...
[2026-03-28 19:40:30] 📋   [INFO]   生成 meta: 人形机器人原型_20260321120933.png -> Asj1IQ8L...
[2026-03-28 19:40:30] 📋   [INFO]   生成 meta: 仿生关节组件_20260323095142.png -> A99hKfm-...
[2026-03-28 19:40:30] 📋   [INFO]   生成 meta: 仿生关节组件_20260323100307.png -> AuNredUH...
[2026-03-28 19:40:30] 📋   [INFO]   生成 meta: 企业级交换机_20260321115831.png -> HeBMUcKm...
[2026-03-28 19:40:30] 📋   [INFO]   生成 meta: 企业级交换机_20260321121350.png -> A0uPSXa2...
[2026-03-28 19:40:30] 📋   [INFO]   生成 meta: 信号干扰器外壳_20260323094703.png -> EeLOqWSb...
[2026-03-28 19:40:30] 📋   [INFO]   生成 meta: 像素画打印件_20260323095038.png -> BY7CgdTt...
[2026-03-28 19:40:30] 📋   [INFO]   生成 meta: 光刻机镜组模块_20260321115345.png -> GnguibeF...
[2026-03-28 19:40:30] 📋   [INFO]   生成 meta: 光刻机镜组模块_20260321120918.png -> Fz84aX2o...
[2026-03-28 19:40:30] 📋   [INFO]   生成 meta: 克什米尔蓝宝石_20260323072124.png -> Hea0Wdih...
[2026-03-28 19:40:30] 📋   [INFO]   生成 meta: 全息投影名片盒_20260323095029.png -> FNTEuSnO...
[2026-03-28 19:40:30] 📋   [INFO]   生成 meta: 全息投影底座_20260322100040.png -> DeWDkYiy...
[2026-03-28 19:40:30] 📋   [INFO]   生成 meta: 全息投影画框_20260322101404.png -> HPyA-fp-...
[2026-03-28 19:40:30] 📋   [INFO]   生成 meta: 六轴工业机械臂_20260321115408.png -> AlPwGaJl...
[2026-03-28 19:40:30] 📋   [INFO]   生成 meta: 六轴工业机械臂_20260321120927.png -> BoycuZu7...
[2026-03-28 19:40:30] 📋   [INFO]   生成 meta: 军用外骨骼脚踝_20260323095048.png -> FlnUKdjM...
[2026-03-28 19:40:30] 📋   [INFO]   生成 meta: 军用夜光管_20260323094706.png -> Fg5qqbPE...
[2026-03-28 19:40:30] 📋   [INFO]   生成 meta: 军用无人机主板_20260323095204.png -> Fy4mGTDi...
[2026-03-28 19:40:30] 📋   [INFO]   生成 meta: 军用无人机主板_20260323095817.png -> DJL5WXsN...
[2026-03-28 19:40:30] 📋   [INFO]   生成 meta: 军用无人机主板_20260323100425.png -> GDohuQrc...
[2026-03-28 19:40:30] 📋   [INFO]   生成 meta: 冰酒礼盒_20260323081310.png -> FfvnISGG...
[2026-03-28 19:40:30] 📋   [INFO]   生成 meta: 冷却液管_20260322095901.png -> H3Zc-XLe...
[2026-03-28 19:40:30] 📋   [INFO]   生成 meta: 创世区块硬盘_20260322101730.png -> FKy8Kf29...
[2026-03-28 19:40:30] 📋   [INFO]   生成 meta: 初代VR头显_20260322101519.png -> BbVbWTOT...
[2026-03-28 19:40:30] 📋   [INFO]   生成 meta: 初代智能手机工程机_20260322101724.png -> C6brMdQU...
[2026-03-28 19:40:30] 📋   [INFO]   生成 meta: 初代游戏机_20260323094005.png -> GFZ3gQ1S...
[2026-03-28 19:40:30] 📋   [INFO]   生成 meta: 加密U盘_20260323095033.png -> CaZ86Zb8...
[2026-03-28 19:40:30] 📋   [INFO]   生成 meta: 加密无线电台_20260322101557.png -> EPnkuf9I...
[2026-03-28 19:40:30] 📋   [INFO]   生成 meta: 动力外骨骼腿部_20260322101732.png -> H2tnmQ8U...
[2026-03-28 19:40:30] 📋   [INFO]   生成 meta: 动态光雕原件_20260323095042.png -> BBHcuVJv...
[2026-03-28 19:40:30] 📋   [INFO]   生成 meta: 劳斯莱斯飞翼天使_20260323072425.png -> DnFIEb0C...
[2026-03-28 19:40:30] 📋   [INFO]   生成 meta: 协作机器人控制柜_20260321115347.png -> DmIFgZxu...
[2026-03-28 19:40:30] 📋   [INFO]   生成 meta: 协作机器人控制柜_20260321120936.png -> DL1BKVy_...
[2026-03-28 19:40:30] 📋   [INFO]   生成 meta: 协和号驾驶舱仪表盘_20260323072411.png -> FKGWodk-...
[2026-03-28 19:40:30] 📋   [INFO]   生成 meta: 单瓶年份红酒_20260323094531.png -> GH1tQYvd...
[2026-03-28 19:40:30] 📋   [INFO]   生成 meta: 参考地图风格.png -> Cd9ZeT9A...
[2026-03-28 19:40:30] 📋   [INFO]   生成 meta: 反物质约束环_20260322101230.png -> Agb5QQDq...
[2026-03-28 19:40:30] 📋   [INFO]   生成 meta: 反重力推进试验板_20260322101213.png -> DnAycekQ...
[2026-03-28 19:40:30] 📋   [INFO]   生成 meta: 发霉烟丝_20260323080715.png -> Bc7eKUfJ...
[2026-03-28 19:40:30] 📋   [INFO]   生成 meta: 发霉烟丝_20260323081429.png -> CG7-scZX...
[2026-03-28 19:40:30] 📋   [INFO]   生成 meta: 古巴雪茄单支_20260323094517.png -> F8IwGVOu...
[2026-03-28 19:40:30] 📋   [INFO]   生成 meta: 古巴雪茄（半盒）_20260323081211.png -> H1cA8Qxr...
[2026-03-28 19:40:30] 📋   [INFO]   生成 meta: 古董_唐代铜镜_20260324112928.png -> AvHliXn4...
[2026-03-28 19:40:30] 📋   [INFO]   生成 meta: 古董_汉代漆盒_20260324112932.png -> Cfr2idt3...
[2026-03-28 19:40:30] 📋   [INFO]   生成 meta: 古董_瓷枕碎块_20260324112930.png -> H8Nz0bGc...
[2026-03-28 19:40:30] 📋   [INFO]   生成 meta: 古董_老墨锭_20260324112929.png -> FiGSoU9N...
[2026-03-28 19:40:30] 📋   [INFO]   生成 meta: 古董_老铜秤杆_20260324112930.png -> CMJieVJs...
[2026-03-28 19:40:30] 📋   [INFO]   生成 meta: 古董_铜造像残件_20260324112934.png -> ADFf0Qw5...
[2026-03-28 19:40:30] 📋   [INFO]   生成 meta: 古董_铜香盒_20260324112945.png -> FhcNWQFx...
[2026-03-28 19:40:30] 📋   [INFO]   生成 meta: 古董打火机（Zippo初代）_20260323071917.png -> ECNz-boZ...
[2026-03-28 19:40:31] 📋   [INFO]   生成 meta: 古董摩托车_20260323094539.png -> H7ns4abs...
[2026-03-28 19:40:31] 📋   [INFO]   生成 meta: 合金螺栓_20260322095716.png -> E8dXGZ_q...
[2026-03-28 19:40:31] 📋   [INFO]   生成 meta: 名家竹雕臂搁_20260323072044.png -> DvbxycUX...
[2026-03-28 19:40:31] 📋   [INFO]   生成 meta: 唐三彩骆驼俑_20260323071944.png -> E5gDAQDP...
[2026-03-28 19:40:31] 📋   [INFO]   生成 meta: 商代青铜方鼎_20260323071938.png -> GGvgSfWG...
[2026-03-28 19:40:31] 📋   [INFO]   生成 meta: 固态电池原型模组_20260321115647.png -> B1buuTJE...
[2026-03-28 19:40:31] 📋   [INFO]   生成 meta: 固态电池原型模组_20260321121149.png -> HwV8sczD...
[2026-03-28 19:40:31] 📋   [INFO]   生成 meta: 图灵手稿残页_20260323072036.png -> CqmR-ZAC...
[2026-03-28 19:40:31] 📋   [INFO]   生成 meta: 坏智能手环_20260321115930.png -> F3n3gRP3...
[2026-03-28 19:40:31] 📋   [INFO]   生成 meta: 坏智能手环_20260321121413.png -> Co9OgSTU...
[2026-03-28 19:40:31] 📋   [INFO]   生成 meta: 坏电动滑板_20260321115506.png -> GBupCUpD...
[2026-03-28 19:40:31] 📋   [INFO]   生成 meta: 坏电动滑板_20260321121005.png -> GRNrIWW0...
[2026-03-28 19:40:31] 📋   [INFO]   生成 meta: 坏路由器_20260321115725.png -> EHW7Ue97...
[2026-03-28 19:40:31] 📋   [INFO]   生成 meta: 坏路由器_20260321121246.png -> CjqP4fBU...
[2026-03-28 19:40:31] 📋   [INFO]   生成 meta: 城市大地图_20260321132400.png -> BCCOoRWA...
[2026-03-28 19:40:31] 📋   [INFO]   生成 meta: 天线模组_20260322095906.png -> CAlOWQqL...
[2026-03-28 19:40:31] 📋   [INFO]   生成 meta: 太阳能电池板碎片_20260323094711.png -> FDvV4ejg...
[2026-03-28 19:40:31] 📋   [INFO]   生成 meta: 宋代建盏_20260323071922.png -> GOCNwe5o...
[2026-03-28 19:40:31] 📋   [INFO]   生成 meta: 宋代瓷枕_20260323094230.png -> CEPv4Rxf...
[2026-03-28 19:40:31] 📋   [INFO]   生成 meta: 定制AI芯片_20260321115815.png -> BGuZ2Q5r...
[2026-03-28 19:40:31] 📋   [INFO]   生成 meta: 定制AI芯片_20260321121331.png -> DeK5qTjT...
[2026-03-28 19:40:31] 📋   [INFO]   生成 meta: 小型CNC主轴_20260321115315.png -> C4IZWdE0...
[2026-03-28 19:40:31] 📋   [INFO]   生成 meta: 小型CNC主轴_20260321120918.png -> HArRaf6m...
[2026-03-28 19:40:31] 📋   [INFO]   生成 meta: 小型气缸_20260321115251.png -> G1cfEQ0Z...
[2026-03-28 19:40:31] 📋   [INFO]   生成 meta: 小型气缸_20260321120833.png -> GF12yXrh...
[2026-03-28 19:40:31] 📋   [INFO]   生成 meta: 小型液压缸_20260321115248.png -> HmpIMW-L...
[2026-03-28 19:40:31] 📋   [INFO]   生成 meta: 小型液压缸_20260321120835.png -> DqE70fld...
[2026-03-28 19:40:31] 📋   [INFO]   生成 meta: 居里夫人笔记本_20260323072032.png -> DmyGuTKF...
[2026-03-28 19:40:31] 📋   [INFO]   生成 meta: 工业级交换机_20260322100412.png -> Hh0jUcC2...
[2026-03-28 19:40:31] 📋   [INFO]   生成 meta: 工业级交换机_20260322100941.png -> D9meWQ-1...
[2026-03-28 19:40:31] 📋   [INFO]   生成 meta: 工业级激光管_20260323094655.png -> CZBygXZH...
[2026-03-28 19:40:31] 📋   [INFO]   生成 meta: 工业视觉相机_20260321115415.png -> CDW8gZyq...
[2026-03-28 19:40:31] 📋   [INFO]   生成 meta: 工业视觉相机_20260321120927.png -> FW21yUEc...
[2026-03-28 19:40:31] 📋   [INFO]   生成 meta: 年份波尔多红酒_20260323081214.png -> DbnnmSp3...
[2026-03-28 19:40:31] 📋   [INFO]   生成 meta: 年份香槟木箱_20260323081326.png -> AZqpQfzZ...
[2026-03-28 19:40:31] 📋   [INFO]   生成 meta: 年份龙舌兰_20260323081303.png -> B8Thsf8r...
[2026-03-28 19:40:31] 📋   [INFO]   生成 meta: 废墟摄影集孤本_20260322101344.png -> GAMWeanA...
[2026-03-28 19:40:31] 📋   [INFO]   生成 meta: 废弃传感器_20260321115203.png -> EZVpmcrY...
[2026-03-28 19:40:31] 📋   [INFO]   生成 meta: 废弃传感器_20260321120739.png -> HWps6UH-...
[2026-03-28 19:40:31] 📋   [INFO]   生成 meta: 废弃反光镜_20260321115440.png -> DL--UY3E...
[2026-03-28 19:40:31] 📋   [INFO]   生成 meta: 废弃反光镜_20260321121026.png -> HwmuKV_k...
[2026-03-28 19:40:31] 📋   [INFO]   生成 meta: 废弃生物电池组_20260322101220.png -> A1AYCTqf...
[2026-03-28 19:40:31] 📋   [INFO]   生成 meta: 废弃电路板_20260321115202.png -> FRRd4S9d...
[2026-03-28 19:40:31] 📋   [INFO]   生成 meta: 废弃电路板_20260321120736.png -> Bj54werO...
[2026-03-28 19:40:31] 📋   [INFO]   生成 meta: 废旧VR手套_20260323095818.png -> FWLXuUem...
[2026-03-28 19:40:31] 📋   [INFO]   生成 meta: 废旧VR手套_20260323100436.png -> GY2v8Y-s...
[2026-03-28 19:40:31] 📋   [INFO]   生成 meta: 废旧光纤头_20260322095715.png -> GCrCKRdx...
[2026-03-28 19:40:31] 📋   [INFO]   生成 meta: 废旧路由核心_20260322100013.png -> EjKjESjm...
[2026-03-28 19:40:31] 📋   [INFO]   生成 meta: 废齿轮组_20260321115217.png -> HVke-Rps...
[2026-03-28 19:40:31] 📋   [INFO]   生成 meta: 废齿轮组_20260321120741.png -> Es_c2f5N...
[2026-03-28 19:40:31] 📋   [INFO]   生成 meta: 张大千泼墨山水_20260323072114.png -> FHeeaWOt...
[2026-03-28 19:40:31] 📋   [INFO]   生成 meta: 当代艺术家签名版画_20260321115911.png -> EYOZwW41...
[2026-03-28 19:40:31] 📋   [INFO]   生成 meta: 当代艺术家签名版画_20260321121417.png -> DegLKejQ...
[2026-03-28 19:40:31] 📋   [INFO]   生成 meta: 微型散热片_20260322095732.png -> Bqe8eWmc...
[2026-03-28 19:40:31] 📋   [INFO]   生成 meta: 微型聚变点火器_20260322101229.png -> GJMBOR9V...
[2026-03-28 19:40:31] 📋   [INFO]   生成 meta: 微型陀螞稳定仪_20260322101843.png -> FwEcWWf7...
[2026-03-28 19:40:31] 📋   [INFO]   生成 meta: 德国光学镜头_20260323072339.png -> AhoVwU__...
[2026-03-28 19:40:31] 📋   [INFO]   生成 meta: 恒星之心冷核_20260322101222.png -> F5cW-aB_...
[2026-03-28 19:40:31] 📋   [INFO]   生成 meta: 意大利陈醋_20260323081213.png -> CFNNefvb...
[2026-03-28 19:40:31] 📋   [INFO]   生成 meta: 意识数字化接口_20260322101717.png -> CrkxYZYt...
[2026-03-28 19:40:31] 📋   [INFO]   生成 meta: 战国青铜剑_20260323071930.png -> BxMyERfo...
[2026-03-28 19:40:31] 📋   [INFO]   生成 meta: 战斗机弹射座椅_20260323072416.png -> E9DmEfSb...
[2026-03-28 19:40:31] 📋   [INFO]   生成 meta: 手动缝纫机_20260323094355.png -> FcEkEc9s...
[2026-03-28 19:40:31] 📋   [INFO]   生成 meta: 拉瓦锡实验器具_20260323072026.png -> Et38IZms...
[2026-03-28 19:40:31] 📋   [INFO]   生成 meta: 排气管总成_20260321115537.png -> AIFWMWcP...
[2026-03-28 19:40:31] 📋   [INFO]   生成 meta: 排气管总成_20260321121106.png -> HXKWuS5t...
[2026-03-28 19:40:31] 📋   [INFO]   生成 meta: 散装茶包_20260323080714.png -> HLnMKVnP...
[2026-03-28 19:40:31] 📋   [INFO]   生成 meta: 散装茶包_20260323081428.png -> Alb44YUe...
[2026-03-28 19:40:31] 📋   [INFO]   生成 meta: 敦煌壁画残片_20260323072134.png -> A4-VYcrV...
[2026-03-28 19:40:31] 📋   [INFO]   生成 meta: 数据存储柜_20260322101054.png -> C_zu8ReF...
[2026-03-28 19:40:31] 📋   [INFO]   生成 meta: 整箱年份茅台_20260323081306.png -> FRjC2dr-...
[2026-03-28 19:40:31] 📋   [INFO]   生成 meta: 整箱进口红酒_20260323094520.png -> DkK9QcWs...
[2026-03-28 19:40:31] 📋   [INFO]   生成 meta: 整箱进口雪茄_20260323081316.png -> DbSBKVMy...
[2026-03-28 19:40:31] 📋   [INFO]   生成 meta: 断线数据芯片_20260322095713.png -> CXi6GagV...
[2026-03-28 19:40:31] 📋   [INFO]   生成 meta: 断裂传动带_20260321115201.png -> DOaOAXLq...
[2026-03-28 19:40:31] 📋   [INFO]   生成 meta: 断裂传动带_20260321120806.png -> FrlCAeOr...
[2026-03-28 19:40:31] 📋   [INFO]   生成 meta: 无人机涡轮引擎_20260323095051.png -> E9cBKe8d...
[2026-03-28 19:40:31] 📋   [INFO]   生成 meta: 日本清酒礼盒_20260323081233.png -> GbbRCePa...
[2026-03-28 19:40:31] 📋   [INFO]   生成 meta: 日本限定清酒_20260323094530.png -> BD7Yeaaj...
[2026-03-28 19:40:31] 📋   [INFO]   生成 meta: 旧GPS导航仪_20260321115534.png -> DAUKKcA4...
[2026-03-28 19:40:31] 📋   [INFO]   生成 meta: 旧GPS导航仪_20260321121057.png -> CcOIiUKg...
[2026-03-28 19:40:31] 📋   [INFO]   生成 meta: 旧PLC控制器_20260321115306.png -> DAd2-WQG...
[2026-03-28 19:40:31] 📋   [INFO]   生成 meta: 旧PLC控制器_20260321120840.png -> A-PGQXvV...
[2026-03-28 19:40:31] 📋   [INFO]   生成 meta: 旧USB集线器_20260321115727.png -> BLR_uanJ...
[2026-03-28 19:40:31] 📋   [INFO]   生成 meta: 旧USB集线器_20260321121247.png -> HP8m8e4d...
[2026-03-28 19:40:31] 📋   [INFO]   生成 meta: 旧仪表壳_20260321115449.png -> AuEH2Qky...
[2026-03-28 19:40:31] 📋   [INFO]   生成 meta: 旧仪表壳_20260321121058.png -> E77SIVMj...
[2026-03-28 19:40:31] 📋   [INFO]   生成 meta: 旧伺服电机_20260323095159.png -> AvSaAd-4...
[2026-03-28 19:40:31] 📋   [INFO]   生成 meta: 旧伺服电机_20260323100309.png -> AKI_oSO_...
[2026-03-28 19:40:31] 📋   [INFO]   生成 meta: 旧伺服驱动器_20260321115254.png -> H3v-uQQG...
[2026-03-28 19:40:31] 📋   [INFO]   生成 meta: 旧伺服驱动器_20260321120839.png -> CdUJMQcG...
[2026-03-28 19:40:31] 📋   [INFO]   生成 meta: 旧充电头_20260321115738.png -> Fs67gVRU...
[2026-03-28 19:40:31] 📋   [INFO]   生成 meta: 旧充电头_20260321121302.png -> EFDL8R4P...
[2026-03-28 19:40:31] 📋   [INFO]   生成 meta: 旧减速器_20260321115246.png -> Hb_roQPQ...
[2026-03-28 19:40:31] 📋   [INFO]   生成 meta: 旧减速器_20260321120834.png -> DyFRUXnA...
[2026-03-28 19:40:31] 📋   [INFO]   生成 meta: 旧型号线缆束_20260322095847.png -> FoH-QXX8...
[2026-03-28 19:40:31] 📋   [INFO]   生成 meta: 旧头盔_20260321115443.png -> F5a0mYts...
[2026-03-28 19:40:31] 📋   [INFO]   生成 meta: 旧头盔_20260321121011.png -> C1qCYTQN...
[2026-03-28 19:40:32] 📋   [INFO]   生成 meta: 旧工具箱_20260321115210.png -> B-hiYfmY...
[2026-03-28 19:40:32] 📋   [INFO]   生成 meta: 旧工具箱_20260321120743.png -> GuonUcp_...
[2026-03-28 19:40:32] 📋   [INFO]   生成 meta: 旧平板电脑_20260321115731.png -> Fecl2d61...
[2026-03-28 19:40:32] 📋   [INFO]   生成 meta: 旧平板电脑_20260321121244.png -> BvvgWa_P...
[2026-03-28 19:40:32] 📋   [INFO]   生成 meta: 旧开瓶器_20260323081216.png -> EqBhKc_6...
[2026-03-28 19:40:32] 📋   [INFO]   生成 meta: 旧开瓶器_20260323081443.png -> GOFcOZgc...
[2026-03-28 19:40:32] 📋   [INFO]   生成 meta: 旧散热风扇_20260321115219.png -> Brs3OaCD...
[2026-03-28 19:40:32] 📋   [INFO]   生成 meta: 旧散热风扇_20260321120740.png -> FcR9wVjv...
[2026-03-28 19:40:32] 📋   [INFO]   生成 meta: 旧无人机_20260321115737.png -> BFt8acCI...
[2026-03-28 19:40:32] 📋   [INFO]   生成 meta: 旧无人机_20260321121241.png -> AGInebl6...
[2026-03-28 19:40:32] 📋   [INFO]   生成 meta: 旧无线耳机_20260321115733.png -> B5uJ2Xon...
[2026-03-28 19:40:32] 📋   [INFO]   生成 meta: 旧无线耳机_20260321121259.png -> D8NR2WJM...
[2026-03-28 19:40:32] 📋   [INFO]   生成 meta: 旧智能音箱_20260321115730.png -> DhMb4SuT...
[2026-03-28 19:40:32] 📋   [INFO]   生成 meta: 旧智能音箱_20260321121242.png -> Cns0uakT...
[2026-03-28 19:40:32] 📋   [INFO]   生成 meta: 旧海报_20260321115818.png -> GdWrIUIa...
[2026-03-28 19:40:32] 📋   [INFO]   生成 meta: 旧海报_20260321121332.png -> BjOMWdZu...
[2026-03-28 19:40:32] 📋   [INFO]   生成 meta: 旧涡轮增压器_20260321115643.png -> EYt2gWEa...
[2026-03-28 19:40:32] 📋   [INFO]   生成 meta: 旧涡轮增压器_20260321121145.png -> CRxrOWm2...
[2026-03-28 19:40:32] 📋   [INFO]   生成 meta: 旧电机外壳_20260321115204.png -> H_D6kcuz...
[2026-03-28 19:40:32] 📋   [INFO]   生成 meta: 旧电机外壳_20260321120737.png -> CcPLkaEg...
[2026-03-28 19:40:32] 📋   [INFO]   生成 meta: 旧画框_20260321115833.png -> GjGVASA9...
[2026-03-28 19:40:32] 📋   [INFO]   生成 meta: 旧画框_20260321121329.png -> AxZaSZIa...
[2026-03-28 19:40:32] 📋   [INFO]   生成 meta: 旧等离子球_20260323094710.png -> ClcUkb5n...
[2026-03-28 19:40:32] 📋   [INFO]   生成 meta: 旧线缆束_20260321115201.png -> ADTeocza...
[2026-03-28 19:40:32] 📋   [INFO]   生成 meta: 旧线缆束_20260321120738.png -> Ck9wyUdP...
[2026-03-28 19:40:32] 📋   [INFO]   生成 meta: 旧自行车轮_20260321115448.png -> CFXcWevP...
[2026-03-28 19:40:32] 📋   [INFO]   生成 meta: 旧自行车轮_20260321121006.png -> FM44Gc4j...
[2026-03-28 19:40:32] 📋   [INFO]   生成 meta: 旧蓝牙戒指_20260321115915.png -> FYsL4ePB...
[2026-03-28 19:40:32] 📋   [INFO]   生成 meta: 旧蓝牙戒指_20260321121416.png -> Hr9amRqf...
[2026-03-28 19:40:32] 📋   [INFO]   生成 meta: 旧行车电脑_20260321115539.png -> Co--yWOr...
[2026-03-28 19:40:32] 📋   [INFO]   生成 meta: 旧行车电脑_20260321121059.png -> G1IuGQF0...
[2026-03-28 19:40:32] 📋   [INFO]   生成 meta: 旧行车记录仪_20260321115446.png -> H4IQYQmY...
[2026-03-28 19:40:32] 📋   [INFO]   生成 meta: 旧行车记录仪_20260321121027.png -> HYbageji...
[2026-03-28 19:40:32] 📋   [INFO]   生成 meta: 旧赛车座椅_20260321115600.png -> HCnVEXbc...
[2026-03-28 19:40:32] 📋   [INFO]   生成 meta: 旧赛车座椅_20260321121053.png -> CtwMeTl8...
[2026-03-28 19:40:32] 📋   [INFO]   生成 meta: 旧车牌框_20260321115455.png -> DyQDCVMP...
[2026-03-28 19:40:32] 📋   [INFO]   生成 meta: 旧车牌框_20260321121015.png -> DsqISaQv...
[2026-03-28 19:40:32] 📋   [INFO]   生成 meta: 旧车载充电器_20260321115448.png -> C-AS8Ym3...
[2026-03-28 19:40:32] 📋   [INFO]   生成 meta: 旧车载充电器_20260321121023.png -> AmeKUd5-...
[2026-03-28 19:40:32] 📋   [INFO]   生成 meta: 旧车载音响_20260321115538.png -> EYRASblS...
[2026-03-28 19:40:32] 📋   [INFO]   生成 meta: 旧车载音响_20260321121115.png -> Huh-iQNp...
[2026-03-28 19:40:32] 📋   [INFO]   生成 meta: 早期Apple-I主板_20260323072025.png -> GxNRyZA3...
[2026-03-28 19:40:32] 📋   [INFO]   生成 meta: 明代铜佛手炉_20260323071918.png -> EP2cQdGp...
[2026-03-28 19:40:32] 📋   [INFO]   生成 meta: 明代铜鎏金佛像_20260323072033.png -> AstIoWWz...
[2026-03-28 19:40:32] 📋   [INFO]   生成 meta: 服务器机柜满配_20260321115821.png -> Fi-HAXVb...
[2026-03-28 19:40:32] 📋   [INFO]   生成 meta: 服务器机柜满配_20260321121335.png -> GLaH6cJk...
[2026-03-28 19:40:32] 📋   [INFO]   生成 meta: 机房空调机组_20260322101038.png -> HPHo6Soz...
[2026-03-28 19:40:32] 📋   [INFO]   生成 meta: 机架式服务器_20260322100430.png -> CcqhEZol...
[2026-03-28 19:40:32] 📋   [INFO]   生成 meta: 机架式服务器_20260322100929.png -> EtJuqV3J...
[2026-03-28 19:40:32] 📋   [INFO]   生成 meta: 机械_古董留声机_20260324113859.png -> HFOEMbp2...
[2026-03-28 19:40:32] 📋   [INFO]   生成 meta: 机械_瑞士八音盒_20260324113933.png -> GLMNSZgs...
[2026-03-28 19:40:32] 📋   [INFO]   生成 meta: 机械_老式计量秤_20260324113906.png -> FfUHOdMd...
[2026-03-28 19:40:32] 📋   [INFO]   生成 meta: 机械_老缝纫机头_20260324113907.png -> Fxej4Qil...
[2026-03-28 19:40:32] 📋   [INFO]   生成 meta: 机械_老钟表发条_20260324113945.png -> E9eR8cpZ...
[2026-03-28 19:40:32] 📋   [INFO]   生成 meta: 机械_铜质打字机键_20260324113905.png -> ATNpAW7P...
[2026-03-28 19:40:32] 📋   [INFO]   生成 meta: 机械_铜质望远镜筒_20260324113900.png -> A4m68Qhb...
[2026-03-28 19:40:32] 📋   [INFO]   生成 meta: 机械秒表_20260323094007.png -> HsdaAZOc...
[2026-03-28 19:40:32] 📋   [INFO]   生成 meta: 机械臂全套框架_20260322101721.png -> E22c2Sfi...
[2026-03-28 19:40:32] 📋   [INFO]   生成 meta: 机械臂关节模组_20260321115248.png -> DU6XOT_f...
[2026-03-28 19:40:32] 📋   [INFO]   生成 meta: 机械臂关节模组_20260321120916.png -> Fkdn8d-H...
[2026-03-28 19:40:32] 📋   [INFO]   生成 meta: 核电站控制杆_20260323094659.png -> HRVd4XRj...
[2026-03-28 19:40:32] 📋   [INFO]   生成 meta: 概念艺术画册_20260321115913.png -> HoNvkeuH...
[2026-03-28 19:40:32] 📋   [INFO]   生成 meta: 概念艺术画册_20260321121448.png -> CuCZiTFI...
[2026-03-28 19:40:32] 📋   [INFO]   生成 meta: 步进电机_20260321115245.png -> HYIJ8QIP...
[2026-03-28 19:40:32] 📋   [INFO]   生成 meta: 步进电机_20260321120837.png -> B8RWsbGh...
[2026-03-28 19:40:32] 📋   [INFO]   生成 meta: 残缺手办_20260321115817.png -> FtV4EUOt...
[2026-03-28 19:40:32] 📋   [INFO]   生成 meta: 残缺手办_20260321121346.png -> CBlS-dPk...
[2026-03-28 19:40:32] 📋   [INFO]   生成 meta: 比特矿机主板_20260322101525.png -> Gdewed-l...
[2026-03-28 19:40:32] 📋   [INFO]   生成 meta: 民国月份牌_20260323094225.png -> Emi7GXdk...
[2026-03-28 19:40:32] 📋   [INFO]   生成 meta: 气动缸筒_20260323095155.png -> Dr15QdOr...
[2026-03-28 19:40:32] 📋   [INFO]   生成 meta: 气动缸筒_20260323100323.png -> FvShYSnb...
[2026-03-28 19:40:32] 📋   [INFO]   生成 meta: 氖气灯管碎片_20260322095717.png -> DCQpWbNY...
[2026-03-28 19:40:32] 📋   [INFO]   生成 meta: 汉代陶俑_20260323093757.png -> F2gKqfxk...
[2026-03-28 19:40:32] 📋   [INFO]   生成 meta: 沉船打捞香槟_20260323081302.png -> HVVe6VrX...
[2026-03-28 19:40:32] 📋   [INFO]   生成 meta: 法国白兰地_20260323081215.png -> BQDWsQob...
[2026-03-28 19:40:32] 📋   [INFO]   生成 meta: 法拉第线圈装置_20260323094011.png -> CK0TMUDU...
[2026-03-28 19:40:32] 📋   [INFO]   生成 meta: 波特酒_20260323081212.png -> Hhx4iToK...
[2026-03-28 19:40:32] 📋   [INFO]   生成 meta: 液冷循环塔_20260322100410.png -> DtWNeR0f...
[2026-03-28 19:40:32] 📋   [INFO]   生成 meta: 液冷循环塔_20260322100926.png -> H9gNYRqO...
[2026-03-28 19:40:32] 📋   [INFO]   生成 meta: 液压动力单元_20260323095641.png -> FCU0gUC3...
[2026-03-28 19:40:32] 📋   [INFO]   生成 meta: 液压指关节组_20260322101743.png -> AQircRIz...
[2026-03-28 19:40:32] 📋   [INFO]   生成 meta: 液态金属戒指_20260322101731.png -> B_03eewi...
[2026-03-28 19:40:32] 📋   [INFO]   生成 meta: 深渊之眼监控核心_20260322101734.png -> AUCoSTNW...
[2026-03-28 19:40:32] 📋   [INFO]   生成 meta: 清乾隆粉彩瓶_20260323072000.png -> E_foObkd...
[2026-03-28 19:40:32] 📋   [INFO]   生成 meta: 清代官帽_20260323093801.png -> FfgY0V1Q...
[2026-03-28 19:40:32] 📋   [INFO]   生成 meta: 清代鼻烟壶（珐琅）_20260323071927.png -> Bk75iXGi...
[2026-03-28 19:40:32] 📋   [INFO]   生成 meta: 清宫如意_20260323094229.png -> G7wEeWHw...
[2026-03-28 19:40:32] 📋   [INFO]   生成 meta: 潜艇潜望镜_20260323094347.png -> BwM3oZJA...
[2026-03-28 19:40:32] 📋   [INFO]   生成 meta: 激光切割头_20260321115303.png -> Dq8x8e54...
[2026-03-28 19:40:32] 📋   [INFO]   生成 meta: 激光切割头_20260321120838.png -> BykukaDu...
[2026-03-28 19:40:32] 📋   [INFO]   生成 meta: 烂软木塞_20260323080719.png -> GwxdSaOs...
[2026-03-28 19:40:32] 📋   [INFO]   生成 meta: 烂软木塞_20260323081426.png -> C1GTQT0c...
[2026-03-28 19:40:32] 📋   [INFO]   生成 meta: 烟斗礼盒_20260323081218.png -> DM31UeaN...
[2026-03-28 19:40:32] 📋   [INFO]   生成 meta: 烧毁的内存条_20260322095740.png -> BEAjSY5r...
[2026-03-28 19:40:32] 📋   [INFO]   生成 meta: 爱迪生留声机部件_20260323094018.png -> Dnfe6fgF...
[2026-03-28 19:40:32] 📋   [INFO]   生成 meta: 玛瑙扳指_20260323094208.png -> FSCxibek...
[2026-03-28 19:40:32] 📋   [INFO]   生成 meta: 现代抽象油画_20260321115925.png -> CJxDWV5l...
[2026-03-28 19:40:32] 📋   [INFO]   生成 meta: 现代抽象油画_20260321121433.png -> Crq9sY-o...
[2026-03-28 19:40:32] 📋   [INFO]   生成 meta: 珠宝_天然珍珠项链_20260324113420.png -> F8ydEVhm...
[2026-03-28 19:40:32] 📋   [INFO]   生成 meta: 珠宝_天然珍珠项链_20260324114202.png -> Gq2cGaTH...
[2026-03-28 19:40:32] 📋   [INFO]   生成 meta: 珠宝_珍珠碎串_20260324113426.png -> GoNWOVX6...
[2026-03-28 19:40:32] 📋   [INFO]   生成 meta: 珠宝_珍珠碎串_20260324114206.png -> HH4imdhH...
[2026-03-28 19:40:32] 📋   [INFO]   生成 meta: 珠宝_琥珀虫珀_20260324113402.png -> GNNfydal...
[2026-03-28 19:40:32] 📋   [INFO]   生成 meta: 珠宝_琥珀虫珀_20260324114140.png -> BXI5yXg3...
[2026-03-28 19:40:32] 📋   [INFO]   生成 meta: 珠宝_翡翠戒面_20260324113356.png -> GP8pOSss...
[2026-03-28 19:40:32] 📋   [INFO]   生成 meta: 珠宝_翡翠戒面_20260324114155.png -> ElJSIbKU...
[2026-03-28 19:40:32] 📋   [INFO]   生成 meta: 珠宝_老银手镯_20260324113426.png -> HaKjcRsu...
[2026-03-28 19:40:32] 📋   [INFO]   生成 meta: 珠宝_老银手镯_20260324114138.png -> FGRJSSSg...
[2026-03-28 19:40:32] 📋   [INFO]   生成 meta: 珠宝_蜜蜡碎料_20260324113858.png -> BDrIqano...
[2026-03-28 19:40:32] 📋   [INFO]   生成 meta: 珠宝_蜜蜡碎料_20260324114147.png -> ALNSSaLP...
[2026-03-28 19:40:32] 📋   [INFO]   生成 meta: 珠宝_银质酒杯_20260324113415.png -> ANv8sZ4b...
[2026-03-28 19:40:32] 📋   [INFO]   生成 meta: 珠宝_银质酒杯_20260324114147.png -> GyWrye5D...
[2026-03-28 19:40:32] 📋   [INFO]   生成 meta: 瑞士钟表机芯_20260323072133.png -> GkIrKayo...
[2026-03-28 19:40:32] 📋   [INFO]   生成 meta: 瓦特蒸汽机零件_20260323094034.png -> ELfL4eIk...
[2026-03-28 19:40:32] 📋   [INFO]   生成 meta: 生物芯片植入器_20260323095157.png -> Cub9QXUD...
[2026-03-28 19:40:32] 📋   [INFO]   生成 meta: 生物芯片植入器_20260323095905.png -> BIPnOXpS...
[2026-03-28 19:40:32] 📋   [INFO]   生成 meta: 生物芯片植入器_20260323100437.png -> G8ez2eDl...
[2026-03-28 19:40:32] 📋   [INFO]   生成 meta: 生物识别门锁_20260322100909.png -> F0KL4ZG1...
[2026-03-28 19:40:32] 📋   [INFO]   生成 meta: 生物识别门锁_20260322100922.png -> HzTFYauj...
[2026-03-28 19:40:32] 📋   [INFO]   生成 meta: 电动汽车电池模组_20260321115542.png -> A_l2-byU...
[2026-03-28 19:40:32] 📋   [INFO]   生成 meta: 电动汽车电池模组_20260321121114.png -> A46WCSfS...
[2026-03-28 19:40:32] 📋   [INFO]   生成 meta: 电动汽车驱动电机_20260321115658.png -> EPct0dLR...
[2026-03-28 19:40:32] 📋   [INFO]   生成 meta: 电动汽车驱动电机_20260321121146.png -> Ga3s-eRb...
[2026-03-28 19:40:32] 📋   [INFO]   生成 meta: 电动滑板车电池_20260321115539.png -> HT9l-amC...
[2026-03-28 19:40:32] 📋   [INFO]   生成 meta: 电动滑板车电池_20260321121053.png -> BjW5aa-H...
[2026-03-28 19:40:32] 📋   [INFO]   生成 meta: 电动超跑轮毂套装_20260321115652.png -> CM8QKS26...
[2026-03-28 19:40:32] 📋   [INFO]   生成 meta: 电动超跑轮毂套装_20260321121204.png -> Ggx7ofz1...
[2026-03-28 19:40:32] 📋   [INFO]   生成 meta: 电动车控制器_20260321115543.png -> DDpjGed2...
[2026-03-28 19:40:32] 📋   [INFO]   生成 meta: 电动车控制器_20260321121056.png -> EzOwee7x...
[2026-03-28 19:40:32] 📋   [INFO]   生成 meta: 电子涅槃装置_20260322101343.png -> DQ2kMX48...
[2026-03-28 19:40:32] 📋   [INFO]   生成 meta: 电磁悬浮陀螞_20260323094702.png -> Ev7c8Tsl...
[2026-03-28 19:40:32] 📋   [INFO]   生成 meta: 登月相机镜头组件_20260323072034.png -> Fj3l4W7p...
[2026-03-28 19:40:32] 📋   [INFO]   生成 meta: 百年干邑白兰地_20260323081300.png -> FrKhWRjS...
[2026-03-28 19:40:32] 📋   [INFO]   生成 meta: 百年陈酿白兰地_20260323094656.png -> FjC3iVMJ...
[2026-03-28 19:40:32] 📋   [INFO]   生成 meta: 知名艺术家雕塑_20260321115915.png -> EHE-MciQ...
[2026-03-28 19:40:32] 📋   [INFO]   生成 meta: 知名艺术家雕塑_20260321121421.png -> AMEeCUll...
[2026-03-28 19:40:32] 📋   [INFO]   生成 meta: 砖雕花片_20260323094006.png -> H-qtMVhO...
[2026-03-28 19:40:32] 📋   [INFO]   生成 meta: 破轮胎_20260321115505.png -> B4BHkZ9s...
[2026-03-28 19:40:32] 📋   [INFO]   生成 meta: 破轮胎_20260321121007.png -> Eye40dlA...
[2026-03-28 19:40:32] 📋   [INFO]   生成 meta: 破酒杯_20260323080711.png -> C7Sh2d_D...
[2026-03-28 19:40:32] 📋   [INFO]   生成 meta: 破酒杯_20260323081424.png -> DZ3USYao...
[2026-03-28 19:40:32] 📋   [INFO]   生成 meta: 硬盘阵列盒_20260322100015.png -> CpJZYeUC...
[2026-03-28 19:40:32] 📋   [INFO]   生成 meta: 碎屏手机_20260321115747.png -> B5-A8X7b...
[2026-03-28 19:40:32] 📋   [INFO]   生成 meta: 碎屏手机_20260321121245.png -> G_FV8SBN...
[2026-03-28 19:40:32] 📋   [INFO]   生成 meta: 碎酒瓶_20260323080734.png -> H_Fvoc-8...
[2026-03-28 19:40:32] 📋   [INFO]   生成 meta: 碎酒瓶_20260323081431.png -> Gd-AsTEO...
[2026-03-28 19:40:32] 📋   [INFO]   生成 meta: 碎马赛克片_20260321115836.png -> Gvbm0T0W...
[2026-03-28 19:40:32] 📋   [INFO]   生成 meta: 碎马赛克片_20260321121330.png -> AtJq0QC2...
[2026-03-28 19:40:32] 📋   [INFO]   生成 meta: 碳纤维手骨套件_20260322101543.png -> Ecczac_a...
[2026-03-28 19:40:32] 📋   [INFO]   生成 meta: 碳纤维机械臂段_20260323095206.png -> FnpqKaKs...
[2026-03-28 19:40:32] 📋   [INFO]   生成 meta: 碳纤维机械臂段_20260323100310.png -> CxzVkc2s...
[2026-03-28 19:40:32] 📋   [INFO]   生成 meta: 碳纤维车架_20260321115547.png -> FkB1oT9c...
[2026-03-28 19:40:32] 📋   [INFO]   生成 meta: 碳纤维车架_20260321121055.png -> HLu0uaI9...
[2026-03-28 19:40:32] 📋   [INFO]   生成 meta: 碳纤维车身面板_20260321115628.png -> EtnQ6V_p...
[2026-03-28 19:40:32] 📋   [INFO]   生成 meta: 碳纤维车身面板_20260321121143.png -> DXI_qVkt...
[2026-03-28 19:40:32] 📋   [INFO]   生成 meta: 碳纤维面板_20260322095847.png -> CvC4URgY...
[2026-03-28 19:40:32] 📋   [INFO]   生成 meta: 碳纳米管样品管_20260323094655.png -> BpRXKaTG...
[2026-03-28 19:40:32] 📋   [INFO]   生成 meta: 碳陶刹车盘_20260321115544.png -> GDQraSAk...
[2026-03-28 19:40:33] 📋   [INFO]   生成 meta: 碳陶刹车盘_20260321121211.png -> ECgeyRz7...
[2026-03-28 19:40:33] 📋   [INFO]   生成 meta: 磁带备份库_20260322101050.png -> Dxnw2V39...
[2026-03-28 19:40:33] 📋   [INFO]   生成 meta: 磁悬浮底盘组件_20260322101212.png -> EnNuGa4-...
[2026-03-28 19:40:33] 📋   [INFO]   生成 meta: 磁浮列车制动器_20260323095111.png -> AX-u8V-C...
[2026-03-28 19:40:33] 📋   [INFO]   生成 meta: 祖母绿原石_20260323072143.png -> CeGRcS9u...
[2026-03-28 19:40:33] 📋   [INFO]   生成 meta: 神经信号转译器_20260322101531.png -> Gd2MSVUD...
[2026-03-28 19:40:33] 📋   [INFO]   生成 meta: 神经接口芯片_20260323095204.png -> Fbq_6YsF...
[2026-03-28 19:40:33] 📋   [INFO]   生成 meta: 神经接口芯片_20260323100445.png -> CI0ToZQz...
[2026-03-28 19:40:33] 📋   [INFO]   生成 meta: 神经接口芯片_20260323100641.png -> GXwZIUTK...
[2026-03-28 19:40:33] 📋   [INFO]   生成 meta: 科技_军用罗盘_20260324113119.png -> G_ngESHO...
[2026-03-28 19:40:33] 📋   [INFO]   生成 meta: 科技_旧经纬仪_20260324113128.png -> BSv8GXOJ...
[2026-03-28 19:40:33] 📋   [INFO]   生成 meta: 科技_早期X光管_20260324113115.png -> Ctl_scLb...
[2026-03-28 19:40:33] 📋   [INFO]   生成 meta: 科技_老天文台时钟_20260324113116.png -> BaX4Mfx8...
[2026-03-28 19:40:33] 📋   [INFO]   生成 meta: 科技_老式气压计_20260324113134.png -> CRAscYZP...
[2026-03-28 19:40:33] 📋   [INFO]   生成 meta: 科技_老航空仪表_20260324113111.png -> Cq6kiaoK...
[2026-03-28 19:40:33] 📋   [INFO]   生成 meta: 科技_铜望远镜_20260324113124.png -> DpeqyW3O...
[2026-03-28 19:40:33] 📋   [INFO]   生成 meta: 科技产业园背景_20260321131435.png -> B-Ly-d_J...
[2026-03-28 19:40:33] 📋   [INFO]   生成 meta: 稀土金属样品套装_20260321120023.png -> FrZfcYZG...
[2026-03-28 19:40:33] 📋   [INFO]   生成 meta: 稀土金属样品套装_20260321121534.png -> HAki2SQM...
[2026-03-28 19:40:33] 📋   [INFO]   生成 meta: 空威士忌瓶_20260323080726.png -> BDgcAakW...
[2026-03-28 19:40:33] 📋   [INFO]   生成 meta: 空威士忌瓶_20260323081447.png -> FhCUwf76...
[2026-03-28 19:40:33] 📋   [INFO]   生成 meta: 空雪茄盒_20260323080711.png -> GGn6AbOn...
[2026-03-28 19:40:33] 📋   [INFO]   生成 meta: 空雪茄盒_20260323081430.png -> Hm8aQTz9...
[2026-03-28 19:40:33] 📋   [INFO]   生成 meta: 竹编提篮_20260323093825.png -> EuDnSeSD...
[2026-03-28 19:40:33] 📋   [INFO]   生成 meta: 粉钻原石_20260323072128.png -> CgbcsRbp...
[2026-03-28 19:40:33] 📋   [INFO]   生成 meta: 粗陶花瓶_20260323094206.png -> CWUIUe93...
[2026-03-28 19:40:33] 📋   [INFO]   生成 meta: 精密减速器_20260323095141.png -> HptIuby5...
[2026-03-28 19:40:33] 📋   [INFO]   生成 meta: 精密减速器_20260323100333.png -> GPoRIfwj...
[2026-03-28 19:40:33] 📋   [INFO]   生成 meta: 精密坐标测量仪_20260321115346.png -> EtK2keiy...
[2026-03-28 19:40:33] 📋   [INFO]   生成 meta: 精密坐标测量仪_20260321120916.png -> G0BSwVIa...
[2026-03-28 19:40:33] 📋   [INFO]   生成 meta: 精密导轨_20260321115247.png -> AQ3Oob00...
[2026-03-28 19:40:33] 📋   [INFO]   生成 meta: 精密导轨_20260321120847.png -> HtbSsaxV...
[2026-03-28 19:40:33] 📋   [INFO]   生成 meta: 精密谐波减速机_20260321115350.png -> CwU_UQlB...
[2026-03-28 19:40:33] 📋   [INFO]   生成 meta: 精密谐波减速机_20260321120915.png -> HI32UZFi...
[2026-03-28 19:40:33] 📋   [INFO]   生成 meta: 红珊瑚雕件_20260323072114.png -> CxzEyTyx...
[2026-03-28 19:40:33] 📋   [INFO]   生成 meta: 纳米涂层脊椎链_20260322101723.png -> ASRy6QMu...
[2026-03-28 19:40:33] 📋   [INFO]   生成 meta: 绝版操作系统软盘_20260322101530.png -> C2Rd2fu6...
[2026-03-28 19:40:33] 📋   [INFO]   生成 meta: 绿松石散珠_20260323094204.png -> GbbbeYb5...
[2026-03-28 19:40:33] 📋   [INFO]   生成 meta: 翡翠观音挂件_20260323094206.png -> EIr9ucfS...
[2026-03-28 19:40:33] 📋   [INFO]   生成 meta: 老唱片机_20260323094002.png -> Blsi6QX6...
[2026-03-28 19:40:33] 📋   [INFO]   生成 meta: 老坑翡翠手镐_20260323094353.png -> H_ZSMTSU...
[2026-03-28 19:40:33] 📋   [INFO]   生成 meta: 老年画原版_20260323094205.png -> Ap6iqZI5...
[2026-03-28 19:40:33] 📋   [INFO]   生成 meta: 老式军用电台_20260323072031.png -> Fk5IWUp4...
[2026-03-28 19:40:33] 📋   [INFO]   生成 meta: 老式摩托油箱_20260323094348.png -> EBq16f1T...
[2026-03-28 19:40:33] 📋   [INFO]   生成 meta: 老式显微镜_20260323094400.png -> CG2a-SWH...
[2026-03-28 19:40:33] 📋   [INFO]   生成 meta: 老式火车模型_20260323094525.png -> BuuSYWf6...
[2026-03-28 19:40:33] 📋   [INFO]   生成 meta: 老式相机_20260323094013.png -> AYn0eZED...
[2026-03-28 19:40:33] 📋   [INFO]   生成 meta: 老式船钟_20260323072406.png -> AWsJwYj6...
[2026-03-28 19:40:33] 📋   [INFO]   生成 meta: 老式风力发电机叶片_20260323071926.png -> DBc9Ge-m...
[2026-03-28 19:40:33] 📋   [INFO]   生成 meta: 老煤油炉_20260323093756.png -> BOHDKRfl...
[2026-03-28 19:40:33] 📋   [INFO]   生成 meta: 老窖原浆酒_20260323094520.png -> Gn034bLz...
[2026-03-28 19:40:33] 📋   [INFO]   生成 meta: 老自行车铃_20260323094351.png -> DBP82e0O...
[2026-03-28 19:40:33] 📋   [INFO]   生成 meta: 老金戒指_20260323072110.png -> DchGsayu...
[2026-03-28 19:40:33] 📋   [INFO]   生成 meta: 老铜碗_20260323093758.png -> ECxpgYAn...
[2026-03-28 19:40:33] 📋   [INFO]   生成 meta: 老铜镜_20260323093754.png -> BRjQYX-n...
[2026-03-28 19:40:33] 📋   [INFO]   生成 meta: 老银锁片_20260323094231.png -> ExvTsfc1...
[2026-03-28 19:40:33] 📋   [INFO]   生成 meta: 能源_矿井安全灯_20260324113042.png -> BBWeuWa4...
[2026-03-28 19:40:33] 📋   [INFO]   生成 meta: 能源_老灯塔透镜_20260324113012.png -> FgA9WTO6...
[2026-03-28 19:40:33] 📋   [INFO]   生成 meta: 能源_老煤气灯头_20260324113045.png -> Fz85-YWr...
[2026-03-28 19:40:33] 📋   [INFO]   生成 meta: 能源_老黄铜吊灯_20260324113022.png -> AWm7gfhi...
[2026-03-28 19:40:33] 📋   [INFO]   生成 meta: 能源_航海罗经灯_20260324113026.png -> AKQRsWKf...
[2026-03-28 19:40:33] 📋   [INFO]   生成 meta: 能源_铜质油壶灯_20260324113030.png -> ArryeaP5...
[2026-03-28 19:40:33] 📋   [INFO]   生成 meta: 能源_铜质消防灯_20260324113018.png -> Hz5iYcii...
[2026-03-28 19:40:33] 📋   [INFO]   生成 meta: 脑电波耳机原型_20260323095147.png -> Ao1E6RSi...
[2026-03-28 19:40:33] 📋   [INFO]   生成 meta: 脑电波耳机原型_20260323095817.png -> Fot8uapc...
[2026-03-28 19:40:33] 📋   [INFO]   生成 meta: 脑电波耳机原型_20260323100514.png -> EYJn4fC8...
[2026-03-28 19:40:33] 📋   [INFO]   生成 meta: 自动驾驶传感器套件_20260321115634.png -> BP8S6QH-...
[2026-03-28 19:40:33] 📋   [INFO]   生成 meta: 自动驾驶传感器套件_20260321121141.png -> BYs2iT2v...
[2026-03-28 19:40:33] 📋   [INFO]   生成 meta: 自动驾驶计算平台_20260321115630.png -> ANdz4SeC...
[2026-03-28 19:40:33] 📋   [INFO]   生成 meta: 自动驾驶计算平台_20260321121144.png -> HSSf4bTV...
[2026-03-28 19:40:33] 📋   [INFO]   生成 meta: 航天发动机喷嘴_20260323072418.png -> Al6qcRh6...
[2026-03-28 19:40:33] 📋   [INFO]   生成 meta: 航天陀螺仪_20260323072420.png -> HtQeIVxv...
[2026-03-28 19:40:33] 📋   [INFO]   生成 meta: 航海六分仪_20260323094349.png -> Fks44UM7...
[2026-03-28 19:40:33] 📋   [INFO]   生成 meta: 船用汽笛_20260323094001.png -> ECn82XTn...
[2026-03-28 19:40:33] 📋   [INFO]   生成 meta: 艺术_唐卡残片_20260324113220.png -> DsKpufIb...
[2026-03-28 19:40:33] 📋   [INFO]   生成 meta: 艺术_明代木雕佛像_20260324113222.png -> CgYiYQft...
[2026-03-28 19:40:33] 📋   [INFO]   生成 meta: 艺术_木版年画_20260324113225.png -> FJg7oRdH...
[2026-03-28 19:40:33] 📋   [INFO]   生成 meta: 艺术_核雕手串_20260324113208.png -> AK9ZsU4H...
[2026-03-28 19:40:33] 📋   [INFO]   生成 meta: 艺术_石雕门墩_20260324113332.png -> FUQlSRXy...
[2026-03-28 19:40:33] 📋   [INFO]   生成 meta: 艺术_老铜墨盒_20260324113227.png -> GFv8-WPU...
[2026-03-28 19:40:33] 📋   [INFO]   生成 meta: 艺术_铜制文镇_20260324113210.png -> CKoVSdhW...
[2026-03-28 19:40:33] 📋   [INFO]   生成 meta: 苏格兰威士忌_20260323081218.png -> COE9oeB9...
[2026-03-28 19:40:33] 📋   [INFO]   生成 meta: 蒸汽朋克机械钟_20260323094406.png -> D_cOeZIQ...
[2026-03-28 19:40:33] 📋   [INFO]   生成 meta: 蒸汽机车铭牌_20260323072418.png -> EeRhWZVH...
[2026-03-28 19:40:33] 📋   [INFO]   生成 meta: 街头涂鸦墙砖_20260323095100.png -> BlA4ofNF...
[2026-03-28 19:40:33] 📋   [INFO]   生成 meta: 褪色酒标_20260323080719.png -> DDPweRCq...
[2026-03-28 19:40:33] 📋   [INFO]   生成 meta: 褪色酒标_20260323081425.png -> DoK-gUJz...
[2026-03-28 19:40:33] 📋   [INFO]   生成 meta: 设计师台灯_20260321115837.png -> ESZ0sXki...
[2026-03-28 19:40:33] 📋   [INFO]   生成 meta: 设计师台灯_20260321121327.png -> C1B8Aas5...
[2026-03-28 19:40:33] 📋   [INFO]   生成 meta: 设计师限量摆件_20260321115903.png -> C5II8aP4...
[2026-03-28 19:40:33] 📋   [INFO]   生成 meta: 设计师限量摆件_20260321121419.png -> GdAHwYCT...
[2026-03-28 19:40:33] 📋   [INFO]   生成 meta: 赛博涂鸦模板_20260323095035.png -> GCpWabGK...
[2026-03-28 19:40:33] 📋   [INFO]   生成 meta: 赛车方向盘_20260321115629.png -> DLdPyTyJ...
[2026-03-28 19:40:33] 📋   [INFO]   生成 meta: 赛车方向盘_20260321121200.png -> DayTaWYB...
[2026-03-28 19:40:33] 📋   [INFO]   生成 meta: 超导磁轨弹射模块_20260322101226.png -> HUCQ-Y8e...
[2026-03-28 19:40:33] 📋   [INFO]   生成 meta: 超导线圈组件_20260323094658.png -> Fxz80cpU...
[2026-03-28 19:40:33] 📋   [INFO]   生成 meta: 达芬奇手稿残页_20260323094054.png -> EuhA-bbH...
[2026-03-28 19:40:33] 📋   [INFO]   生成 meta: 过期烟条_20260323080716.png -> EtMz-X3v...
[2026-03-28 19:40:33] 📋   [INFO]   生成 meta: 过期烟条_20260323081449.png -> D1gtiX98...
[2026-03-28 19:40:33] 📋   [INFO]   生成 meta: 进口雪茄保湿柜_20260323094537.png -> Fkih4fA2...
[2026-03-28 19:40:33] 📋   [INFO]   生成 meta: 追光者引擎原型_20260322101214.png -> DKGreXkS...
[2026-03-28 19:40:33] 📋   [INFO]   生成 meta: 量子密钥分发器_20260322101532.png -> CukNeYFL...
[2026-03-28 19:40:33] 📋   [INFO]   生成 meta: 量子真空能量模块_20260322101211.png -> DMr4CYIh...
[2026-03-28 19:40:33] 📋   [INFO]   生成 meta: 量子计算处理器原型_20260321115835.png -> CLvi4YYZ...
[2026-03-28 19:40:33] 📋   [INFO]   生成 meta: 量子计算处理器原型_20260321121328.png -> CVwGodrT...
[2026-03-28 19:40:33] 📋   [INFO]   生成 meta: 钛合金义眼_20260322101523.png -> CXjGIchw...
[2026-03-28 19:40:33] 📋   [INFO]   生成 meta: 钛合金表壳_20260321115914.png -> FqSCicgR...
[2026-03-28 19:40:33] 📋   [INFO]   生成 meta: 钛合金表壳_20260321121442.png -> Ard5iYjs...
[2026-03-28 19:40:33] 📋   [INFO]   生成 meta: 铀矿石标本（密封）_20260323071949.png -> CAsiefRN...
[2026-03-28 19:40:33] 📋   [INFO]   生成 meta: 铁路信号灯_20260323093751.png -> FcRBwVvs...
[2026-03-28 19:40:33] 📋   [INFO]   生成 meta: 铁骑全身外骨骼_20260322101840.png -> H7RoeaUI...
[2026-03-28 19:40:33] 📋   [INFO]   生成 meta: 铂金催化剂样品_20260321115912.png -> CzGd4WAL...
[2026-03-28 19:40:33] 📋   [INFO]   生成 meta: 铂金催化剂样品_20260321121415.png -> G3rQKXev...
[2026-03-28 19:40:33] 📋   [INFO]   生成 meta: 铜水烟袋_20260323093804.png -> Frkj8TK0...
[2026-03-28 19:40:33] 📋   [INFO]   生成 meta: 铜烛剪_20260323093756.png -> EAYgOc5V...
[2026-03-28 19:40:33] 📋   [INFO]   生成 meta: 铜质天平_20260323094348.png -> C4w_CauS...
[2026-03-28 19:40:33] 📋   [INFO]   生成 meta: 铱金坩埚_20260321120003.png -> EWZpQZBT...
[2026-03-28 19:40:33] 📋   [INFO]   生成 meta: 铱金坩埚_20260321121519.png -> BB3pcX-s...
[2026-03-28 19:40:33] 📋   [INFO]   生成 meta: 银翼钛金胸甲_20260322101733.png -> E4ZcQbZq...
[2026-03-28 19:40:33] 📋   [INFO]   生成 meta: 银耳挖_20260323093755.png -> DD_eiX_D...
[2026-03-28 19:40:33] 📋   [INFO]   生成 meta: 银质发簪_20260323094207.png -> BOvGucti...
[2026-03-28 19:40:33] 📋   [INFO]   生成 meta: 锈蚀弹簧组_20260321115200.png -> AZdISTNN...
[2026-03-28 19:40:33] 📋   [INFO]   生成 meta: 锈蚀弹簧组_20260321120734.png -> EYfP0QE8...
[2026-03-28 19:40:33] 📋   [INFO]   生成 meta: 锈蚀轴承_20260321115205.png -> C07dqR3C...
[2026-03-28 19:40:33] 📋   [INFO]   生成 meta: 锈蚀轴承_20260321120732.png -> GGnumcNV...
[2026-03-28 19:40:33] 📋   [INFO]   生成 meta: 锈蚀链条_20260321115445.png -> CH-9CSJj...
[2026-03-28 19:40:33] 📋   [INFO]   生成 meta: 锈蚀链条_20260321121013.png -> HVxgyXkY...
[2026-03-28 19:40:33] 📋   [INFO]   生成 meta: 锡兰红茶铁罐_20260323081217.png -> G1R0-Ybu...
[2026-03-28 19:40:33] 📋   [INFO]   生成 meta: 阿波罗导航计算机_20260323072043.png -> Bz-tcVJp...
[2026-03-28 19:40:33] 📋   [INFO]   生成 meta: 陈年黄酒坛_20260323094516.png -> GKt-AUmk...
[2026-03-28 19:40:33] 📋   [INFO]   生成 meta: 限量版朗姆酒_20260323081214.png -> ER4YgQL_...
[2026-03-28 19:40:33] 📋   [INFO]   生成 meta: 限量版茅台_20260323081259.png -> EajIoTnS...
[2026-03-28 19:40:33] 📋   [INFO]   生成 meta: 霓虹书法灯管_20260322101342.png -> CQa-8SPE...
[2026-03-28 19:40:33] 📋   [INFO]   生成 meta: 霓虹灯管字母_20260323095042.png -> DjCGMUnc...
[2026-03-28 19:40:33] 📋   [INFO]   生成 meta: 静电护腕_20260322095727.png -> FbwAKeTj...
[2026-03-28 19:40:33] 📋   [INFO]   生成 meta: 飞行摩托涡扇引擎_20260322101221.png -> AVwewaEY...
[2026-03-28 19:40:33] 📋   [INFO]   生成 meta: 飞行汽车原型引擎_20260321115630.png -> EIb_id01...
[2026-03-28 19:40:33] 📋   [INFO]   生成 meta: 飞行汽车原型引擎_20260321121144.png -> HDIRmf3k...
[2026-03-28 19:40:33] 📋   [INFO]   生成 meta: 马车灯_20260323094401.png -> C6DA6WFa...
[2026-03-28 19:40:33] 📋   [INFO]   生成 meta: 高精度3D打印机_20260321115348.png -> H8nsyaAU...
[2026-03-28 19:40:33] 📋   [INFO]   生成 meta: 高精度3D打印机_20260321120933.png -> DHdwwd3i...
[2026-03-28 19:40:33] 📋   [INFO]   生成 meta: 鸽血红宝石_20260323072112.png -> EZaMAV9E...
[2026-03-28 19:40:33] 📋   [INFO]   生成 meta: 黄铜船锚模型_20260323094521.png -> HKm70TiV...
[2026-03-28 19:40:33] 📋   [INFO]   生成 meta: 齐白石虾图残卷_20260323072023.png -> Dfx7-dyb...
[2026-03-28 19:40:33] 📋   [INFO]   生成 meta: 一级方程式赛车引擎.png -> H6K4ER7g...
[2026-03-28 19:40:33] 📋   [INFO]   生成 meta: 劳斯莱斯飞翼天使.png -> DsJbQYYD...
[2026-03-28 19:40:33] 📋   [INFO]   生成 meta: 协和号驾驶舱仪表盘.png -> HXZtie46...
[2026-03-28 19:40:33] 📋   [INFO]   生成 meta: 古董摩托车.png -> GIp9SXze...
[2026-03-28 19:40:33] 📋   [INFO]   生成 meta: 固态电池原型模组.png -> FcLGKdpH...
[2026-03-28 19:40:33] 📋   [INFO]   生成 meta: 坏电动滑板.png -> DwY6QY2i...
[2026-03-28 19:40:33] 📋   [INFO]   生成 meta: 帆船铜舵轮.png -> AOGsuQ9-...
[2026-03-28 19:40:33] 📋   [INFO]   生成 meta: 废弃反光镜.png -> F6ktsYp_...
[2026-03-28 19:40:33] 📋   [INFO]   生成 meta: 排气管总成.png -> EljC6Thz...
[2026-03-28 19:40:33] 📋   [INFO]   生成 meta: 旧GPS导航仪.png -> A2bk8fds...
[2026-03-28 19:40:33] 📋   [INFO]   生成 meta: 旧仪表壳.png -> HupIkfTv...
[2026-03-28 19:40:33] 📋   [INFO]   生成 meta: 旧头盔.png -> EntqwaFa...
[2026-03-28 19:40:33] 📋   [INFO]   生成 meta: 旧涡轮增压器.png -> Bq1pocQL...
[2026-03-28 19:40:33] 📋   [INFO]   生成 meta: 旧火车钟.png -> B3H2OSZQ...
[2026-03-28 19:40:33] 📋   [INFO]   生成 meta: 旧自行车轮.png -> GvyKCb8Q...
[2026-03-28 19:40:33] 📋   [INFO]   生成 meta: 旧行车电脑.png -> FcGOSUyU...
[2026-03-28 19:40:33] 📋   [INFO]   生成 meta: 旧行车记录仪.png -> GG0lARPg...
[2026-03-28 19:40:33] 📋   [INFO]   生成 meta: 旧赛车座椅.png -> AeT3KcVN...
[2026-03-28 19:40:33] 📋   [INFO]   生成 meta: 旧车牌框.png -> Ca2GQVTf...
[2026-03-28 19:40:34] 📋   [INFO]   生成 meta: 旧车载充电器.png -> EV8YYWo9...
[2026-03-28 19:40:34] 📋   [INFO]   生成 meta: 旧车载音响.png -> BxilUQII...
[2026-03-28 19:40:34] 📋   [INFO]   生成 meta: 电动汽车电池模组.png -> EXKbIfKh...
[2026-03-28 19:40:34] 📋   [INFO]   生成 meta: 电动汽车驱动电机.png -> FqidAX0T...
[2026-03-28 19:40:34] 📋   [INFO]   生成 meta: 电动滑板车电池.png -> CeWpoW4o...
[2026-03-28 19:40:34] 📋   [INFO]   生成 meta: 电动超跑轮毂套装.png -> A05CUeo6...
[2026-03-28 19:40:34] 📋   [INFO]   生成 meta: 电动车控制器.png -> DlcakdF9...
[2026-03-28 19:40:34] 📋   [INFO]   生成 meta: 破轮胎.png -> BSJHafut...
[2026-03-28 19:40:34] 📋   [INFO]   生成 meta: 碳纤维车架.png -> FHqUsc_J...
[2026-03-28 19:40:34] 📋   [INFO]   生成 meta: 碳纤维车身面板.png -> GucOwfeY...
[2026-03-28 19:40:34] 📋   [INFO]   生成 meta: 碳陶刹车盘.png -> Feha-d5L...
[2026-03-28 19:40:34] 📋   [INFO]   生成 meta: 老式摩托油箱.png -> AwOD2fo0...
[2026-03-28 19:40:34] 📋   [INFO]   生成 meta: 老式火车模型.png -> GFQZEaMr...
[2026-03-28 19:40:34] 📋   [INFO]   生成 meta: 老式船钟.png -> G_qD4Rxd...
[2026-03-28 19:40:34] 📋   [INFO]   生成 meta: 老式马车车轮.png -> HC5YmUUY...
[2026-03-28 19:40:34] 📋   [INFO]   生成 meta: 老自行车铃.png -> BYhjkXTi...
[2026-03-28 19:40:34] 📋   [INFO]   生成 meta: 老船用铜钟.png -> HsTSyfcO...
[2026-03-28 19:40:34] 📋   [INFO]   生成 meta: 老马鞍.png -> Cl3NIcb6...
[2026-03-28 19:40:34] 📋   [INFO]   生成 meta: 自动驾驶传感器套件.png -> DLTX-dzv...
[2026-03-28 19:40:34] 📋   [INFO]   生成 meta: 自动驾驶计算平台.png -> EAleWTzF...
[2026-03-28 19:40:34] 📋   [INFO]   生成 meta: 航海羊皮地图.png -> DS-c4Zz4...
[2026-03-28 19:40:34] 📋   [INFO]   生成 meta: 蒸汽机车铭牌.png -> E1IXAYQi...
[2026-03-28 19:40:34] 📋   [INFO]   生成 meta: 蒸汽火车汽笛.png -> HADTEXce...
[2026-03-28 19:40:34] 📋   [INFO]   生成 meta: 赛车方向盘.png -> D7k2IYZA...
[2026-03-28 19:40:34] 📋   [INFO]   生成 meta: 锈蚀链条.png -> CgHj8Tck...
[2026-03-28 19:40:34] 📋   [INFO]   生成 meta: 飞行汽车原型引擎.png -> ClBjQTiM...
[2026-03-28 19:40:34] 📋   [INFO]   生成 meta: 马车灯.png -> B4oEkYtd...
[2026-03-28 19:40:34] 📋   [INFO]   生成 meta: 黄铜船锚模型.png -> G7CXkWMM...
[2026-03-28 19:40:34] 📋   [INFO]   生成 meta: 单瓶年份红酒.png -> HXD5-RDs...
[2026-03-28 19:40:34] 📋   [INFO]   生成 meta: 古巴雪茄单支.png -> DGqlaVW4...
[2026-03-28 19:40:34] 📋   [INFO]   生成 meta: 整箱进口红酒.png -> DJrfyfrR...
[2026-03-28 19:40:34] 📋   [INFO]   生成 meta: 日本限定清酒.png -> AoXKEZxk...
[2026-03-28 19:40:34] 📋   [INFO]   生成 meta: 百年陈酿白兰地.png -> FpjPcVB6...
[2026-03-28 19:40:34] 📋   [INFO]   生成 meta: 老窖原浆酒.png -> EzbwgXzH...
[2026-03-28 19:40:34] 📋   [INFO]   生成 meta: 进口雪茄保湿柜.png -> BbVm6eCi...
[2026-03-28 19:40:34] 📋   [INFO]   生成 meta: 陈年黄酒坛.png -> ES4ReQQN...
[2026-03-28 19:40:34] 📋   [INFO]   生成 meta: 元青花大罐.png -> FjYxgVd9...
[2026-03-28 19:40:34] 📋   [INFO]   生成 meta: 初代游戏机.png -> BbwjCSjM...
[2026-03-28 19:40:34] 📋   [INFO]   生成 meta: 唐三彩骆驼俑.png -> BGnaqfy6...
[2026-03-28 19:40:34] 📋   [INFO]   生成 meta: 唐代铜镜.png -> HGJbEcxp...
[2026-03-28 19:40:34] 📋   [INFO]   生成 meta: 商代青铜方鼎.png -> DuNEcSK2...
[2026-03-28 19:40:34] 📋   [INFO]   生成 meta: 宋代建盏.png -> Eu0XyfIT...
[2026-03-28 19:40:34] 📋   [INFO]   生成 meta: 宣德小香炉.png -> AZqR2UMj...
[2026-03-28 19:40:34] 📋   [INFO]   生成 meta: 战国青铜剑.png -> CjmmkVls...
[2026-03-28 19:40:34] 📋   [INFO]   生成 meta: 断尺.png -> A5pW2YNm...
[2026-03-28 19:40:34] 📋   [INFO]   生成 meta: 旧太师椅.png -> DQEg2X8o...
[2026-03-28 19:40:34] 📋   [INFO]   生成 meta: 旧木箱.png -> DLoWQTrL...
[2026-03-28 19:40:34] 📋   [INFO]   生成 meta: 旧条案.png -> GCfB0YWP...
[2026-03-28 19:40:34] 📋   [INFO]   生成 meta: 旧烟斗.png -> BRGc0U8z...
[2026-03-28 19:40:34] 📋   [INFO]   生成 meta: 旧算盘.png -> AEB9kbvE...
[2026-03-28 19:40:34] 📋   [INFO]   生成 meta: 旧蒲团.png -> ExnJ8Xzt...
[2026-03-28 19:40:34] 📋   [INFO]   生成 meta: 旧门环.png -> BvlAITOk...
[2026-03-28 19:40:34] 📋   [INFO]   生成 meta: 明代铜佛手炉.png -> Cv3ewbef...
[2026-03-28 19:40:34] 📋   [INFO]   生成 meta: 机械秒表.png -> D2aE2fFn...
[2026-03-28 19:40:34] 📋   [INFO]   生成 meta: 汉代漆盒.png -> F-r66dHm...
[2026-03-28 19:40:34] 📋   [INFO]   生成 meta: 汉代陶俑.png -> A3LKcSz3...
[2026-03-28 19:40:34] 📋   [INFO]   生成 meta: 法拉第线圈装置.png -> E3wH2ZzC...
[2026-03-28 19:40:34] 📋   [INFO]   生成 meta: 清乾隆粉彩瓶.png -> EmPPAd4d...
[2026-03-28 19:40:34] 📋   [INFO]   生成 meta: 清代官帽.png -> AGALWU6D...
[2026-03-28 19:40:34] 📋   [INFO]   生成 meta: 清代鼻烟壶（珐琅）.png -> CTjaETU7...
[2026-03-28 19:40:34] 📋   [INFO]   生成 meta: 爱迪生留声机部件.png -> EhEv4auJ...
[2026-03-28 19:40:34] 📋   [INFO]   生成 meta: 瓦特蒸汽机零件.png -> HcznGcns...
[2026-03-28 19:40:34] 📋   [INFO]   生成 meta: 瓷枕碎块.png -> HXw0QWLj...
[2026-03-28 19:40:34] 📋   [INFO]   生成 meta: 瓷碎片.png -> GZZ8uctH...
[2026-03-28 19:40:34] 📋   [INFO]   生成 meta: 田黄冻印章.png -> BZhjGXV0...
[2026-03-28 19:40:34] 📋   [INFO]   生成 meta: 石砚台.png -> AHMHiT76...
[2026-03-28 19:40:34] 📋   [INFO]   生成 meta: 砖雕花片.png -> FS-FMf7R...
[2026-03-28 19:40:34] 📋   [INFO]   生成 meta: 破铜铃.png -> ATUcISZO...
[2026-03-28 19:40:34] 📋   [INFO]   生成 meta: 碎石磨.png -> FOnZCVia...
[2026-03-28 19:40:34] 📋   [INFO]   生成 meta: 空药瓶.png -> EaGiyeKi...
[2026-03-28 19:40:34] 📋   [INFO]   生成 meta: 竹书签.png -> BzY6EQVH...
[2026-03-28 19:40:34] 📋   [INFO]   生成 meta: 竹编提篮.png -> APhmyXXY...
[2026-03-28 19:40:34] 📋   [INFO]   生成 meta: 紫檀小方桌.png -> Fv6haWmP...
[2026-03-28 19:40:34] 📋   [INFO]   生成 meta: 紫砂小壶.png -> DakJcT4Q...
[2026-03-28 19:40:34] 📋   [INFO]   生成 meta: 老匾额.png -> DjW0Of8c...
[2026-03-28 19:40:34] 📋   [INFO]   生成 meta: 老唱片机.png -> CbCcmSq1...
[2026-03-28 19:40:34] 📋   [INFO]   生成 meta: 老墨锭.png -> CuVgcWnU...
[2026-03-28 19:40:34] 📋   [INFO]   生成 meta: 老式相机.png -> BgeeiQ7j...
[2026-03-28 19:40:34] 📋   [INFO]   生成 meta: 老杆秤.png -> EdVNwcGd...
[2026-03-28 19:40:34] 📋   [INFO]   生成 meta: 老樟木柜.png -> GuyCgTSw...
[2026-03-28 19:40:34] 📋   [INFO]   生成 meta: 老煤油炉.png -> BzkvqWL5...
[2026-03-28 19:40:34] 📋   [INFO]   生成 meta: 老玉扳指.png -> GxQrYYim...
[2026-03-28 19:40:34] 📋   [INFO]   生成 meta: 老秤砣.png -> ACQr4XJY...
[2026-03-28 19:40:34] 📋   [INFO]   生成 meta: 老铜壶.png -> BNcfcdnM...
[2026-03-28 19:40:34] 📋   [INFO]   生成 meta: 老铜尺.png -> HXQgsaS_...
[2026-03-28 19:40:34] 📋   [INFO]   生成 meta: 老铜扣.png -> Aj0x0Rt0...
[2026-03-28 19:40:34] 📋   [INFO]   生成 meta: 老铜碗.png -> GsI4kSbP...
[2026-03-28 19:40:34] 📋   [INFO]   生成 meta: 老铜秤.png -> GfBgkVK2...
[2026-03-28 19:40:34] 📋   [INFO]   生成 meta: 老铜秤杆.png -> B5kIIbbW...
[2026-03-28 19:40:34] 📋   [INFO]   生成 meta: 老铜锁.png -> FrP_eU4B...
[2026-03-28 19:40:34] 📋   [INFO]   生成 meta: 老铜镜.png -> He_7ORpT...
[2026-03-28 19:40:34] 📋   [INFO]   生成 meta: 船用汽笛.png -> Gd5w-Z1A...
[2026-03-28 19:40:34] 📋   [INFO]   生成 meta: 达芬奇手稿残页.png -> GwrV-c6H...
[2026-03-28 19:40:34] 📋   [INFO]   生成 meta: 铁如意.png -> Gq7uufsS...
[2026-03-28 19:40:34] 📋   [INFO]   生成 meta: 铁路信号灯.png -> DKBLQaYW...
[2026-03-28 19:40:34] 📋   [INFO]   生成 meta: 铜佛像.png -> EzZQ6VAl...
[2026-03-28 19:40:34] 📋   [INFO]   生成 meta: 铜墨盒.png -> B5ADgQFJ...
[2026-03-28 19:40:34] 📋   [INFO]   生成 meta: 铜水烟袋.png -> EO2nkcgU...
[2026-03-28 19:40:34] 📋   [INFO]   生成 meta: 铜火锅.png -> DbJnoTi5...
[2026-03-28 19:40:34] 📋   [INFO]   生成 meta: 铜烛剪.png -> EpBAQUW8...
[2026-03-28 19:40:34] 📋   [INFO]   生成 meta: 铜造像残件.png -> CkqhIdvB...
[2026-03-28 19:40:34] 📋   [INFO]   生成 meta: 铜钱.png -> CWb_MT0v...
[2026-03-28 19:40:34] 📋   [INFO]   生成 meta: 铜镇尺.png -> CdaZSe4o...
[2026-03-28 19:40:34] 📋   [INFO]   生成 meta: 铜香盒.png -> FnLeuRpc...
[2026-03-28 19:40:34] 📋   [INFO]   生成 meta: 银耳挖.png -> DnB54bYb...
[2026-03-28 19:40:34] 📋   [INFO]   生成 meta: 陶碗.png -> EMvHwaCB...
[2026-03-28 19:40:34] 📋   [INFO]   生成 meta: 雕花门板.png -> GYiFqaWS...
[2026-03-28 19:40:34] 📋   [INFO]   生成 meta: 青花瓷片.png -> CMmU8Yjx...
[2026-03-28 19:40:34] 📋   [INFO]   生成 meta: 黄花梨架子床.png -> FbS7-bv_...
[2026-03-28 19:40:34] 📋   [INFO]   生成 meta: 鼻烟壶.png -> FxwGUQpg...
[2026-03-28 19:40:34] 📋   [INFO]   生成 meta: 十九世纪测绘仪.png -> HNEE8UUO...
[2026-03-28 19:40:34] 📋   [INFO]   生成 meta: 台钳.png -> DftAqVag...
[2026-03-28 19:40:34] 📋   [INFO]   生成 meta: 德国老虎钳.png -> BrnfMeJ7...
[2026-03-28 19:40:34] 📋   [INFO]   生成 meta: 手摇钻.png -> HhMfIcgu...
[2026-03-28 19:40:34] 📋   [INFO]   生成 meta: 拔轮器.png -> FpYI0QMA...
[2026-03-28 19:40:34] 📋   [INFO]   生成 meta: 断螺丝刀.png -> F-bJYcjK...
[2026-03-28 19:40:34] 📋   [INFO]   生成 meta: 断锯条.png -> Fkm6qfRm...
[2026-03-28 19:40:34] 📋   [INFO]   生成 meta: 旧千斤顶.png -> FpqFiWYl...
[2026-03-28 19:40:34] 📋   [INFO]   生成 meta: 旧卷尺.png -> CyOOkT_K...
[2026-03-28 19:40:34] 📋   [INFO]   生成 meta: 旧砂纸.png -> EkvzSUHH...
[2026-03-28 19:40:34] 📋   [INFO]   生成 meta: 旧钳子.png -> FWqPebeQ...
[2026-03-28 19:40:34] 📋   [INFO]   生成 meta: 旧铁锤.png -> Cu5oIa0P...
[2026-03-28 19:40:34] 📋   [INFO]   生成 meta: 瑞士军刀.png -> E0eKyeLk...
[2026-03-28 19:40:34] 📋   [INFO]   生成 meta: 破工具箱.png -> AlaqQdc3...
[2026-03-28 19:40:34] 📋   [INFO]   生成 meta: 秃毛刷子.png -> GNP6QUjt...
[2026-03-28 19:40:34] 📋   [INFO]   生成 meta: 精密螺丝刀套装.png -> F9HkqZfw...
[2026-03-28 19:40:34] 📋   [INFO]   生成 meta: 老刨子.png -> Db5EYbgw...
[2026-03-28 19:40:34] 📋   [INFO]   生成 meta: 老水平仪.png -> CgcZcfe8...
[2026-03-28 19:40:34] 📋   [INFO]   生成 meta: 老砂轮机.png -> FfgYIXPA...
[2026-03-28 19:40:34] 📋   [INFO]   生成 meta: 老精密车床.png -> FoHn6ehr...
[2026-03-28 19:40:34] 📋   [INFO]   生成 meta: 老车床卡盘.png -> FLEmKbKW...
[2026-03-28 19:40:34] 📋   [INFO]   生成 meta: 达芬奇手稿复刻工具.png -> H0DNAUqH...
[2026-03-28 19:40:34] 📋   [INFO]   生成 meta: 钝锉刀.png -> C2fJmXiu...
[2026-03-28 19:40:34] 📋   [INFO]   生成 meta: 钟表师工具箱.png -> EACYqVA5...
[2026-03-28 19:40:34] 📋   [INFO]   生成 meta: 铁皮剪.png -> DKevqTGn...
[2026-03-28 19:40:34] 📋   [INFO]   生成 meta: 铜制量角器套装.png -> C0Un8ebt...
[2026-03-28 19:40:34] 📋   [INFO]   生成 meta: 铜焊枪.png -> HaWjob8P...
[2026-03-28 19:40:34] 📋   [INFO]   生成 meta: 锈扳手.png -> Cy3GMWfZ...
[2026-03-28 19:40:34] 📋   [INFO]   生成 meta: 黄铜游标卡尺.png -> Df-4OSWY...
[2026-03-28 19:40:34] 📋   [INFO]   生成 meta: AI协作画布原件.png -> AazDUXr2...
[2026-03-28 19:40:34] 📋   [INFO]   生成 meta: LED指示灯组.png -> HI-5Uch4...
[2026-03-28 19:40:34] 📋   [INFO]   生成 meta: UPS应急电源.png -> EsGpOVM6...
[2026-03-28 19:40:34] 📋   [INFO]   生成 meta: 主机框架残骸.png -> AYtLWYMr...
[2026-03-28 19:40:34] 📋   [INFO]   生成 meta: 仿生关节组件.png -> FJM2ETF1...
[2026-03-28 19:40:34] 📋   [INFO]   生成 meta: 信号干扰器外壳.png -> GJge8fuO...
[2026-03-28 19:40:34] 📋   [INFO]   生成 meta: 像素画打印件.png -> GMTO2Z_6...
[2026-03-28 19:40:34] 📋   [INFO]   生成 meta: 全息投影名片盒.png -> GAmbgb2T...
[2026-03-28 19:40:34] 📋   [INFO]   生成 meta: 全息投影底座.png -> GbbfMe0n...
[2026-03-28 19:40:34] 📋   [INFO]   生成 meta: 全息投影画框.png -> A2S7OVzK...
[2026-03-28 19:40:34] 📋   [INFO]   生成 meta: 军用外骨骼脚踝.png -> FPIiAVX6...
[2026-03-28 19:40:34] 📋   [INFO]   生成 meta: 军用夜光管.png -> BxRvsYHc...
[2026-03-28 19:40:34] 📋   [INFO]   生成 meta: 军用无人机主板.png -> B-NngYiS...
[2026-03-28 19:40:34] 📋   [INFO]   生成 meta: 冷却液管.png -> EpVOAVVY...
[2026-03-28 19:40:34] 📋   [INFO]   生成 meta: 创世区块硬盘.png -> H0_l0UBH...
[2026-03-28 19:40:34] 📋   [INFO]   生成 meta: 初代VR头显.png -> ASZB2aje...
[2026-03-28 19:40:34] 📋   [INFO]   生成 meta: 初代智能手机工程机.png -> GRFKEeKJ...
[2026-03-28 19:40:34] 📋   [INFO]   生成 meta: 加密U盘.png -> DMtj2bAA...
[2026-03-28 19:40:34] 📋   [INFO]   生成 meta: 加密无线电台.png -> Hco9We0I...
[2026-03-28 19:40:34] 📋   [INFO]   生成 meta: 动力外骨骼腿部.png -> Gz9pwTFz...
[2026-03-28 19:40:34] 📋   [INFO]   生成 meta: 动态光雕原件.png -> HNYsuU7n...
[2026-03-28 19:40:34] 📋   [INFO]   生成 meta: 反物质约束环.png -> FrLdOduE...
[2026-03-28 19:40:34] 📋   [INFO]   生成 meta: 反重力推进试验板.png -> DmJsca8T...
[2026-03-28 19:40:34] 📋   [INFO]   生成 meta: 合金螺栓.png -> FQhpoce_...
[2026-03-28 19:40:34] 📋   [INFO]   生成 meta: 天线模组.png -> HVeeaayc...
[2026-03-28 19:40:34] 📋   [INFO]   生成 meta: 太阳能电池板碎片.png -> FoFsYRkn...
[2026-03-28 19:40:34] 📋   [INFO]   生成 meta: 工业级交换机.png -> HR3h0Rai...
[2026-03-28 19:40:34] 📋   [INFO]   生成 meta: 工业级激光管.png -> DOFreeJF...
[2026-03-28 19:40:34] 📋   [INFO]   生成 meta: 废墟摄影集孤本.png -> Aj_T0bZb...
[2026-03-28 19:40:34] 📋   [INFO]   生成 meta: 废弃生物电池组.png -> HIqpcdZ1...
[2026-03-28 19:40:34] 📋   [INFO]   生成 meta: 废旧VR手套.png -> HbKOCZIy...
[2026-03-28 19:40:34] 📋   [INFO]   生成 meta: 废旧光纤头.png -> AEuhIQtT...
[2026-03-28 19:40:34] 📋   [INFO]   生成 meta: 废旧路由核心.png -> EJBFGZtR...
[2026-03-28 19:40:34] 📋   [INFO]   生成 meta: 微型散热片.png -> GW3Ucb8O...
[2026-03-28 19:40:34] 📋   [INFO]   生成 meta: 微型聚变点火器.png -> EjuaYUq-...
[2026-03-28 19:40:34] 📋   [INFO]   生成 meta: 微型陀螺稳定仪.png -> A1Yi0Xw1...
[2026-03-28 19:40:34] 📋   [INFO]   生成 meta: 恒星之心冷核.png -> EO2lwecV...
[2026-03-28 19:40:34] 📋   [INFO]   生成 meta: 意识数字化接口.png -> CneVSUkH...
[2026-03-28 19:40:34] 📋   [INFO]   生成 meta: 数据存储柜.png -> AaQaEUtp...
[2026-03-28 19:40:34] 📋   [INFO]   生成 meta: 断线数据芯片.png -> Cu5EGaDH...
[2026-03-28 19:40:34] 📋   [INFO]   生成 meta: 无人机涡轮引擎.png -> EHHgES3u...
[2026-03-28 19:40:34] 📋   [INFO]   生成 meta: 旧伺服电机.png -> GXN4yfk2...
[2026-03-28 19:40:34] 📋   [INFO]   生成 meta: 旧型号线缆束.png -> E44VcZBe...
[2026-03-28 19:40:34] 📋   [INFO]   生成 meta: 旧等离子球.png -> G1mmSdVk...
[2026-03-28 19:40:34] 📋   [INFO]   生成 meta: 机房空调机组.png -> Er0DERnO...
[2026-03-28 19:40:34] 📋   [INFO]   生成 meta: 机架式服务器.png -> HP-78XmK...
[2026-03-28 19:40:34] 📋   [INFO]   生成 meta: 机械臂全套框架.png -> DJU_EfDk...
[2026-03-28 19:40:34] 📋   [INFO]   生成 meta: 核电站控制杆.png -> EMqhOUAj...
[2026-03-28 19:40:35] 📋   [INFO]   生成 meta: 比特矿机主板.png -> GeMpeeZm...
[2026-03-28 19:40:35] 📋   [INFO]   生成 meta: 气动缸筒.png -> C0p58f0z...
[2026-03-28 19:40:35] 📋   [INFO]   生成 meta: 氖气灯管碎片.png -> DwUzaar7...
[2026-03-28 19:40:35] 📋   [INFO]   生成 meta: 液冷循环塔.png -> EySQASQ-...
[2026-03-28 19:40:35] 📋   [INFO]   生成 meta: 液压动力单元.png -> AdOq-cgV...
[2026-03-28 19:40:35] 📋   [INFO]   生成 meta: 液压指关节组.png -> Glz_wYua...
[2026-03-28 19:40:35] 📋   [INFO]   生成 meta: 液态金属戒指.png -> DFvkkUA7...
[2026-03-28 19:40:35] 📋   [INFO]   生成 meta: 深渊之眼监控核心.png -> DZUZya87...
[2026-03-28 19:40:35] 📋   [INFO]   生成 meta: 烧毁的内存条.png -> FbIqaRuj...
[2026-03-28 19:40:35] 📋   [INFO]   生成 meta: 生物芯片植入器.png -> DqURGRVN...
[2026-03-28 19:40:35] 📋   [INFO]   生成 meta: 生物识别门锁.png -> HnITaapH...
[2026-03-28 19:40:35] 📋   [INFO]   生成 meta: 电子涅槃装置.png -> GDxDSd_h...
[2026-03-28 19:40:35] 📋   [INFO]   生成 meta: 电磁悬浮陀螞.png -> FCt44bEJ...
[2026-03-28 19:40:35] 📋   [INFO]   生成 meta: 硬盘阵列盒.png -> GcCWiZXj...
[2026-03-28 19:40:35] 📋   [INFO]   生成 meta: 碳纤维手骨套件.png -> A_9mOTH0...
[2026-03-28 19:40:35] 📋   [INFO]   生成 meta: 碳纤维机械臂段.png -> CyusAQHx...
[2026-03-28 19:40:35] 📋   [INFO]   生成 meta: 碳纤维面板.png -> FsCvIclA...
[2026-03-28 19:40:35] 📋   [INFO]   生成 meta: 碳纳米管样品管.png -> GdHFuWsK...
[2026-03-28 19:40:35] 📋   [INFO]   生成 meta: 磁带备份库.png -> FDX12SZU...
[2026-03-28 19:40:35] 📋   [INFO]   生成 meta: 磁悬浮底盘组件.png -> EQcPubdb...
[2026-03-28 19:40:35] 📋   [INFO]   生成 meta: 磁浮列车制动器.png -> Bc046XYr...
[2026-03-28 19:40:35] 📋   [INFO]   生成 meta: 神经信号转译器.png -> CLvc2Uh6...
[2026-03-28 19:40:35] 📋   [INFO]   生成 meta: 神经接口芯片.png -> HdX1mSjV...
[2026-03-28 19:40:35] 📋   [INFO]   生成 meta: 精密减速器.png -> Dl3psaYk...
[2026-03-28 19:40:35] 📋   [INFO]   生成 meta: 纳米涂层脊椎链.png -> D9jkyecV...
[2026-03-28 19:40:35] 📋   [INFO]   生成 meta: 绝版操作系统软盘.png -> EJKSOcGh...
[2026-03-28 19:40:35] 📋   [INFO]   生成 meta: 脑电波耳机原型.png -> DmEc6cJa...
[2026-03-28 19:40:35] 📋   [INFO]   生成 meta: 街头涂鸦墙砖.png -> CcO98UB_...
[2026-03-28 19:40:35] 📋   [INFO]   生成 meta: 赛博涂鸦模板.png -> AK4DSY9i...
[2026-03-28 19:40:35] 📋   [INFO]   生成 meta: 超导磁轨弹射模块.png -> AO_p2QNg...
[2026-03-28 19:40:35] 📋   [INFO]   生成 meta: 超导线圈组件.png -> CX0fkY4Y...
[2026-03-28 19:40:35] 📋   [INFO]   生成 meta: 追光者引擎原型.png -> G7XO2Z7O...
[2026-03-28 19:40:35] 📋   [INFO]   生成 meta: 量子密钥分发器.png -> HyMk4RUg...
[2026-03-28 19:40:35] 📋   [INFO]   生成 meta: 量子真空能量模块.png -> CDj5ASiB...
[2026-03-28 19:40:35] 📋   [INFO]   生成 meta: 钛合金义眼.png -> BCVE2dCs...
[2026-03-28 19:40:35] 📋   [INFO]   生成 meta: 铁骑全身外骨骼.png -> AviSYT2a...
[2026-03-28 19:40:35] 📋   [INFO]   生成 meta: 银翼钛金胸甲.png -> FFyZYY_F...
[2026-03-28 19:40:35] 📋   [INFO]   生成 meta: 霓虹书法灯管.png -> FvZIuYJ-...
[2026-03-28 19:40:35] 📋   [INFO]   生成 meta: 霓虹灯管字母.png -> DjKm6Th1...
[2026-03-28 19:40:35] 📋   [INFO]   生成 meta: 静电护腕.png -> AnuNuVxa...
[2026-03-28 19:40:35] 📋   [INFO]   生成 meta: 飞行摩托涡扇引擎.png -> FXATceqS...
[2026-03-28 19:40:35] 📋   [INFO]   生成 meta: ASML光刻机核心组件.png -> FdLc6RJO...
[2026-03-28 19:40:35] 📋   [INFO]   生成 meta: 人形机器人原型.png -> CQNFCVem...
[2026-03-28 19:40:35] 📋   [INFO]   生成 meta: 光刻机镜组模块.png -> FikfabQO...
[2026-03-28 19:40:35] 📋   [INFO]   生成 meta: 六轴工业机械臂.png -> C-5nYbSa...
[2026-03-28 19:40:35] 📋   [INFO]   生成 meta: 协作机器人控制柜.png -> G6Jz6Rg6...
[2026-03-28 19:40:35] 📋   [INFO]   生成 meta: 古董摩托车.png -> BlGqEY08...
[2026-03-28 19:40:35] 📋   [INFO]   生成 meta: 古董留声机.png -> CbCaqSYY...
[2026-03-28 19:40:35] 📋   [INFO]   生成 meta: 小型CNC主轴.png -> G3RiWdHV...
[2026-03-28 19:40:35] 📋   [INFO]   生成 meta: 小型气缸.png -> EMHFMZTc...
[2026-03-28 19:40:35] 📋   [INFO]   生成 meta: 小型液压缸.png -> DM7J-TsE...
[2026-03-28 19:40:35] 📋   [INFO]   生成 meta: 工业视觉相机.png -> CAB7WXH7...
[2026-03-28 19:40:35] 📋   [INFO]   生成 meta: 废弃传感器.png -> F3Oi-Wym...
[2026-03-28 19:40:35] 📋   [INFO]   生成 meta: 废弃电路板.png -> BkWNuY6F...
[2026-03-28 19:40:35] 📋   [INFO]   生成 meta: 废齿轮组.png -> FXdNMRiH...
[2026-03-28 19:40:35] 📋   [INFO]   生成 meta: 德国光学镜头.png -> Camm2b_p...
[2026-03-28 19:40:35] 📋   [INFO]   生成 meta: 战斗机弹射座椅.png -> FquJKT2C...
[2026-03-28 19:40:35] 📋   [INFO]   生成 meta: 手动缝纫机.png -> E7ZisRuD...
[2026-03-28 19:40:35] 📋   [INFO]   生成 meta: 断裂传动带.png -> AZhoYbnQ...
[2026-03-28 19:40:35] 📋   [INFO]   生成 meta: 旧PLC控制器.png -> Do9gQQLW...
[2026-03-28 19:40:35] 📋   [INFO]   生成 meta: 旧伺服驱动器.png -> E8gHOSKn...
[2026-03-28 19:40:35] 📋   [INFO]   生成 meta: 旧减速器.png -> BKCl2URC...
[2026-03-28 19:40:35] 📋   [INFO]   生成 meta: 旧工具箱.png -> HbjPOezH...
[2026-03-28 19:40:35] 📋   [INFO]   生成 meta: 旧散热风扇.png -> FebbuZC_...
[2026-03-28 19:40:35] 📋   [INFO]   生成 meta: 旧电机外壳.png -> EdF5AY67...
[2026-03-28 19:40:35] 📋   [INFO]   生成 meta: 旧线缆束.png -> DSO7WRC9...
[2026-03-28 19:40:35] 📋   [INFO]   生成 meta: 机械臂关节模组.png -> CpYD6fuY...
[2026-03-28 19:40:35] 📋   [INFO]   生成 meta: 步进电机.png -> H73M6dr8...
[2026-03-28 19:40:35] 📋   [INFO]   生成 meta: 潜艇潜望镜.png -> AQyr2aTx...
[2026-03-28 19:40:35] 📋   [INFO]   生成 meta: 激光切割头.png -> FvYPyRli...
[2026-03-28 19:40:35] 📋   [INFO]   生成 meta: 瑞士八音盒.png -> FmSfefxW...
[2026-03-28 19:40:35] 📋   [INFO]   生成 meta: 瑞士钟表机芯.png -> Dn4JMZBP...
[2026-03-28 19:40:35] 📋   [INFO]   生成 meta: 精密坐标测量仪.png -> DvxIyQtP...
[2026-03-28 19:40:35] 📋   [INFO]   生成 meta: 精密导轨.png -> FYCm-Sm1...
[2026-03-28 19:40:35] 📋   [INFO]   生成 meta: 精密谐波减速机.png -> FOCKUTk-...
[2026-03-28 19:40:35] 📋   [INFO]   生成 meta: 老式摩托油箱.png -> AYT3iVr_...
[2026-03-28 19:40:35] 📋   [INFO]   生成 meta: 老式显微镜.png -> HCe96Tf8...
[2026-03-28 19:40:35] 📋   [INFO]   生成 meta: 老式火车模型.png -> HVq4ob36...
[2026-03-28 19:40:35] 📋   [INFO]   生成 meta: 老式计量秤.png -> Ff2CScXU...
[2026-03-28 19:40:35] 📋   [INFO]   生成 meta: 老缝纫机头.png -> G3x8ecy2...
[2026-03-28 19:40:35] 📋   [INFO]   生成 meta: 老自行车铃.png -> D5HeiUyU...
[2026-03-28 19:40:35] 📋   [INFO]   生成 meta: 老钟表发条.png -> Cq4wwR-s...
[2026-03-28 19:40:35] 📋   [INFO]   生成 meta: 航天发动机喷嘴.png -> BdXwAWoG...
[2026-03-28 19:40:35] 📋   [INFO]   生成 meta: 航天陀螺仪.png -> FYvTifCy...
[2026-03-28 19:40:35] 📋   [INFO]   生成 meta: 航海六分仪.png -> Bthusf5I...
[2026-03-28 19:40:35] 📋   [INFO]   生成 meta: 蒸汽朋克机械钟.png -> F8ceATwt...
[2026-03-28 19:40:35] 📋   [INFO]   生成 meta: 铜质天平.png -> AJwqKTeD...
[2026-03-28 19:40:35] 📋   [INFO]   生成 meta: 铜质打字机键.png -> D-xGObkK...
[2026-03-28 19:40:35] 📋   [INFO]   生成 meta: 铜质望远镜筒.png -> AHVQsQbG...
[2026-03-28 19:40:35] 📋   [INFO]   生成 meta: 锈蚀弹簧组.png -> Bune-bQF...
[2026-03-28 19:40:35] 📋   [INFO]   生成 meta: 锈蚀轴承.png -> FL1AGShD...
[2026-03-28 19:40:35] 📋   [INFO]   生成 meta: 马车灯.png -> DPngqV8e...
[2026-03-28 19:40:35] 📋   [INFO]   生成 meta: 高精度3D打印机.png -> EpHRgReA...
[2026-03-28 19:40:35] 📋   [INFO]   生成 meta: 黄铜船锚模型.png -> GPKUyfSP...
[2026-03-28 19:40:35] 📋   [INFO]   生成 meta: 50年威士忌.png -> FaSgUQUS...
[2026-03-28 19:40:35] 📋   [INFO]   生成 meta: 冰酒礼盒.png -> F5TxGWF2...
[2026-03-28 19:40:35] 📋   [INFO]   生成 meta: 单瓶年份红酒.png -> E1f92ZkD...
[2026-03-28 19:40:35] 📋   [INFO]   生成 meta: 发霉烟丝.png -> EXb_0XTj...
[2026-03-28 19:40:35] 📋   [INFO]   生成 meta: 古巴雪茄单支.png -> ATabkUP5...
[2026-03-28 19:40:35] 📋   [INFO]   生成 meta: 古巴雪茄（半盒）.png -> FsQeuV5y...
[2026-03-28 19:40:35] 📋   [INFO]   生成 meta: 年份波尔多红酒.png -> AhGOkaiQ...
[2026-03-28 19:40:35] 📋   [INFO]   生成 meta: 年份香槟木箱.png -> Be9lmSL1...
[2026-03-28 19:40:35] 📋   [INFO]   生成 meta: 年份龙舌兰.png -> EBZlcQ2k...
[2026-03-28 19:40:35] 📋   [INFO]   生成 meta: 意大利陈醋.png -> E1fCsS4g...
[2026-03-28 19:40:35] 📋   [INFO]   生成 meta: 散装茶包.png -> CiwRmVHe...
[2026-03-28 19:40:35] 📋   [INFO]   生成 meta: 整箱年份茅台.png -> Cic54SGE...
[2026-03-28 19:40:35] 📋   [INFO]   生成 meta: 整箱进口红酒.png -> Hel9GSOE...
[2026-03-28 19:40:35] 📋   [INFO]   生成 meta: 整箱进口雪茄.png -> C7WgCdPO...
[2026-03-28 19:40:35] 📋   [INFO]   生成 meta: 日本清酒礼盒.png -> BLzAQSNL...
[2026-03-28 19:40:35] 📋   [INFO]   生成 meta: 日本限定清酒.png -> CIvtQZRY...
[2026-03-28 19:40:35] 📋   [INFO]   生成 meta: 旧开瓶器.png -> E5Oo8cNk...
[2026-03-28 19:40:35] 📋   [INFO]   生成 meta: 沉船打捞香槟.png -> EOzeSdR0...
[2026-03-28 19:40:35] 📋   [INFO]   生成 meta: 法国白兰地.png -> HrtekU28...
[2026-03-28 19:40:35] 📋   [INFO]   生成 meta: 波特酒.png -> HtagYUsy...
[2026-03-28 19:40:35] 📋   [INFO]   生成 meta: 烂软木塞.png -> BPeL8Xuk...
[2026-03-28 19:40:35] 📋   [INFO]   生成 meta: 烟斗礼盒.png -> EQKBSc5I...
[2026-03-28 19:40:35] 📋   [INFO]   生成 meta: 百年干邑白兰地.png -> H_D0aTSJ...
[2026-03-28 19:40:35] 📋   [INFO]   生成 meta: 百年陈酿白兰地.png -> A7fayYcx...
[2026-03-28 19:40:35] 📋   [INFO]   生成 meta: 破酒杯.png -> ChCy-RDF...
[2026-03-28 19:40:35] 📋   [INFO]   生成 meta: 碎酒瓶.png -> CYa-QbM0...
[2026-03-28 19:40:35] 📋   [INFO]   生成 meta: 空威士忌瓶.png -> HIY8eVdf...
[2026-03-28 19:40:35] 📋   [INFO]   生成 meta: 空雪茄盒.png -> Fb_hKUTm...
[2026-03-28 19:40:35] 📋   [INFO]   生成 meta: 老窖原浆酒.png -> EDPqqYwd...
[2026-03-28 19:40:35] 📋   [INFO]   生成 meta: 苏格兰威士忌.png -> AoSv-W5n...
[2026-03-28 19:40:35] 📋   [INFO]   生成 meta: 褪色酒标.png -> EaDjIZUk...
[2026-03-28 19:40:35] 📋   [INFO]   生成 meta: 过期烟条.png -> GrdbWWgi...
[2026-03-28 19:40:35] 📋   [INFO]   生成 meta: 进口雪茄保湿柜.png -> H0uSqbsz...
[2026-03-28 19:40:35] 📋   [INFO]   生成 meta: 锡兰红茶铁罐.png -> E15jIaPc...
[2026-03-28 19:40:35] 📋   [INFO]   生成 meta: 陈年黄酒坛.png -> BPpryT4z...
[2026-03-28 19:40:35] 📋   [INFO]   生成 meta: 限量版朗姆酒.png -> Hv068Su-...
[2026-03-28 19:40:35] 📋   [INFO]   生成 meta: 限量版茅台.png -> BUqueapD...
[2026-03-28 19:40:35] 📋   [INFO]   生成 meta: 假珍珠.png -> Bpo5SSRI...
[2026-03-28 19:40:35] 📋   [INFO]   生成 meta: 克什米尔蓝宝石.png -> CgGOgWZN...
[2026-03-28 19:40:35] 📋   [INFO]   生成 meta: 南红玛瑙挂件.png -> B3K5IVcV...
[2026-03-28 19:40:35] 📋   [INFO]   生成 meta: 和田玉牌.png -> CwEY8fIQ...
[2026-03-28 19:40:35] 📋   [INFO]   生成 meta: 坏智能手环.png -> Dc9yIexA...
[2026-03-28 19:40:35] 📋   [INFO]   生成 meta: 天然珍珠项链.png -> C_Proad_...
[2026-03-28 19:40:35] 📋   [INFO]   生成 meta: 帝王绿翡翠珠.png -> BbktEa1E...
[2026-03-28 19:40:35] 📋   [INFO]   生成 meta: 断链子.png -> Bc3IcWAv...
[2026-03-28 19:40:35] 📋   [INFO]   生成 meta: 旧发卡.png -> GUqg2fNK...
[2026-03-28 19:40:35] 📋   [INFO]   生成 meta: 旧玛瑙珠.png -> FxGrsRZs...
[2026-03-28 19:40:35] 📋   [INFO]   生成 meta: 旧珠宝匣.png -> FR3RGcf5...
[2026-03-28 19:40:35] 📋   [INFO]   生成 meta: 旧珠花.png -> Cdrl4WHx...
[2026-03-28 19:40:35] 📋   [INFO]   生成 meta: 旧胸针.png -> DEGvOdfW...
[2026-03-28 19:40:35] 📋   [INFO]   生成 meta: 旧蓝牙戒指.png -> FYjKseby...
[2026-03-28 19:40:35] 📋   [INFO]   生成 meta: 旧表带.png -> AYllGbT7...
[2026-03-28 19:40:35] 📋   [INFO]   生成 meta: 旧袖扣.png -> H25cETZC...
[2026-03-28 19:40:35] 📋   [INFO]   生成 meta: 旧象牙筷.png -> C1ayySqH...
[2026-03-28 19:40:35] 📋   [INFO]   生成 meta: 旧首饰盒.png -> Fr4XmSJ3...
[2026-03-28 19:40:35] 📋   [INFO]   生成 meta: 清代金耳环.png -> D-hF-fWg...
[2026-03-28 19:40:35] 📋   [INFO]   生成 meta: 玉坠子.png -> Eno7SSwb...
[2026-03-28 19:40:35] 📋   [INFO]   生成 meta: 玛瑙扳指.png -> BT4Wye2V...
[2026-03-28 19:40:35] 📋   [INFO]   生成 meta: 玻璃珠.png -> EfB2SYZQ...
[2026-03-28 19:40:36] 📋   [INFO]   生成 meta: 珊瑚树摆件.png -> EdMlIZ-R...
[2026-03-28 19:40:36] 📋   [INFO]   生成 meta: 珊瑚珠.png -> AaWJkaLH...
[2026-03-28 19:40:36] 📋   [INFO]   生成 meta: 珍珠碎串.png -> BD2nGdWJ...
[2026-03-28 19:40:36] 📋   [INFO]   生成 meta: 琥珀小块.png -> BcsOCZ-w...
[2026-03-28 19:40:36] 📋   [INFO]   生成 meta: 琥珀虫珀.png -> DI4fgZUn...
[2026-03-28 19:40:36] 📋   [INFO]   生成 meta: 碎珠子堆.png -> H6JWqU3N...
[2026-03-28 19:40:36] 📋   [INFO]   生成 meta: 祖母绿原石.png -> A_-HMQ_R...
[2026-03-28 19:40:36] 📋   [INFO]   生成 meta: 稀土金属样品套装.png -> D2Xu8RzR...
[2026-03-28 19:40:36] 📋   [INFO]   生成 meta: 粉钻原石.png -> HT84wZRI...
[2026-03-28 19:40:36] 📋   [INFO]   生成 meta: 红珊瑚雕件.png -> B_lcaSZq...
[2026-03-28 19:40:36] 📋   [INFO]   生成 meta: 绿松石散珠.png -> CnCFSfCB...
[2026-03-28 19:40:36] 📋   [INFO]   生成 meta: 绿松石珠串.png -> B6ipSQX6...
[2026-03-28 19:40:36] 📋   [INFO]   生成 meta: 翡翠戒面.png -> Ew51mT0R...
[2026-03-28 19:40:36] 📋   [INFO]   生成 meta: 翡翠玉如意.png -> GcwE6aOq...
[2026-03-28 19:40:36] 📋   [INFO]   生成 meta: 翡翠观音挂件.png -> D-bpqRrR...
[2026-03-28 19:40:36] 📋   [INFO]   生成 meta: 老坑翡翠手镐.png -> Cq6w6Xvh...
[2026-03-28 19:40:36] 📋   [INFO]   生成 meta: 老坑翡翠手镯.png -> AlisYWhY...
[2026-03-28 19:40:36] 📋   [INFO]   生成 meta: 老檀木珠串.png -> Gsy3iUJJ...
[2026-03-28 19:40:36] 📋   [INFO]   生成 meta: 老珍珠冠.png -> CitMGcr7...
[2026-03-28 19:40:36] 📋   [INFO]   生成 meta: 老翡翠扳指.png -> AOz76QhL...
[2026-03-28 19:40:36] 📋   [INFO]   生成 meta: 老翡翠片.png -> HuyIgZGd...
[2026-03-28 19:40:36] 📋   [INFO]   生成 meta: 老蜜蜡珠串.png -> CXTlaX5g...
[2026-03-28 19:40:36] 📋   [INFO]   生成 meta: 老金丝楠木匣.png -> B6Wggf2o...
[2026-03-28 19:40:36] 📋   [INFO]   生成 meta: 老金戒指.png -> DZlP4b_2...
[2026-03-28 19:40:36] 📋   [INFO]   生成 meta: 老银手镯.png -> DDb9oV-X...
[2026-03-28 19:40:36] 📋   [INFO]   生成 meta: 老银烟杆.png -> ACHSKSVL...
[2026-03-28 19:40:36] 📋   [INFO]   生成 meta: 老银簪.png -> Hpm5Ye5f...
[2026-03-28 19:40:36] 📋   [INFO]   生成 meta: 老银锁.png -> GxRmOR_N...
[2026-03-28 19:40:36] 📋   [INFO]   生成 meta: 老银锁片.png -> CeB5iedC...
[2026-03-28 19:40:36] 📋   [INFO]   生成 meta: 蜜蜡碎料.png -> HWEDCQu7...
[2026-03-28 19:40:36] 📋   [INFO]   生成 meta: 钛合金表壳.png -> CZzLOVcb...
[2026-03-28 19:40:36] 📋   [INFO]   生成 meta: 铁戒指.png -> Cdid-bmw...
[2026-03-28 19:40:36] 📋   [INFO]   生成 meta: 铂金催化剂样品.png -> FZaTocZi...
[2026-03-28 19:40:36] 📋   [INFO]   生成 meta: 铜手镯.png -> Ddcb2bqf...
[2026-03-28 19:40:36] 📋   [INFO]   生成 meta: 铜纽扣盒.png -> Gx2EMQNF...
[2026-03-28 19:40:36] 📋   [INFO]   生成 meta: 铜鎏金戒指.png -> ArlUYcLL...
[2026-03-28 19:40:36] 📋   [INFO]   生成 meta: 铱金坩埚.png -> BtcI0ZRJ...
[2026-03-28 19:40:36] 📋   [INFO]   生成 meta: 银手链.png -> Hk_hWctz...
[2026-03-28 19:40:36] 📋   [INFO]   生成 meta: 银指环.png -> FbNiOaPp...
[2026-03-28 19:40:36] 📋   [INFO]   生成 meta: 银耳环.png -> FqSqgaQc...
[2026-03-28 19:40:36] 📋   [INFO]   生成 meta: 银质发簪.png -> C-h6uScg...
[2026-03-28 19:40:36] 📋   [INFO]   生成 meta: 银质梳妆盒.png -> AbgT8bTH...
[2026-03-28 19:40:36] 📋   [INFO]   生成 meta: 银质酒杯.png -> GqAhqYIX...
[2026-03-28 19:40:36] 📋   [INFO]   生成 meta: 银鎏金耳坠.png -> Hv-0IYLa...
[2026-03-28 19:40:36] 📋   [INFO]   生成 meta: 鸽血红宝石.png -> AAL6SfIv...
[2026-03-28 19:40:36] 📋   [INFO]   生成 meta: AI训练显卡.png -> CVTMKSem...
[2026-03-28 19:40:36] 📋   [INFO]   生成 meta: 二手VR头显.png -> AN1J0ZnO...
[2026-03-28 19:40:36] 📋   [INFO]   生成 meta: 二手机械键盘.png -> FED80eZU...
[2026-03-28 19:40:36] 📋   [INFO]   生成 meta: 企业级交换机.png -> BY4tKcgS...
[2026-03-28 19:40:36] 📋   [INFO]   生成 meta: 军用罗盘.png -> BW1sSZ_V...
[2026-03-28 19:40:36] 📋   [INFO]   生成 meta: 初代游戏机.png -> FjEiGR6C...
[2026-03-28 19:40:36] 📋   [INFO]   生成 meta: 初代随身听原型.png -> G8S0EVQ3...
[2026-03-28 19:40:36] 📋   [INFO]   生成 meta: 图灵手稿残页.png -> HJNOETCg...
[2026-03-28 19:40:36] 📋   [INFO]   生成 meta: 坏石英表.png -> G1M8GVFy...
[2026-03-28 19:40:36] 📋   [INFO]   生成 meta: 坏路由器.png -> D7LbKSx8...
[2026-03-28 19:40:36] 📋   [INFO]   生成 meta: 坏闹钟.png -> CR8TcfV_...
[2026-03-28 19:40:36] 📋   [INFO]   生成 meta: 坏鼠标.png -> BvPweUCR...
[2026-03-28 19:40:36] 📋   [INFO]   生成 meta: 定制AI芯片.png -> HGdowSKi...
[2026-03-28 19:40:36] 📋   [INFO]   生成 meta: 恩尼格玛密码机零件.png -> DjMb2dwP...
[2026-03-28 19:40:36] 📋   [INFO]   生成 meta: 断线耳机.png -> DkleyZp1...
[2026-03-28 19:40:36] 📋   [INFO]   生成 meta: 旧USB集线器.png -> B_Na0c-1...
[2026-03-28 19:40:36] 📋   [INFO]   生成 meta: 旧万用表.png -> FH3p0e8h...
[2026-03-28 19:40:36] 📋   [INFO]   生成 meta: 旧传真机.png -> F4PLCWda...
[2026-03-28 19:40:36] 📋   [INFO]   生成 meta: 旧充电头.png -> FxUpoT1D...
[2026-03-28 19:40:36] 📋   [INFO]   生成 meta: 旧唱片.png -> HSh6Ccr9...
[2026-03-28 19:40:36] 📋   [INFO]   生成 meta: 旧唱片机.png -> FqKTUVhc...
[2026-03-28 19:40:36] 📋   [INFO]   生成 meta: 旧大型磁带机.png -> B-ecmY4e...
[2026-03-28 19:40:36] 📋   [INFO]   生成 meta: 旧天线.png -> BWqSqXWC...
[2026-03-28 19:40:36] 📋   [INFO]   生成 meta: 旧对讲机.png -> D-khEWxt...
[2026-03-28 19:40:36] 📋   [INFO]   生成 meta: 旧平板电脑.png -> BtNLYbpi...
[2026-03-28 19:40:36] 📋   [INFO]   生成 meta: 旧打印机.png -> HFURCcmP...
[2026-03-28 19:40:36] 📋   [INFO]   生成 meta: 旧收音机.png -> GSh6wZLg...
[2026-03-28 19:40:36] 📋   [INFO]   生成 meta: 旧无人机.png -> AkAKCeQF...
[2026-03-28 19:40:36] 📋   [INFO]   生成 meta: 旧无线耳机.png -> Dq7tAXKq...
[2026-03-28 19:40:36] 📋   [INFO]   生成 meta: 旧显示器.png -> B_S4QfLO...
[2026-03-28 19:40:36] 📋   [INFO]   生成 meta: 旧智能音箱.png -> Dx_HuQ0o...
[2026-03-28 19:40:36] 📋   [INFO]   生成 meta: 旧机箱壳.png -> AHvnCTrg...
[2026-03-28 19:40:36] 📋   [INFO]   生成 meta: 旧温度计.png -> Dp1Z-Y8F...
[2026-03-28 19:40:36] 📋   [INFO]   生成 meta: 旧游戏卡带.png -> CZeqQUUH...
[2026-03-28 19:40:36] 📋   [INFO]   生成 meta: 旧磁带.png -> AgKlmQos...
[2026-03-28 19:40:36] 📋   [INFO]   生成 meta: 旧经纬仪.png -> FQIDGdJF...
[2026-03-28 19:40:36] 📋   [INFO]   生成 meta: 旧网线.png -> DliO2Q8P...
[2026-03-28 19:40:36] 📋   [INFO]   生成 meta: 旧计算器.png -> FUdqOU4H...
[2026-03-28 19:40:36] 📋   [INFO]   生成 meta: 旧软盘.png -> DETxYet_...
[2026-03-28 19:40:36] 📋   [INFO]   生成 meta: 旧遥控器.png -> HXBzkR_Z...
[2026-03-28 19:40:36] 📋   [INFO]   生成 meta: 早期Apple-I主板.png -> GoQkqdMz...
[2026-03-28 19:40:36] 📋   [INFO]   生成 meta: 早期X光管.png -> Hx0y6bst...
[2026-03-28 19:40:36] 📋   [INFO]   生成 meta: 服务器机柜(满配).png -> HidCiY2I...
[2026-03-28 19:40:36] 📋   [INFO]   生成 meta: 机械秒表.png -> CJ5egb4u...
[2026-03-28 19:40:36] 📋   [INFO]   生成 meta: 机械计算机.png -> H9PSiTO_...
[2026-03-28 19:40:36] 📋   [INFO]   生成 meta: 爱迪生留声机部件.png -> FV4rQYTh...
[2026-03-28 19:40:36] 📋   [INFO]   生成 meta: 电报机.png -> ECAuKYA1...
[2026-03-28 19:40:36] 📋   [INFO]   生成 meta: 登月相机镜头组件.png -> FjKyUVI5...
[2026-03-28 19:40:36] 📋   [INFO]   生成 meta: 真空管收音机.png -> D2g_EXUC...
[2026-03-28 19:40:36] 📋   [INFO]   生成 meta: 真空管计算机面板.png -> BLVZedMa...
[2026-03-28 19:40:36] 📋   [INFO]   生成 meta: 碎屏手机.png -> H1_Z6SPu...
[2026-03-28 19:40:36] 📋   [INFO]   生成 meta: 红白机.png -> FK4DKbFb...
[2026-03-28 19:40:36] 📋   [INFO]   生成 meta: 老唱片机.png -> ATr4iWJb...
[2026-03-28 19:40:36] 📋   [INFO]   生成 meta: 老天文台时钟.png -> FLb82TeI...
[2026-03-28 19:40:36] 📋   [INFO]   生成 meta: 老天文望远镜.png -> HMaVAS4a...
[2026-03-28 19:40:36] 📋   [INFO]   生成 meta: 老式BP机.png -> Bz_XKYYE...
[2026-03-28 19:40:36] 📋   [INFO]   生成 meta: 老式军用电台.png -> ACd5UeBY...
[2026-03-28 19:40:36] 📋   [INFO]   生成 meta: 老式座钟.png -> AHVxEdtC...
[2026-03-28 19:40:36] 📋   [INFO]   生成 meta: 老式气压计.png -> AR-yyRV6...
[2026-03-28 19:40:36] 📋   [INFO]   生成 meta: 老式电话.png -> F4YKSdVB...
[2026-03-28 19:40:36] 📋   [INFO]   生成 meta: 老式相机.png -> DbAImYaJ...
[2026-03-28 19:40:36] 📋   [INFO]   生成 meta: 老打字机.png -> FrZG-Vz5...
[2026-03-28 19:40:36] 📋   [INFO]   生成 meta: 老电影放映机.png -> ALwhCQy8...
[2026-03-28 19:40:36] 📋   [INFO]   生成 meta: 老示波器.png -> GoDhIYxk...
[2026-03-28 19:40:36] 📋   [INFO]   生成 meta: 老缝纫机头.png -> B9aKmdNR...
[2026-03-28 19:40:36] 📋   [INFO]   生成 meta: 老胶片相机.png -> CQe0cfYj...
[2026-03-28 19:40:36] 📋   [INFO]   生成 meta: 老航空仪表.png -> BuWWyRAZ...
[2026-03-28 19:40:36] 📋   [INFO]   生成 meta: 老街机框体.png -> GxZyoZmg...
[2026-03-28 19:40:36] 📋   [INFO]   生成 meta: 老键盘.png -> CjqSMbIa...
[2026-03-28 19:40:36] 📋   [INFO]   生成 meta: 达芬奇手稿残页.png -> F7Pgaa9b...
[2026-03-28 19:40:36] 📋   [INFO]   生成 meta: 量子计算处理器原型.png -> Bqlo4Ug2...
[2026-03-28 19:40:36] 📋   [INFO]   生成 meta: 铜望远镜.png -> DV6hWW95...
[2026-03-28 19:40:36] 📋   [INFO]   生成 meta: 阿波罗导航计算机.png -> AWCzUW1G...
[2026-03-28 19:40:36] 📋   [INFO]   生成 meta: 军用手摇发电机.png -> Fqsy6ff4...
[2026-03-28 19:40:36] 📋   [INFO]   生成 meta: 军用柴油发电机.png -> GY_bkejK...
[2026-03-28 19:40:36] 📋   [INFO]   生成 meta: 半截蜡烛.png -> CfLjAYHy...
[2026-03-28 19:40:36] 📋   [INFO]   生成 meta: 古董打火机（Zippo初代）.png -> FRctMc8U...
[2026-03-28 19:40:36] 📋   [INFO]   生成 meta: 居里夫人笔记本.png -> HXvj8a0X...
[2026-03-28 19:40:36] 📋   [INFO]   生成 meta: 废旧电池.png -> BiYsqX1k...
[2026-03-28 19:40:36] 📋   [INFO]   生成 meta: 拉瓦锡实验器具.png -> E5JhQfrP...
[2026-03-28 19:40:36] 📋   [INFO]   生成 meta: 旧变压器.png -> D3SP6UGD...
[2026-03-28 19:40:36] 📋   [INFO]   生成 meta: 旧开关面板.png -> E13b0Su5...
[2026-03-28 19:40:36] 📋   [INFO]   生成 meta: 旧插排.png -> DLgbSdci...
[2026-03-28 19:40:36] 📋   [INFO]   生成 meta: 旧火柴盒.png -> AwFZMWS6...
[2026-03-28 19:40:36] 📋   [INFO]   生成 meta: 旧灯泡.png -> DyFQaUHs...
[2026-03-28 19:40:36] 📋   [INFO]   生成 meta: 旧灯笼.png -> CpcToQnD...
[2026-03-28 19:40:36] 📋   [INFO]   生成 meta: 旧灯管.png -> B_mUkW4p...
[2026-03-28 19:40:36] 📋   [INFO]   生成 meta: 旧煤炉.png -> D1ihmXM7...
[2026-03-28 19:40:36] 📋   [INFO]   生成 meta: 旧落地灯架.png -> DMxRoSpN...
[2026-03-28 19:40:36] 📋   [INFO]   生成 meta: 旧蓄电池.png -> FhYfiRzl...
[2026-03-28 19:40:36] 📋   [INFO]   生成 meta: 法拉第线圈装置.png -> FsAQ-VDC...
[2026-03-28 19:40:36] 📋   [INFO]   生成 meta: 煤块.png -> ArFF-eSo...
[2026-03-28 19:40:36] 📋   [INFO]   生成 meta: 煤油灯.png -> EWAEKfmG...
[2026-03-28 19:40:36] 📋   [INFO]   生成 meta: 爱迪生灯泡复刻.png -> EaJDQX53...
[2026-03-28 19:40:36] 📋   [INFO]   生成 meta: 特斯拉线圈模型.png -> B9hy6Tq0...
[2026-03-28 19:40:36] 📋   [INFO]   生成 meta: 瓦特蒸汽机零件.png -> F8bJ4abJ...
[2026-03-28 19:40:36] 📋   [INFO]   生成 meta: 电线团.png -> AyMXwaCT...
[2026-03-28 19:40:36] 📋   [INFO]   生成 meta: 矿井安全灯.png -> AkTFma91...
[2026-03-28 19:40:36] 📋   [INFO]   生成 meta: 碎灯罩.png -> HGTkqXoG...
[2026-03-28 19:40:36] 📋   [INFO]   生成 meta: 老取暖炉.png -> FndRmQsK...
[2026-03-28 19:40:36] 📋   [INFO]   生成 meta: 老式手电筒.png -> CvQWYVyY...
[2026-03-28 19:40:36] 📋   [INFO]   生成 meta: 老式电表.png -> D0g-UdA2...
[2026-03-28 19:40:36] 📋   [INFO]   生成 meta: 老式路灯头.png -> Gw3P4S-r...
[2026-03-28 19:40:36] 📋   [INFO]   生成 meta: 老式配电箱.png -> Ck9_AXRV...
[2026-03-28 19:40:36] 📋   [INFO]   生成 meta: 老式风力发电机叶片.png -> BmlemZDx...
[2026-03-28 19:40:36] 📋   [INFO]   生成 meta: 老油灯.png -> F2pOoco5...
[2026-03-28 19:40:36] 📋   [INFO]   生成 meta: 老灯塔透镜.png -> F_CjqW2U...
[2026-03-28 19:40:36] 📋   [INFO]   生成 meta: 老煤气灯头.png -> H4Zk2UnB...
[2026-03-28 19:40:36] 📋   [INFO]   生成 meta: 老煤油炉.png -> CDcVOcne...
[2026-03-28 19:40:36] 📋   [INFO]   生成 meta: 老电闸.png -> BNJX8RfJ...
[2026-03-28 19:40:36] 📋   [INFO]   生成 meta: 老矿灯.png -> FgzdYdGM...
[2026-03-28 19:40:36] 📋   [INFO]   生成 meta: 老航标灯.png -> HMPaKU1e...
[2026-03-28 19:40:36] 📋   [INFO]   生成 meta: 老船灯.png -> Ea6wWSDt...
[2026-03-28 19:40:36] 📋   [INFO]   生成 meta: 老黄铜吊灯.png -> DkHCadIZ...
[2026-03-28 19:40:36] 📋   [INFO]   生成 meta: 航海罗经灯.png -> AOTtIb4Q...
[2026-03-28 19:40:36] 📋   [INFO]   生成 meta: 船用汽笛.png -> ElRCMfhU...
[2026-03-28 19:40:36] 📋   [INFO]   生成 meta: 蒂芙尼台灯.png -> FdQXqVzx...
[2026-03-28 19:40:36] 📋   [INFO]   生成 meta: 铀矿石标本（密封）.png -> AtlHeZD1...
[2026-03-28 19:40:36] 📋   [INFO]   生成 meta: 铁壳暖炉.png -> BxTfkVGj...
[2026-03-28 19:40:36] 📋   [INFO]   生成 meta: 铁壳电扇.png -> AhiDIaJe...
[2026-03-28 19:40:36] 📋   [INFO]   生成 meta: 铁路信号灯.png -> E4_JSTnX...
[2026-03-28 19:40:36] 📋   [INFO]   生成 meta: 铜灯座.png -> CHXaUZMV...
[2026-03-28 19:40:36] 📋   [INFO]   生成 meta: 铜烛剪.png -> HZOj-XS4...
[2026-03-28 19:40:36] 📋   [INFO]   生成 meta: 铜烛台.png -> HYRLEVzW...
[2026-03-28 19:40:36] 📋   [INFO]   生成 meta: 铜质水烟壶.png -> H0wrqTj2...
[2026-03-28 19:40:36] 📋   [INFO]   生成 meta: 铜质油壶灯.png -> E4AqqSwS...
[2026-03-28 19:40:36] 📋   [INFO]   生成 meta: 铜质消防灯.png -> DkM0gcoX...
[2026-03-28 19:40:36] 📋   [INFO]   生成 meta: 锈打火机.png -> Eqc58SwT...
[2026-03-28 19:40:36] 📋   [INFO]   生成 meta: 马灯.png -> ExfzMaan...
[2026-03-28 19:40:36] 📋   [INFO]   生成 meta: 黄铜台灯.png -> DOkVoQ_P...
[2026-03-28 19:40:36] 📋   [INFO]   生成 meta: LED动态艺术装置.png -> GcLn0fuy...
[2026-03-28 19:40:36] 📋   [INFO]   生成 meta: 名家印章.png -> DN2ZkZA6...
[2026-03-28 19:40:36] 📋   [INFO]   生成 meta: 名家竹雕臂搁.png -> FWQRQdyR...
[2026-03-28 19:40:36] 📋   [INFO]   生成 meta: 唐卡残片.png -> ENXiuTTv...
[2026-03-28 19:40:36] 📋   [INFO]   生成 meta: 宋代瓷枕.png -> DmgEiXUg...
[2026-03-28 19:40:36] 📋   [INFO]   生成 meta: 宋拓碑帖残页.png -> B3BS6Us8...
[2026-03-28 19:40:36] 📋   [INFO]   生成 meta: 张大千泼墨山水.png -> AIK1YWr8...
[2026-03-28 19:40:36] 📋   [INFO]   生成 meta: 当代艺术家签名版画.png -> EQAD-fPk...
[2026-03-28 19:40:36] 📋   [INFO]   生成 meta: 微雕核桃.png -> GoJo8U4q...
[2026-03-28 19:40:36] 📋   [INFO]   生成 meta: 敦煌壁画残片.png -> EJCigRCM...
[2026-03-28 19:40:37] 📋   [INFO]   生成 meta: 旧中国结.png -> AcBV8Ufa...
[2026-03-28 19:40:37] 📋   [INFO]   生成 meta: 旧剪纸.png -> F6ncGXff...
[2026-03-28 19:40:37] 📋   [INFO]   生成 meta: 旧对联.png -> Cqk7yXy-...
[2026-03-28 19:40:37] 📋   [INFO]   生成 meta: 旧年历画.png -> G3YA8Tk8...
[2026-03-28 19:40:37] 📋   [INFO]   生成 meta: 旧折扇.png -> B-0L0RJu...
[2026-03-28 19:40:37] 📋   [INFO]   生成 meta: 旧木屏风.png -> EfAZYd0y...
[2026-03-28 19:40:37] 📋   [INFO]   生成 meta: 旧海报.png -> GLIISfIC...
[2026-03-28 19:40:37] 📋   [INFO]   生成 meta: 旧画框.png -> ADmimVPu...
[2026-03-28 19:40:37] 📋   [INFO]   生成 meta: 旧皮影.png -> CNdN8Vzs...
[2026-03-28 19:40:37] 📋   [INFO]   生成 meta: 旧竹帘.png -> DPbf2dw8...
[2026-03-28 19:40:37] 📋   [INFO]   生成 meta: 旧竹筷.png -> EwRfQSf5...
[2026-03-28 19:40:37] 📋   [INFO]   生成 meta: 旧绣品.png -> GaQYKXCV...
[2026-03-28 19:40:37] 📋   [INFO]   生成 meta: 旧蒲扇.png -> F5gIsQxs...
[2026-03-28 19:40:37] 📋   [INFO]   生成 meta: 旧风筝.png -> BOo9KS52...
[2026-03-28 19:40:37] 📋   [INFO]   生成 meta: 明代木雕佛像.png -> Desq4XEW...
[2026-03-28 19:40:37] 📋   [INFO]   生成 meta: 明代铜鎏金佛像.png -> AjtsWafz...
[2026-03-28 19:40:37] 📋   [INFO]   生成 meta: 景泰蓝小瓶.png -> H08TqXTh...
[2026-03-28 19:40:37] 📋   [INFO]   生成 meta: 木版年画.png -> G47S6ajw...
[2026-03-28 19:40:37] 📋   [INFO]   生成 meta: 木雕小鱼.png -> Alfc0SuC...
[2026-03-28 19:40:37] 📋   [INFO]   生成 meta: 木雕挂屏.png -> C1Q4cSqA...
[2026-03-28 19:40:37] 📋   [INFO]   生成 meta: 核雕手串.png -> Dy7UaXIL...
[2026-03-28 19:40:37] 📋   [INFO]   生成 meta: 概念艺术画册.png -> BJyA2Xnv...
[2026-03-28 19:40:37] 📋   [INFO]   生成 meta: 残缺手办.png -> GsbluS0B...
[2026-03-28 19:40:37] 📋   [INFO]   生成 meta: 民国月份牌.png -> Eg6scfEi...
[2026-03-28 19:40:37] 📋   [INFO]   生成 meta: 泥人.png -> CSz0uWJ3...
[2026-03-28 19:40:37] 📋   [INFO]   生成 meta: 泥哨子.png -> Csn_CXRO...
[2026-03-28 19:40:37] 📋   [INFO]   生成 meta: 清宫如意.png -> CqnaGffg...
[2026-03-28 19:40:37] 📋   [INFO]   生成 meta: 漆器大盘.png -> CzbOId9n...
[2026-03-28 19:40:37] 📋   [INFO]   生成 meta: 现代抽象油画.png -> GaWaOXYJ...
[2026-03-28 19:40:37] 📋   [INFO]   生成 meta: 知名艺术家雕塑.png -> HJQoyWW5...
[2026-03-28 19:40:37] 📋   [INFO]   生成 meta: 石膏像.png -> BaZ_gWMY...
[2026-03-28 19:40:37] 📋   [INFO]   生成 meta: 石雕门墩.png -> FVyQaWZ_...
[2026-03-28 19:40:37] 📋   [INFO]   生成 meta: 砖雕花片.png -> FaC6aVD6...
[2026-03-28 19:40:37] 📋   [INFO]   生成 meta: 破草编篮.png -> EwMpcQ0c...
[2026-03-28 19:40:37] 📋   [INFO]   生成 meta: 碎刺绣.png -> CYSdYcb-...
[2026-03-28 19:40:37] 📋   [INFO]   生成 meta: 碎花布.png -> A7qwaaT_...
[2026-03-28 19:40:37] 📋   [INFO]   生成 meta: 碎马赛克片.png -> HYA3EfQF...
[2026-03-28 19:40:37] 📋   [INFO]   生成 meta: 竹雕笔筒.png -> F_g_CYUQ...
[2026-03-28 19:40:37] 📋   [INFO]   生成 meta: 粗陶花瓶.png -> FomWUcc_...
[2026-03-28 19:40:37] 📋   [INFO]   生成 meta: 绣花鞋垫.png -> F9QwEW9Z...
[2026-03-28 19:40:37] 📋   [INFO]   生成 meta: 老年画原版.png -> GHAXWeJN...
[2026-03-28 19:40:37] 📋   [INFO]   生成 meta: 老灯笼骨架.png -> EdIimTON...
[2026-03-28 19:40:37] 📋   [INFO]   生成 meta: 老烙画.png -> Bzkr0bn1...
[2026-03-28 19:40:37] 📋   [INFO]   生成 meta: 老紫砂壶.png -> E-wB0Xmj...
[2026-03-28 19:40:37] 📋   [INFO]   生成 meta: 老蓝印花布.png -> HF4KIf7H...
[2026-03-28 19:40:37] 📋   [INFO]   生成 meta: 老邮票.png -> B8MBaYOt...
[2026-03-28 19:40:37] 📋   [INFO]   生成 meta: 老铜墨盒.png -> G6Tboe_h...
[2026-03-28 19:40:37] 📋   [INFO]   生成 meta: 苏绣双面绣屏风.png -> DTOLSfgU...
[2026-03-28 19:40:37] 📋   [INFO]   生成 meta: 褪色年画.png -> G_xdgVDt...
[2026-03-28 19:40:37] 📋   [INFO]   生成 meta: 设计师台灯.png -> C2vWCUys...
[2026-03-28 19:40:37] 📋   [INFO]   生成 meta: 设计师限量摆件.png -> G1ue2bVg...
[2026-03-28 19:40:37] 📋   [INFO]   生成 meta: 象牙果雕件.png -> A0eBkZ2j...
[2026-03-28 19:40:37] 📋   [INFO]   生成 meta: 铜佛龛.png -> HHel2ccO...
[2026-03-28 19:40:37] 📋   [INFO]   生成 meta: 铜制文镇.png -> ErtfmeaH...
[2026-03-28 19:40:37] 📋   [INFO]   生成 meta: 铜风铃.png -> GTR1-bfI...
[2026-03-28 19:40:37] 📋   [INFO]   生成 meta: 陶笛.png -> HjxrIdmq...
[2026-03-28 19:40:37] 📋   [INFO]   生成 meta: 青铜小兽.png -> A2XuUSMc...
[2026-03-28 19:40:37] 📋   [INFO]   生成 meta: 齐白石虾图残卷.png -> BUAJof3h...
[2026-03-28 19:40:37] 📋   [INFO]   生成 meta: main_hall_bg_20260319134729.png -> EJ6JWZuD...
[2026-03-28 19:40:37] 📋   [INFO]   生成 meta: multiply_icon_20260318060137.png -> EmmbKVRS...
[2026-03-28 19:40:37] 📋   [INFO]   生成 meta: qian_bonian_20260319090817.png -> Aa3eMVqX...
[2026-03-28 19:40:37] 📋   [INFO]   生成 meta: region_oldtown_20260319111022.png -> DIH0WSJW...
[2026-03-28 19:40:37] 📋   [INFO]   生成 meta: shen_jinghong_20260319090810.png -> BmovyXDD...
[2026-03-28 19:40:37] 📋   [INFO]   生成 meta: skill_allin_20260319103424.png -> GdGcKY5t...
[2026-03-28 19:40:37] 📋   [INFO]   生成 meta: skill_appraiser_20260319103423.png -> A-5_qbjl...
[2026-03-28 19:40:37] 📋   [INFO]   生成 meta: skill_discount_20260319103419.png -> D0t1aUng...
[2026-03-28 19:40:37] 📋   [INFO]   生成 meta: skill_expert_20260319103419.png -> CV45EUGN...
[2026-03-28 19:40:37] 📋   [INFO]   生成 meta: skill_eye_20260319103415.png -> BhrH8Tub...
[2026-03-28 19:40:37] 📋   [INFO]   生成 meta: skill_fate_20260319103415.png -> AsSoGTkN...
[2026-03-28 19:40:37] 📋   [INFO]   生成 meta: skill_finance_20260319103422.png -> EKcOUYRv...
[2026-03-28 19:40:37] 📋   [INFO]   生成 meta: skill_veteran_20260319103416.png -> FY6dmVFG...
[2026-03-28 19:40:37] 📋   [INFO]   生成 meta: su_qiaoqiao_20260319090819.png -> B0tRyT6a...
[2026-03-28 19:40:37] 📋   [INFO]   生成 meta: warehouse_grocery_20260319111022.png -> BF2fqR18...
[2026-03-28 19:40:37] 📋   [INFO]   生成 meta: warehouse_grocery_bg_20260319134622.png -> GLgWOZwg...
[2026-03-28 19:40:37] 📋   [INFO]   生成 meta: ye_lingxi_20260319090838.png -> EeLQYb5p...
[2026-03-28 19:40:37] 📋   [INFO]   生成 meta: zhao_tiezhu_20260319090816.png -> HtTeiQ9T...
[2026-03-28 19:40:37] 📋   [INFO]   生成 meta: 仓库背景_20260318034606.png -> CkmQWfgq...
[2026-03-28 19:40:37] 📋   [INFO]   生成 meta: 军用柴油发电机_20260320043104.png -> BUNNIdML...
[2026-03-28 19:40:37] 📋   [INFO]   生成 meta: 古董_元青花大罐_20260318135951.png -> BdIQYd5b...
[2026-03-28 19:40:37] 📋   [INFO]   生成 meta: 古董_宣德小香炉_20260318140051.png -> BdfEkagw...
[2026-03-28 19:40:37] 📋   [INFO]   生成 meta: 古董_旧太师椅_20260318140439.png -> GKLQCQGc...
[2026-03-28 19:40:37] 📋   [INFO]   生成 meta: 古董_旧木箱_20260318132530.png -> FS4IAShy...
[2026-03-28 19:40:37] 📋   [INFO]   生成 meta: 古董_旧条案_20260318133615.png -> FzJKKSVD...
[2026-03-28 19:40:37] 📋   [INFO]   生成 meta: 古董_旧烟斗_20260318132525.png -> CZHAUTpU...
[2026-03-28 19:40:37] 📋   [INFO]   生成 meta: 古董_旧算盘_20260318132512.png -> HdkGGUCj...
[2026-03-28 19:40:37] 📋   [INFO]   生成 meta: 古董_瓷碎片_20260318132511.png -> DwSnIf6U...
[2026-03-28 19:40:37] 📋   [INFO]   生成 meta: 古董_田黄冻印章_20260318140008.png -> FbCcIQWR...
[2026-03-28 19:40:37] 📋   [INFO]   生成 meta: 古董_石研台_20260318133616.png -> DHRIOaGL...
[2026-03-28 19:40:37] 📋   [INFO]   生成 meta: 古董_破铜铃_20260318132526.png -> CQ_RUU59...
[2026-03-28 19:40:37] 📋   [INFO]   生成 meta: 古董_碎石磨_20260318132510.png -> FzK6EUMl...
[2026-03-28 19:40:37] 📋   [INFO]   生成 meta: 古董_竹书签_20260318132519.png -> CshnGSRh...
[2026-03-28 19:40:37] 📋   [INFO]   生成 meta: 古董_紫砂小壶_20260318140127.png -> DXkpoYsW...
[2026-03-28 19:40:37] 📋   [INFO]   生成 meta: 古董_老杆秤_20260318133609.png -> HQJqaVnu...
[2026-03-28 19:40:37] 📋   [INFO]   生成 meta: 古董_老樟木柜_20260318140710.png -> Gc2TcSK4...
[2026-03-28 19:40:37] 📋   [INFO]   生成 meta: 古董_老樟木柜_20260318140831.png -> C8OnyYFB...
[2026-03-28 19:40:37] 📋   [INFO]   生成 meta: 古董_老玉扳指_20260318140212.png -> BoGsWciC...
[2026-03-28 19:40:37] 📋   [INFO]   生成 meta: 古董_老秤砣_20260318133612.png -> HoEcwbY2...
[2026-03-28 19:40:37] 📋   [INFO]   生成 meta: 古董_老铜尺_20260318133619.png -> Coh1EUlj...
[2026-03-28 19:40:37] 📋   [INFO]   生成 meta: 古董_老铜扣_20260318132513.png -> Arp_QRq4...
[2026-03-28 19:40:37] 📋   [INFO]   生成 meta: 古董_老铜锁_20260318133612.png -> BPL6yX-3...
[2026-03-28 19:40:37] 📋   [INFO]   生成 meta: 古董_铁如意_20260318133614.png -> EWZneeIz...
[2026-03-28 19:40:37] 📋   [INFO]   生成 meta: 古董_铜佛像_20260318140433.png -> F9a_ubqT...
[2026-03-28 19:40:37] 📋   [INFO]   生成 meta: 古董_铜墨盒_20260318133617.png -> Ag0oSRvO...
[2026-03-28 19:40:37] 📋   [INFO]   生成 meta: 古董_铜钱_20260318132521.png -> D3n9MXmj...
[2026-03-28 19:40:37] 📋   [INFO]   生成 meta: 古董_铜镇尺_20260318133611.png -> HK6dKU6t...
[2026-03-28 19:40:37] 📋   [INFO]   生成 meta: 古董_陶碗_20260318132514.png -> FQJ5qeig...
[2026-03-28 19:40:37] 📋   [INFO]   生成 meta: 古董_青花瓷片_20260318133616.png -> Ah3w6TkH...
[2026-03-28 19:40:37] 📋   [INFO]   生成 meta: 古董_鼻烟壶_20260318140148.png -> BR_PIQoG...
[2026-03-28 19:40:37] 📋   [INFO]   生成 meta: 古董怀表机芯_20260319082158.png -> AMMCqd8I...
[2026-03-28 19:40:37] 📋   [INFO]   生成 meta: 废铜管_20260319080946.png -> BQ0tGSWy...
[2026-03-28 19:40:37] 📋   [INFO]   生成 meta: 废铜管_20260319081741.png -> BmrvGXPT...
[2026-03-28 19:40:37] 📋   [INFO]   生成 meta: 断尺_20260320043018.png -> AsQlcR1v...
[2026-03-28 19:40:37] 📋   [INFO]   生成 meta: 断弹簧_20260319080945.png -> DDhkIalc...
[2026-03-28 19:40:37] 📋   [INFO]   生成 meta: 断弹簧_20260319081748.png -> GmHWkWXD...
[2026-03-28 19:40:37] 📋   [INFO]   生成 meta: 断链条_20260319080945.png -> BxjHeUcj...
[2026-03-28 19:40:37] 📋   [INFO]   生成 meta: 断链条_20260319081739.png -> B4OrCf68...
[2026-03-28 19:40:37] 📋   [INFO]   生成 meta: 旧压力表_20260319081039.png -> HU2m2VGG...
[2026-03-28 19:40:37] 📋   [INFO]   生成 meta: 旧压力表_20260319081853.png -> DiRagSaD...
[2026-03-28 19:40:37] 📋   [INFO]   生成 meta: 旧唱片_20260320043134.png -> AxHR4X3f...
[2026-03-28 19:40:37] 📋   [INFO]   生成 meta: 旧唱片机_20260320043132.png -> FFR4wTAH...
[2026-03-28 19:40:37] 📋   [INFO]   生成 meta: 旧城商业区背景_20260319103455.png -> BOvjAfuJ...
[2026-03-28 19:40:37] 📋   [INFO]   生成 meta: 旧大型磁带机_20260320043203.png -> D_dquQyP...
[2026-03-28 19:40:37] 📋   [INFO]   生成 meta: 旧天线_20260320043131.png -> GYnYeWta...
[2026-03-28 19:40:37] 📋   [INFO]   生成 meta: 旧天线_20260320051950.png -> E3nOSdrM...
[2026-03-28 19:40:37] 📋   [INFO]   生成 meta: 旧天线_20260320052644.png -> AuJl-doX...
[2026-03-28 19:40:37] 📋   [INFO]   生成 meta: 旧密封圈_20260319080943.png -> B1TbuaY8...
[2026-03-28 19:40:37] 📋   [INFO]   生成 meta: 旧密封圈_20260319081743.png -> BwuPGYxN...
[2026-03-28 19:40:37] 📋   [INFO]   生成 meta: 旧对联_20260320043223.png -> FInKWZ3c...
[2026-03-28 19:40:37] 📋   [INFO]   生成 meta: 旧对讲机_20260320043132.png -> CMbfWZ2k...
[2026-03-28 19:40:37] 📋   [INFO]   生成 meta: 旧开关面板_20260320043052.png -> Bpn14T_z...
[2026-03-28 19:40:37] 📋   [INFO]   生成 meta: 旧开关面板_20260320051932.png -> FUO6ic9c...
[2026-03-28 19:40:37] 📋   [INFO]   生成 meta: 旧开关面板_20260320052531.png -> GYx4WQni...
[2026-03-28 19:40:37] 📋   [INFO]   生成 meta: 旧机箱壳_20260320043135.png -> DuArmZgt...
[2026-03-28 19:40:37] 📋   [INFO]   生成 meta: 旧水泵_20260319081045.png -> HKAlcV3h...
[2026-03-28 19:40:37] 📋   [INFO]   生成 meta: 旧水泵_20260319081901.png -> CXhxWdSB...
[2026-03-28 19:40:37] 📋   [INFO]   生成 meta: 旧活塞_20260319080940.png -> Elos8e9t...
[2026-03-28 19:40:37] 📋   [INFO]   生成 meta: 旧活塞_20260319081742.png -> AolBqdq_...
[2026-03-28 19:40:37] 📋   [INFO]   生成 meta: 旧灯管_20260320043053.png -> CoMiuWg-...
[2026-03-28 19:40:37] 📋   [INFO]   生成 meta: 旧灯管_20260320051933.png -> Drka6SbL...
[2026-03-28 19:40:37] 📋   [INFO]   生成 meta: 旧灯管_20260320052642.png -> APlFGVQn...
[2026-03-28 19:40:37] 📋   [INFO]   生成 meta: 旧珠花_20260320043251.png -> FsE6EWux...
[2026-03-28 19:40:37] 📋   [INFO]   生成 meta: 旧珠花_20260320052426.png -> DKgZsdhL...
[2026-03-28 19:40:37] 📋   [INFO]   生成 meta: 旧皮带轮_20260319080942.png -> DCEmiUof...
[2026-03-28 19:40:37] 📋   [INFO]   生成 meta: 旧皮带轮_20260319081753.png -> Dj-j8b0S...
[2026-03-28 19:40:37] 📋   [INFO]   生成 meta: 旧竹筷_20260320043216.png -> CqOqiYWo...
[2026-03-28 19:40:37] 📋   [INFO]   生成 meta: 旧绣品_20260320043206.png -> FybwgRAN...
[2026-03-28 19:40:37] 📋   [INFO]   生成 meta: 旧网线_20260320043129.png -> E_XLQW66...
[2026-03-28 19:40:37] 📋   [INFO]   生成 meta: 旧落地灯架_20260320043051.png -> GtATATZz...
[2026-03-28 19:40:37] 📋   [INFO]   生成 meta: 旧蒲团_20260320043021.png -> GHeJSZ04...
[2026-03-28 19:40:37] 📋   [INFO]   生成 meta: 旧表带_20260320043251.png -> B5cMyY-n...
[2026-03-28 19:40:37] 📋   [INFO]   生成 meta: 旧象牙筷_20260320043331.png -> Gx-FeVRx...
[2026-03-28 19:40:37] 📋   [INFO]   生成 meta: 旧轴承_20260319080939.png -> DO4r2b56...
[2026-03-28 19:40:37] 📋   [INFO]   生成 meta: 旧轴承_20260319081743.png -> EhzjmZp_...
[2026-03-28 19:40:37] 📋   [INFO]   生成 meta: 旧门环_20260320043026.png -> EZUO8UM2...
[2026-03-28 19:40:37] 📋   [INFO]   生成 meta: 旧阀门_20260319080940.png -> BweC-bOG...
[2026-03-28 19:40:37] 📋   [INFO]   生成 meta: 旧阀门_20260319081740.png -> G4EISUrc...
[2026-03-28 19:40:37] 📋   [INFO]   生成 meta: 木雕挂屏_20260320043201.png -> Hq6n8XSB...
[2026-03-28 19:40:37] 📋   [INFO]   生成 meta: 机械钟机芯_20260319082154.png -> GJYWMZP5...
[2026-03-28 19:40:37] 📋   [INFO]   生成 meta: 机械钟机芯_20260319083032.png -> CFvNCWFm...
[2026-03-28 19:40:37] 📋   [INFO]   生成 meta: 漆器大盘_20260320043248.png -> GYjlKc56...
[2026-03-28 19:40:37] 📋   [INFO]   生成 meta: 煤块_20260320043055.png -> GzCMgWAK...
[2026-03-28 19:40:37] 📋   [INFO]   生成 meta: 珊瑚树摆件_20260320043250.png -> CIY1-Sp8...
[2026-03-28 19:40:37] 📋   [INFO]   生成 meta: 珊瑚树摆件_20260320052432.png -> CrUL8Zkn...
[2026-03-28 19:40:37] 📋   [INFO]   生成 meta: 珠宝_假珍珠_20260318133224.png -> ERC2sfJu...
[2026-03-28 19:40:37] 📋   [INFO]   生成 meta: 珠宝_南红玛瑙挂件_20260318141602.png -> H-ycuQc6...
[2026-03-28 19:40:37] 📋   [INFO]   生成 meta: 珠宝_和田玉牌_20260318141626.png -> AVeG2VUs...
[2026-03-28 19:40:37] 📋   [INFO]   生成 meta: 珠宝_帝王绿翡翠珠_20260318141603.png -> DKcLoSct...
[2026-03-28 19:40:37] 📋   [INFO]   生成 meta: 珠宝_断链子_20260318133254.png -> HGEYsVR9...
[2026-03-28 19:40:37] 📋   [INFO]   生成 meta: 珠宝_旧发卡_20260318133238.png -> CJSpoSxM...
[2026-03-28 19:40:37] 📋   [INFO]   生成 meta: 珠宝_旧玛瑙珠_20260318134334.png -> FJRF0SZX...
[2026-03-28 19:40:37] 📋   [INFO]   生成 meta: 珠宝_旧玛瑙珠_20260318135447.png -> FWI2YUxt...
[2026-03-28 19:40:37] 📋   [INFO]   生成 meta: 珠宝_旧珠宝匣_20260318134309.png -> FA76GS1M...
[2026-03-28 19:40:37] 📋   [INFO]   生成 meta: 珠宝_旧珠宝匣_20260318140217.png -> EKepuTHB...
[2026-03-28 19:40:37] 📋   [INFO]   生成 meta: 珠宝_旧胸针_20260318133244.png -> CLOR2QaD...
[2026-03-28 19:40:37] 📋   [INFO]   生成 meta: 珠宝_旧袖扣_20260318133228.png -> AJsciUiZ...
[2026-03-28 19:40:37] 📋   [INFO]   生成 meta: 珠宝_旧首饰盒_20260318133227.png -> CSiWURrs...
[2026-03-28 19:40:37] 📋   [INFO]   生成 meta: 珠宝_清代金耳环_20260318141629.png -> Hl3NmS7l...
[2026-03-28 19:40:37] 📋   [INFO]   生成 meta: 珠宝_玉坠子_20260318134431.png -> BVJKsTSn...
[2026-03-28 19:40:37] 📋   [INFO]   生成 meta: 珠宝_玉坠子_20260318135736.png -> Cs2SSZlN...
[2026-03-28 19:40:37] 📋   [INFO]   生成 meta: 珠宝_玻璃珠_20260318133230.png -> C6XJiZpD...
[2026-03-28 19:40:37] 📋   [INFO]   生成 meta: 珠宝_珊瑚珠_20260318134411.png -> DPFAOfuN...
[2026-03-28 19:40:37] 📋   [INFO]   生成 meta: 珠宝_珊瑚珠_20260318140022.png -> FbB8Kf9u...
[2026-03-28 19:40:37] 📋   [INFO]   生成 meta: 珠宝_琥珀小块_20260318134447.png -> A8F-UY1h...
[2026-03-28 19:40:37] 📋   [INFO]   生成 meta: 珠宝_琥珀小块_20260318140140.png -> D_ZhyUvV...
[2026-03-28 19:40:37] 📋   [INFO]   生成 meta: 珠宝_碎珠子堆_20260318133229.png -> G7s74bdK...
[2026-03-28 19:40:37] 📋   [INFO]   生成 meta: 珠宝_绿松石珠串_20260318134708.png -> FnkeyV2K...
[2026-03-28 19:40:37] 📋   [INFO]   生成 meta: 珠宝_老翡翠扳指_20260318141604.png -> BrzuIZpW...
[2026-03-28 19:40:37] 📋   [INFO]   生成 meta: 珠宝_老翡翠片_20260318141652.png -> F5C3KfQU...
[2026-03-28 19:40:37] 📋   [INFO]   生成 meta: 珠宝_老蜜蜡珠串_20260318141612.png -> ASWq-fBb...
[2026-03-28 19:40:38] 📋   [INFO]   生成 meta: 珠宝_老银簪_20260318135007.png -> FK07gdnC...
[2026-03-28 19:40:38] 📋   [INFO]   生成 meta: 珠宝_老银簪_20260318135430.png -> Are8WRrh...
[2026-03-28 19:40:38] 📋   [INFO]   生成 meta: 珠宝_老银锁_20260318134535.png -> CgctqQga...
[2026-03-28 19:40:38] 📋   [INFO]   生成 meta: 珠宝_老银锁_20260318135659.png -> EGwX8XrO...
[2026-03-28 19:40:38] 📋   [INFO]   生成 meta: 珠宝_铁戒指_20260318133247.png -> HmTVmZzr...
[2026-03-28 19:40:38] 📋   [INFO]   生成 meta: 珠宝_铜手镯_20260318133243.png -> AFRkye82...
[2026-03-28 19:40:38] 📋   [INFO]   生成 meta: 珠宝_铜鑹金戒指_20260318133755.png -> H2ph2Vs8...
[2026-03-28 19:40:38] 📋   [INFO]   生成 meta: 珠宝_铜鑹金戒指_20260318135501.png -> Bt9Fic7O...
[2026-03-28 19:40:38] 📋   [INFO]   生成 meta: 珠宝_银指环_20260318134741.png -> BGqp2fjV...
[2026-03-28 19:40:38] 📋   [INFO]   生成 meta: 珠宝_银指环_20260318135700.png -> E2zn2cC5...
[2026-03-28 19:40:38] 📋   [INFO]   生成 meta: 珠宝_银耳环_20260318133752.png -> AkEPia3H...
[2026-03-28 19:40:38] 📋   [INFO]   生成 meta: 珠宝_银耳环_20260318135429.png -> E9kjsaAu...
[2026-03-28 19:40:38] 📋   [INFO]   生成 meta: 珠宝_银鑹金耳坠_20260318134954.png -> FfkhQVwe...
[2026-03-28 19:40:38] 📋   [INFO]   生成 meta: 瓦特蒸汽机复刻件_20260319082302.png -> F2Hgiai-...
[2026-03-28 19:40:38] 📋   [INFO]   生成 meta: 真空管计算机面板_20260320043207.png -> GM0PGRyY...
[2026-03-28 19:40:38] 📋   [INFO]   生成 meta: 碎花布_20260320043203.png -> Fffaif0g...
[2026-03-28 19:40:38] 📋   [INFO]   生成 meta: 碎齿轮_20260319080947.png -> B-kuCeN5...
[2026-03-28 19:40:38] 📋   [INFO]   生成 meta: 碎齿轮_20260319081758.png -> Ht5dYYhj...
[2026-03-28 19:40:38] 📋   [INFO]   生成 meta: 科技_初代随身听原型_20260318141357.png -> BG4Syd5t...
[2026-03-28 19:40:38] 📋   [INFO]   生成 meta: 科技_坏石英表_20260318132653.png -> BLnQGWBb...
[2026-03-28 19:40:38] 📋   [INFO]   生成 meta: 科技_坏闹钟_20260318132659.png -> FNQmgb_0...
[2026-03-28 19:40:38] 📋   [INFO]   生成 meta: 科技_坏鼠标_20260318132658.png -> EwmAWXRm...
[2026-03-28 19:40:38] 📋   [INFO]   生成 meta: 科技_恩尼格玛密码机零件_20260318142002.png -> AJ5sIVTH...
[2026-03-28 19:40:38] 📋   [INFO]   生成 meta: 科技_断线耳机_20260318132700.png -> DZFreRNF...
[2026-03-28 19:40:38] 📋   [INFO]   生成 meta: 科技_旧万用表_20260318133807.png -> BTWhWav4...
[2026-03-28 19:40:38] 📋   [INFO]   生成 meta: 科技_旧万用表_20260318135150.png -> HP4dScOo...
[2026-03-28 19:40:38] 📋   [INFO]   生成 meta: 科技_旧传真机_20260318133811.png -> Ahd1GZuC...
[2026-03-28 19:40:38] 📋   [INFO]   生成 meta: 科技_旧传真机_20260318135701.png -> GP18KXSl...
[2026-03-28 19:40:38] 📋   [INFO]   生成 meta: 科技_旧打印机_20260318132659.png -> Gw5twR-Y...
[2026-03-28 19:40:38] 📋   [INFO]   生成 meta: 科技_旧收音机_20260318133757.png -> CsPTMb-1...
[2026-03-28 19:40:38] 📋   [INFO]   生成 meta: 科技_旧收音机_20260318135229.png -> FD9-WXk_...
[2026-03-28 19:40:38] 📋   [INFO]   生成 meta: 科技_旧显示器_20260318132655.png -> H51a2QxR...
[2026-03-28 19:40:38] 📋   [INFO]   生成 meta: 科技_旧温度计_20260318133758.png -> CoyfcfZ3...
[2026-03-28 19:40:38] 📋   [INFO]   生成 meta: 科技_旧温度计_20260318135400.png -> FEu2mX_H...
[2026-03-28 19:40:38] 📋   [INFO]   生成 meta: 科技_旧游戏卡带_20260318133756.png -> ClCxsU-r...
[2026-03-28 19:40:38] 📋   [INFO]   生成 meta: 科技_旧游戏卡带_20260318135627.png -> B37c6Vi3...
[2026-03-28 19:40:38] 📋   [INFO]   生成 meta: 科技_旧磁带_20260318132652.png -> FR1QGZ3E...
[2026-03-28 19:40:38] 📋   [INFO]   生成 meta: 科技_旧计算器_20260318132652.png -> CAVGkWu-...
[2026-03-28 19:40:38] 📋   [INFO]   生成 meta: 科技_旧软盘_20260318132656.png -> DIG4mTQK...
[2026-03-28 19:40:38] 📋   [INFO]   生成 meta: 科技_旧遥控器_20260318132657.png -> Bn9nWRX-...
[2026-03-28 19:40:38] 📋   [INFO]   生成 meta: 科技_机械计算机_20260318141333.png -> HwPpEVWF...
[2026-03-28 19:40:38] 📋   [INFO]   生成 meta: 科技_电报机_20260318141254.png -> H_qIWTeX...
[2026-03-28 19:40:38] 📋   [INFO]   生成 meta: 科技_真空管收音机_20260318141312.png -> GDIAGWTK...
[2026-03-28 19:40:38] 📋   [INFO]   生成 meta: 科技_红白机_20260318141316.png -> FcUN0VND...
[2026-03-28 19:40:38] 📋   [INFO]   生成 meta: 科技_老天文望远镜_20260318141415.png -> A0tq0ZtT...
[2026-03-28 19:40:38] 📋   [INFO]   生成 meta: 科技_老式BP机_20260318133817.png -> BTZNGTN0...
[2026-03-28 19:40:38] 📋   [INFO]   生成 meta: 科技_老式BP机_20260318135203.png -> BwmjebFo...
[2026-03-28 19:40:38] 📋   [INFO]   生成 meta: 科技_老式电话_20260318134050.png -> CKw94e39...
[2026-03-28 19:40:38] 📋   [INFO]   生成 meta: 科技_老式电话_20260318135246.png -> Bv_OiYXw...
[2026-03-28 19:40:38] 📋   [INFO]   生成 meta: 科技_老打字机_20260318141315.png -> AjwzSZjK...
[2026-03-28 19:40:38] 📋   [INFO]   生成 meta: 科技_老示波器_20260318141319.png -> Be1o-dCn...
[2026-03-28 19:40:38] 📋   [INFO]   生成 meta: 科技_老胶片相机_20260318141317.png -> D42QkRan...
[2026-03-28 19:40:38] 📋   [INFO]   生成 meta: 科技_老街机框体_20260318141502.png -> FuRFSeLt...
[2026-03-28 19:40:38] 📋   [INFO]   生成 meta: 科技_老键盘_20260318133802.png -> EnDHuStZ...
[2026-03-28 19:40:38] 📋   [INFO]   生成 meta: 科技_老键盘_20260318135233.png -> AhY-8bn7...
[2026-03-28 19:40:38] 📋   [INFO]   生成 meta: 空药瓶_20260320043022.png -> Afv-gSPJ...
[2026-03-28 19:40:38] 📋   [INFO]   生成 meta: 精密轴承组_20260319081035.png -> Egl5MU59...
[2026-03-28 19:40:38] 📋   [INFO]   生成 meta: 精密轴承组_20260319081857.png -> FxyI6djF...
[2026-03-28 19:40:38] 📋   [INFO]   生成 meta: 紫檀小方桌_20260320043022.png -> A6pQ0W7F...
[2026-03-28 19:40:38] 📋   [INFO]   生成 meta: 翡翠玉如意_20260320043334.png -> HWr3sQ-l...
[2026-03-28 19:40:38] 📋   [INFO]   生成 meta: 老化油器_20260319081037.png -> GcbnMTwq...
[2026-03-28 19:40:38] 📋   [INFO]   生成 meta: 老化油器_20260319081855.png -> Ep3kURhP...
[2026-03-28 19:40:38] 📋   [INFO]   生成 meta: 老匾额_20260320043018.png -> HN_K6ewy...
[2026-03-28 19:40:38] 📋   [INFO]   生成 meta: 老发电机线圈_20260319081045.png -> D2LIaafm...
[2026-03-28 19:40:38] 📋   [INFO]   生成 meta: 老发电机线圈_20260319081856.png -> DaIYQfkL...
[2026-03-28 19:40:38] 📋   [INFO]   生成 meta: 老式座钟_20260320043136.png -> AhWd0e1G...
[2026-03-28 19:40:38] 📋   [INFO]   生成 meta: 老式路灯头_20260320043130.png -> DdKeoUcU...
[2026-03-28 19:40:38] 📋   [INFO]   生成 meta: 老式路灯头_20260320052429.png -> Fw8lAdDf...
[2026-03-28 19:40:38] 📋   [INFO]   生成 meta: 老式路灯头_20260320052639.png -> BxZbWXaW...
[2026-03-28 19:40:38] 📋   [INFO]   生成 meta: 老式配电箱_20260320043056.png -> DNneWQub...
[2026-03-28 19:40:38] 📋   [INFO]   生成 meta: 老柴油机喷油嘴_20260319082344.png -> DYfoQeKG...
[2026-03-28 19:40:38] 📋   [INFO]   生成 meta: 老柴油机喷油嘴_20260319082808.png -> EBlvUSMw...
[2026-03-28 19:40:38] 📋   [INFO]   生成 meta: 老檀木珠串_20260320043252.png -> DAw48WyG...
[2026-03-28 19:40:38] 📋   [INFO]   生成 meta: 老檀木珠串_20260320052431.png -> FvxDSQO8...
[2026-03-28 19:40:38] 📋   [INFO]   生成 meta: 老灯笼骨架_20260320043205.png -> GGhh8Wkp...
[2026-03-28 19:40:38] 📋   [INFO]   生成 meta: 老珍珠冠_20260320043329.png -> CSuEYdYJ...
[2026-03-28 19:40:38] 📋   [INFO]   生成 meta: 老珍珠冠_20260320052430.png -> C2vVQV1s...
[2026-03-28 19:40:38] 📋   [INFO]   生成 meta: 老电影放映机_20260320043136.png -> CDxR6XM6...
[2026-03-28 19:40:38] 📋   [INFO]   生成 meta: 老电闸_20260320043058.png -> E397WWJj...
[2026-03-28 19:40:38] 📋   [INFO]   生成 meta: 老缝纫机头_20260319081041.png -> DzDnEcnH...
[2026-03-28 19:40:38] 📋   [INFO]   生成 meta: 老缝纫机头_20260319081856.png -> E6j8Ia42...
[2026-03-28 19:40:38] 📋   [INFO]   生成 meta: 老缝纫机头_20260320043133.png -> B3CGceJt...
[2026-03-28 19:40:38] 📋   [INFO]   生成 meta: 老蒸汽机汽缸_20260319082659.png -> DOco2Qgo...
[2026-03-28 19:40:38] 📋   [INFO]   生成 meta: 老蒸汽机调速器_20260319082205.png -> AomWgcYZ...
[2026-03-28 19:40:38] 📋   [INFO]   生成 meta: 老蒸汽机调速器_20260319082746.png -> Gfn6KZot...
[2026-03-28 19:40:38] 📋   [INFO]   生成 meta: 老蓝印花布_20260320043204.png -> CfjzyZ4a...
[2026-03-28 19:40:38] 📋   [INFO]   生成 meta: 老连杆_20260319081040.png -> DlxdKcRu...
[2026-03-28 19:40:38] 📋   [INFO]   生成 meta: 老连杆_20260319081926.png -> D-d_kXWi...
[2026-03-28 19:40:38] 📋   [INFO]   生成 meta: 老金丝楠木匣_20260320043328.png -> AfOzWQ7j...
[2026-03-28 19:40:38] 📋   [INFO]   生成 meta: 老铜壶_20260320043023.png -> BOTKKQU-...
[2026-03-28 19:40:38] 📋   [INFO]   生成 meta: 老铜壶_20260320051952.png -> Bs3WCe6B...
[2026-03-28 19:40:38] 📋   [INFO]   生成 meta: 老铜壶_20260320052529.png -> G2cT2cuQ...
[2026-03-28 19:40:38] 📋   [INFO]   生成 meta: 老铜秤_20260320043025.png -> E5gDyd-F...
[2026-03-28 19:40:38] 📋   [INFO]   生成 meta: 老铜秤_20260320051937.png -> A7NiaXew...
[2026-03-28 19:40:38] 📋   [INFO]   生成 meta: 老铜秤_20260320052542.png -> Gco2Ad6W...
[2026-03-28 19:40:38] 📋   [INFO]   生成 meta: 老银烟杆_20260320043256.png -> DcRDoVix...
[2026-03-28 19:40:38] 📋   [INFO]   生成 meta: 能源_军用手摇发电机_20260318141304.png -> CE66ocO-...
[2026-03-28 19:40:38] 📋   [INFO]   生成 meta: 能源_军用手摇发电机_20260318141835.png -> CbJDURmD...
[2026-03-28 19:40:38] 📋   [INFO]   生成 meta: 能源_半截蜡烛_20260318132555.png -> Aon4SR1Z...
[2026-03-28 19:40:38] 📋   [INFO]   生成 meta: 能源_废旧电池_20260318132558.png -> CF4WgZnS...
[2026-03-28 19:40:38] 📋   [INFO]   生成 meta: 能源_旧变压器_20260318133652.png -> ClGR2aN7...
[2026-03-28 19:40:38] 📋   [INFO]   生成 meta: 能源_旧插排_20260318132622.png -> FRjhOdBm...
[2026-03-28 19:40:38] 📋   [INFO]   生成 meta: 能源_旧火柴盒_20260318132601.png -> EEYXwaXz...
[2026-03-28 19:40:38] 📋   [INFO]   生成 meta: 能源_旧灯泡_20260318132557.png -> EUqI2RTD...
[2026-03-28 19:40:38] 📋   [INFO]   生成 meta: 能源_旧灯笼_20260318132621.png -> AFZPcUld...
[2026-03-28 19:40:38] 📋   [INFO]   生成 meta: 能源_旧煤炉_20260318132616.png -> DYFC0RMO...
[2026-03-28 19:40:38] 📋   [INFO]   生成 meta: 能源_旧蓄电池_20260318133647.png -> AJBH6dub...
[2026-03-28 19:40:38] 📋   [INFO]   生成 meta: 能源_煤油灯_20260318133723.png -> HBXM-efZ...
[2026-03-28 19:40:38] 📋   [INFO]   生成 meta: 能源_爱迪生灯泡复刻_20260318140814.png -> HCZ98exT...
[2026-03-28 19:40:38] 📋   [INFO]   生成 meta: 能源_爱迪生灯泡复刻_20260318141906.png -> Cr2rEQXx...
[2026-03-28 19:40:38] 📋   [INFO]   生成 meta: 能源_特斯拉线圈模型_20260318141321.png -> A9comV0C...
[2026-03-28 19:40:38] 📋   [INFO]   生成 meta: 能源_特斯拉线圈模型_20260318141918.png -> ByxxcdKc...
[2026-03-28 19:40:38] 📋   [INFO]   生成 meta: 能源_电线团_20260318132602.png -> FE6NeX38...
[2026-03-28 19:40:38] 📋   [INFO]   生成 meta: 能源_碎灯罩_20260318132559.png -> G8Y9cZNY...
[2026-03-28 19:40:38] 📋   [INFO]   生成 meta: 能源_老取暖炉_20260318133648.png -> CsiSmRgG...
[2026-03-28 19:40:38] 📋   [INFO]   生成 meta: 能源_老式手电筒_20260318133647.png -> EN8z4e6Q...
[2026-03-28 19:40:38] 📋   [INFO]   生成 meta: 能源_老式电表_20260318140800.png -> CvaLMU9K...
[2026-03-28 19:40:38] 📋   [INFO]   生成 meta: 能源_老式电表_20260318141824.png -> EOUfuTlJ...
[2026-03-28 19:40:38] 📋   [INFO]   生成 meta: 能源_老油灯_20260318133650.png -> BvFsYfEh...
[2026-03-28 19:40:38] 📋   [INFO]   生成 meta: 能源_老矿灯_20260318141316.png -> GqY6CeSf...
[2026-03-28 19:40:38] 📋   [INFO]   生成 meta: 能源_老矿灯_20260318141825.png -> DBDPiV0L...
[2026-03-28 19:40:38] 📋   [INFO]   生成 meta: 能源_老航标灯_20260318141322.png -> ACh94UMX...
[2026-03-28 19:40:38] 📋   [INFO]   生成 meta: 能源_老航标灯_20260318141833.png -> GVqu0b4z...
[2026-03-28 19:40:38] 📋   [INFO]   生成 meta: 能源_老船灯_20260318141434.png -> BdZ8kX_B...
[2026-03-28 19:40:38] 📋   [INFO]   生成 meta: 能源_老船灯_20260318141916.png -> BauvWciz...
[2026-03-28 19:40:38] 📋   [INFO]   生成 meta: 能源_蒂芙尼台灯_20260318141309.png -> F3RvYZMV...
[2026-03-28 19:40:38] 📋   [INFO]   生成 meta: 能源_蒂芙尼台灯_20260318141909.png -> F54SaS3q...
[2026-03-28 19:40:38] 📋   [INFO]   生成 meta: 能源_铁壳电扇_20260318133651.png -> AwO1KTGQ...
[2026-03-28 19:40:38] 📋   [INFO]   生成 meta: 能源_铜灯座_20260318133651.png -> Ds43gdxJ...
[2026-03-28 19:40:38] 📋   [INFO]   生成 meta: 能源_铜烛台_20260318140816.png -> Fbo46bxL...
[2026-03-28 19:40:38] 📋   [INFO]   生成 meta: 能源_铜烛台_20260318141823.png -> A8ZQyXbC...
[2026-03-28 19:40:38] 📋   [INFO]   生成 meta: 能源_锈打火机_20260318132556.png -> FPX42W8t...
[2026-03-28 19:40:38] 📋   [INFO]   生成 meta: 能源_马灯_20260318133649.png -> EJKiWdNO...
[2026-03-28 19:40:38] 📋   [INFO]   生成 meta: 能源_黄铜台灯_20260318133654.png -> FWCBIXMP...
[2026-03-28 19:40:38] 📋   [INFO]   生成 meta: 航空发动机涡轮叶片_20260319082214.png -> BtAMMfAU...
[2026-03-28 19:40:38] 📋   [INFO]   生成 meta: 船用铜螺旋桨_20260319082208.png -> A5mxQbje...
[2026-03-28 19:40:38] 📋   [INFO]   生成 meta: 船用铜螺旋桨_20260319082835.png -> EJYkyW6g...
[2026-03-28 19:40:38] 📋   [INFO]   生成 meta: 艺术_名家印章_20260318142247.png -> Gv8jmXm4...
[2026-03-28 19:40:38] 📋   [INFO]   生成 meta: 艺术_宋拓碑帖残页_20260318142343.png -> EoZL4bsj...
[2026-03-28 19:40:38] 📋   [INFO]   生成 meta: 艺术_微雕核桃_20260318142300.png -> GvY-ce3Q...
[2026-03-28 19:40:38] 📋   [INFO]   生成 meta: 艺术_旧中国结_20260318132755.png -> F-VHKVJw...
[2026-03-28 19:40:38] 📋   [INFO]   生成 meta: 艺术_旧中国结_20260318133519.png -> HgWu8dgR...
[2026-03-28 19:40:38] 📋   [INFO]   生成 meta: 艺术_旧剪纸_20260318132736.png -> HM4eYY7l...
[2026-03-28 19:40:38] 📋   [INFO]   生成 meta: 艺术_旧剪纸_20260318133531.png -> HQRNQVGY...
[2026-03-28 19:40:38] 📋   [INFO]   生成 meta: 艺术_旧年历画_20260318141956.png -> CTTb4VSP...
[2026-03-28 19:40:38] 📋   [INFO]   生成 meta: 艺术_旧折扇_20260318142023.png -> DFZ64URL...
[2026-03-28 19:40:38] 📋   [INFO]   生成 meta: 艺术_旧木屏风_20260318142132.png -> C-r7SWaB...
[2026-03-28 19:40:38] 📋   [INFO]   生成 meta: 艺术_旧皮影_20260318133257.png -> BoAxyRG1...
[2026-03-28 19:40:38] 📋   [INFO]   生成 meta: 艺术_旧皮影_20260318133520.png -> GIZ2mVkO...
[2026-03-28 19:40:38] 📋   [INFO]   生成 meta: 艺术_旧竹帘_20260318141948.png -> CKbfidkg...
[2026-03-28 19:40:38] 📋   [INFO]   生成 meta: 艺术_旧蒲扇_20260318132731.png -> AsW-efKU...
[2026-03-28 19:40:38] 📋   [INFO]   生成 meta: 艺术_旧蒲扇_20260318133522.png -> BF_5EeVj...
[2026-03-28 19:40:38] 📋   [INFO]   生成 meta: 艺术_旧风筝_20260318132733.png -> FyKp2fMT...
[2026-03-28 19:40:38] 📋   [INFO]   生成 meta: 艺术_旧风筝_20260318133534.png -> E7PqAcLq...
[2026-03-28 19:40:38] 📋   [INFO]   生成 meta: 艺术_景泰蓝小瓶_20260318142148.png -> FdCOoRWe...
[2026-03-28 19:40:38] 📋   [INFO]   生成 meta: 艺术_木雕小鱼_20260318141945.png -> G3r7GaAz...
[2026-03-28 19:40:38] 📋   [INFO]   生成 meta: 艺术_泥人_20260318142206.png -> DVk1aQbJ...
[2026-03-28 19:40:38] 📋   [INFO]   生成 meta: 艺术_泥哨子_20260318132731.png -> FI6owV_T...
[2026-03-28 19:40:38] 📋   [INFO]   生成 meta: 艺术_泥哨子_20260318133541.png -> HzEgEcJ8...
[2026-03-28 19:40:38] 📋   [INFO]   生成 meta: 艺术_石膏像_20260318132734.png -> FLyuATG0...
[2026-03-28 19:40:38] 📋   [INFO]   生成 meta: 艺术_石膏像_20260318133518.png -> FOX4sW4j...
[2026-03-28 19:40:38] 📋   [INFO]   生成 meta: 艺术_破草编篮_20260318132730.png -> C8HOwWsi...
[2026-03-28 19:40:38] 📋   [INFO]   生成 meta: 艺术_破草编篮_20260318133514.png -> C_jemRDk...
[2026-03-28 19:40:38] 📋   [INFO]   生成 meta: 艺术_碎刺绣_20260318132732.png -> G8jYadIR...
[2026-03-28 19:40:38] 📋   [INFO]   生成 meta: 艺术_碎刺绣_20260318133517.png -> Fi42KeWj...
[2026-03-28 19:40:38] 📋   [INFO]   生成 meta: 艺术_竹雕笔筒_20260318142213.png -> CaQucVxx...
[2026-03-28 19:40:38] 📋   [INFO]   生成 meta: 艺术_绣花鞋垫_20260318141946.png -> AMjNqTkQ...
[2026-03-28 19:40:38] 📋   [INFO]   生成 meta: 艺术_老烙画_20260318142133.png -> DA1fEZih...
[2026-03-28 19:40:38] 📋   [INFO]   生成 meta: 艺术_老紫砂壶_20260318142312.png -> DaDYAXi_...
[2026-03-28 19:40:38] 📋   [INFO]   生成 meta: 艺术_老邮票_20260318141950.png -> Fkza0evI...
[2026-03-28 19:40:38] 📋   [INFO]   生成 meta: 艺术_褪色年画_20260318132751.png -> D_vrwWJn...
[2026-03-28 19:40:39] 📋   [INFO]   生成 meta: 艺术_褪色年画_20260318133521.png -> E6YaqeHx...
[2026-03-28 19:40:39] 📋   [INFO]   生成 meta: 艺术_象牙果雕件_20260318142252.png -> HzIJ8Xnp...
[2026-03-28 19:40:39] 📋   [INFO]   生成 meta: 艺术_铜风铃_20260318141948.png -> Fr6F0aXm...
[2026-03-28 19:40:39] 📋   [INFO]   生成 meta: 艺术_陶笛_20260318142006.png -> EH608Y_w...
[2026-03-28 19:40:39] 📋   [INFO]   生成 meta: 艺术_青铜小兽_20260318142258.png -> C8HI2WFq...
[2026-03-28 19:40:39] 📋   [INFO]   生成 meta: 苏绣双面绣屏风_20260320043304.png -> EXi1ufex...
[2026-03-28 19:40:39] 📋   [INFO]   生成 meta: 金币.png -> GcUCmTru...
[2026-03-28 19:40:39] 📋   [INFO]   生成 meta: 金币_20260319020221.png -> FXlIubKq...
[2026-03-28 19:40:39] 📋   [INFO]   生成 meta: 铁壳暖炉_20260320043054.png -> CEKWSZEl...
[2026-03-28 19:40:39] 📋   [INFO]   生成 meta: 铁壳暖炉_20260320051938.png -> BGideQmu...
[2026-03-28 19:40:39] 📋   [INFO]   生成 meta: 铁壳暖炉_20260320052640.png -> CkLzKXAK...
[2026-03-28 19:40:39] 📋   [INFO]   生成 meta: 铜佛龛_20260320043207.png -> FQnrcYPU...
[2026-03-28 19:40:39] 📋   [INFO]   生成 meta: 铜制气压阀_20260319082158.png -> G2obSfUw...
[2026-03-28 19:40:39] 📋   [INFO]   生成 meta: 铜制气压阀_20260319083003.png -> D7dUUWYd...
[2026-03-28 19:40:39] 📋   [INFO]   生成 meta: 铜制气压阀_20260319083258.png -> BozhWdZh...
[2026-03-28 19:40:39] 📋   [INFO]   生成 meta: 铜散热片_20260319081043.png -> CpaNyW-d...
[2026-03-28 19:40:39] 📋   [INFO]   生成 meta: 铜散热片_20260319081853.png -> AhGOEb-L...
[2026-03-28 19:40:39] 📋   [INFO]   生成 meta: 铜火锅_20260320043017.png -> FS_2sZ5D...
[2026-03-28 19:40:39] 📋   [INFO]   生成 meta: 铜火锅_20260320051929.png -> BnhMEUYp...
[2026-03-28 19:40:39] 📋   [INFO]   生成 meta: 铜火锅_20260320052530.png -> Fswf-d6y...
[2026-03-28 19:40:39] 📋   [INFO]   生成 meta: 铜纽扣盒_20260320043255.png -> HZVroTMF...
[2026-03-28 19:40:39] 📋   [INFO]   生成 meta: 铜质水烟壶_20260320043051.png -> HgnGOYvm...
[2026-03-28 19:40:39] 📋   [INFO]   生成 meta: 铜质水烟壶_20260320051944.png -> BN0DabJP...
[2026-03-28 19:40:39] 📋   [INFO]   生成 meta: 铜质水烟壶_20260320052705.png -> FR98ubNf...
[2026-03-28 19:40:39] 📋   [INFO]   生成 meta: 银手链_20260320043300.png -> AVKmydKa...
[2026-03-28 19:40:39] 📋   [INFO]   生成 meta: 银质梳妆盒_20260320043254.png -> DN4HeYkL...
[2026-03-28 19:40:39] 📋   [INFO]   生成 meta: 铸铁飞轮_20260319081044.png -> F9u8gXP4...
[2026-03-28 19:40:39] 📋   [INFO]   生成 meta: 铸铁飞轮_20260319081858.png -> BDJfMaZW...
[2026-03-28 19:40:39] 📋   [INFO]   生成 meta: 锈螺丝堆_20260319080941.png -> D2znCeTi...
[2026-03-28 19:40:39] 📋   [INFO]   生成 meta: 锈螺丝堆_20260319081736.png -> EFB80cks...
[2026-03-28 19:40:39] 📋   [INFO]   生成 meta: 雕花门板_20260320043024.png -> G-e_meef...
[2026-03-28 19:40:39] 📋   [INFO]   生成 meta: 雕花门板_20260320052000.png -> BofiQccg...
[2026-03-28 19:40:39] 📋   [INFO]   生成 meta: 雕花门板_20260320052614.png -> CcPPWfXg...
[2026-03-28 19:40:39] 📋   [INFO]   生成 meta: 黄花梨架子床_20260320043055.png -> Cys_Uclj...
[2026-03-28 19:40:39] 📋   [INFO]   生成 meta: 黄铜齿轮组_20260319081046.png -> EA5XAe3t...
[2026-03-28 19:40:39] 📋   [INFO]   生成 meta: 黄铜齿轮组_20260319081854.png -> DpNcCZJO...
[2026-03-28 19:40:39] 📋   [INFO]   扫描目录: ../scripts (prefix: ../scripts)
[2026-03-28 19:40:39] 📋   [INFO]   生成 meta: InfoEstimation.lua -> C6a1qZRX...
[2026-03-28 19:40:39] 📋   [INFO]   生成 meta: Strategies.lua -> EOWDGcSg...
[2026-03-28 19:40:39] 📋   [INFO]   生成 meta: AIPlayer.lua -> CBC5oSM4...
[2026-03-28 19:40:39] 📋   [INFO]   生成 meta: AntiCheat.lua -> BQF9KbXX...
[2026-03-28 19:40:39] 📋   [INFO]   生成 meta: AuctionEngine.lua -> AzG_Me91...
[2026-03-28 19:40:39] 📋   [INFO]   生成 meta: WarehouseUpgrade.lua -> EV_xeSVE...
[2026-03-28 19:40:39] 📋   [INFO]   生成 meta: BondedPort.lua -> BbgSeeLB...
[2026-03-28 19:40:39] 📋   [INFO]   生成 meta: DataCenter.lua -> DhyYEYTj...
[2026-03-28 19:40:39] 📋   [INFO]   生成 meta: ItemPool.lua -> GDqqwdo9...
[2026-03-28 19:40:39] 📋   [INFO]   生成 meta: Repair.lua -> DWMp2dkg...
[2026-03-28 19:40:39] 📋   [INFO]   生成 meta: Storage.lua -> DEi6aYlI...
[2026-03-28 19:40:39] 📋   [INFO]   生成 meta: TechPark.lua -> DJD_EfgP...
[2026-03-28 19:40:39] 📋   [INFO]   生成 meta: Config.lua -> Cuji-RQp...
[2026-03-28 19:40:39] 📋   [INFO]   生成 meta: EstimateValue.lua -> BTSB0a0O...
[2026-03-28 19:40:39] 📋   [INFO]   生成 meta: GameState.lua -> AEkTcahF...
[2026-03-28 19:40:39] 📋   [INFO]   生成 meta: InfoSystem.lua -> HZNqYSzI...
[2026-03-28 19:40:39] 📋   [INFO]   生成 meta: MoneyManager.lua -> F3XpQWLT...
[2026-03-28 19:40:39] 📋   [INFO]   生成 meta: RecycleManager.lua -> FudzqR7o...
[2026-03-28 19:40:39] 📋   [INFO]   生成 meta: RedeemCode.lua -> BxxL2Vqp...
[2026-03-28 19:40:39] 📋   [INFO]   生成 meta: RevealPlanner.lua -> FajSeXv2...
[2026-03-28 19:40:39] 📋   [INFO]   生成 meta: SaveSystem.lua -> CsmCoez7...
[2026-03-28 19:40:39] 📋   [INFO]   生成 meta: SkillSystem.lua -> CNQUueyR...
[2026-03-28 19:40:39] 📋   [INFO]   生成 meta: BidControlPanel.lua -> DFjNEdAQ...
[2026-03-28 19:40:39] 📋   [INFO]   生成 meta: CenterPanel.lua -> FKekacT1...
[2026-03-28 19:40:39] 📋   [INFO]   生成 meta: DebugPanel.lua -> DwC4QdAp...
[2026-03-28 19:40:39] 📋   [INFO]   生成 meta: GameController.lua -> GOIWabLg...
[2026-03-28 19:40:39] 📋   [INFO]   生成 meta: GameOverDialog.lua -> EoaScRRF...
[2026-03-28 19:40:39] 📋   [INFO]   生成 meta: InfoFeed.lua -> CO4cIav1...
[2026-03-28 19:40:39] 📋   [INFO]   生成 meta: ItemDetailPanel.lua -> AuTE8bFh...
[2026-03-28 19:40:39] 📋   [INFO]   生成 meta: LeaderboardPanel.lua -> AdYmmVlZ...
[2026-03-28 19:40:39] 📋   [INFO]   生成 meta: LobbyScreen.lua -> HIjl-QdD...
[2026-03-28 19:40:39] 📋   [INFO]   生成 meta: LootPanel.lua -> DxaK4bkD...
[2026-03-28 19:40:39] 📋   [INFO]   生成 meta: MapScreen.lua -> BSZAyYNk...
[2026-03-28 19:40:39] 📋   [INFO]   生成 meta: MapSelectionScreen.lua -> DvqA-VTm...
[2026-03-28 19:40:39] 📋   [INFO]   生成 meta: MenuScreen.lua -> HkPuyclE...
[2026-03-28 19:40:39] 📋   [INFO]   生成 meta: MoneyHUD.lua -> BVXZcefV...
[2026-03-28 19:40:39] 📋   [INFO]   生成 meta: MyWarehousePanel.lua -> GY6xeaYX...
[2026-03-28 19:40:39] 📋   [INFO]   生成 meta: PlayerListPanel.lua -> Frb8GW1D...
[2026-03-28 19:40:39] 📋   [INFO]   生成 meta: RewardPanel.lua -> AQ5NuZm5...
[2026-03-28 19:40:39] 📋   [INFO]   生成 meta: SettingsPanel.lua -> GUzd6eOZ...
[2026-03-28 19:40:39] 📋   [INFO]   生成 meta: StartScreen.lua -> HCSS0c8X...
[2026-03-28 19:40:39] 📋   [INFO]   生成 meta: TiebreakPanel.lua -> Ct2xwaQX...
[2026-03-28 19:40:39] 📋   [INFO]   生成 meta: UIState.lua -> CYUd2W2c...
[2026-03-28 19:40:39] 📋   [INFO]   生成 meta: Utils.lua -> DdMBabUj...
[2026-03-28 19:40:39] 📋   [INFO]   生成 meta: VersionRewardPanel.lua -> AwnDkXzq...
[2026-03-28 19:40:39] 📋   [INFO]   生成 meta: WarehouseItemListPanel.lua -> Af2MMbaQ...
[2026-03-28 19:40:39] 📋   [INFO]   生成 meta: WarehouseGenerator.lua -> GJH1SYoF...
[2026-03-28 19:40:39] 📋   [INFO]   生成 meta: WarehouseGrid.lua -> HK0Pidxd...
[2026-03-28 19:40:39] 📋   [INFO]   生成 meta: main.lua -> AObuCYt_...
[2026-03-28 19:40:39] 📋   [INFO]   生成 meta: move_item_images.sh -> B8KZGRK3...
[2026-03-28 19:40:39] 📋   [INFO]   生成 meta: Standalone.lua -> F321KZMk...
[2026-03-28 19:40:39] 📋   [INFO]   发现资源: 1655 个
[2026-03-28 19:40:39] 📋   [INFO]   完成 (39.08s)
[2026-03-28 19:40:39] 📋   [INFO] [5/15] 处理配置文件运行时变体...
[2026-03-28 19:40:39] 📋   [INFO]   处理配置文件运行时变体: settings.json
[2026-03-28 19:40:39] 📋   [INFO]     生成 meta: settings.json.meta
[2026-03-28 19:40:39] 📋   [INFO]     UUID: Ld2LrVnZRMi1xus1ZAqD5A, hash: 946774a4
[2026-03-28 19:40:39] 📋   [INFO]     自动添加 #config 到 preload_groups
[2026-03-28 19:40:39] 📋   [INFO]   完成 (0.04s)
[2026-03-28 19:40:39] 📋   [INFO] [6/15] 解析别名...
[2026-03-28 19:40:39] 📋   [INFO]   解析别名: 0 个
[2026-03-28 19:40:39] 📋   [INFO]   完成 (0.00s)
[2026-03-28 19:40:39] 📋   [INFO] [7/15] 分配分组...
[2026-03-28 19:40:39] 📋   [INFO]   添加远端资源: 1226 个
[2026-03-28 19:40:39] 📋   [INFO]   分组完成，总资源: 2882 个
[2026-03-28 19:40:39] 📋   [INFO]   完成 (0.01s)
[2026-03-28 19:40:39] 📋   [INFO] [8/15] 展开引用...
[2026-03-28 19:40:39] 📋   [INFO]   递归收集 uuid:// 和 alias:// 引用...（全量模式（兼容旧二进制））
[2026-03-28 19:40:39] 📋   [INFO]   #blocking 组: 927 个阻塞类型资源
[2026-03-28 19:40:39] 📋   [INFO]   完成 (0.16s)
[2026-03-28 19:40:39] 📋   [INFO] [9/15] 扫描变体...
[2026-03-28 19:40:39] 📋   [INFO]   完成 (0.00s)
[2026-03-28 19:40:39] 📋   [INFO] [10/15] 资产烘焙...
[2026-03-28 19:40:39] 📋   [INFO]   使用 AssetsCooking: /home/Maker/.sce/build/AssetsCooking
[2026-03-28 19:40:39] 📋   [INFO]   发现 1482 个纹理文件
[2026-03-28 19:40:39] 📋   [INFO]   生成 tasks.json: 1482 个任务
[2026-03-28 19:40:39] 📋   [WARN]     压缩失败 [BvOhYaoe_Ug3lQwmRS6zvc_5_71066770@ios]: Skipped due to cooking limit
[2026-03-28 19:40:39] 📋   [WARN]     压缩失败 [BvOhYaoe_Ug3lQwmRS6zvc_5_71066770@android]: Skipped due to cooking limit
[2026-03-28 19:40:39] 📋   [WARN]     压缩失败 [BvOhYaoe_Ug3lQwmRS6zvc_5_71066770@windows]: Skipped due to cooking limit
[2026-03-28 19:40:39] 📋   [WARN]     压缩失败 [Eh4eWX-bE2j3JdP8h_w18O0Z_9919e2e8@ios]: Skipped due to cooking limit
[2026-03-28 19:40:39] 📋   [WARN]     压缩失败 [Eh4eWX-bE2j3JdP8h_w18O0Z_9919e2e8@android]: Skipped due to cooking limit
[2026-03-28 19:40:39] 📋   [WARN]     压缩失败 [Eh4eWX-bE2j3JdP8h_w18O0Z_9919e2e8@windows]: Skipped due to cooking limit
[2026-03-28 19:40:39] 📋   [WARN]     压缩失败 [DDDO6TzMrj_hKW2wa7LkdBCE_2c764214@ios]: Skipped due to cooking limit
[2026-03-28 19:40:39] 📋   [WARN]     压缩失败 [DDDO6TzMrj_hKW2wa7LkdBCE_2c764214@android]: Skipped due to cooking limit
[2026-03-28 19:40:39] 📋   [WARN]     压缩失败 [DDDO6TzMrj_hKW2wa7LkdBCE_2c764214@windows]: Skipped due to cooking limit
[2026-03-28 19:40:39] 📋   [WARN]     压缩失败 [Fiu4GWOfEOgn60bW7ORBv690_aa9aef4f@ios]: Skipped due to cooking limit
[2026-03-28 19:40:39] 📋   [WARN]     压缩失败 [Fiu4GWOfEOgn60bW7ORBv690_aa9aef4f@android]: Skipped due to cooking limit
[2026-03-28 19:40:39] 📋   [WARN]     压缩失败 [Fiu4GWOfEOgn60bW7ORBv690_aa9aef4f@windows]: Skipped due to cooking limit
[2026-03-28 19:40:39] 📋   [WARN]     压缩失败 [GPAEEWLhdnyoKs7tI7XtfVST_80b315fe@ios]: Skipped due to cooking limit
[2026-03-28 19:40:39] 📋   [WARN]     压缩失败 [GPAEEWLhdnyoKs7tI7XtfVST_80b315fe@android]: Skipped due to cooking limit
[2026-03-28 19:40:39] 📋   [WARN]     压缩失败 [GPAEEWLhdnyoKs7tI7XtfVST_80b315fe@windows]: Skipped due to cooking limit
[2026-03-28 19:40:39] 📋   [WARN]     压缩失败 [EoPbcSoHQVO1TXJzAzhjG17w_11ead8bc@ios]: Skipped due to cooking limit
[2026-03-28 19:40:39] 📋   [WARN]     压缩失败 [EoPbcSoHQVO1TXJzAzhjG17w_11ead8bc@android]: Skipped due to cooking limit
[2026-03-28 19:40:39] 📋   [WARN]     压缩失败 [EoPbcSoHQVO1TXJzAzhjG17w_11ead8bc@windows]: Skipped due to cooking limit
[2026-03-28 19:40:39] 📋   [WARN]     压缩失败 [Bho8IVxPMAzBxo3bdyYgZjv1_84e25bd8@ios]: Skipped due to cooking limit
[2026-03-28 19:40:39] 📋   [WARN]     压缩失败 [Bho8IVxPMAzBxo3bdyYgZjv1_84e25bd8@android]: Skipped due to cooking limit
[2026-03-28 19:40:39] 📋   [WARN]     压缩失败 [Bho8IVxPMAzBxo3bdyYgZjv1_84e25bd8@windows]: Skipped due to cooking limit
[2026-03-28 19:40:39] 📋   [WARN]     压缩失败 [AtAAodQz8okhemhF1hoZn3il_aede7e58@ios]: Skipped due to cooking limit
[2026-03-28 19:40:39] 📋   [WARN]     压缩失败 [AtAAodQz8okhemhF1hoZn3il_aede7e58@android]: Skipped due to cooking limit
[2026-03-28 19:40:39] 📋   [WARN]     压缩失败 [AtAAodQz8okhemhF1hoZn3il_aede7e58@windows]: Skipped due to cooking limit
[2026-03-28 19:40:39] 📋   [WARN]     压缩失败 [AyhyAVyx5TVJuFjmTk0AIQOL_469128b1@ios]: Skipped due to cooking limit
[2026-03-28 19:40:39] 📋   [WARN]     压缩失败 [AyhyAVyx5TVJuFjmTk0AIQOL_469128b1@android]: Skipped due to cooking limit
[2026-03-28 19:40:39] 📋   [WARN]     压缩失败 [AyhyAVyx5TVJuFjmTk0AIQOL_469128b1@windows]: Skipped due to cooking limit
[2026-03-28 19:40:39] 📋   [WARN]     压缩失败 [A1nmGXE525TdrewukjNDYMDW_7dc84288@ios]: Skipped due to cooking limit
[2026-03-28 19:40:39] 📋   [WARN]     压缩失败 [A1nmGXE525TdrewukjNDYMDW_7dc84288@android]: Skipped due to cooking limit
[2026-03-28 19:40:39] 📋   [WARN]     压缩失败 [A1nmGXE525TdrewukjNDYMDW_7dc84288@windows]: Skipped due to cooking limit
[2026-03-28 19:40:39] 📋   [WARN]     压缩失败 [GVIcKfRgu8hV3z3MaPKbfr5a_c94951b7@ios]: Skipped due to cooking limit
[2026-03-28 19:40:39] 📋   [WARN]     压缩失败 [GVIcKfRgu8hV3z3MaPKbfr5a_c94951b7@android]: Skipped due to cooking limit
[2026-03-28 19:40:39] 📋   [WARN]     压缩失败 [GVIcKfRgu8hV3z3MaPKbfr5a_c94951b7@windows]: Skipped due to cooking limit
[2026-03-28 19:40:39] 📋   [WARN]     压缩失败 [FaQOaXt4T9wPC3rG2Oio5CJw_014accc9@ios]: Skipped due to cooking limit
[2026-03-28 19:40:39] 📋   [WARN]     压缩失败 [FaQOaXt4T9wPC3rG2Oio5CJw_014accc9@android]: Skipped due to cooking limit
[2026-03-28 19:40:39] 📋   [WARN]     压缩失败 [FaQOaXt4T9wPC3rG2Oio5CJw_014accc9@windows]: Skipped due to cooking limit
[2026-03-28 19:40:39] 📋   [WARN]     压缩失败 [DJ2LaWxoA6FCplMmZCKhPlR4_99f545ee@ios]: Skipped due to cooking limit
[2026-03-28 19:40:39] 📋   [WARN]     压缩失败 [DJ2LaWxoA6FCplMmZCKhPlR4_99f545ee@android]: Skipped due to cooking limit
[2026-03-28 19:40:39] 📋   [WARN]     压缩失败 [DJ2LaWxoA6FCplMmZCKhPlR4_99f545ee@windows]: Skipped due to cooking limit
[2026-03-28 19:40:39] 📋   [WARN]     压缩失败 [BCNu2RsXRepDIBeUHC15uNVw_2765e0a8@ios]: Skipped due to cooking limit
[2026-03-28 19:40:39] 📋   [WARN]     压缩失败 [BCNu2RsXRepDIBeUHC15uNVw_2765e0a8@android]: Skipped due to cooking limit
[2026-03-28 19:40:39] 📋   [WARN]     压缩失败 [BCNu2RsXRepDIBeUHC15uNVw_2765e0a8@windows]: Skipped due to cooking limit
[2026-03-28 19:40:39] 📋   [WARN]     压缩失败 [EV-CScYYLTYSQdrarwyJbsaX_41488f88@ios]: Skipped due to cooking limit
[2026-03-28 19:40:39] 📋   [WARN]     压缩失败 [EV-CScYYLTYSQdrarwyJbsaX_41488f88@android]: Skipped due to cooking limit
[2026-03-28 19:40:39] 📋   [WARN]     压缩失败 [EV-CScYYLTYSQdrarwyJbsaX_41488f88@windows]: Skipped due to cooking limit
[2026-03-28 19:40:39] 📋   [WARN]     压缩失败 [A2W1eT_v55SJvQubPx39ol52_6896b5fd@ios]: Skipped due to cooking limit
[2026-03-28 19:40:39] 📋   [WARN]     压缩失败 [A2W1eT_v55SJvQubPx39ol52_6896b5fd@android]: Skipped due to cooking limit
[2026-03-28 19:40:39] 📋   [WARN]     压缩失败 [A2W1eT_v55SJvQubPx39ol52_6896b5fd@windows]: Skipped due to cooking limit
[2026-03-28 19:40:39] 📋   [WARN]     压缩失败 [B2a7gb30k6KdpZc6SB5C3OsA_c305b775@ios]: Skipped due to cooking limit
[2026-03-28 19:40:39] 📋   [WARN]     压缩失败 [B2a7gb30k6KdpZc6SB5C3OsA_c305b775@android]: Skipped due to cooking limit
[2026-03-28 19:40:39] 📋   [WARN]     压缩失败 [B2a7gb30k6KdpZc6SB5C3OsA_c305b775@windows]: Skipped due to cooking limit
[2026-03-28 19:40:39] 📋   [WARN]     压缩失败 [E_InaY8wh6z5Rd6a9TFojhi9_3227e775@ios]: Skipped due to cooking limit
[2026-03-28 19:40:39] 📋   [WARN]     压缩失败 [E_InaY8wh6z5Rd6a9TFojhi9_3227e775@android]: Skipped due to cooking limit
[2026-03-28 19:40:39] 📋   [WARN]     压缩失败 [E_InaY8wh6z5Rd6a9TFojhi9_3227e775@windows]: Skipped due to cooking limit
[2026-03-28 19:40:39] 📋   [WARN]     压缩失败 [DFOFARQWFsNIMXaNHQrC2WtN_62ac6647@ios]: Skipped due to cooking limit
[2026-03-28 19:40:39] 📋   [WARN]     压缩失败 [DFOFARQWFsNIMXaNHQrC2WtN_62ac6647@android]: Skipped due to cooking limit
[2026-03-28 19:40:39] 📋   [WARN]     压缩失败 [DFOFARQWFsNIMXaNHQrC2WtN_62ac6647@windows]: Skipped due to cooking limit
[2026-03-28 19:40:39] 📋   [WARN]     压缩失败 [HWVX0R4vdX_WF7O0xf8vgmFx_cb4b2433@ios]: Skipped due to cooking limit
[2026-03-28 19:40:39] 📋   [WARN]     压缩失败 [HWVX0R4vdX_WF7O0xf8vgmFx_cb4b2433@android]: Skipped due to cooking limit
[2026-03-28 19:40:39] 📋   [WARN]     压缩失败 [HWVX0R4vdX_WF7O0xf8vgmFx_cb4b2433@windows]: Skipped due to cooking limit
[2026-03-28 19:40:39] 📋   [WARN]     压缩失败 [ANUGialpnN266hw8JLhCeciJ_62ac6647@ios]: Skipped due to cooking limit
[2026-03-28 19:40:39] 📋   [WARN]     压缩失败 [ANUGialpnN266hw8JLhCeciJ_62ac6647@android]: Skipped due to cooking limit
[2026-03-28 19:40:39] 📋   [WARN]     压缩失败 [ANUGialpnN266hw8JLhCeciJ_62ac6647@windows]: Skipped due to cooking limit
[2026-03-28 19:40:40] 📋   [WARN]     压缩失败 [Ac6IyYRC3QYokBpKt5OQ68qm_3aa26ff4@ios]: Skipped due to cooking limit
[2026-03-28 19:40:40] 📋   [WARN]     压缩失败 [Ac6IyYRC3QYokBpKt5OQ68qm_3aa26ff4@android]: Skipped due to cooking limit
[2026-03-28 19:40:40] 📋   [WARN]     压缩失败 [Ac6IyYRC3QYokBpKt5OQ68qm_3aa26ff4@windows]: Skipped due to cooking limit
[2026-03-28 19:40:40] 📋   [WARN]     压缩失败 [AE7fIWBUBtcJlT9pTJtrgNAU_44c52a6d@ios]: Skipped due to cooking limit
[2026-03-28 19:40:40] 📋   [WARN]     压缩失败 [AE7fIWBUBtcJlT9pTJtrgNAU_44c52a6d@android]: Skipped due to cooking limit
[2026-03-28 19:40:40] 📋   [WARN]     压缩失败 [AE7fIWBUBtcJlT9pTJtrgNAU_44c52a6d@windows]: Skipped due to cooking limit
[2026-03-28 19:40:40] 📋   [WARN]     压缩失败 [HGPckWxlWZfuzh18zNkKpDRZ_cfd9c90c@ios]: Skipped due to cooking limit
[2026-03-28 19:40:40] 📋   [WARN]     压缩失败 [HGPckWxlWZfuzh18zNkKpDRZ_cfd9c90c@android]: Skipped due to cooking limit
[2026-03-28 19:40:40] 📋   [WARN]     压缩失败 [HGPckWxlWZfuzh18zNkKpDRZ_cfd9c90c@windows]: Skipped due to cooking limit
[2026-03-28 19:40:40] 📋   [WARN]     压缩失败 [C9FB4WDoHalw433xlB6mIg7p_e4938624@ios]: Skipped due to cooking limit
[2026-03-28 19:40:40] 📋   [WARN]     压缩失败 [C9FB4WDoHalw433xlB6mIg7p_e4938624@android]: Skipped due to cooking limit
[2026-03-28 19:40:40] 📋   [WARN]     压缩失败 [C9FB4WDoHalw433xlB6mIg7p_e4938624@windows]: Skipped due to cooking limit
[2026-03-28 19:40:40] 📋   [WARN]     压缩失败 [CUPCCW2WOE77iLIv07IufWEC_c6d5a9eb@ios]: Skipped due to cooking limit
[2026-03-28 19:40:40] 📋   [WARN]     压缩失败 [CUPCCW2WOE77iLIv07IufWEC_c6d5a9eb@android]: Skipped due to cooking limit
[2026-03-28 19:40:40] 📋   [WARN]     压缩失败 [CUPCCW2WOE77iLIv07IufWEC_c6d5a9eb@windows]: Skipped due to cooking limit
[2026-03-28 19:40:40] 📋   [WARN]     压缩失败 [ELG1kT26iZPEHQz19npMc3jy_21be1cb4@ios]: Skipped due to cooking limit
[2026-03-28 19:40:40] 📋   [WARN]     压缩失败 [ELG1kT26iZPEHQz19npMc3jy_21be1cb4@android]: Skipped due to cooking limit
[2026-03-28 19:40:40] 📋   [WARN]     压缩失败 [ELG1kT26iZPEHQz19npMc3jy_21be1cb4@windows]: Skipped due to cooking limit
[2026-03-28 19:40:40] 📋   [WARN]     压缩失败 [A5wbCVD2j5qFT1LldxX0hDvt_264cc994@ios]: Skipped due to cooking limit
[2026-03-28 19:40:40] 📋   [WARN]     压缩失败 [A5wbCVD2j5qFT1LldxX0hDvt_264cc994@android]: Skipped due to cooking limit
[2026-03-28 19:40:40] 📋   [WARN]     压缩失败 [A5wbCVD2j5qFT1LldxX0hDvt_264cc994@windows]: Skipped due to cooking limit
[2026-03-28 19:40:40] 📋   [WARN]     压缩失败 [Ggz9MZH9CHmra7fHqQkX1HBA_9f50e01d@ios]: Skipped due to cooking limit
[2026-03-28 19:40:40] 📋   [WARN]     压缩失败 [Ggz9MZH9CHmra7fHqQkX1HBA_9f50e01d@android]: Skipped due to cooking limit
[2026-03-28 19:40:40] 📋   [WARN]     压缩失败 [Ggz9MZH9CHmra7fHqQkX1HBA_9f50e01d@windows]: Skipped due to cooking limit
[2026-03-28 19:40:40] 📋   [WARN]     压缩失败 [G4ERobz9n9JmCTOalJOsFCn0_a9014440@ios]: Skipped due to cooking limit
[2026-03-28 19:40:40] 📋   [WARN]     压缩失败 [G4ERobz9n9JmCTOalJOsFCn0_a9014440@android]: Skipped due to cooking limit
[2026-03-28 19:40:40] 📋   [WARN]     压缩失败 [G4ERobz9n9JmCTOalJOsFCn0_a9014440@windows]: Skipped due to cooking limit
[2026-03-28 19:40:40] 📋   [WARN]     压缩失败 [E3LTsWcMM_5V7vqUYKPed58r_5c2f191b@ios]: Skipped due to cooking limit
[2026-03-28 19:40:40] 📋   [WARN]     压缩失败 [E3LTsWcMM_5V7vqUYKPed58r_5c2f191b@android]: Skipped due to cooking limit
[2026-03-28 19:40:40] 📋   [WARN]     压缩失败 [E3LTsWcMM_5V7vqUYKPed58r_5c2f191b@windows]: Skipped due to cooking limit
[2026-03-28 19:40:40] 📋   [WARN]     压缩失败 [AyNteYJ8zMnbdPRKXCdBza2V_0747a5d7@ios]: Skipped due to cooking limit
[2026-03-28 19:40:40] 📋   [WARN]     压缩失败 [AyNteYJ8zMnbdPRKXCdBza2V_0747a5d7@android]: Skipped due to cooking limit
[2026-03-28 19:40:40] 📋   [WARN]     压缩失败 [AyNteYJ8zMnbdPRKXCdBza2V_0747a5d7@windows]: Skipped due to cooking limit
[2026-03-28 19:40:40] 📋   [WARN]     压缩失败 [A-XOaeJv_FR-wcEcCaBlUe7D_e4f20be4@ios]: Skipped due to cooking limit
[2026-03-28 19:40:40] 📋   [WARN]     压缩失败 [A-XOaeJv_FR-wcEcCaBlUe7D_e4f20be4@android]: Skipped due to cooking limit
[2026-03-28 19:40:40] 📋   [WARN]     压缩失败 [A-XOaeJv_FR-wcEcCaBlUe7D_e4f20be4@windows]: Skipped due to cooking limit
[2026-03-28 19:40:40] 📋   [WARN]     压缩失败 [Bo-_Gdb6xrVx2wjTP4cfHJQ4_2760c72e@ios]: Skipped due to cooking limit
[2026-03-28 19:40:40] 📋   [WARN]     压缩失败 [Bo-_Gdb6xrVx2wjTP4cfHJQ4_2760c72e@android]: Skipped due to cooking limit
[2026-03-28 19:40:40] 📋   [WARN]     压缩失败 [Bo-_Gdb6xrVx2wjTP4cfHJQ4_2760c72e@windows]: Skipped due to cooking limit
[2026-03-28 19:40:40] 📋   [WARN]     压缩失败 [AcgG6ce3M1mQB_y-qpAH5W_8_8ed8aad9@ios]: Skipped due to cooking limit
[2026-03-28 19:40:40] 📋   [WARN]     压缩失败 [AcgG6ce3M1mQB_y-qpAH5W_8_8ed8aad9@android]: Skipped due to cooking limit
[2026-03-28 19:40:40] 📋   [WARN]     压缩失败 [AcgG6ce3M1mQB_y-qpAH5W_8_8ed8aad9@windows]: Skipped due to cooking limit
[2026-03-28 19:40:40] 📋   [WARN]     压缩失败 [EznV6at4Ayv0s2iiEiFXThJY_93dfc8a0@ios]: Skipped due to cooking limit
[2026-03-28 19:40:40] 📋   [WARN]     压缩失败 [EznV6at4Ayv0s2iiEiFXThJY_93dfc8a0@android]: Skipped due to cooking limit
[2026-03-28 19:40:40] 📋   [WARN]     压缩失败 [EznV6at4Ayv0s2iiEiFXThJY_93dfc8a0@windows]: Skipped due to cooking limit
[2026-03-28 19:40:40] 📋   [WARN]     压缩失败 [B0ACeXcnoU8IJXa53WPc09Nv_c2f4d9ab@ios]: Skipped due to cooking limit
[2026-03-28 19:40:40] 📋   [WARN]     压缩失败 [B0ACeXcnoU8IJXa53WPc09Nv_c2f4d9ab@android]: Skipped due to cooking limit
[2026-03-28 19:40:40] 📋   [WARN]     压缩失败 [B0ACeXcnoU8IJXa53WPc09Nv_c2f4d9ab@windows]: Skipped due to cooking limit
[2026-03-28 19:40:40] 📋   [WARN]     压缩失败 [FA5KKRtJEO4WeLLfpsoTW7VY_943f077d@ios]: Skipped due to cooking limit
[2026-03-28 19:40:40] 📋   [WARN]     压缩失败 [FA5KKRtJEO4WeLLfpsoTW7VY_943f077d@android]: Skipped due to cooking limit
[2026-03-28 19:40:40] 📋   [WARN]     压缩失败 [FA5KKRtJEO4WeLLfpsoTW7VY_943f077d@windows]: Skipped due to cooking limit
[2026-03-28 19:40:40] 📋   [WARN]     压缩失败 [GAQN2aMybMdy5BByp8TLgsHE_fb6a680f@ios]: Skipped due to cooking limit
[2026-03-28 19:40:40] 📋   [WARN]     压缩失败 [GAQN2aMybMdy5BByp8TLgsHE_fb6a680f@android]: Skipped due to cooking limit
[2026-03-28 19:40:40] 📋   [WARN]     压缩失败 [GAQN2aMybMdy5BByp8TLgsHE_fb6a680f@windows]: Skipped due to cooking limit
[2026-03-28 19:40:40] 📋   [WARN]     压缩失败 [BIeRabABeOumoIIBkw95Sblr_68cd91f6@ios]: Skipped due to cooking limit
[2026-03-28 19:40:40] 📋   [WARN]     压缩失败 [BIeRabABeOumoIIBkw95Sblr_68cd91f6@android]: Skipped due to cooking limit
[2026-03-28 19:40:40] 📋   [WARN]     压缩失败 [BIeRabABeOumoIIBkw95Sblr_68cd91f6@windows]: Skipped due to cooking limit
[2026-03-28 19:40:40] 📋   [WARN]     压缩失败 [EeWoga_yK3g2vFSvEqSVmul6_f6826e50@ios]: Skipped due to cooking limit
[2026-03-28 19:40:40] 📋   [WARN]     压缩失败 [EeWoga_yK3g2vFSvEqSVmul6_f6826e50@android]: Skipped due to cooking limit
[2026-03-28 19:40:40] 📋   [WARN]     压缩失败 [EeWoga_yK3g2vFSvEqSVmul6_f6826e50@windows]: Skipped due to cooking limit
[2026-03-28 19:40:40] 📋   [WARN]     压缩失败 [ENEC-Xei7z3VPNwbSdhfKpUa_4f9a1431@ios]: Skipped due to cooking limit
[2026-03-28 19:40:40] 📋   [WARN]     压缩失败 [ENEC-Xei7z3VPNwbSdhfKpUa_4f9a1431@android]: Skipped due to cooking limit
[2026-03-28 19:40:40] 📋   [WARN]     压缩失败 [ENEC-Xei7z3VPNwbSdhfKpUa_4f9a1431@windows]: Skipped due to cooking limit
[2026-03-28 19:40:40] 📋   [WARN]     压缩失败 [B48baaZQ1hzW04HeboLZ_NiK_e48eebe1@ios]: Skipped due to cooking limit
[2026-03-28 19:40:40] 📋   [WARN]     压缩失败 [B48baaZQ1hzW04HeboLZ_NiK_e48eebe1@android]: Skipped due to cooking limit
[2026-03-28 19:40:40] 📋   [WARN]     压缩失败 [B48baaZQ1hzW04HeboLZ_NiK_e48eebe1@windows]: Skipped due to cooking limit
[2026-03-28 19:40:40] 📋   [WARN]     压缩失败 [EtWqKVc5_HVqbPVRFPxKPVM9_5b6249ba@ios]: Skipped due to cooking limit
[2026-03-28 19:40:40] 📋   [WARN]     压缩失败 [EtWqKVc5_HVqbPVRFPxKPVM9_5b6249ba@android]: Skipped due to cooking limit
[2026-03-28 19:40:40] 📋   [WARN]     压缩失败 [EtWqKVc5_HVqbPVRFPxKPVM9_5b6249ba@windows]: Skipped due to cooking limit
[2026-03-28 19:40:40] 📋   [WARN]     压缩失败 [DZwSaShisK7_yxgx2Rw8UEoE_c2f93173@ios]: Skipped due to cooking limit
[2026-03-28 19:40:40] 📋   [WARN]     压缩失败 [DZwSaShisK7_yxgx2Rw8UEoE_c2f93173@android]: Skipped due to cooking limit
[2026-03-28 19:40:40] 📋   [WARN]     压缩失败 [DZwSaShisK7_yxgx2Rw8UEoE_c2f93173@windows]: Skipped due to cooking limit
[2026-03-28 19:40:40] 📋   [WARN]     压缩失败 [GBfAOZNMwlPJcOrPDb05Gg0E_95744d23@ios]: Skipped due to cooking limit
[2026-03-28 19:40:40] 📋   [WARN]     压缩失败 [GBfAOZNMwlPJcOrPDb05Gg0E_95744d23@android]: Skipped due to cooking limit
[2026-03-28 19:40:40] 📋   [WARN]     压缩失败 [GBfAOZNMwlPJcOrPDb05Gg0E_95744d23@windows]: Skipped due to cooking limit
[2026-03-28 19:40:40] 📋   [WARN]     压缩失败 [BIxUueXXQIeGwkyhpaY5hTNP_41e27d8f@ios]: Skipped due to cooking limit
[2026-03-28 19:40:40] 📋   [WARN]     压缩失败 [BIxUueXXQIeGwkyhpaY5hTNP_41e27d8f@android]: Skipped due to cooking limit
[2026-03-28 19:40:40] 📋   [WARN]     压缩失败 [BIxUueXXQIeGwkyhpaY5hTNP_41e27d8f@windows]: Skipped due to cooking limit
[2026-03-28 19:40:40] 📋   [WARN]     压缩失败 [GOSuST28Dk5k490_h9RBJ61v_00ee05de@ios]: Skipped due to cooking limit
[2026-03-28 19:40:40] 📋   [WARN]     压缩失败 [GOSuST28Dk5k490_h9RBJ61v_00ee05de@android]: Skipped due to cooking limit
[2026-03-28 19:40:40] 📋   [WARN]     压缩失败 [GOSuST28Dk5k490_h9RBJ61v_00ee05de@windows]: Skipped due to cooking limit
[2026-03-28 19:40:40] 📋   [WARN]     压缩失败 [Dwq9SVSz0mhCGpt2WyrhNTIY_1974ec35@ios]: Skipped due to cooking limit
[2026-03-28 19:40:40] 📋   [WARN]     压缩失败 [Dwq9SVSz0mhCGpt2WyrhNTIY_1974ec35@android]: Skipped due to cooking limit
[2026-03-28 19:40:40] 📋   [WARN]     压缩失败 [Dwq9SVSz0mhCGpt2WyrhNTIY_1974ec35@windows]: Skipped due to cooking limit
[2026-03-28 19:40:40] 📋   [WARN]     压缩失败 [EIEK2atTiikJxzfbgmTBJ_EH_71066770@ios]: Skipped due to cooking limit
[2026-03-28 19:40:40] 📋   [WARN]     压缩失败 [EIEK2atTiikJxzfbgmTBJ_EH_71066770@android]: Skipped due to cooking limit
[2026-03-28 19:40:40] 📋   [WARN]     压缩失败 [EIEK2atTiikJxzfbgmTBJ_EH_71066770@windows]: Skipped due to cooking limit
[2026-03-28 19:40:40] 📋   [WARN]     压缩失败 [Ho7a0fZJV3nCQIF5xiYbPeDP_d9f86752@ios]: Skipped due to cooking limit
[2026-03-28 19:40:40] 📋   [WARN]     压缩失败 [Ho7a0fZJV3nCQIF5xiYbPeDP_d9f86752@android]: Skipped due to cooking limit
[2026-03-28 19:40:40] 📋   [WARN]     压缩失败 [Ho7a0fZJV3nCQIF5xiYbPeDP_d9f86752@windows]: Skipped due to cooking limit
[2026-03-28 19:40:40] 📋   [WARN]     压缩失败 [D97fCeLFgQcjwxBRoCXGMUEz_9919e2e8@ios]: Skipped due to cooking limit
[2026-03-28 19:40:40] 📋   [WARN]     压缩失败 [D97fCeLFgQcjwxBRoCXGMUEz_9919e2e8@android]: Skipped due to cooking limit
[2026-03-28 19:40:40] 📋   [WARN]     压缩失败 [D97fCeLFgQcjwxBRoCXGMUEz_9919e2e8@windows]: Skipped due to cooking limit
[2026-03-28 19:40:40] 📋   [WARN]     压缩失败 [EVJqGUe4V0RHGCPhxBuifDpv_2c764214@ios]: Skipped due to cooking limit
[2026-03-28 19:40:40] 📋   [WARN]     压缩失败 [EVJqGUe4V0RHGCPhxBuifDpv_2c764214@android]: Skipped due to cooking limit
[2026-03-28 19:40:40] 📋   [WARN]     压缩失败 [EVJqGUe4V0RHGCPhxBuifDpv_2c764214@windows]: Skipped due to cooking limit
[2026-03-28 19:40:40] 📋   [WARN]     压缩失败 [G0tBoZKrQ1RK9HJXD99njAPX_aa9aef4f@ios]: Skipped due to cooking limit
[2026-03-28 19:40:40] 📋   [WARN]     压缩失败 [G0tBoZKrQ1RK9HJXD99njAPX_aa9aef4f@android]: Skipped due to cooking limit
[2026-03-28 19:40:40] 📋   [WARN]     压缩失败 [G0tBoZKrQ1RK9HJXD99njAPX_aa9aef4f@windows]: Skipped due to cooking limit
[2026-03-28 19:40:40] 📋   [WARN]     压缩失败 [CUI_SVGpyvBJWlhkXh9opqA__80b315fe@ios]: Skipped due to cooking limit
[2026-03-28 19:40:40] 📋   [WARN]     压缩失败 [CUI_SVGpyvBJWlhkXh9opqA__80b315fe@android]: Skipped due to cooking limit
[2026-03-28 19:40:40] 📋   [WARN]     压缩失败 [CUI_SVGpyvBJWlhkXh9opqA__80b315fe@windows]: Skipped due to cooking limit
[2026-03-28 19:40:40] 📋   [WARN]     压缩失败 [HEwhcWw3kqiVRoB4WefRWuxg_11ead8bc@ios]: Skipped due to cooking limit
[2026-03-28 19:40:40] 📋   [WARN]     压缩失败 [HEwhcWw3kqiVRoB4WefRWuxg_11ead8bc@android]: Skipped due to cooking limit
[2026-03-28 19:40:40] 📋   [WARN]     压缩失败 [HEwhcWw3kqiVRoB4WefRWuxg_11ead8bc@windows]: Skipped due to cooking limit
[2026-03-28 19:40:40] 📋   [WARN]     压缩失败 [HivRqZSwhXENxWzZ4JnDVG3U_41986843@ios]: Skipped due to cooking limit
[2026-03-28 19:40:40] 📋   [WARN]     压缩失败 [HivRqZSwhXENxWzZ4JnDVG3U_41986843@android]: Skipped due to cooking limit
[2026-03-28 19:40:40] 📋   [WARN]     压缩失败 [HivRqZSwhXENxWzZ4JnDVG3U_41986843@windows]: Skipped due to cooking limit
[2026-03-28 19:40:40] 📋   [WARN]     压缩失败 [H7ww-SRGpf-lMn4HEtQ8Xcob_631f54cb@ios]: Skipped due to cooking limit
[2026-03-28 19:40:40] 📋   [WARN]     压缩失败 [H7ww-SRGpf-lMn4HEtQ8Xcob_631f54cb@android]: Skipped due to cooking limit
[2026-03-28 19:40:40] 📋   [WARN]     压缩失败 [H7ww-SRGpf-lMn4HEtQ8Xcob_631f54cb@windows]: Skipped due to cooking limit
[2026-03-28 19:40:40] 📋   [WARN]     压缩失败 [GvrXiaMo7Bn4ihK2C-Y1WwKT_84e25bd8@ios]: Skipped due to cooking limit
[2026-03-28 19:40:40] 📋   [WARN]     压缩失败 [GvrXiaMo7Bn4ihK2C-Y1WwKT_84e25bd8@android]: Skipped due to cooking limit
[2026-03-28 19:40:40] 📋   [WARN]     压缩失败 [GvrXiaMo7Bn4ihK2C-Y1WwKT_84e25bd8@windows]: Skipped due to cooking limit
[2026-03-28 19:40:40] 📋   [WARN]     压缩失败 [Ad3HyRLf6LEjMTiAhdofyZSy_191167e3@ios]: Skipped due to cooking limit
[2026-03-28 19:40:40] 📋   [WARN]     压缩失败 [Ad3HyRLf6LEjMTiAhdofyZSy_191167e3@android]: Skipped due to cooking limit
[2026-03-28 19:40:40] 📋   [WARN]     压缩失败 [Ad3HyRLf6LEjMTiAhdofyZSy_191167e3@windows]: Skipped due to cooking limit
[2026-03-28 19:40:40] 📋   [WARN]     压缩失败 [G2DCGWDhHfICE6zRC1oU8Zx0_aede7e58@ios]: Skipped due to cooking limit
[2026-03-28 19:40:40] 📋   [WARN]     压缩失败 [G2DCGWDhHfICE6zRC1oU8Zx0_aede7e58@android]: Skipped due to cooking limit
[2026-03-28 19:40:40] 📋   [WARN]     压缩失败 [G2DCGWDhHfICE6zRC1oU8Zx0_aede7e58@windows]: Skipped due to cooking limit
[2026-03-28 19:40:40] 📋   [WARN]     压缩失败 [C9O7GXpyd2ocaqO2rPy0dob-_7353549d@ios]: Skipped due to cooking limit
[2026-03-28 19:40:40] 📋   [WARN]     压缩失败 [C9O7GXpyd2ocaqO2rPy0dob-_7353549d@android]: Skipped due to cooking limit
[2026-03-28 19:40:40] 📋   [WARN]     压缩失败 [C9O7GXpyd2ocaqO2rPy0dob-_7353549d@windows]: Skipped due to cooking limit
[2026-03-28 19:40:40] 📋   [WARN]     压缩失败 [CpmUGZ71QTLzLwqqWDyvTCFJ_469128b1@ios]: Skipped due to cooking limit
[2026-03-28 19:40:40] 📋   [WARN]     压缩失败 [CpmUGZ71QTLzLwqqWDyvTCFJ_469128b1@android]: Skipped due to cooking limit
[2026-03-28 19:40:40] 📋   [WARN]     压缩失败 [CpmUGZ71QTLzLwqqWDyvTCFJ_469128b1@windows]: Skipped due to cooking limit
[2026-03-28 19:40:40] 📋   [WARN]     压缩失败 [ESiZKbyAxU9Hr2P9wKqw3eAW_7dc84288@ios]: Skipped due to cooking limit
[2026-03-28 19:40:40] 📋   [WARN]     压缩失败 [ESiZKbyAxU9Hr2P9wKqw3eAW_7dc84288@android]: Skipped due to cooking limit
[2026-03-28 19:40:40] 📋   [WARN]     压缩失败 [ESiZKbyAxU9Hr2P9wKqw3eAW_7dc84288@windows]: Skipped due to cooking limit
[2026-03-28 19:40:40] 📋   [WARN]     压缩失败 [D65VqagRWaLa27MmTkF_souW_d51246d3@ios]: Skipped due to cooking limit
[2026-03-28 19:40:40] 📋   [WARN]     压缩失败 [D65VqagRWaLa27MmTkF_souW_d51246d3@android]: Skipped due to cooking limit
[2026-03-28 19:40:40] 📋   [WARN]     压缩失败 [D65VqagRWaLa27MmTkF_souW_d51246d3@windows]: Skipped due to cooking limit
[2026-03-28 19:40:40] 📋   [WARN]     压缩失败 [G7xTMUrnDYl11Yv6WqJy7RbD_120cd148@ios]: Skipped due to cooking limit
[2026-03-28 19:40:40] 📋   [WARN]     压缩失败 [G7xTMUrnDYl11Yv6WqJy7RbD_120cd148@android]: Skipped due to cooking limit
[2026-03-28 19:40:40] 📋   [WARN]     压缩失败 [G7xTMUrnDYl11Yv6WqJy7RbD_120cd148@windows]: Skipped due to cooking limit
[2026-03-28 19:40:40] 📋   [WARN]     压缩失败 [DDIR0aFbnRlaa7hXdqxMSNGq_ef5cf6c7@ios]: Skipped due to cooking limit
[2026-03-28 19:40:40] 📋   [WARN]     压缩失败 [DDIR0aFbnRlaa7hXdqxMSNGq_ef5cf6c7@android]: Skipped due to cooking limit
[2026-03-28 19:40:40] 📋   [WARN]     压缩失败 [DDIR0aFbnRlaa7hXdqxMSNGq_ef5cf6c7@windows]: Skipped due to cooking limit
[2026-03-28 19:40:40] 📋   [WARN]     压缩失败 [FtmDiQ9m1P3067pBg3Y5AYOg_e7a48045@ios]: Skipped due to cooking limit
[2026-03-28 19:40:40] 📋   [WARN]     压缩失败 [FtmDiQ9m1P3067pBg3Y5AYOg_e7a48045@android]: Skipped due to cooking limit
[2026-03-28 19:40:40] 📋   [WARN]     压缩失败 [FtmDiQ9m1P3067pBg3Y5AYOg_e7a48045@windows]: Skipped due to cooking limit
[2026-03-28 19:40:40] 📋   [WARN]     压缩失败 [En9Xicx7k4Z0jOGXR_Bt6BFE_3e146545@ios]: Skipped due to cooking limit
[2026-03-28 19:40:40] 📋   [WARN]     压缩失败 [En9Xicx7k4Z0jOGXR_Bt6BFE_3e146545@android]: Skipped due to cooking limit
[2026-03-28 19:40:40] 📋   [WARN]     压缩失败 [En9Xicx7k4Z0jOGXR_Bt6BFE_3e146545@windows]: Skipped due to cooking limit
[2026-03-28 19:40:40] 📋   [WARN]     压缩失败 [CVDzSXf1nUjIRpPKXEGPgwdq_6cc5b3df@ios]: Skipped due to cooking limit
[2026-03-28 19:40:40] 📋   [WARN]     压缩失败 [CVDzSXf1nUjIRpPKXEGPgwdq_6cc5b3df@android]: Skipped due to cooking limit
[2026-03-28 19:40:40] 📋   [WARN]     压缩失败 [CVDzSXf1nUjIRpPKXEGPgwdq_6cc5b3df@windows]: Skipped due to cooking limit
[2026-03-28 19:40:40] 📋   [WARN]     压缩失败 [AfYAabhEJdsPGnonKVsyz6Wx_f273d912@ios]: Skipped due to cooking limit
[2026-03-28 19:40:40] 📋   [WARN]     压缩失败 [AfYAabhEJdsPGnonKVsyz6Wx_f273d912@android]: Skipped due to cooking limit
[2026-03-28 19:40:40] 📋   [WARN]     压缩失败 [AfYAabhEJdsPGnonKVsyz6Wx_f273d912@windows]: Skipped due to cooking limit
[2026-03-28 19:40:40] 📋   [WARN]     压缩失败 [AfnIwRaLnekwdTDe2XJHleA1_b432d4d4@ios]: Skipped due to cooking limit
[2026-03-28 19:40:40] 📋   [WARN]     压缩失败 [AfnIwRaLnekwdTDe2XJHleA1_b432d4d4@android]: Skipped due to cooking limit
[2026-03-28 19:40:40] 📋   [WARN]     压缩失败 [AfnIwRaLnekwdTDe2XJHleA1_b432d4d4@windows]: Skipped due to cooking limit
[2026-03-28 19:40:40] 📋   [WARN]     压缩失败 [BLwdSQJbvrhmBrefO5ynQu_O_cb4b2433@ios]: Skipped due to cooking limit
[2026-03-28 19:40:40] 📋   [WARN]     压缩失败 [BLwdSQJbvrhmBrefO5ynQu_O_cb4b2433@android]: Skipped due to cooking limit
[2026-03-28 19:40:40] 📋   [WARN]     压缩失败 [BLwdSQJbvrhmBrefO5ynQu_O_cb4b2433@windows]: Skipped due to cooking limit
[2026-03-28 19:40:40] 📋   [WARN]     压缩失败 [Auj-0ev1wTAzxURTyUINY1Rq_62ac6647@ios]: Skipped due to cooking limit
[2026-03-28 19:40:40] 📋   [WARN]     压缩失败 [Auj-0ev1wTAzxURTyUINY1Rq_62ac6647@android]: Skipped due to cooking limit
[2026-03-28 19:40:40] 📋   [WARN]     压缩失败 [Auj-0ev1wTAzxURTyUINY1Rq_62ac6647@windows]: Skipped due to cooking limit
[2026-03-28 19:40:40] 📋   [WARN]     压缩失败 [ANIHaVcUuq6qgXqFXnC7oqQV_3309c982@ios]: Skipped due to cooking limit
[2026-03-28 19:40:40] 📋   [WARN]     压缩失败 [ANIHaVcUuq6qgXqFXnC7oqQV_3309c982@android]: Skipped due to cooking limit
[2026-03-28 19:40:40] 📋   [WARN]     压缩失败 [ANIHaVcUuq6qgXqFXnC7oqQV_3309c982@windows]: Skipped due to cooking limit
[2026-03-28 19:40:41] 📋   [WARN]     压缩失败 [ErXC8dhf2yHoIJL-ilIhlEpj_8c0b5b86@ios]: Skipped due to cooking limit
[2026-03-28 19:40:41] 📋   [WARN]     压缩失败 [ErXC8dhf2yHoIJL-ilIhlEpj_8c0b5b86@android]: Skipped due to cooking limit
[2026-03-28 19:40:41] 📋   [WARN]     压缩失败 [ErXC8dhf2yHoIJL-ilIhlEpj_8c0b5b86@windows]: Skipped due to cooking limit
[2026-03-28 19:40:41] 📋   [WARN]     压缩失败 [HcW8MXpKvMyAkS2w8t95KvdO_0d6913b7@ios]: Skipped due to cooking limit
[2026-03-28 19:40:41] 📋   [WARN]     压缩失败 [HcW8MXpKvMyAkS2w8t95KvdO_0d6913b7@android]: Skipped due to cooking limit
[2026-03-28 19:40:41] 📋   [WARN]     压缩失败 [HcW8MXpKvMyAkS2w8t95KvdO_0d6913b7@windows]: Skipped due to cooking limit
[2026-03-28 19:40:41] 📋   [WARN]     压缩失败 [Eq2MaSfM0foxUPWCACgLUjhf_e5a4f8b1@ios]: Skipped due to cooking limit
[2026-03-28 19:40:41] 📋   [WARN]     压缩失败 [Eq2MaSfM0foxUPWCACgLUjhf_e5a4f8b1@android]: Skipped due to cooking limit
[2026-03-28 19:40:41] 📋   [WARN]     压缩失败 [Eq2MaSfM0foxUPWCACgLUjhf_e5a4f8b1@windows]: Skipped due to cooking limit
[2026-03-28 19:40:41] 📋   [WARN]     压缩失败 [ByE80Y49Yz33lbkvhvTs7Aex_9872481d@ios]: Skipped due to cooking limit
[2026-03-28 19:40:41] 📋   [WARN]     压缩失败 [ByE80Y49Yz33lbkvhvTs7Aex_9872481d@android]: Skipped due to cooking limit
[2026-03-28 19:40:41] 📋   [WARN]     压缩失败 [ByE80Y49Yz33lbkvhvTs7Aex_9872481d@windows]: Skipped due to cooking limit
[2026-03-28 19:40:41] 📋   [WARN]     压缩失败 [B5sJSe9gqpqDtS_ROXlzZX-F_5176231b@ios]: Skipped due to cooking limit
[2026-03-28 19:40:41] 📋   [WARN]     压缩失败 [B5sJSe9gqpqDtS_ROXlzZX-F_5176231b@android]: Skipped due to cooking limit
[2026-03-28 19:40:41] 📋   [WARN]     压缩失败 [B5sJSe9gqpqDtS_ROXlzZX-F_5176231b@windows]: Skipped due to cooking limit
[2026-03-28 19:40:41] 📋   [WARN]     压缩失败 [F8hkYcbKI3K9vcz3IHb33IxT_6c99da18@ios]: Skipped due to cooking limit
[2026-03-28 19:40:41] 📋   [WARN]     压缩失败 [F8hkYcbKI3K9vcz3IHb33IxT_6c99da18@android]: Skipped due to cooking limit
[2026-03-28 19:40:41] 📋   [WARN]     压缩失败 [F8hkYcbKI3K9vcz3IHb33IxT_6c99da18@windows]: Skipped due to cooking limit
[2026-03-28 19:40:41] 📋   [WARN]     压缩失败 [FITcUTDKVrqOEDHf9Q_DqbZN_6a6874de@ios]: Skipped due to cooking limit
[2026-03-28 19:40:41] 📋   [WARN]     压缩失败 [FITcUTDKVrqOEDHf9Q_DqbZN_6a6874de@android]: Skipped due to cooking limit
[2026-03-28 19:40:41] 📋   [WARN]     压缩失败 [FITcUTDKVrqOEDHf9Q_DqbZN_6a6874de@windows]: Skipped due to cooking limit
[2026-03-28 19:40:41] 📋   [WARN]     压缩失败 [EB_SsYeAKKH-HKRSTlGxPWQn_4645c5d8@ios]: Skipped due to cooking limit
[2026-03-28 19:40:41] 📋   [WARN]     压缩失败 [EB_SsYeAKKH-HKRSTlGxPWQn_4645c5d8@android]: Skipped due to cooking limit
[2026-03-28 19:40:41] 📋   [WARN]     压缩失败 [EB_SsYeAKKH-HKRSTlGxPWQn_4645c5d8@windows]: Skipped due to cooking limit
[2026-03-28 19:40:41] 📋   [WARN]     压缩失败 [Cq1D6VGtiiwRGIbfuVI2FRhg_7011895a@ios]: Skipped due to cooking limit
[2026-03-28 19:40:41] 📋   [WARN]     压缩失败 [Cq1D6VGtiiwRGIbfuVI2FRhg_7011895a@android]: Skipped due to cooking limit
[2026-03-28 19:40:41] 📋   [WARN]     压缩失败 [Cq1D6VGtiiwRGIbfuVI2FRhg_7011895a@windows]: Skipped due to cooking limit
[2026-03-28 19:40:41] 📋   [WARN]     压缩失败 [F9Bg0b7dfOLd0STisqoVB2q0_0b62ea3f@ios]: Skipped due to cooking limit
[2026-03-28 19:40:41] 📋   [WARN]     压缩失败 [F9Bg0b7dfOLd0STisqoVB2q0_0b62ea3f@android]: Skipped due to cooking limit
[2026-03-28 19:40:41] 📋   [WARN]     压缩失败 [F9Bg0b7dfOLd0STisqoVB2q0_0b62ea3f@windows]: Skipped due to cooking limit
[2026-03-28 19:40:41] 📋   [WARN]     压缩失败 [Ex4UuXY42LlVjFVGK8uI0wes_d439aa76@ios]: Skipped due to cooking limit
[2026-03-28 19:40:41] 📋   [WARN]     压缩失败 [Ex4UuXY42LlVjFVGK8uI0wes_d439aa76@android]: Skipped due to cooking limit
[2026-03-28 19:40:41] 📋   [WARN]     压缩失败 [Ex4UuXY42LlVjFVGK8uI0wes_d439aa76@windows]: Skipped due to cooking limit
[2026-03-28 19:40:41] 📋   [WARN]     压缩失败 [BxIfoe8mCHPvkwlnVoDhQhqp_7fe5a571@ios]: Skipped due to cooking limit
[2026-03-28 19:40:41] 📋   [WARN]     压缩失败 [BxIfoe8mCHPvkwlnVoDhQhqp_7fe5a571@android]: Skipped due to cooking limit
[2026-03-28 19:40:41] 📋   [WARN]     压缩失败 [BxIfoe8mCHPvkwlnVoDhQhqp_7fe5a571@windows]: Skipped due to cooking limit
[2026-03-28 19:40:41] 📋   [WARN]     压缩失败 [Asj1IQ8LIx9_xlHyFhKgHIih_b24aa35f@ios]: Skipped due to cooking limit
[2026-03-28 19:40:41] 📋   [WARN]     压缩失败 [Asj1IQ8LIx9_xlHyFhKgHIih_b24aa35f@android]: Skipped due to cooking limit
[2026-03-28 19:40:41] 📋   [WARN]     压缩失败 [Asj1IQ8LIx9_xlHyFhKgHIih_b24aa35f@windows]: Skipped due to cooking limit
[2026-03-28 19:40:41] 📋   [WARN]     压缩失败 [A99hKfm-vT8xDc5o-yJQ4meI_11946312@ios]: Skipped due to cooking limit
[2026-03-28 19:40:41] 📋   [WARN]     压缩失败 [A99hKfm-vT8xDc5o-yJQ4meI_11946312@android]: Skipped due to cooking limit
[2026-03-28 19:40:41] 📋   [WARN]     压缩失败 [A99hKfm-vT8xDc5o-yJQ4meI_11946312@windows]: Skipped due to cooking limit
[2026-03-28 19:40:41] 📋   [WARN]     压缩失败 [AuNredUHzmYsW2KQ6fRMOCCH_477995a5@ios]: Skipped due to cooking limit
[2026-03-28 19:40:41] 📋   [WARN]     压缩失败 [AuNredUHzmYsW2KQ6fRMOCCH_477995a5@android]: Skipped due to cooking limit
[2026-03-28 19:40:41] 📋   [WARN]     压缩失败 [AuNredUHzmYsW2KQ6fRMOCCH_477995a5@windows]: Skipped due to cooking limit
[2026-03-28 19:40:41] 📋   [WARN]     压缩失败 [HeBMUcKm-5pxFILFrSV3mZw5_d909d5f4@ios]: Skipped due to cooking limit
[2026-03-28 19:40:41] 📋   [WARN]     压缩失败 [HeBMUcKm-5pxFILFrSV3mZw5_d909d5f4@android]: Skipped due to cooking limit
[2026-03-28 19:40:41] 📋   [WARN]     压缩失败 [HeBMUcKm-5pxFILFrSV3mZw5_d909d5f4@windows]: Skipped due to cooking limit
[2026-03-28 19:40:41] 📋   [WARN]     压缩失败 [A0uPSXa2bcXe4pwDSc3vdqsZ_5eb289a2@ios]: Skipped due to cooking limit
[2026-03-28 19:40:41] 📋   [WARN]     压缩失败 [A0uPSXa2bcXe4pwDSc3vdqsZ_5eb289a2@android]: Skipped due to cooking limit
[2026-03-28 19:40:41] 📋   [WARN]     压缩失败 [A0uPSXa2bcXe4pwDSc3vdqsZ_5eb289a2@windows]: Skipped due to cooking limit
[2026-03-28 19:40:41] 📋   [WARN]     压缩失败 [EeLOqWSbyq6UaOX0l5iZNM1F_8a2dc93d@ios]: Skipped due to cooking limit
[2026-03-28 19:40:41] 📋   [WARN]     压缩失败 [EeLOqWSbyq6UaOX0l5iZNM1F_8a2dc93d@android]: Skipped due to cooking limit
[2026-03-28 19:40:41] 📋   [WARN]     压缩失败 [EeLOqWSbyq6UaOX0l5iZNM1F_8a2dc93d@windows]: Skipped due to cooking limit
[2026-03-28 19:40:41] 📋   [WARN]     压缩失败 [BY7CgdTtICdc3IhuWR-VfOPf_bd9d2c2b@ios]: Skipped due to cooking limit
[2026-03-28 19:40:41] 📋   [WARN]     压缩失败 [BY7CgdTtICdc3IhuWR-VfOPf_bd9d2c2b@android]: Skipped due to cooking limit
[2026-03-28 19:40:41] 📋   [WARN]     压缩失败 [BY7CgdTtICdc3IhuWR-VfOPf_bd9d2c2b@windows]: Skipped due to cooking limit
[2026-03-28 19:40:41] 📋   [WARN]     压缩失败 [GnguibeFFrZE8dML3y0XZv55_b44f41fc@ios]: Skipped due to cooking limit
[2026-03-28 19:40:41] 📋   [WARN]     压缩失败 [GnguibeFFrZE8dML3y0XZv55_b44f41fc@android]: Skipped due to cooking limit
[2026-03-28 19:40:41] 📋   [WARN]     压缩失败 [GnguibeFFrZE8dML3y0XZv55_b44f41fc@windows]: Skipped due to cooking limit
[2026-03-28 19:40:41] 📋   [WARN]     压缩失败 [Fz84aX2orBGJbwplbmEbvoII_5b47dd60@ios]: Skipped due to cooking limit
[2026-03-28 19:40:41] 📋   [WARN]     压缩失败 [Fz84aX2orBGJbwplbmEbvoII_5b47dd60@android]: Skipped due to cooking limit
[2026-03-28 19:40:41] 📋   [WARN]     压缩失败 [Fz84aX2orBGJbwplbmEbvoII_5b47dd60@windows]: Skipped due to cooking limit
[2026-03-28 19:40:41] 📋   [WARN]     压缩失败 [Hea0WdihFTDCXf2KVVmTAGNq_46c52cb9@ios]: Skipped due to cooking limit
[2026-03-28 19:40:41] 📋   [WARN]     压缩失败 [Hea0WdihFTDCXf2KVVmTAGNq_46c52cb9@android]: Skipped due to cooking limit
[2026-03-28 19:40:41] 📋   [WARN]     压缩失败 [Hea0WdihFTDCXf2KVVmTAGNq_46c52cb9@windows]: Skipped due to cooking limit
[2026-03-28 19:40:41] 📋   [WARN]     压缩失败 [FNTEuSnOOLHgBhpkQsAxf484_61948068@ios]: Skipped due to cooking limit
[2026-03-28 19:40:41] 📋   [WARN]     压缩失败 [FNTEuSnOOLHgBhpkQsAxf484_61948068@android]: Skipped due to cooking limit
[2026-03-28 19:40:41] 📋   [WARN]     压缩失败 [FNTEuSnOOLHgBhpkQsAxf484_61948068@windows]: Skipped due to cooking limit
[2026-03-28 19:40:41] 📋   [WARN]     压缩失败 [DeWDkYiyGSqXcxlV7oTajUjj_0113ea9e@ios]: Skipped due to cooking limit
[2026-03-28 19:40:41] 📋   [WARN]     压缩失败 [DeWDkYiyGSqXcxlV7oTajUjj_0113ea9e@android]: Skipped due to cooking limit
[2026-03-28 19:40:41] 📋   [WARN]     压缩失败 [DeWDkYiyGSqXcxlV7oTajUjj_0113ea9e@windows]: Skipped due to cooking limit
[2026-03-28 19:40:41] 📋   [WARN]     压缩失败 [HPyA-fp-9MwHotqsFsXG7cpN_0bedad83@ios]: Skipped due to cooking limit
[2026-03-28 19:40:41] 📋   [WARN]     压缩失败 [HPyA-fp-9MwHotqsFsXG7cpN_0bedad83@android]: Skipped due to cooking limit
[2026-03-28 19:40:41] 📋   [WARN]     压缩失败 [HPyA-fp-9MwHotqsFsXG7cpN_0bedad83@windows]: Skipped due to cooking limit
[2026-03-28 19:40:41] 📋   [WARN]     压缩失败 [AlPwGaJl1zCnoWAsEBfiMbgQ_9962cc46@ios]: Skipped due to cooking limit
[2026-03-28 19:40:41] 📋   [WARN]     压缩失败 [AlPwGaJl1zCnoWAsEBfiMbgQ_9962cc46@android]: Skipped due to cooking limit
[2026-03-28 19:40:41] 📋   [WARN]     压缩失败 [AlPwGaJl1zCnoWAsEBfiMbgQ_9962cc46@windows]: Skipped due to cooking limit
[2026-03-28 19:40:41] 📋   [WARN]     压缩失败 [BoycuZu7tCBBN3oAjJzZ7Skc_4c723e44@ios]: Skipped due to cooking limit
[2026-03-28 19:40:41] 📋   [WARN]     压缩失败 [BoycuZu7tCBBN3oAjJzZ7Skc_4c723e44@android]: Skipped due to cooking limit
[2026-03-28 19:40:41] 📋   [WARN]     压缩失败 [BoycuZu7tCBBN3oAjJzZ7Skc_4c723e44@windows]: Skipped due to cooking limit
[2026-03-28 19:40:41] 📋   [WARN]     压缩失败 [FlnUKdjMTgbezMkrVtmcFDFT_ae2c50ed@ios]: Skipped due to cooking limit
[2026-03-28 19:40:41] 📋   [WARN]     压缩失败 [FlnUKdjMTgbezMkrVtmcFDFT_ae2c50ed@android]: Skipped due to cooking limit
[2026-03-28 19:40:41] 📋   [WARN]     压缩失败 [FlnUKdjMTgbezMkrVtmcFDFT_ae2c50ed@windows]: Skipped due to cooking limit
[2026-03-28 19:40:41] 📋   [WARN]     压缩失败 [Fg5qqbPEDJ8aJRjkRQ9GCS4H_9a0c4fc2@ios]: Skipped due to cooking limit
[2026-03-28 19:40:41] 📋   [WARN]     压缩失败 [Fg5qqbPEDJ8aJRjkRQ9GCS4H_9a0c4fc2@android]: Skipped due to cooking limit
[2026-03-28 19:40:41] 📋   [WARN]     压缩失败 [Fg5qqbPEDJ8aJRjkRQ9GCS4H_9a0c4fc2@windows]: Skipped due to cooking limit
[2026-03-28 19:40:41] 📋   [WARN]     压缩失败 [Fy4mGTDiuIBJiL2mN9-FI7go_aa43b96f@ios]: Skipped due to cooking limit
[2026-03-28 19:40:41] 📋   [WARN]     压缩失败 [Fy4mGTDiuIBJiL2mN9-FI7go_aa43b96f@android]: Skipped due to cooking limit
[2026-03-28 19:40:41] 📋   [WARN]     压缩失败 [Fy4mGTDiuIBJiL2mN9-FI7go_aa43b96f@windows]: Skipped due to cooking limit
[2026-03-28 19:40:41] 📋   [WARN]     压缩失败 [DJL5WXsNoGSKtT4H1tQJ8hbc_a456b7c4@ios]: Skipped due to cooking limit
[2026-03-28 19:40:41] 📋   [WARN]     压缩失败 [DJL5WXsNoGSKtT4H1tQJ8hbc_a456b7c4@android]: Skipped due to cooking limit
[2026-03-28 19:40:41] 📋   [WARN]     压缩失败 [DJL5WXsNoGSKtT4H1tQJ8hbc_a456b7c4@windows]: Skipped due to cooking limit
[2026-03-28 19:40:41] 📋   [WARN]     压缩失败 [GDohuQrc0QEWm1I9o0cgxld2_3e9f780f@ios]: Skipped due to cooking limit
[2026-03-28 19:40:41] 📋   [WARN]     压缩失败 [GDohuQrc0QEWm1I9o0cgxld2_3e9f780f@android]: Skipped due to cooking limit
[2026-03-28 19:40:41] 📋   [WARN]     压缩失败 [GDohuQrc0QEWm1I9o0cgxld2_3e9f780f@windows]: Skipped due to cooking limit
[2026-03-28 19:40:41] 📋   [WARN]     压缩失败 [FfvnISGG5zubl62NbHaAj2ec_6c171df3@ios]: Skipped due to cooking limit
[2026-03-28 19:40:41] 📋   [WARN]     压缩失败 [FfvnISGG5zubl62NbHaAj2ec_6c171df3@android]: Skipped due to cooking limit
[2026-03-28 19:40:41] 📋   [WARN]     压缩失败 [FfvnISGG5zubl62NbHaAj2ec_6c171df3@windows]: Skipped due to cooking limit
[2026-03-28 19:40:41] 📋   [WARN]     压缩失败 [H3Zc-XLeDHHoc41KFq4x6o3C_422ec677@ios]: Skipped due to cooking limit
[2026-03-28 19:40:41] 📋   [WARN]     压缩失败 [H3Zc-XLeDHHoc41KFq4x6o3C_422ec677@android]: Skipped due to cooking limit
[2026-03-28 19:40:41] 📋   [WARN]     压缩失败 [H3Zc-XLeDHHoc41KFq4x6o3C_422ec677@windows]: Skipped due to cooking limit
[2026-03-28 19:40:41] 📋   [WARN]     压缩失败 [FKy8Kf29kZw7_atonYllTmRz_3ca86f44@ios]: Skipped due to cooking limit
[2026-03-28 19:40:41] 📋   [WARN]     压缩失败 [FKy8Kf29kZw7_atonYllTmRz_3ca86f44@android]: Skipped due to cooking limit
[2026-03-28 19:40:41] 📋   [WARN]     压缩失败 [FKy8Kf29kZw7_atonYllTmRz_3ca86f44@windows]: Skipped due to cooking limit
[2026-03-28 19:40:41] 📋   [WARN]     压缩失败 [BbVbWTOTZG_7H9CZT3m8l9Jy_f7d20dae@ios]: Skipped due to cooking limit
[2026-03-28 19:40:41] 📋   [WARN]     压缩失败 [BbVbWTOTZG_7H9CZT3m8l9Jy_f7d20dae@android]: Skipped due to cooking limit
[2026-03-28 19:40:41] 📋   [WARN]     压缩失败 [BbVbWTOTZG_7H9CZT3m8l9Jy_f7d20dae@windows]: Skipped due to cooking limit
[2026-03-28 19:40:41] 📋   [WARN]     压缩失败 [C6brMdQUeEO_wRNTeBuGPIRM_411fb898@ios]: Skipped due to cooking limit
[2026-03-28 19:40:41] 📋   [WARN]     压缩失败 [C6brMdQUeEO_wRNTeBuGPIRM_411fb898@android]: Skipped due to cooking limit
[2026-03-28 19:40:41] 📋   [WARN]     压缩失败 [C6brMdQUeEO_wRNTeBuGPIRM_411fb898@windows]: Skipped due to cooking limit
[2026-03-28 19:40:41] 📋   [WARN]     压缩失败 [GFZ3gQ1SLcsbPi3BLsUpRAjb_7815ee97@ios]: Skipped due to cooking limit
[2026-03-28 19:40:41] 📋   [WARN]     压缩失败 [GFZ3gQ1SLcsbPi3BLsUpRAjb_7815ee97@android]: Skipped due to cooking limit
[2026-03-28 19:40:41] 📋   [WARN]     压缩失败 [GFZ3gQ1SLcsbPi3BLsUpRAjb_7815ee97@windows]: Skipped due to cooking limit
[2026-03-28 19:40:41] 📋   [WARN]     压缩失败 [CaZ86Zb827JELoP3fGvcRnQ__0f23125f@ios]: Skipped due to cooking limit
[2026-03-28 19:40:41] 📋   [WARN]     压缩失败 [CaZ86Zb827JELoP3fGvcRnQ__0f23125f@android]: Skipped due to cooking limit
[2026-03-28 19:40:41] 📋   [WARN]     压缩失败 [CaZ86Zb827JELoP3fGvcRnQ__0f23125f@windows]: Skipped due to cooking limit
[2026-03-28 19:40:41] 📋   [WARN]     压缩失败 [EPnkuf9Ic3wiQdJtyFubsU64_7f9bc011@ios]: Skipped due to cooking limit
[2026-03-28 19:40:41] 📋   [WARN]     压缩失败 [EPnkuf9Ic3wiQdJtyFubsU64_7f9bc011@android]: Skipped due to cooking limit
[2026-03-28 19:40:41] 📋   [WARN]     压缩失败 [EPnkuf9Ic3wiQdJtyFubsU64_7f9bc011@windows]: Skipped due to cooking limit
[2026-03-28 19:40:41] 📋   [WARN]     压缩失败 [H2tnmQ8UiN3DvsV0aE_xgYem_d13724b4@ios]: Skipped due to cooking limit
[2026-03-28 19:40:41] 📋   [WARN]     压缩失败 [H2tnmQ8UiN3DvsV0aE_xgYem_d13724b4@android]: Skipped due to cooking limit
[2026-03-28 19:40:41] 📋   [WARN]     压缩失败 [H2tnmQ8UiN3DvsV0aE_xgYem_d13724b4@windows]: Skipped due to cooking limit
[2026-03-28 19:40:41] 📋   [WARN]     压缩失败 [BBHcuVJv-y-WQ49YoiX5vCAs_7f03d5e2@ios]: Skipped due to cooking limit
[2026-03-28 19:40:41] 📋   [WARN]     压缩失败 [BBHcuVJv-y-WQ49YoiX5vCAs_7f03d5e2@android]: Skipped due to cooking limit
[2026-03-28 19:40:41] 📋   [WARN]     压缩失败 [BBHcuVJv-y-WQ49YoiX5vCAs_7f03d5e2@windows]: Skipped due to cooking limit
[2026-03-28 19:40:41] 📋   [WARN]     压缩失败 [DnFIEb0C-H8u7uLexIMohXNp_42286d1b@ios]: Skipped due to cooking limit
[2026-03-28 19:40:41] 📋   [WARN]     压缩失败 [DnFIEb0C-H8u7uLexIMohXNp_42286d1b@android]: Skipped due to cooking limit
[2026-03-28 19:40:41] 📋   [WARN]     压缩失败 [DnFIEb0C-H8u7uLexIMohXNp_42286d1b@windows]: Skipped due to cooking limit
[2026-03-28 19:40:41] 📋   [WARN]     压缩失败 [DmIFgZxulRndetpO4kxFQKIE_92ada3af@ios]: Skipped due to cooking limit
[2026-03-28 19:40:41] 📋   [WARN]     压缩失败 [DmIFgZxulRndetpO4kxFQKIE_92ada3af@android]: Skipped due to cooking limit
[2026-03-28 19:40:41] 📋   [WARN]     压缩失败 [DmIFgZxulRndetpO4kxFQKIE_92ada3af@windows]: Skipped due to cooking limit
[2026-03-28 19:40:41] 📋   [WARN]     压缩失败 [DL1BKVy_hSx1cCJYUnJUY1uN_c9d308db@ios]: Skipped due to cooking limit
[2026-03-28 19:40:41] 📋   [WARN]     压缩失败 [DL1BKVy_hSx1cCJYUnJUY1uN_c9d308db@android]: Skipped due to cooking limit
[2026-03-28 19:40:41] 📋   [WARN]     压缩失败 [DL1BKVy_hSx1cCJYUnJUY1uN_c9d308db@windows]: Skipped due to cooking limit
[2026-03-28 19:40:41] 📋   [WARN]     压缩失败 [FKGWodk-KiuYJApdHkXpiubs_fdd6a9f2@ios]: Skipped due to cooking limit
[2026-03-28 19:40:41] 📋   [WARN]     压缩失败 [FKGWodk-KiuYJApdHkXpiubs_fdd6a9f2@android]: Skipped due to cooking limit
[2026-03-28 19:40:41] 📋   [WARN]     压缩失败 [FKGWodk-KiuYJApdHkXpiubs_fdd6a9f2@windows]: Skipped due to cooking limit
[2026-03-28 19:40:41] 📋   [WARN]     压缩失败 [GH1tQYvd1RqirnNkti6rZYNg_8909b5bd@ios]: Skipped due to cooking limit
[2026-03-28 19:40:41] 📋   [WARN]     压缩失败 [GH1tQYvd1RqirnNkti6rZYNg_8909b5bd@android]: Skipped due to cooking limit
[2026-03-28 19:40:41] 📋   [WARN]     压缩失败 [GH1tQYvd1RqirnNkti6rZYNg_8909b5bd@windows]: Skipped due to cooking limit
[2026-03-28 19:40:41] 📋   [WARN]     压缩失败 [Cd9ZeT9A0j6JycCHTOpvFY9U_0f72c502@ios]: Skipped due to cooking limit
[2026-03-28 19:40:41] 📋   [WARN]     压缩失败 [Cd9ZeT9A0j6JycCHTOpvFY9U_0f72c502@android]: Skipped due to cooking limit
[2026-03-28 19:40:41] 📋   [WARN]     压缩失败 [Cd9ZeT9A0j6JycCHTOpvFY9U_0f72c502@windows]: Skipped due to cooking limit
[2026-03-28 19:40:41] 📋   [WARN]     压缩失败 [Agb5QQDq8BxRQOi0T3IWDX6D_4490acb3@ios]: Skipped due to cooking limit
[2026-03-28 19:40:41] 📋   [WARN]     压缩失败 [Agb5QQDq8BxRQOi0T3IWDX6D_4490acb3@android]: Skipped due to cooking limit
[2026-03-28 19:40:41] 📋   [WARN]     压缩失败 [Agb5QQDq8BxRQOi0T3IWDX6D_4490acb3@windows]: Skipped due to cooking limit
[2026-03-28 19:40:41] 📋   [WARN]     压缩失败 [DnAycekQDXKjZPtP86w2XL-n_d59578a1@ios]: Skipped due to cooking limit
[2026-03-28 19:40:41] 📋   [WARN]     压缩失败 [DnAycekQDXKjZPtP86w2XL-n_d59578a1@android]: Skipped due to cooking limit
[2026-03-28 19:40:41] 📋   [WARN]     压缩失败 [DnAycekQDXKjZPtP86w2XL-n_d59578a1@windows]: Skipped due to cooking limit
[2026-03-28 19:40:41] 📋   [WARN]     压缩失败 [Bc7eKUfJA1Hytkz43mXoncFM_2262243e@ios]: Skipped due to cooking limit
[2026-03-28 19:40:41] 📋   [WARN]     压缩失败 [Bc7eKUfJA1Hytkz43mXoncFM_2262243e@android]: Skipped due to cooking limit
[2026-03-28 19:40:41] 📋   [WARN]     压缩失败 [Bc7eKUfJA1Hytkz43mXoncFM_2262243e@windows]: Skipped due to cooking limit
[2026-03-28 19:40:41] 📋   [WARN]     压缩失败 [CG7-scZXoR6Uv3VMaUPGgCze_9abbc75f@ios]: Skipped due to cooking limit
[2026-03-28 19:40:41] 📋   [WARN]     压缩失败 [CG7-scZXoR6Uv3VMaUPGgCze_9abbc75f@android]: Skipped due to cooking limit
[2026-03-28 19:40:41] 📋   [WARN]     压缩失败 [CG7-scZXoR6Uv3VMaUPGgCze_9abbc75f@windows]: Skipped due to cooking limit
[2026-03-28 19:40:41] 📋   [WARN]     压缩失败 [F8IwGVOu_fgzymvLbf46cuRD_eb24990b@ios]: Skipped due to cooking limit
[2026-03-28 19:40:41] 📋   [WARN]     压缩失败 [F8IwGVOu_fgzymvLbf46cuRD_eb24990b@android]: Skipped due to cooking limit
[2026-03-28 19:40:41] 📋   [WARN]     压缩失败 [F8IwGVOu_fgzymvLbf46cuRD_eb24990b@windows]: Skipped due to cooking limit
[2026-03-28 19:40:41] 📋   [WARN]     压缩失败 [H1cA8QxrTJLy9sZoRjjEEIZQ_765d854c@ios]: Skipped due to cooking limit
[2026-03-28 19:40:41] 📋   [WARN]     压缩失败 [H1cA8QxrTJLy9sZoRjjEEIZQ_765d854c@android]: Skipped due to cooking limit
[2026-03-28 19:40:41] 📋   [WARN]     压缩失败 [H1cA8QxrTJLy9sZoRjjEEIZQ_765d854c@windows]: Skipped due to cooking limit
[2026-03-28 19:40:41] 📋   [WARN]     压缩失败 [AvHliXn4lI9uNxOsHczKDnpQ_71b120ef@ios]: Skipped due to cooking limit
[2026-03-28 19:40:41] 📋   [WARN]     压缩失败 [AvHliXn4lI9uNxOsHczKDnpQ_71b120ef@android]: Skipped due to cooking limit
[2026-03-28 19:40:41] 📋   [WARN]     压缩失败 [AvHliXn4lI9uNxOsHczKDnpQ_71b120ef@windows]: Skipped due to cooking limit
[2026-03-28 19:40:41] 📋   [WARN]     压缩失败 [Cfr2idt3ZFV6bRgGQl05nQvU_c0e35123@ios]: Skipped due to cooking limit
[2026-03-28 19:40:41] 📋   [WARN]     压缩失败 [Cfr2idt3ZFV6bRgGQl05nQvU_c0e35123@android]: Skipped due to cooking limit
[2026-03-28 19:40:41] 📋   [WARN]     压缩失败 [Cfr2idt3ZFV6bRgGQl05nQvU_c0e35123@windows]: Skipped due to cooking limit
[2026-03-28 19:40:41] 📋   [WARN]     压缩失败 [H8Nz0bGc6Ui-BPY3dm-JuO5C_4ed43853@ios]: Skipped due to cooking limit
[2026-03-28 19:40:41] 📋   [WARN]     压缩失败 [H8Nz0bGc6Ui-BPY3dm-JuO5C_4ed43853@android]: Skipped due to cooking limit
[2026-03-28 19:40:41] 📋   [WARN]     压缩失败 [H8Nz0bGc6Ui-BPY3dm-JuO5C_4ed43853@windows]: Skipped due to cooking limit
[2026-03-28 19:40:41] 📋   [WARN]     压缩失败 [FiGSoU9N7DmWjibgf0gRRchY_ef94d8af@ios]: Skipped due to cooking limit
[2026-03-28 19:40:41] 📋   [WARN]     压缩失败 [FiGSoU9N7DmWjibgf0gRRchY_ef94d8af@android]: Skipped due to cooking limit
[2026-03-28 19:40:41] 📋   [WARN]     压缩失败 [FiGSoU9N7DmWjibgf0gRRchY_ef94d8af@windows]: Skipped due to cooking limit
[2026-03-28 19:40:41] 📋   [WARN]     压缩失败 [CMJieVJscr2YR9-bIAUwiqtV_822645dd@ios]: Skipped due to cooking limit
[2026-03-28 19:40:41] 📋   [WARN]     压缩失败 [CMJieVJscr2YR9-bIAUwiqtV_822645dd@android]: Skipped due to cooking limit
[2026-03-28 19:40:41] 📋   [WARN]     压缩失败 [CMJieVJscr2YR9-bIAUwiqtV_822645dd@windows]: Skipped due to cooking limit
[2026-03-28 19:40:41] 📋   [WARN]     压缩失败 [ADFf0Qw5FPVVSxw-AKgt6YPb_0550421a@ios]: Skipped due to cooking limit
[2026-03-28 19:40:41] 📋   [WARN]     压缩失败 [ADFf0Qw5FPVVSxw-AKgt6YPb_0550421a@android]: Skipped due to cooking limit
[2026-03-28 19:40:41] 📋   [WARN]     压缩失败 [ADFf0Qw5FPVVSxw-AKgt6YPb_0550421a@windows]: Skipped due to cooking limit
[2026-03-28 19:40:41] 📋   [WARN]     压缩失败 [FhcNWQFx5hqUHAW7_rNiaMBT_ef22e643@ios]: Skipped due to cooking limit
[2026-03-28 19:40:41] 📋   [WARN]     压缩失败 [FhcNWQFx5hqUHAW7_rNiaMBT_ef22e643@android]: Skipped due to cooking limit
[2026-03-28 19:40:41] 📋   [WARN]     压缩失败 [FhcNWQFx5hqUHAW7_rNiaMBT_ef22e643@windows]: Skipped due to cooking limit
[2026-03-28 19:40:41] 📋   [WARN]     压缩失败 [ECNz-boZQgWHZReShUaFazAb_d830debd@ios]: Skipped due to cooking limit
[2026-03-28 19:40:42] 📋   [WARN]     压缩失败 [ECNz-boZQgWHZReShUaFazAb_d830debd@android]: Skipped due to cooking limit
[2026-03-28 19:40:42] 📋   [WARN]     压缩失败 [ECNz-boZQgWHZReShUaFazAb_d830debd@windows]: Skipped due to cooking limit
[2026-03-28 19:40:42] 📋   [WARN]     压缩失败 [H7ns4absXfSoydSe4ZaOMVHB_2cde0c0f@ios]: Skipped due to cooking limit
[2026-03-28 19:40:42] 📋   [WARN]     压缩失败 [H7ns4absXfSoydSe4ZaOMVHB_2cde0c0f@android]: Skipped due to cooking limit
[2026-03-28 19:40:42] 📋   [WARN]     压缩失败 [H7ns4absXfSoydSe4ZaOMVHB_2cde0c0f@windows]: Skipped due to cooking limit
[2026-03-28 19:40:42] 📋   [WARN]     压缩失败 [E8dXGZ_qy7P9xiOi5g3O32_O_d40cfb39@ios]: Skipped due to cooking limit
[2026-03-28 19:40:42] 📋   [WARN]     压缩失败 [E8dXGZ_qy7P9xiOi5g3O32_O_d40cfb39@android]: Skipped due to cooking limit
[2026-03-28 19:40:42] 📋   [WARN]     压缩失败 [E8dXGZ_qy7P9xiOi5g3O32_O_d40cfb39@windows]: Skipped due to cooking limit
[2026-03-28 19:40:42] 📋   [WARN]     压缩失败 [DvbxycUXpQs9K4mZU_mcN9PL_9634665f@ios]: Skipped due to cooking limit
[2026-03-28 19:40:42] 📋   [WARN]     压缩失败 [DvbxycUXpQs9K4mZU_mcN9PL_9634665f@android]: Skipped due to cooking limit
[2026-03-28 19:40:42] 📋   [WARN]     压缩失败 [DvbxycUXpQs9K4mZU_mcN9PL_9634665f@windows]: Skipped due to cooking limit
[2026-03-28 19:40:42] 📋   [WARN]     压缩失败 [E5gDAQDPDPMtJaNkQ9S304_5_146e35a3@ios]: Skipped due to cooking limit
[2026-03-28 19:40:42] 📋   [WARN]     压缩失败 [E5gDAQDPDPMtJaNkQ9S304_5_146e35a3@android]: Skipped due to cooking limit
[2026-03-28 19:40:42] 📋   [WARN]     压缩失败 [E5gDAQDPDPMtJaNkQ9S304_5_146e35a3@windows]: Skipped due to cooking limit
[2026-03-28 19:40:42] 📋   [WARN]     压缩失败 [GGvgSfWGMKVc0eOFub8WiqGT_be37ec98@ios]: Skipped due to cooking limit
[2026-03-28 19:40:42] 📋   [WARN]     压缩失败 [GGvgSfWGMKVc0eOFub8WiqGT_be37ec98@android]: Skipped due to cooking limit
[2026-03-28 19:40:42] 📋   [WARN]     压缩失败 [GGvgSfWGMKVc0eOFub8WiqGT_be37ec98@windows]: Skipped due to cooking limit
[2026-03-28 19:40:42] 📋   [WARN]     压缩失败 [B1buuTJElD2GtaH4uM1XWYKH_549903ba@ios]: Skipped due to cooking limit
[2026-03-28 19:40:42] 📋   [WARN]     压缩失败 [B1buuTJElD2GtaH4uM1XWYKH_549903ba@android]: Skipped due to cooking limit
[2026-03-28 19:40:42] 📋   [WARN]     压缩失败 [B1buuTJElD2GtaH4uM1XWYKH_549903ba@windows]: Skipped due to cooking limit
[2026-03-28 19:40:42] 📋   [WARN]     压缩失败 [HwV8sczDLlWl7G_SINDR0_Nk_9b255b77@ios]: Skipped due to cooking limit
[2026-03-28 19:40:42] 📋   [WARN]     压缩失败 [HwV8sczDLlWl7G_SINDR0_Nk_9b255b77@android]: Skipped due to cooking limit
[2026-03-28 19:40:42] 📋   [WARN]     压缩失败 [HwV8sczDLlWl7G_SINDR0_Nk_9b255b77@windows]: Skipped due to cooking limit
[2026-03-28 19:40:42] 📋   [WARN]     压缩失败 [CqmR-ZACH88Bn1U5OB2DVVaR_4a68504a@ios]: Skipped due to cooking limit
[2026-03-28 19:40:42] 📋   [WARN]     压缩失败 [CqmR-ZACH88Bn1U5OB2DVVaR_4a68504a@android]: Skipped due to cooking limit
[2026-03-28 19:40:42] 📋   [WARN]     压缩失败 [CqmR-ZACH88Bn1U5OB2DVVaR_4a68504a@windows]: Skipped due to cooking limit
[2026-03-28 19:40:42] 📋   [WARN]     压缩失败 [F3n3gRP3y1eDnBYKQgJEboyD_c78205f9@ios]: Skipped due to cooking limit
[2026-03-28 19:40:42] 📋   [WARN]     压缩失败 [F3n3gRP3y1eDnBYKQgJEboyD_c78205f9@android]: Skipped due to cooking limit
[2026-03-28 19:40:42] 📋   [WARN]     压缩失败 [F3n3gRP3y1eDnBYKQgJEboyD_c78205f9@windows]: Skipped due to cooking limit
[2026-03-28 19:40:42] 📋   [WARN]     压缩失败 [Co9OgSTUS1TJvEYThFS48P-k_71d6aef6@ios]: Skipped due to cooking limit
[2026-03-28 19:40:42] 📋   [WARN]     压缩失败 [Co9OgSTUS1TJvEYThFS48P-k_71d6aef6@android]: Skipped due to cooking limit
[2026-03-28 19:40:42] 📋   [WARN]     压缩失败 [Co9OgSTUS1TJvEYThFS48P-k_71d6aef6@windows]: Skipped due to cooking limit
[2026-03-28 19:40:42] 📋   [WARN]     压缩失败 [GBupCUpDOb50uM2DoAE0guzR_e7b7b06f@ios]: Skipped due to cooking limit
[2026-03-28 19:40:42] 📋   [WARN]     压缩失败 [GBupCUpDOb50uM2DoAE0guzR_e7b7b06f@android]: Skipped due to cooking limit
[2026-03-28 19:40:42] 📋   [WARN]     压缩失败 [GBupCUpDOb50uM2DoAE0guzR_e7b7b06f@windows]: Skipped due to cooking limit
[2026-03-28 19:40:42] 📋   [WARN]     压缩失败 [GRNrIWW0p_YnLzAEAzF-PRyw_1a65b94c@ios]: Skipped due to cooking limit
[2026-03-28 19:40:42] 📋   [WARN]     压缩失败 [GRNrIWW0p_YnLzAEAzF-PRyw_1a65b94c@android]: Skipped due to cooking limit
[2026-03-28 19:40:42] 📋   [WARN]     压缩失败 [GRNrIWW0p_YnLzAEAzF-PRyw_1a65b94c@windows]: Skipped due to cooking limit
[2026-03-28 19:40:42] 📋   [WARN]     压缩失败 [EHW7Ue97Ec4myBksC0bZEvlU_dcc11304@ios]: Skipped due to cooking limit
[2026-03-28 19:40:42] 📋   [WARN]     压缩失败 [EHW7Ue97Ec4myBksC0bZEvlU_dcc11304@android]: Skipped due to cooking limit
[2026-03-28 19:40:42] 📋   [WARN]     压缩失败 [EHW7Ue97Ec4myBksC0bZEvlU_dcc11304@windows]: Skipped due to cooking limit
[2026-03-28 19:40:42] 📋   [WARN]     压缩失败 [CjqP4fBUKWDpbMZVO0Kl2Zdp_a4d03b34@ios]: Skipped due to cooking limit
[2026-03-28 19:40:42] 📋   [WARN]     压缩失败 [CjqP4fBUKWDpbMZVO0Kl2Zdp_a4d03b34@android]: Skipped due to cooking limit
[2026-03-28 19:40:42] 📋   [WARN]     压缩失败 [CjqP4fBUKWDpbMZVO0Kl2Zdp_a4d03b34@windows]: Skipped due to cooking limit
[2026-03-28 19:40:42] 📋   [WARN]     压缩失败 [BCCOoRWAHn2d48sjOQb9ldTW_3aa26ff4@ios]: Skipped due to cooking limit
[2026-03-28 19:40:42] 📋   [WARN]     压缩失败 [BCCOoRWAHn2d48sjOQb9ldTW_3aa26ff4@android]: Skipped due to cooking limit
[2026-03-28 19:40:42] 📋   [WARN]     压缩失败 [BCCOoRWAHn2d48sjOQb9ldTW_3aa26ff4@windows]: Skipped due to cooking limit
[2026-03-28 19:40:42] 📋   [WARN]     压缩失败 [CAlOWQqLSU-D97b8wS0lVtxv_e1c3d6d6@ios]: Skipped due to cooking limit
[2026-03-28 19:40:42] 📋   [WARN]     压缩失败 [CAlOWQqLSU-D97b8wS0lVtxv_e1c3d6d6@android]: Skipped due to cooking limit
[2026-03-28 19:40:42] 📋   [WARN]     压缩失败 [CAlOWQqLSU-D97b8wS0lVtxv_e1c3d6d6@windows]: Skipped due to cooking limit
[2026-03-28 19:40:42] 📋   [WARN]     压缩失败 [FDvV4ejg8b3DzWokIYHx8w3o_fb8b48e1@ios]: Skipped due to cooking limit
[2026-03-28 19:40:42] 📋   [WARN]     压缩失败 [FDvV4ejg8b3DzWokIYHx8w3o_fb8b48e1@android]: Skipped due to cooking limit
[2026-03-28 19:40:42] 📋   [WARN]     压缩失败 [FDvV4ejg8b3DzWokIYHx8w3o_fb8b48e1@windows]: Skipped due to cooking limit
[2026-03-28 19:40:42] 📋   [WARN]     压缩失败 [GOCNwe5o-BHKx6i7ynyuH_US_9f2b2704@ios]: Skipped due to cooking limit
[2026-03-28 19:40:42] 📋   [WARN]     压缩失败 [GOCNwe5o-BHKx6i7ynyuH_US_9f2b2704@android]: Skipped due to cooking limit
[2026-03-28 19:40:42] 📋   [WARN]     压缩失败 [GOCNwe5o-BHKx6i7ynyuH_US_9f2b2704@windows]: Skipped due to cooking limit
[2026-03-28 19:40:42] 📋   [WARN]     压缩失败 [CEPv4RxfaSZBeAM8zePHOw2__159998e4@ios]: Skipped due to cooking limit
[2026-03-28 19:40:42] 📋   [WARN]     压缩失败 [CEPv4RxfaSZBeAM8zePHOw2__159998e4@android]: Skipped due to cooking limit
[2026-03-28 19:40:42] 📋   [WARN]     压缩失败 [CEPv4RxfaSZBeAM8zePHOw2__159998e4@windows]: Skipped due to cooking limit
[2026-03-28 19:40:42] 📋   [WARN]     压缩失败 [BGuZ2Q5r3t33lUaTZo9Hj9Zt_7f5e60b6@ios]: Skipped due to cooking limit
[2026-03-28 19:40:42] 📋   [WARN]     压缩失败 [BGuZ2Q5r3t33lUaTZo9Hj9Zt_7f5e60b6@android]: Skipped due to cooking limit
[2026-03-28 19:40:42] 📋   [WARN]     压缩失败 [BGuZ2Q5r3t33lUaTZo9Hj9Zt_7f5e60b6@windows]: Skipped due to cooking limit
[2026-03-28 19:40:42] 📋   [WARN]     压缩失败 [DeK5qTjTolyKa6WOMpg_Hesp_09086aba@ios]: Skipped due to cooking limit
[2026-03-28 19:40:42] 📋   [WARN]     压缩失败 [DeK5qTjTolyKa6WOMpg_Hesp_09086aba@android]: Skipped due to cooking limit
[2026-03-28 19:40:42] 📋   [WARN]     压缩失败 [DeK5qTjTolyKa6WOMpg_Hesp_09086aba@windows]: Skipped due to cooking limit
[2026-03-28 19:40:42] 📋   [WARN]     压缩失败 [C4IZWdE0iFjxaG9fZGWnzffb_4bab2220@ios]: Skipped due to cooking limit
[2026-03-28 19:40:42] 📋   [WARN]     压缩失败 [C4IZWdE0iFjxaG9fZGWnzffb_4bab2220@android]: Skipped due to cooking limit
[2026-03-28 19:40:42] 📋   [WARN]     压缩失败 [C4IZWdE0iFjxaG9fZGWnzffb_4bab2220@windows]: Skipped due to cooking limit
[2026-03-28 19:40:42] 📋   [WARN]     压缩失败 [HArRaf6mqBoFsSmF0wgXF7jD_e2bd7bdb@ios]: Skipped due to cooking limit
[2026-03-28 19:40:42] 📋   [WARN]     压缩失败 [HArRaf6mqBoFsSmF0wgXF7jD_e2bd7bdb@android]: Skipped due to cooking limit
[2026-03-28 19:40:42] 📋   [WARN]     压缩失败 [HArRaf6mqBoFsSmF0wgXF7jD_e2bd7bdb@windows]: Skipped due to cooking limit
[2026-03-28 19:40:42] 📋   [WARN]     压缩失败 [G1cfEQ0ZnS6HHkeMfrZU0x33_725bb6ca@ios]: Skipped due to cooking limit
[2026-03-28 19:40:42] 📋   [WARN]     压缩失败 [G1cfEQ0ZnS6HHkeMfrZU0x33_725bb6ca@android]: Skipped due to cooking limit
[2026-03-28 19:40:42] 📋   [WARN]     压缩失败 [G1cfEQ0ZnS6HHkeMfrZU0x33_725bb6ca@windows]: Skipped due to cooking limit
[2026-03-28 19:40:42] 📋   [WARN]     压缩失败 [GF12yXrh0H4kefd3bqX70KpG_2d831589@ios]: Skipped due to cooking limit
[2026-03-28 19:40:42] 📋   [WARN]     压缩失败 [GF12yXrh0H4kefd3bqX70KpG_2d831589@android]: Skipped due to cooking limit
[2026-03-28 19:40:42] 📋   [WARN]     压缩失败 [GF12yXrh0H4kefd3bqX70KpG_2d831589@windows]: Skipped due to cooking limit
[2026-03-28 19:40:42] 📋   [WARN]     压缩失败 [HmpIMW-LMPWOZIpIyRuWYlla_12b6468e@ios]: Skipped due to cooking limit
[2026-03-28 19:40:42] 📋   [WARN]     压缩失败 [HmpIMW-LMPWOZIpIyRuWYlla_12b6468e@android]: Skipped due to cooking limit
[2026-03-28 19:40:42] 📋   [WARN]     压缩失败 [HmpIMW-LMPWOZIpIyRuWYlla_12b6468e@windows]: Skipped due to cooking limit
[2026-03-28 19:40:42] 📋   [WARN]     压缩失败 [DqE70fldr8RfgNZISCtYavoM_7235e1af@ios]: Skipped due to cooking limit
[2026-03-28 19:40:42] 📋   [WARN]     压缩失败 [DqE70fldr8RfgNZISCtYavoM_7235e1af@android]: Skipped due to cooking limit
[2026-03-28 19:40:42] 📋   [WARN]     压缩失败 [DqE70fldr8RfgNZISCtYavoM_7235e1af@windows]: Skipped due to cooking limit
[2026-03-28 19:40:42] 📋   [WARN]     压缩失败 [DmyGuTKFO8MQwEN7hgPM3PcW_1b47071f@ios]: Skipped due to cooking limit
[2026-03-28 19:40:42] 📋   [WARN]     压缩失败 [DmyGuTKFO8MQwEN7hgPM3PcW_1b47071f@android]: Skipped due to cooking limit
[2026-03-28 19:40:42] 📋   [WARN]     压缩失败 [DmyGuTKFO8MQwEN7hgPM3PcW_1b47071f@windows]: Skipped due to cooking limit
[2026-03-28 19:40:42] 📋   [WARN]     压缩失败 [Hh0jUcC2HR90ewRQYlSnX329_6ac78152@ios]: Skipped due to cooking limit
[2026-03-28 19:40:42] 📋   [WARN]     压缩失败 [Hh0jUcC2HR90ewRQYlSnX329_6ac78152@android]: Skipped due to cooking limit
[2026-03-28 19:40:42] 📋   [WARN]     压缩失败 [Hh0jUcC2HR90ewRQYlSnX329_6ac78152@windows]: Skipped due to cooking limit
[2026-03-28 19:40:42] 📋   [WARN]     压缩失败 [D9meWQ-1HMcQ-xok4FALCHAL_0decc684@ios]: Skipped due to cooking limit
[2026-03-28 19:40:42] 📋   [WARN]     压缩失败 [D9meWQ-1HMcQ-xok4FALCHAL_0decc684@android]: Skipped due to cooking limit
[2026-03-28 19:40:42] 📋   [WARN]     压缩失败 [D9meWQ-1HMcQ-xok4FALCHAL_0decc684@windows]: Skipped due to cooking limit
[2026-03-28 19:40:42] 📋   [WARN]     压缩失败 [CZBygXZH66qTVFd2Y_MKnKFS_1ff4bc86@ios]: Skipped due to cooking limit
[2026-03-28 19:40:42] 📋   [WARN]     压缩失败 [CZBygXZH66qTVFd2Y_MKnKFS_1ff4bc86@android]: Skipped due to cooking limit
[2026-03-28 19:40:42] 📋   [WARN]     压缩失败 [CZBygXZH66qTVFd2Y_MKnKFS_1ff4bc86@windows]: Skipped due to cooking limit
[2026-03-28 19:40:42] 📋   [WARN]     压缩失败 [CDW8gZyqhd45huQtzmy7T2xA_5046496d@ios]: Skipped due to cooking limit
[2026-03-28 19:40:42] 📋   [WARN]     压缩失败 [CDW8gZyqhd45huQtzmy7T2xA_5046496d@android]: Skipped due to cooking limit
[2026-03-28 19:40:42] 📋   [WARN]     压缩失败 [CDW8gZyqhd45huQtzmy7T2xA_5046496d@windows]: Skipped due to cooking limit
[2026-03-28 19:40:42] 📋   [WARN]     压缩失败 [FW21yUEcTza98vBZ1zWM-gQ2_597b6513@ios]: Skipped due to cooking limit
[2026-03-28 19:40:42] 📋   [WARN]     压缩失败 [FW21yUEcTza98vBZ1zWM-gQ2_597b6513@android]: Skipped due to cooking limit
[2026-03-28 19:40:42] 📋   [WARN]     压缩失败 [FW21yUEcTza98vBZ1zWM-gQ2_597b6513@windows]: Skipped due to cooking limit
[2026-03-28 19:40:42] 📋   [WARN]     压缩失败 [DbnnmSp3Fn_I4QFBdQDeskpg_ab159dca@ios]: Skipped due to cooking limit
[2026-03-28 19:40:42] 📋   [WARN]     压缩失败 [DbnnmSp3Fn_I4QFBdQDeskpg_ab159dca@android]: Skipped due to cooking limit
[2026-03-28 19:40:42] 📋   [WARN]     压缩失败 [DbnnmSp3Fn_I4QFBdQDeskpg_ab159dca@windows]: Skipped due to cooking limit
[2026-03-28 19:40:42] 📋   [WARN]     压缩失败 [AZqpQfzZoJq7rJzjOwiMChOp_3b3ef9b8@ios]: Skipped due to cooking limit
[2026-03-28 19:40:42] 📋   [WARN]     压缩失败 [AZqpQfzZoJq7rJzjOwiMChOp_3b3ef9b8@android]: Skipped due to cooking limit
[2026-03-28 19:40:42] 📋   [WARN]     压缩失败 [AZqpQfzZoJq7rJzjOwiMChOp_3b3ef9b8@windows]: Skipped due to cooking limit
[2026-03-28 19:40:43] 📋   [WARN]     压缩失败 [B8Thsf8r2ZB67kV4kiwq48ou_e949d541@ios]: Skipped due to cooking limit
[2026-03-28 19:40:43] 📋   [WARN]     压缩失败 [B8Thsf8r2ZB67kV4kiwq48ou_e949d541@android]: Skipped due to cooking limit
[2026-03-28 19:40:43] 📋   [WARN]     压缩失败 [B8Thsf8r2ZB67kV4kiwq48ou_e949d541@windows]: Skipped due to cooking limit
[2026-03-28 19:40:43] 📋   [WARN]     压缩失败 [GAMWeanASLxSFF_ciFejl57p_668b85cb@ios]: Skipped due to cooking limit
[2026-03-28 19:40:43] 📋   [WARN]     压缩失败 [GAMWeanASLxSFF_ciFejl57p_668b85cb@android]: Skipped due to cooking limit
[2026-03-28 19:40:43] 📋   [WARN]     压缩失败 [GAMWeanASLxSFF_ciFejl57p_668b85cb@windows]: Skipped due to cooking limit
[2026-03-28 19:40:43] 📋   [WARN]     压缩失败 [EZVpmcrYDZecxx9Buwj5wBKB_9fe9e9d0@ios]: Skipped due to cooking limit
[2026-03-28 19:40:43] 📋   [WARN]     压缩失败 [EZVpmcrYDZecxx9Buwj5wBKB_9fe9e9d0@android]: Skipped due to cooking limit
[2026-03-28 19:40:43] 📋   [WARN]     压缩失败 [EZVpmcrYDZecxx9Buwj5wBKB_9fe9e9d0@windows]: Skipped due to cooking limit
[2026-03-28 19:40:43] 📋   [WARN]     压缩失败 [HWps6UH-QgR3NEDizCXQNeeB_559222e2@ios]: Skipped due to cooking limit
[2026-03-28 19:40:43] 📋   [WARN]     压缩失败 [HWps6UH-QgR3NEDizCXQNeeB_559222e2@android]: Skipped due to cooking limit
[2026-03-28 19:40:43] 📋   [WARN]     压缩失败 [HWps6UH-QgR3NEDizCXQNeeB_559222e2@windows]: Skipped due to cooking limit
[2026-03-28 19:40:43] 📋   [WARN]     压缩失败 [DL--UY3EXBXE7wH-ZhUrIZKq_dfe4db6e@ios]: Skipped due to cooking limit
[2026-03-28 19:40:43] 📋   [WARN]     压缩失败 [DL--UY3EXBXE7wH-ZhUrIZKq_dfe4db6e@android]: Skipped due to cooking limit
[2026-03-28 19:40:43] 📋   [WARN]     压缩失败 [DL--UY3EXBXE7wH-ZhUrIZKq_dfe4db6e@windows]: Skipped due to cooking limit
[2026-03-28 19:40:43] 📋   [WARN]     压缩失败 [HwmuKV_kJpiARl9HatDyd4s3_65a08655@ios]: Skipped due to cooking limit
[2026-03-28 19:40:43] 📋   [WARN]     压缩失败 [HwmuKV_kJpiARl9HatDyd4s3_65a08655@android]: Skipped due to cooking limit
[2026-03-28 19:40:43] 📋   [WARN]     压缩失败 [HwmuKV_kJpiARl9HatDyd4s3_65a08655@windows]: Skipped due to cooking limit
[2026-03-28 19:40:43] 📋   [WARN]     压缩失败 [A1AYCTqfgbbk0-tZshvHUPkY_f70de7d2@ios]: Skipped due to cooking limit
[2026-03-28 19:40:43] 📋   [WARN]     压缩失败 [A1AYCTqfgbbk0-tZshvHUPkY_f70de7d2@android]: Skipped due to cooking limit
[2026-03-28 19:40:43] 📋   [WARN]     压缩失败 [A1AYCTqfgbbk0-tZshvHUPkY_f70de7d2@windows]: Skipped due to cooking limit
[2026-03-28 19:40:43] 📋   [WARN]     压缩失败 [FRRd4S9dDepZ2db3w0Fxuq5I_c471144b@ios]: Skipped due to cooking limit
[2026-03-28 19:40:43] 📋   [WARN]     压缩失败 [FRRd4S9dDepZ2db3w0Fxuq5I_c471144b@android]: Skipped due to cooking limit
[2026-03-28 19:40:43] 📋   [WARN]     压缩失败 [FRRd4S9dDepZ2db3w0Fxuq5I_c471144b@windows]: Skipped due to cooking limit
[2026-03-28 19:40:43] 📋   [WARN]     压缩失败 [Bj54werO1s7-AcQFGmsr-Rze_2982dcdb@ios]: Skipped due to cooking limit
[2026-03-28 19:40:43] 📋   [WARN]     压缩失败 [Bj54werO1s7-AcQFGmsr-Rze_2982dcdb@android]: Skipped due to cooking limit
[2026-03-28 19:40:43] 📋   [WARN]     压缩失败 [Bj54werO1s7-AcQFGmsr-Rze_2982dcdb@windows]: Skipped due to cooking limit
[2026-03-28 19:40:43] 📋   [WARN]     压缩失败 [FWLXuUemFdesLN5PEG7RyuRw_f1e2fe21@ios]: Skipped due to cooking limit
[2026-03-28 19:40:43] 📋   [WARN]     压缩失败 [FWLXuUemFdesLN5PEG7RyuRw_f1e2fe21@android]: Skipped due to cooking limit
[2026-03-28 19:40:43] 📋   [WARN]     压缩失败 [FWLXuUemFdesLN5PEG7RyuRw_f1e2fe21@windows]: Skipped due to cooking limit
[2026-03-28 19:40:43] 📋   [WARN]     压缩失败 [GY2v8Y-sOR4Xh83fGtu-BxeN_8e6f6e64@ios]: Skipped due to cooking limit
[2026-03-28 19:40:43] 📋   [WARN]     压缩失败 [GY2v8Y-sOR4Xh83fGtu-BxeN_8e6f6e64@android]: Skipped due to cooking limit
[2026-03-28 19:40:43] 📋   [WARN]     压缩失败 [GY2v8Y-sOR4Xh83fGtu-BxeN_8e6f6e64@windows]: Skipped due to cooking limit
[2026-03-28 19:40:43] 📋   [WARN]     压缩失败 [GCrCKRdxfsPFo9-VSqbLzVxt_2ef1c15d@ios]: Skipped due to cooking limit
[2026-03-28 19:40:43] 📋   [WARN]     压缩失败 [GCrCKRdxfsPFo9-VSqbLzVxt_2ef1c15d@android]: Skipped due to cooking limit
[2026-03-28 19:40:43] 📋   [WARN]     压缩失败 [GCrCKRdxfsPFo9-VSqbLzVxt_2ef1c15d@windows]: Skipped due to cooking limit
[2026-03-28 19:40:43] 📋   [WARN]     压缩失败 [EjKjESjm_dHJrQrEiaq-1MnD_aff0adad@ios]: Skipped due to cooking limit
[2026-03-28 19:40:43] 📋   [WARN]     压缩失败 [EjKjESjm_dHJrQrEiaq-1MnD_aff0adad@android]: Skipped due to cooking limit
[2026-03-28 19:40:43] 📋   [WARN]     压缩失败 [EjKjESjm_dHJrQrEiaq-1MnD_aff0adad@windows]: Skipped due to cooking limit
[2026-03-28 19:40:43] 📋   [WARN]     压缩失败 [HVke-RpsjQazr365CB-XrZyc_3145810d@ios]: Skipped due to cooking limit
[2026-03-28 19:40:43] 📋   [WARN]     压缩失败 [HVke-RpsjQazr365CB-XrZyc_3145810d@android]: Skipped due to cooking limit
[2026-03-28 19:40:43] 📋   [WARN]     压缩失败 [HVke-RpsjQazr365CB-XrZyc_3145810d@windows]: Skipped due to cooking limit
[2026-03-28 19:40:43] 📋   [WARN]     压缩失败 [Es_c2f5NVxaDDm50K8IxsTpq_b4d3d16b@ios]: Skipped due to cooking limit
[2026-03-28 19:40:43] 📋   [WARN]     压缩失败 [Es_c2f5NVxaDDm50K8IxsTpq_b4d3d16b@android]: Skipped due to cooking limit
[2026-03-28 19:40:43] 📋   [WARN]     压缩失败 [Es_c2f5NVxaDDm50K8IxsTpq_b4d3d16b@windows]: Skipped due to cooking limit
[2026-03-28 19:40:43] 📋   [WARN]     压缩失败 [FHeeaWOti_5ixhYTclSA-SOf_c47e26fc@ios]: Skipped due to cooking limit
[2026-03-28 19:40:43] 📋   [WARN]     压缩失败 [FHeeaWOti_5ixhYTclSA-SOf_c47e26fc@android]: Skipped due to cooking limit
[2026-03-28 19:40:43] 📋   [WARN]     压缩失败 [FHeeaWOti_5ixhYTclSA-SOf_c47e26fc@windows]: Skipped due to cooking limit
[2026-03-28 19:40:43] 📋   [WARN]     压缩失败 [EYOZwW41Ej9bGky0COEK2PwJ_d9ef641d@ios]: Skipped due to cooking limit
[2026-03-28 19:40:43] 📋   [WARN]     压缩失败 [EYOZwW41Ej9bGky0COEK2PwJ_d9ef641d@android]: Skipped due to cooking limit
[2026-03-28 19:40:43] 📋   [WARN]     压缩失败 [EYOZwW41Ej9bGky0COEK2PwJ_d9ef641d@windows]: Skipped due to cooking limit
[2026-03-28 19:40:43] 📋   [WARN]     压缩失败 [DegLKejQv2DQBPsCjEt6BXlV_ef513992@ios]: Skipped due to cooking limit
[2026-03-28 19:40:43] 📋   [WARN]     压缩失败 [DegLKejQv2DQBPsCjEt6BXlV_ef513992@android]: Skipped due to cooking limit
[2026-03-28 19:40:43] 📋   [WARN]     压缩失败 [DegLKejQv2DQBPsCjEt6BXlV_ef513992@windows]: Skipped due to cooking limit
[2026-03-28 19:40:43] 📋   [WARN]     压缩失败 [Bqe8eWmcOtsdRlAsLb5G8P69_b636e663@ios]: Skipped due to cooking limit
[2026-03-28 19:40:43] 📋   [WARN]     压缩失败 [Bqe8eWmcOtsdRlAsLb5G8P69_b636e663@android]: Skipped due to cooking limit
[2026-03-28 19:40:43] 📋   [WARN]     压缩失败 [Bqe8eWmcOtsdRlAsLb5G8P69_b636e663@windows]: Skipped due to cooking limit
[2026-03-28 19:40:43] 📋   [WARN]     压缩失败 [GJMBOR9VQRf0m7xRjpp0mZN6_298015a5@ios]: Skipped due to cooking limit
[2026-03-28 19:40:43] 📋   [WARN]     压缩失败 [GJMBOR9VQRf0m7xRjpp0mZN6_298015a5@android]: Skipped due to cooking limit
[2026-03-28 19:40:43] 📋   [WARN]     压缩失败 [GJMBOR9VQRf0m7xRjpp0mZN6_298015a5@windows]: Skipped due to cooking limit
[2026-03-28 19:40:43] 📋   [WARN]     压缩失败 [FwEcWWf7sRH4aVmXunanLtQu_946ac165@ios]: Skipped due to cooking limit
[2026-03-28 19:40:43] 📋   [WARN]     压缩失败 [FwEcWWf7sRH4aVmXunanLtQu_946ac165@android]: Skipped due to cooking limit
[2026-03-28 19:40:43] 📋   [WARN]     压缩失败 [FwEcWWf7sRH4aVmXunanLtQu_946ac165@windows]: Skipped due to cooking limit
[2026-03-28 19:40:43] 📋   [WARN]     压缩失败 [AhoVwU__7rQTb5HLGg8-Brix_4e47edf9@ios]: Skipped due to cooking limit
[2026-03-28 19:40:43] 📋   [WARN]     压缩失败 [AhoVwU__7rQTb5HLGg8-Brix_4e47edf9@android]: Skipped due to cooking limit
[2026-03-28 19:40:43] 📋   [WARN]     压缩失败 [AhoVwU__7rQTb5HLGg8-Brix_4e47edf9@windows]: Skipped due to cooking limit
[2026-03-28 19:40:43] 📋   [WARN]     压缩失败 [F5cW-aB_3qqUXnTz9dDqMopG_232b7bf9@ios]: Skipped due to cooking limit
[2026-03-28 19:40:43] 📋   [WARN]     压缩失败 [F5cW-aB_3qqUXnTz9dDqMopG_232b7bf9@android]: Skipped due to cooking limit
[2026-03-28 19:40:43] 📋   [WARN]     压缩失败 [F5cW-aB_3qqUXnTz9dDqMopG_232b7bf9@windows]: Skipped due to cooking limit
[2026-03-28 19:40:43] 📋   [WARN]     压缩失败 [CFNNefvbuab8-q5naBf7Yduw_6922608f@ios]: Skipped due to cooking limit
[2026-03-28 19:40:43] 📋   [WARN]     压缩失败 [CFNNefvbuab8-q5naBf7Yduw_6922608f@android]: Skipped due to cooking limit
[2026-03-28 19:40:43] 📋   [WARN]     压缩失败 [CFNNefvbuab8-q5naBf7Yduw_6922608f@windows]: Skipped due to cooking limit
[2026-03-28 19:40:43] 📋   [WARN]     压缩失败 [CrkxYZYth0yfehGuWlngPkzX_128be955@ios]: Skipped due to cooking limit
[2026-03-28 19:40:43] 📋   [WARN]     压缩失败 [CrkxYZYth0yfehGuWlngPkzX_128be955@android]: Skipped due to cooking limit
[2026-03-28 19:40:43] 📋   [WARN]     压缩失败 [CrkxYZYth0yfehGuWlngPkzX_128be955@windows]: Skipped due to cooking limit
[2026-03-28 19:40:43] 📋   [WARN]     压缩失败 [BxMyERfoAN3zLV8_dQjtMzJk_fd0027a3@ios]: Skipped due to cooking limit
[2026-03-28 19:40:43] 📋   [WARN]     压缩失败 [BxMyERfoAN3zLV8_dQjtMzJk_fd0027a3@android]: Skipped due to cooking limit
[2026-03-28 19:40:43] 📋   [WARN]     压缩失败 [BxMyERfoAN3zLV8_dQjtMzJk_fd0027a3@windows]: Skipped due to cooking limit
[2026-03-28 19:40:43] 📋   [WARN]     压缩失败 [E9DmEfSbvoOErwUylmVIOpN9_f3894e2e@ios]: Skipped due to cooking limit
[2026-03-28 19:40:43] 📋   [WARN]     压缩失败 [E9DmEfSbvoOErwUylmVIOpN9_f3894e2e@android]: Skipped due to cooking limit
[2026-03-28 19:40:43] 📋   [WARN]     压缩失败 [E9DmEfSbvoOErwUylmVIOpN9_f3894e2e@windows]: Skipped due to cooking limit
[2026-03-28 19:40:43] 📋   [WARN]     压缩失败 [FcEkEc9s-mYgB_l_96hQ4vSQ_24880ad1@ios]: Skipped due to cooking limit
[2026-03-28 19:40:43] 📋   [WARN]     压缩失败 [FcEkEc9s-mYgB_l_96hQ4vSQ_24880ad1@android]: Skipped due to cooking limit
[2026-03-28 19:40:43] 📋   [WARN]     压缩失败 [FcEkEc9s-mYgB_l_96hQ4vSQ_24880ad1@windows]: Skipped due to cooking limit
[2026-03-28 19:40:43] 📋   [WARN]     压缩失败 [Et38IZmsXelvjtNQPQleLSrl_40e0a068@ios]: Skipped due to cooking limit
[2026-03-28 19:40:43] 📋   [WARN]     压缩失败 [Et38IZmsXelvjtNQPQleLSrl_40e0a068@android]: Skipped due to cooking limit
[2026-03-28 19:40:43] 📋   [WARN]     压缩失败 [Et38IZmsXelvjtNQPQleLSrl_40e0a068@windows]: Skipped due to cooking limit
[2026-03-28 19:40:43] 📋   [WARN]     压缩失败 [AIFWMWcPD0yPBI5j_udFi2u4_bbb32b37@ios]: Skipped due to cooking limit
[2026-03-28 19:40:43] 📋   [WARN]     压缩失败 [AIFWMWcPD0yPBI5j_udFi2u4_bbb32b37@android]: Skipped due to cooking limit
[2026-03-28 19:40:43] 📋   [WARN]     压缩失败 [AIFWMWcPD0yPBI5j_udFi2u4_bbb32b37@windows]: Skipped due to cooking limit
[2026-03-28 19:40:43] 📋   [WARN]     压缩失败 [HXKWuS5tTz8O_3eVWQZDH8tg_340ccab1@ios]: Skipped due to cooking limit
[2026-03-28 19:40:43] 📋   [WARN]     压缩失败 [HXKWuS5tTz8O_3eVWQZDH8tg_340ccab1@android]: Skipped due to cooking limit
[2026-03-28 19:40:43] 📋   [WARN]     压缩失败 [HXKWuS5tTz8O_3eVWQZDH8tg_340ccab1@windows]: Skipped due to cooking limit
[2026-03-28 19:40:43] 📋   [WARN]     压缩失败 [HLnMKVnPMT9gxKYL4aTo-K8D_c835a1d1@ios]: Skipped due to cooking limit
[2026-03-28 19:40:43] 📋   [WARN]     压缩失败 [HLnMKVnPMT9gxKYL4aTo-K8D_c835a1d1@android]: Skipped due to cooking limit
[2026-03-28 19:40:43] 📋   [WARN]     压缩失败 [HLnMKVnPMT9gxKYL4aTo-K8D_c835a1d1@windows]: Skipped due to cooking limit
[2026-03-28 19:40:43] 📋   [WARN]     压缩失败 [Alb44YUeWEY6yjxM0o0oDZHx_76f44922@ios]: Skipped due to cooking limit
[2026-03-28 19:40:43] 📋   [WARN]     压缩失败 [Alb44YUeWEY6yjxM0o0oDZHx_76f44922@android]: Skipped due to cooking limit
[2026-03-28 19:40:43] 📋   [WARN]     压缩失败 [Alb44YUeWEY6yjxM0o0oDZHx_76f44922@windows]: Skipped due to cooking limit
[2026-03-28 19:40:43] 📋   [WARN]     压缩失败 [A4-VYcrVKFnB_8ieeIijbN3E_c304233c@ios]: Skipped due to cooking limit
[2026-03-28 19:40:43] 📋   [WARN]     压缩失败 [A4-VYcrVKFnB_8ieeIijbN3E_c304233c@android]: Skipped due to cooking limit
[2026-03-28 19:40:43] 📋   [WARN]     压缩失败 [A4-VYcrVKFnB_8ieeIijbN3E_c304233c@windows]: Skipped due to cooking limit
[2026-03-28 19:40:43] 📋   [WARN]     压缩失败 [C_zu8ReF4xZAOc136UVR55B0_2b5c99ef@ios]: Skipped due to cooking limit
[2026-03-28 19:40:43] 📋   [WARN]     压缩失败 [C_zu8ReF4xZAOc136UVR55B0_2b5c99ef@android]: Skipped due to cooking limit
[2026-03-28 19:40:43] 📋   [WARN]     压缩失败 [C_zu8ReF4xZAOc136UVR55B0_2b5c99ef@windows]: Skipped due to cooking limit
[2026-03-28 19:40:43] 📋   [WARN]     压缩失败 [FRjC2dr-MAYrDED_nttB3CYr_70a78770@ios]: Skipped due to cooking limit
[2026-03-28 19:40:43] 📋   [WARN]     压缩失败 [FRjC2dr-MAYrDED_nttB3CYr_70a78770@android]: Skipped due to cooking limit
[2026-03-28 19:40:43] 📋   [WARN]     压缩失败 [FRjC2dr-MAYrDED_nttB3CYr_70a78770@windows]: Skipped due to cooking limit
[2026-03-28 19:40:43] 📋   [WARN]     压缩失败 [DkK9QcWspLruuGHi8zCnLhA3_2c7c77a7@ios]: Skipped due to cooking limit
[2026-03-28 19:40:43] 📋   [WARN]     压缩失败 [DkK9QcWspLruuGHi8zCnLhA3_2c7c77a7@android]: Skipped due to cooking limit
[2026-03-28 19:40:43] 📋   [WARN]     压缩失败 [DkK9QcWspLruuGHi8zCnLhA3_2c7c77a7@windows]: Skipped due to cooking limit
[2026-03-28 19:40:43] 📋   [WARN]     压缩失败 [DbSBKVMyvvLpte3wfZWkkfYE_39449b94@ios]: Skipped due to cooking limit
[2026-03-28 19:40:43] 📋   [WARN]     压缩失败 [DbSBKVMyvvLpte3wfZWkkfYE_39449b94@android]: Skipped due to cooking limit
[2026-03-28 19:40:43] 📋   [WARN]     压缩失败 [DbSBKVMyvvLpte3wfZWkkfYE_39449b94@windows]: Skipped due to cooking limit
[2026-03-28 19:40:43] 📋   [WARN]     压缩失败 [CXi6GagV4qHCRmCq1BLBDas9_ab275fd0@ios]: Skipped due to cooking limit
[2026-03-28 19:40:43] 📋   [WARN]     压缩失败 [CXi6GagV4qHCRmCq1BLBDas9_ab275fd0@android]: Skipped due to cooking limit
[2026-03-28 19:40:43] 📋   [WARN]     压缩失败 [CXi6GagV4qHCRmCq1BLBDas9_ab275fd0@windows]: Skipped due to cooking limit
[2026-03-28 19:40:43] 📋   [WARN]     压缩失败 [DOaOAXLqNsbK-TBE7MJZTPhc_18c98f84@ios]: Skipped due to cooking limit
[2026-03-28 19:40:43] 📋   [WARN]     压缩失败 [DOaOAXLqNsbK-TBE7MJZTPhc_18c98f84@android]: Skipped due to cooking limit
[2026-03-28 19:40:43] 📋   [WARN]     压缩失败 [DOaOAXLqNsbK-TBE7MJZTPhc_18c98f84@windows]: Skipped due to cooking limit
[2026-03-28 19:40:43] 📋   [WARN]     压缩失败 [FrlCAeOrDodE437fDkkeLGp1_5d3f229d@ios]: Skipped due to cooking limit
[2026-03-28 19:40:43] 📋   [WARN]     压缩失败 [FrlCAeOrDodE437fDkkeLGp1_5d3f229d@android]: Skipped due to cooking limit
[2026-03-28 19:40:43] 📋   [WARN]     压缩失败 [FrlCAeOrDodE437fDkkeLGp1_5d3f229d@windows]: Skipped due to cooking limit
[2026-03-28 19:40:43] 📋   [WARN]     压缩失败 [E9cBKe8dWfcH49ib-nrkh9Vf_90826d9e@ios]: Skipped due to cooking limit
[2026-03-28 19:40:43] 📋   [WARN]     压缩失败 [E9cBKe8dWfcH49ib-nrkh9Vf_90826d9e@android]: Skipped due to cooking limit
[2026-03-28 19:40:43] 📋   [WARN]     压缩失败 [E9cBKe8dWfcH49ib-nrkh9Vf_90826d9e@windows]: Skipped due to cooking limit
[2026-03-28 19:40:43] 📋   [WARN]     压缩失败 [GbbRCePaL4zAxhl3cIGEYtje_5a8af75f@ios]: Skipped due to cooking limit
[2026-03-28 19:40:43] 📋   [WARN]     压缩失败 [GbbRCePaL4zAxhl3cIGEYtje_5a8af75f@android]: Skipped due to cooking limit
[2026-03-28 19:40:43] 📋   [WARN]     压缩失败 [GbbRCePaL4zAxhl3cIGEYtje_5a8af75f@windows]: Skipped due to cooking limit
[2026-03-28 19:40:43] 📋   [WARN]     压缩失败 [BD7YeaajI_8exIGvt4wD-0jg_fb8b0e15@ios]: Skipped due to cooking limit
[2026-03-28 19:40:44] 📋   [WARN]     压缩失败 [BD7YeaajI_8exIGvt4wD-0jg_fb8b0e15@android]: Skipped due to cooking limit
[2026-03-28 19:40:44] 📋   [WARN]     压缩失败 [BD7YeaajI_8exIGvt4wD-0jg_fb8b0e15@windows]: Skipped due to cooking limit
[2026-03-28 19:40:44] 📋   [WARN]     压缩失败 [DAUKKcA4FPjQDFCJFJWtRYvY_6023586e@ios]: Skipped due to cooking limit
[2026-03-28 19:40:44] 📋   [WARN]     压缩失败 [DAUKKcA4FPjQDFCJFJWtRYvY_6023586e@android]: Skipped due to cooking limit
[2026-03-28 19:40:44] 📋   [WARN]     压缩失败 [DAUKKcA4FPjQDFCJFJWtRYvY_6023586e@windows]: Skipped due to cooking limit
[2026-03-28 19:40:44] 📋   [WARN]     压缩失败 [CcOIiUKgufw7IXAW3IwSM-Yq_590383b4@ios]: Skipped due to cooking limit
[2026-03-28 19:40:44] 📋   [WARN]     压缩失败 [CcOIiUKgufw7IXAW3IwSM-Yq_590383b4@android]: Skipped due to cooking limit
[2026-03-28 19:40:44] 📋   [WARN]     压缩失败 [CcOIiUKgufw7IXAW3IwSM-Yq_590383b4@windows]: Skipped due to cooking limit
[2026-03-28 19:40:44] 📋   [WARN]     压缩失败 [DAd2-WQGHoLNNn1fAk6gYFPL_3b668345@ios]: Skipped due to cooking limit
[2026-03-28 19:40:44] 📋   [WARN]     压缩失败 [DAd2-WQGHoLNNn1fAk6gYFPL_3b668345@android]: Skipped due to cooking limit
[2026-03-28 19:40:44] 📋   [WARN]     压缩失败 [DAd2-WQGHoLNNn1fAk6gYFPL_3b668345@windows]: Skipped due to cooking limit
[2026-03-28 19:40:44] 📋   [WARN]     压缩失败 [A-PGQXvVA_zMdQcOHtLiHba2_57d080f9@ios]: Skipped due to cooking limit
[2026-03-28 19:40:44] 📋   [WARN]     压缩失败 [A-PGQXvVA_zMdQcOHtLiHba2_57d080f9@android]: Skipped due to cooking limit
[2026-03-28 19:40:44] 📋   [WARN]     压缩失败 [A-PGQXvVA_zMdQcOHtLiHba2_57d080f9@windows]: Skipped due to cooking limit
[2026-03-28 19:40:44] 📋   [WARN]     压缩失败 [BLR_uanJhCwcuBzl6geUi4p9_a7bdbc72@ios]: Skipped due to cooking limit
[2026-03-28 19:40:44] 📋   [WARN]     压缩失败 [BLR_uanJhCwcuBzl6geUi4p9_a7bdbc72@android]: Skipped due to cooking limit
[2026-03-28 19:40:44] 📋   [WARN]     压缩失败 [BLR_uanJhCwcuBzl6geUi4p9_a7bdbc72@windows]: Skipped due to cooking limit
[2026-03-28 19:40:44] 📋   [WARN]     压缩失败 [HP8m8e4doG6sy5B6djJXXjJy_bd80826b@ios]: Skipped due to cooking limit
[2026-03-28 19:40:44] 📋   [WARN]     压缩失败 [HP8m8e4doG6sy5B6djJXXjJy_bd80826b@android]: Skipped due to cooking limit
[2026-03-28 19:40:44] 📋   [WARN]     压缩失败 [HP8m8e4doG6sy5B6djJXXjJy_bd80826b@windows]: Skipped due to cooking limit
[2026-03-28 19:40:44] 📋   [WARN]     压缩失败 [AuEH2QkyLbNEo2PgrhahGK71_f8294850@ios]: Skipped due to cooking limit
[2026-03-28 19:40:44] 📋   [WARN]     压缩失败 [AuEH2QkyLbNEo2PgrhahGK71_f8294850@android]: Skipped due to cooking limit
[2026-03-28 19:40:44] 📋   [WARN]     压缩失败 [AuEH2QkyLbNEo2PgrhahGK71_f8294850@windows]: Skipped due to cooking limit
[2026-03-28 19:40:44] 📋   [WARN]     压缩失败 [E77SIVMj13KOcU6gqQgMbOX2_1b56e2b2@ios]: Skipped due to cooking limit
[2026-03-28 19:40:44] 📋   [WARN]     压缩失败 [E77SIVMj13KOcU6gqQgMbOX2_1b56e2b2@android]: Skipped due to cooking limit
[2026-03-28 19:40:44] 📋   [WARN]     压缩失败 [E77SIVMj13KOcU6gqQgMbOX2_1b56e2b2@windows]: Skipped due to cooking limit
[2026-03-28 19:40:44] 📋   [WARN]     压缩失败 [AvSaAd-441g_fLZXEGsmxrrW_7c059fd7@ios]: Skipped due to cooking limit
[2026-03-28 19:40:44] 📋   [WARN]     压缩失败 [AvSaAd-441g_fLZXEGsmxrrW_7c059fd7@android]: Skipped due to cooking limit
[2026-03-28 19:40:44] 📋   [WARN]     压缩失败 [AvSaAd-441g_fLZXEGsmxrrW_7c059fd7@windows]: Skipped due to cooking limit
[2026-03-28 19:40:44] 📋   [WARN]     压缩失败 [AKI_oSO_a3eYmIVrcFxrIlmY_6558a5c5@ios]: Skipped due to cooking limit
[2026-03-28 19:40:44] 📋   [WARN]     压缩失败 [AKI_oSO_a3eYmIVrcFxrIlmY_6558a5c5@android]: Skipped due to cooking limit
[2026-03-28 19:40:44] 📋   [WARN]     压缩失败 [AKI_oSO_a3eYmIVrcFxrIlmY_6558a5c5@windows]: Skipped due to cooking limit
[2026-03-28 19:40:44] 📋   [WARN]     压缩失败 [H3v-uQQGkeBnLDJwrbw2FRXs_33e4f2c5@ios]: Skipped due to cooking limit
[2026-03-28 19:40:44] 📋   [WARN]     压缩失败 [H3v-uQQGkeBnLDJwrbw2FRXs_33e4f2c5@android]: Skipped due to cooking limit
[2026-03-28 19:40:44] 📋   [WARN]     压缩失败 [H3v-uQQGkeBnLDJwrbw2FRXs_33e4f2c5@windows]: Skipped due to cooking limit
[2026-03-28 19:40:44] 📋   [WARN]     压缩失败 [CdUJMQcGiuvr1IJgTospD8gJ_966b7d02@ios]: Skipped due to cooking limit
[2026-03-28 19:40:44] 📋   [WARN]     压缩失败 [CdUJMQcGiuvr1IJgTospD8gJ_966b7d02@android]: Skipped due to cooking limit
[2026-03-28 19:40:44] 📋   [WARN]     压缩失败 [CdUJMQcGiuvr1IJgTospD8gJ_966b7d02@windows]: Skipped due to cooking limit
[2026-03-28 19:40:44] 📋   [WARN]     压缩失败 [Fs67gVRU-8QEyM7peAOpHeUV_0342a9be@ios]: Skipped due to cooking limit
[2026-03-28 19:40:44] 📋   [WARN]     压缩失败 [Fs67gVRU-8QEyM7peAOpHeUV_0342a9be@android]: Skipped due to cooking limit
[2026-03-28 19:40:44] 📋   [WARN]     压缩失败 [Fs67gVRU-8QEyM7peAOpHeUV_0342a9be@windows]: Skipped due to cooking limit
[2026-03-28 19:40:44] 📋   [WARN]     压缩失败 [EFDL8R4Pe5RlBmNLx_J9y8nm_21064053@ios]: Skipped due to cooking limit
[2026-03-28 19:40:44] 📋   [WARN]     压缩失败 [EFDL8R4Pe5RlBmNLx_J9y8nm_21064053@android]: Skipped due to cooking limit
[2026-03-28 19:40:44] 📋   [WARN]     压缩失败 [EFDL8R4Pe5RlBmNLx_J9y8nm_21064053@windows]: Skipped due to cooking limit
[2026-03-28 19:40:44] 📋   [WARN]     压缩失败 [Hb_roQPQuZUU9OFWZCa4kErr_f25d93ac@ios]: Skipped due to cooking limit
[2026-03-28 19:40:44] 📋   [WARN]     压缩失败 [Hb_roQPQuZUU9OFWZCa4kErr_f25d93ac@android]: Skipped due to cooking limit
[2026-03-28 19:40:44] 📋   [WARN]     压缩失败 [Hb_roQPQuZUU9OFWZCa4kErr_f25d93ac@windows]: Skipped due to cooking limit
[2026-03-28 19:40:44] 📋   [WARN]     压缩失败 [DyFRUXnAIG03HY0oDZ6eTGPZ_4cc08c98@ios]: Skipped due to cooking limit
[2026-03-28 19:40:44] 📋   [WARN]     压缩失败 [DyFRUXnAIG03HY0oDZ6eTGPZ_4cc08c98@android]: Skipped due to cooking limit
[2026-03-28 19:40:44] 📋   [WARN]     压缩失败 [DyFRUXnAIG03HY0oDZ6eTGPZ_4cc08c98@windows]: Skipped due to cooking limit
[2026-03-28 19:40:44] 📋   [WARN]     压缩失败 [FoH-QXX8DYgbqEHAtMGSfooq_6633388d@ios]: Skipped due to cooking limit
[2026-03-28 19:40:44] 📋   [WARN]     压缩失败 [FoH-QXX8DYgbqEHAtMGSfooq_6633388d@android]: Skipped due to cooking limit
[2026-03-28 19:40:44] 📋   [WARN]     压缩失败 [FoH-QXX8DYgbqEHAtMGSfooq_6633388d@windows]: Skipped due to cooking limit
[2026-03-28 19:40:44] 📋   [WARN]     压缩失败 [F5a0mYtsT_yg76ol2hZDDxMs_a97546f0@ios]: Skipped due to cooking limit
[2026-03-28 19:40:44] 📋   [WARN]     压缩失败 [F5a0mYtsT_yg76ol2hZDDxMs_a97546f0@android]: Skipped due to cooking limit
[2026-03-28 19:40:44] 📋   [WARN]     压缩失败 [F5a0mYtsT_yg76ol2hZDDxMs_a97546f0@windows]: Skipped due to cooking limit
[2026-03-28 19:40:44] 📋   [WARN]     压缩失败 [C1qCYTQNf76mki5gmAfm9tKJ_594a0872@ios]: Skipped due to cooking limit
[2026-03-28 19:40:44] 📋   [WARN]     压缩失败 [C1qCYTQNf76mki5gmAfm9tKJ_594a0872@android]: Skipped due to cooking limit
[2026-03-28 19:40:44] 📋   [WARN]     压缩失败 [C1qCYTQNf76mki5gmAfm9tKJ_594a0872@windows]: Skipped due to cooking limit
[2026-03-28 19:40:44] 📋   [WARN]     压缩失败 [B-hiYfmYvYWvO8TtgxTicTtV_21ba4fcb@ios]: Skipped due to cooking limit
[2026-03-28 19:40:44] 📋   [WARN]     压缩失败 [B-hiYfmYvYWvO8TtgxTicTtV_21ba4fcb@android]: Skipped due to cooking limit
[2026-03-28 19:40:44] 📋   [WARN]     压缩失败 [B-hiYfmYvYWvO8TtgxTicTtV_21ba4fcb@windows]: Skipped due to cooking limit
[2026-03-28 19:40:44] 📋   [WARN]     压缩失败 [GuonUcp_UV7bq_FeIhTfjqr5_c314bb4f@ios]: Skipped due to cooking limit
[2026-03-28 19:40:44] 📋   [WARN]     压缩失败 [GuonUcp_UV7bq_FeIhTfjqr5_c314bb4f@android]: Skipped due to cooking limit
[2026-03-28 19:40:44] 📋   [WARN]     压缩失败 [GuonUcp_UV7bq_FeIhTfjqr5_c314bb4f@windows]: Skipped due to cooking limit
[2026-03-28 19:40:44] 📋   [WARN]     压缩失败 [Fecl2d615XkxpTpBWtz7qL8D_68d142d1@ios]: Skipped due to cooking limit
[2026-03-28 19:40:44] 📋   [WARN]     压缩失败 [Fecl2d615XkxpTpBWtz7qL8D_68d142d1@android]: Skipped due to cooking limit
[2026-03-28 19:40:44] 📋   [WARN]     压缩失败 [Fecl2d615XkxpTpBWtz7qL8D_68d142d1@windows]: Skipped due to cooking limit
[2026-03-28 19:40:44] 📋   [WARN]     压缩失败 [BvvgWa_P3jPhLm09CY0PG8RE_89fba469@ios]: Skipped due to cooking limit
[2026-03-28 19:40:44] 📋   [WARN]     压缩失败 [BvvgWa_P3jPhLm09CY0PG8RE_89fba469@android]: Skipped due to cooking limit
[2026-03-28 19:40:44] 📋   [WARN]     压缩失败 [BvvgWa_P3jPhLm09CY0PG8RE_89fba469@windows]: Skipped due to cooking limit
[2026-03-28 19:40:44] 📋   [WARN]     压缩失败 [EqBhKc_6p5UHNjPLC5vefvV8_8d5c24dc@ios]: Skipped due to cooking limit
[2026-03-28 19:40:44] 📋   [WARN]     压缩失败 [EqBhKc_6p5UHNjPLC5vefvV8_8d5c24dc@android]: Skipped due to cooking limit
[2026-03-28 19:40:44] 📋   [WARN]     压缩失败 [EqBhKc_6p5UHNjPLC5vefvV8_8d5c24dc@windows]: Skipped due to cooking limit
[2026-03-28 19:40:44] 📋   [WARN]     压缩失败 [GOFcOZgc60pixZzsjvf-gMLv_ec898ff1@ios]: Skipped due to cooking limit
[2026-03-28 19:40:44] 📋   [WARN]     压缩失败 [GOFcOZgc60pixZzsjvf-gMLv_ec898ff1@android]: Skipped due to cooking limit
[2026-03-28 19:40:44] 📋   [WARN]     压缩失败 [GOFcOZgc60pixZzsjvf-gMLv_ec898ff1@windows]: Skipped due to cooking limit
[2026-03-28 19:40:44] 📋   [WARN]     压缩失败 [Brs3OaCDu_R3CBlNdJCKo7bP_33b69d55@ios]: Skipped due to cooking limit
[2026-03-28 19:40:44] 📋   [WARN]     压缩失败 [Brs3OaCDu_R3CBlNdJCKo7bP_33b69d55@android]: Skipped due to cooking limit
[2026-03-28 19:40:44] 📋   [WARN]     压缩失败 [Brs3OaCDu_R3CBlNdJCKo7bP_33b69d55@windows]: Skipped due to cooking limit
[2026-03-28 19:40:44] 📋   [WARN]     压缩失败 [FcR9wVjvrmsYuV5IF0SAcPVr_0c7eafdc@ios]: Skipped due to cooking limit
[2026-03-28 19:40:44] 📋   [WARN]     压缩失败 [FcR9wVjvrmsYuV5IF0SAcPVr_0c7eafdc@android]: Skipped due to cooking limit
[2026-03-28 19:40:44] 📋   [WARN]     压缩失败 [FcR9wVjvrmsYuV5IF0SAcPVr_0c7eafdc@windows]: Skipped due to cooking limit
[2026-03-28 19:40:44] 📋   [WARN]     压缩失败 [BFt8acCILmJoIxkdgq5AszEy_00af71fb@ios]: Skipped due to cooking limit
[2026-03-28 19:40:44] 📋   [WARN]     压缩失败 [BFt8acCILmJoIxkdgq5AszEy_00af71fb@android]: Skipped due to cooking limit
[2026-03-28 19:40:44] 📋   [WARN]     压缩失败 [BFt8acCILmJoIxkdgq5AszEy_00af71fb@windows]: Skipped due to cooking limit
[2026-03-28 19:40:44] 📋   [WARN]     压缩失败 [AGInebl6X6b5IbLGW7QHvZdC_0f708604@ios]: Skipped due to cooking limit
[2026-03-28 19:40:44] 📋   [WARN]     压缩失败 [AGInebl6X6b5IbLGW7QHvZdC_0f708604@android]: Skipped due to cooking limit
[2026-03-28 19:40:44] 📋   [WARN]     压缩失败 [AGInebl6X6b5IbLGW7QHvZdC_0f708604@windows]: Skipped due to cooking limit
[2026-03-28 19:40:44] 📋   [WARN]     压缩失败 [B5uJ2XonDjjBhQ1MYv3dz-8i_6390f720@ios]: Skipped due to cooking limit
[2026-03-28 19:40:44] 📋   [WARN]     压缩失败 [B5uJ2XonDjjBhQ1MYv3dz-8i_6390f720@android]: Skipped due to cooking limit
[2026-03-28 19:40:44] 📋   [WARN]     压缩失败 [B5uJ2XonDjjBhQ1MYv3dz-8i_6390f720@windows]: Skipped due to cooking limit
[2026-03-28 19:40:44] 📋   [WARN]     压缩失败 [D8NR2WJMb8H_lbmOa7b9_3LL_26eb121c@ios]: Skipped due to cooking limit
[2026-03-28 19:40:44] 📋   [WARN]     压缩失败 [D8NR2WJMb8H_lbmOa7b9_3LL_26eb121c@android]: Skipped due to cooking limit
[2026-03-28 19:40:44] 📋   [WARN]     压缩失败 [D8NR2WJMb8H_lbmOa7b9_3LL_26eb121c@windows]: Skipped due to cooking limit
[2026-03-28 19:40:44] 📋   [WARN]     压缩失败 [DhMb4SuTz85jdTs7qaYaQlrG_8bb74301@ios]: Skipped due to cooking limit
[2026-03-28 19:40:44] 📋   [WARN]     压缩失败 [DhMb4SuTz85jdTs7qaYaQlrG_8bb74301@android]: Skipped due to cooking limit
[2026-03-28 19:40:44] 📋   [WARN]     压缩失败 [DhMb4SuTz85jdTs7qaYaQlrG_8bb74301@windows]: Skipped due to cooking limit
[2026-03-28 19:40:44] 📋   [WARN]     压缩失败 [Cns0uakTbAJAHRVJNtvD0WPp_318ec690@ios]: Skipped due to cooking limit
[2026-03-28 19:40:44] 📋   [WARN]     压缩失败 [Cns0uakTbAJAHRVJNtvD0WPp_318ec690@android]: Skipped due to cooking limit
[2026-03-28 19:40:44] 📋   [WARN]     压缩失败 [Cns0uakTbAJAHRVJNtvD0WPp_318ec690@windows]: Skipped due to cooking limit
[2026-03-28 19:40:44] 📋   [WARN]     压缩失败 [GdWrIUIaxzodipG0pxDOXTDD_cbbdb7f6@ios]: Skipped due to cooking limit
[2026-03-28 19:40:44] 📋   [WARN]     压缩失败 [GdWrIUIaxzodipG0pxDOXTDD_cbbdb7f6@android]: Skipped due to cooking limit
[2026-03-28 19:40:44] 📋   [WARN]     压缩失败 [GdWrIUIaxzodipG0pxDOXTDD_cbbdb7f6@windows]: Skipped due to cooking limit
[2026-03-28 19:40:45] 📋   [WARN]     压缩失败 [BjOMWdZuKYS748fcuoaO5u4w_581f1ee4@ios]: Skipped due to cooking limit
[2026-03-28 19:40:45] 📋   [WARN]     压缩失败 [BjOMWdZuKYS748fcuoaO5u4w_581f1ee4@android]: Skipped due to cooking limit
[2026-03-28 19:40:45] 📋   [WARN]     压缩失败 [BjOMWdZuKYS748fcuoaO5u4w_581f1ee4@windows]: Skipped due to cooking limit
[2026-03-28 19:40:45] 📋   [WARN]     压缩失败 [EYt2gWEaiHxbRHnyKQUdeYhq_bd4977c5@ios]: Skipped due to cooking limit
[2026-03-28 19:40:45] 📋   [WARN]     压缩失败 [EYt2gWEaiHxbRHnyKQUdeYhq_bd4977c5@android]: Skipped due to cooking limit
[2026-03-28 19:40:45] 📋   [WARN]     压缩失败 [EYt2gWEaiHxbRHnyKQUdeYhq_bd4977c5@windows]: Skipped due to cooking limit
[2026-03-28 19:40:45] 📋   [WARN]     压缩失败 [CRxrOWm2z9XmwO2iVdY_TaEU_20101298@ios]: Skipped due to cooking limit
[2026-03-28 19:40:45] 📋   [WARN]     压缩失败 [CRxrOWm2z9XmwO2iVdY_TaEU_20101298@android]: Skipped due to cooking limit
[2026-03-28 19:40:45] 📋   [WARN]     压缩失败 [CRxrOWm2z9XmwO2iVdY_TaEU_20101298@windows]: Skipped due to cooking limit
[2026-03-28 19:40:45] 📋   [WARN]     压缩失败 [H_D6kcuzTPJJ6W_lGbNLnXbd_7039d1e8@ios]: Skipped due to cooking limit
[2026-03-28 19:40:45] 📋   [WARN]     压缩失败 [H_D6kcuzTPJJ6W_lGbNLnXbd_7039d1e8@android]: Skipped due to cooking limit
[2026-03-28 19:40:45] 📋   [WARN]     压缩失败 [H_D6kcuzTPJJ6W_lGbNLnXbd_7039d1e8@windows]: Skipped due to cooking limit
[2026-03-28 19:40:45] 📋   [WARN]     压缩失败 [CcPLkaEgNTtvD_p7LrZOP4tg_6ebe5e2b@ios]: Skipped due to cooking limit
[2026-03-28 19:40:45] 📋   [WARN]     压缩失败 [CcPLkaEgNTtvD_p7LrZOP4tg_6ebe5e2b@android]: Skipped due to cooking limit
[2026-03-28 19:40:45] 📋   [WARN]     压缩失败 [CcPLkaEgNTtvD_p7LrZOP4tg_6ebe5e2b@windows]: Skipped due to cooking limit
[2026-03-28 19:40:45] 📋   [WARN]     压缩失败 [GjGVASA9pRUmamycnFK9yYoo_c417551d@ios]: Skipped due to cooking limit
[2026-03-28 19:40:45] 📋   [WARN]     压缩失败 [GjGVASA9pRUmamycnFK9yYoo_c417551d@android]: Skipped due to cooking limit
[2026-03-28 19:40:45] 📋   [WARN]     压缩失败 [GjGVASA9pRUmamycnFK9yYoo_c417551d@windows]: Skipped due to cooking limit
[2026-03-28 19:40:45] 📋   [WARN]     压缩失败 [AxZaSZIascctnbNu8m5tB-D0_eb0b579e@ios]: Skipped due to cooking limit
[2026-03-28 19:40:45] 📋   [WARN]     压缩失败 [AxZaSZIascctnbNu8m5tB-D0_eb0b579e@android]: Skipped due to cooking limit
[2026-03-28 19:40:45] 📋   [WARN]     压缩失败 [AxZaSZIascctnbNu8m5tB-D0_eb0b579e@windows]: Skipped due to cooking limit
[2026-03-28 19:40:45] 📋   [WARN]     压缩失败 [ClcUkb5n9_jZolGS83UhS5so_3f922593@ios]: Skipped due to cooking limit
[2026-03-28 19:40:45] 📋   [WARN]     压缩失败 [ClcUkb5n9_jZolGS83UhS5so_3f922593@android]: Skipped due to cooking limit
[2026-03-28 19:40:45] 📋   [WARN]     压缩失败 [ClcUkb5n9_jZolGS83UhS5so_3f922593@windows]: Skipped due to cooking limit
[2026-03-28 19:40:45] 📋   [WARN]     压缩失败 [ADTeoczakZjb7KlTyk804NFa_b52fedba@ios]: Skipped due to cooking limit
[2026-03-28 19:40:45] 📋   [WARN]     压缩失败 [ADTeoczakZjb7KlTyk804NFa_b52fedba@android]: Skipped due to cooking limit
[2026-03-28 19:40:45] 📋   [WARN]     压缩失败 [ADTeoczakZjb7KlTyk804NFa_b52fedba@windows]: Skipped due to cooking limit
[2026-03-28 19:40:45] 📋   [WARN]     压缩失败 [Ck9wyUdPM_VJxDtPiDwPXh4r_0db40a6f@ios]: Skipped due to cooking limit
[2026-03-28 19:40:45] 📋   [WARN]     压缩失败 [Ck9wyUdPM_VJxDtPiDwPXh4r_0db40a6f@android]: Skipped due to cooking limit
[2026-03-28 19:40:45] 📋   [WARN]     压缩失败 [Ck9wyUdPM_VJxDtPiDwPXh4r_0db40a6f@windows]: Skipped due to cooking limit
[2026-03-28 19:40:45] 📋   [WARN]     压缩失败 [CFXcWevPVMNqo4OhkZUg44lh_b243406d@ios]: Skipped due to cooking limit
[2026-03-28 19:40:45] 📋   [WARN]     压缩失败 [CFXcWevPVMNqo4OhkZUg44lh_b243406d@android]: Skipped due to cooking limit
[2026-03-28 19:40:45] 📋   [WARN]     压缩失败 [CFXcWevPVMNqo4OhkZUg44lh_b243406d@windows]: Skipped due to cooking limit
[2026-03-28 19:40:45] 📋   [WARN]     压缩失败 [FM44Gc4j8V5eDM6H4wJfUGeT_0a772be3@ios]: Skipped due to cooking limit
[2026-03-28 19:40:45] 📋   [WARN]     压缩失败 [FM44Gc4j8V5eDM6H4wJfUGeT_0a772be3@android]: Skipped due to cooking limit
[2026-03-28 19:40:45] 📋   [WARN]     压缩失败 [FM44Gc4j8V5eDM6H4wJfUGeT_0a772be3@windows]: Skipped due to cooking limit
[2026-03-28 19:40:45] 📋   [WARN]     压缩失败 [FYsL4ePB03OhNVztoUAOGV2C_5427af3e@ios]: Skipped due to cooking limit
[2026-03-28 19:40:45] 📋   [WARN]     压缩失败 [FYsL4ePB03OhNVztoUAOGV2C_5427af3e@android]: Skipped due to cooking limit
[2026-03-28 19:40:45] 📋   [WARN]     压缩失败 [FYsL4ePB03OhNVztoUAOGV2C_5427af3e@windows]: Skipped due to cooking limit
[2026-03-28 19:40:45] 📋   [WARN]     压缩失败 [Hr9amRqfY_q52KxEBov290nx_14abba10@ios]: Skipped due to cooking limit
[2026-03-28 19:40:45] 📋   [WARN]     压缩失败 [Hr9amRqfY_q52KxEBov290nx_14abba10@android]: Skipped due to cooking limit
[2026-03-28 19:40:45] 📋   [WARN]     压缩失败 [Hr9amRqfY_q52KxEBov290nx_14abba10@windows]: Skipped due to cooking limit
[2026-03-28 19:40:45] 📋   [WARN]     压缩失败 [Co--yWOrBWOOSd93u9Q18Ukz_f8343a4f@ios]: Skipped due to cooking limit
[2026-03-28 19:40:45] 📋   [WARN]     压缩失败 [Co--yWOrBWOOSd93u9Q18Ukz_f8343a4f@android]: Skipped due to cooking limit
[2026-03-28 19:40:45] 📋   [WARN]     压缩失败 [Co--yWOrBWOOSd93u9Q18Ukz_f8343a4f@windows]: Skipped due to cooking limit
[2026-03-28 19:40:45] 📋   [WARN]     压缩失败 [G1IuGQF0kieioBiRetemlowS_d10abb50@ios]: Skipped due to cooking limit
[2026-03-28 19:40:45] 📋   [WARN]     压缩失败 [G1IuGQF0kieioBiRetemlowS_d10abb50@android]: Skipped due to cooking limit
[2026-03-28 19:40:45] 📋   [WARN]     压缩失败 [G1IuGQF0kieioBiRetemlowS_d10abb50@windows]: Skipped due to cooking limit
[2026-03-28 19:40:45] 📋   [WARN]     压缩失败 [H4IQYQmYKnL200-OMEtPWp7a_40b71dae@ios]: Skipped due to cooking limit
[2026-03-28 19:40:45] 📋   [WARN]     压缩失败 [H4IQYQmYKnL200-OMEtPWp7a_40b71dae@android]: Skipped due to cooking limit
[2026-03-28 19:40:45] 📋   [WARN]     压缩失败 [H4IQYQmYKnL200-OMEtPWp7a_40b71dae@windows]: Skipped due to cooking limit
[2026-03-28 19:40:45] 📋   [WARN]     压缩失败 [HYbageji3JXrJBWXFTBFOVjt_4dba4e51@ios]: Skipped due to cooking limit
[2026-03-28 19:40:45] 📋   [WARN]     压缩失败 [HYbageji3JXrJBWXFTBFOVjt_4dba4e51@android]: Skipped due to cooking limit
[2026-03-28 19:40:45] 📋   [WARN]     压缩失败 [HYbageji3JXrJBWXFTBFOVjt_4dba4e51@windows]: Skipped due to cooking limit
[2026-03-28 19:40:45] 📋   [WARN]     压缩失败 [HCnVEXbc8XDXPRkMhTC1uUy5_9431f8e7@ios]: Skipped due to cooking limit
[2026-03-28 19:40:45] 📋   [WARN]     压缩失败 [HCnVEXbc8XDXPRkMhTC1uUy5_9431f8e7@android]: Skipped due to cooking limit
[2026-03-28 19:40:45] 📋   [WARN]     压缩失败 [HCnVEXbc8XDXPRkMhTC1uUy5_9431f8e7@windows]: Skipped due to cooking limit
[2026-03-28 19:40:45] 📋   [WARN]     压缩失败 [CtwMeTl841klOUUcPTU7LYij_2bcb1f59@ios]: Skipped due to cooking limit
[2026-03-28 19:40:45] 📋   [WARN]     压缩失败 [CtwMeTl841klOUUcPTU7LYij_2bcb1f59@android]: Skipped due to cooking limit
[2026-03-28 19:40:45] 📋   [WARN]     压缩失败 [CtwMeTl841klOUUcPTU7LYij_2bcb1f59@windows]: Skipped due to cooking limit
[2026-03-28 19:40:45] 📋   [WARN]     压缩失败 [DyQDCVMP8txmXWD-HRi98ar5_625db325@ios]: Skipped due to cooking limit
[2026-03-28 19:40:45] 📋   [WARN]     压缩失败 [DyQDCVMP8txmXWD-HRi98ar5_625db325@android]: Skipped due to cooking limit
[2026-03-28 19:40:45] 📋   [WARN]     压缩失败 [DyQDCVMP8txmXWD-HRi98ar5_625db325@windows]: Skipped due to cooking limit
[2026-03-28 19:40:45] 📋   [WARN]     压缩失败 [DsqISaQvSC4CbfZEp7L1YnzO_9af6f2f8@ios]: Skipped due to cooking limit
[2026-03-28 19:40:45] 📋   [WARN]     压缩失败 [DsqISaQvSC4CbfZEp7L1YnzO_9af6f2f8@android]: Skipped due to cooking limit
[2026-03-28 19:40:45] 📋   [WARN]     压缩失败 [DsqISaQvSC4CbfZEp7L1YnzO_9af6f2f8@windows]: Skipped due to cooking limit
[2026-03-28 19:40:45] 📋   [WARN]     压缩失败 [C-AS8Ym3WXzoWKCGKtUfciqH_76494a69@ios]: Skipped due to cooking limit
[2026-03-28 19:40:45] 📋   [WARN]     压缩失败 [C-AS8Ym3WXzoWKCGKtUfciqH_76494a69@android]: Skipped due to cooking limit
[2026-03-28 19:40:45] 📋   [WARN]     压缩失败 [C-AS8Ym3WXzoWKCGKtUfciqH_76494a69@windows]: Skipped due to cooking limit
[2026-03-28 19:40:45] 📋   [WARN]     压缩失败 [AmeKUd5-vC-n4nVWyeUh-mtu_4d5a2ffb@ios]: Skipped due to cooking limit
[2026-03-28 19:40:45] 📋   [WARN]     压缩失败 [AmeKUd5-vC-n4nVWyeUh-mtu_4d5a2ffb@android]: Skipped due to cooking limit
[2026-03-28 19:40:45] 📋   [WARN]     压缩失败 [AmeKUd5-vC-n4nVWyeUh-mtu_4d5a2ffb@windows]: Skipped due to cooking limit
[2026-03-28 19:40:45] 📋   [WARN]     压缩失败 [EYRASblSsOadQPZKoeGfAen4_0aec0442@ios]: Skipped due to cooking limit
[2026-03-28 19:40:45] 📋   [WARN]     压缩失败 [EYRASblSsOadQPZKoeGfAen4_0aec0442@android]: Skipped due to cooking limit
[2026-03-28 19:40:45] 📋   [WARN]     压缩失败 [EYRASblSsOadQPZKoeGfAen4_0aec0442@windows]: Skipped due to cooking limit
[2026-03-28 19:40:45] 📋   [WARN]     压缩失败 [Huh-iQNphscDi71ZCxlyGSoQ_3f5fb8f8@ios]: Skipped due to cooking limit
[2026-03-28 19:40:45] 📋   [WARN]     压缩失败 [Huh-iQNphscDi71ZCxlyGSoQ_3f5fb8f8@android]: Skipped due to cooking limit
[2026-03-28 19:40:45] 📋   [WARN]     压缩失败 [Huh-iQNphscDi71ZCxlyGSoQ_3f5fb8f8@windows]: Skipped due to cooking limit
[2026-03-28 19:40:45] 📋   [WARN]     压缩失败 [GxNRyZA3QtOMoh-NiFmmMwpI_4f1810b3@ios]: Skipped due to cooking limit
[2026-03-28 19:40:45] 📋   [WARN]     压缩失败 [GxNRyZA3QtOMoh-NiFmmMwpI_4f1810b3@android]: Skipped due to cooking limit
[2026-03-28 19:40:45] 📋   [WARN]     压缩失败 [GxNRyZA3QtOMoh-NiFmmMwpI_4f1810b3@windows]: Skipped due to cooking limit
[2026-03-28 19:40:45] 📋   [WARN]     压缩失败 [EP2cQdGpGGyQlHaPTy0pVjFQ_59b7d9e5@ios]: Skipped due to cooking limit
[2026-03-28 19:40:45] 📋   [WARN]     压缩失败 [EP2cQdGpGGyQlHaPTy0pVjFQ_59b7d9e5@android]: Skipped due to cooking limit
[2026-03-28 19:40:45] 📋   [WARN]     压缩失败 [EP2cQdGpGGyQlHaPTy0pVjFQ_59b7d9e5@windows]: Skipped due to cooking limit
[2026-03-28 19:40:45] 📋   [WARN]     压缩失败 [AstIoWWzMfoZGmtKi347_hN4_933e1a09@ios]: Skipped due to cooking limit
[2026-03-28 19:40:45] 📋   [WARN]     压缩失败 [AstIoWWzMfoZGmtKi347_hN4_933e1a09@android]: Skipped due to cooking limit
[2026-03-28 19:40:45] 📋   [WARN]     压缩失败 [AstIoWWzMfoZGmtKi347_hN4_933e1a09@windows]: Skipped due to cooking limit
[2026-03-28 19:40:45] 📋   [WARN]     压缩失败 [Fi-HAXVbSWU7z9v72ZN6-Nj3_dface37d@ios]: Skipped due to cooking limit
[2026-03-28 19:40:45] 📋   [WARN]     压缩失败 [Fi-HAXVbSWU7z9v72ZN6-Nj3_dface37d@android]: Skipped due to cooking limit
[2026-03-28 19:40:45] 📋   [WARN]     压缩失败 [Fi-HAXVbSWU7z9v72ZN6-Nj3_dface37d@windows]: Skipped due to cooking limit
[2026-03-28 19:40:45] 📋   [WARN]     压缩失败 [GLaH6cJk86E9mxLP2Fnr1Ies_08d86581@ios]: Skipped due to cooking limit
[2026-03-28 19:40:45] 📋   [WARN]     压缩失败 [GLaH6cJk86E9mxLP2Fnr1Ies_08d86581@android]: Skipped due to cooking limit
[2026-03-28 19:40:45] 📋   [WARN]     压缩失败 [GLaH6cJk86E9mxLP2Fnr1Ies_08d86581@windows]: Skipped due to cooking limit
[2026-03-28 19:40:45] 📋   [WARN]     压缩失败 [HPHo6SozvOpHsEPIaCYQ_3zF_90ffd80e@ios]: Skipped due to cooking limit
[2026-03-28 19:40:45] 📋   [WARN]     压缩失败 [HPHo6SozvOpHsEPIaCYQ_3zF_90ffd80e@android]: Skipped due to cooking limit
[2026-03-28 19:40:45] 📋   [WARN]     压缩失败 [HPHo6SozvOpHsEPIaCYQ_3zF_90ffd80e@windows]: Skipped due to cooking limit
[2026-03-28 19:40:45] 📋   [WARN]     压缩失败 [CcqhEZoli9QLeQVAtWfA4l5X_52946831@ios]: Skipped due to cooking limit
[2026-03-28 19:40:45] 📋   [WARN]     压缩失败 [CcqhEZoli9QLeQVAtWfA4l5X_52946831@android]: Skipped due to cooking limit
[2026-03-28 19:40:45] 📋   [WARN]     压缩失败 [CcqhEZoli9QLeQVAtWfA4l5X_52946831@windows]: Skipped due to cooking limit
[2026-03-28 19:40:45] 📋   [WARN]     压缩失败 [EtJuqV3JAJnycWvxC7Z-cbjT_9ac1767e@ios]: Skipped due to cooking limit
[2026-03-28 19:40:45] 📋   [WARN]     压缩失败 [EtJuqV3JAJnycWvxC7Z-cbjT_9ac1767e@android]: Skipped due to cooking limit
[2026-03-28 19:40:45] 📋   [WARN]     压缩失败 [EtJuqV3JAJnycWvxC7Z-cbjT_9ac1767e@windows]: Skipped due to cooking limit
[2026-03-28 19:40:45] 📋   [WARN]     压缩失败 [HFOEMbp2Wffl0-GEyX9_bT44_69b0f76d@ios]: Skipped due to cooking limit
[2026-03-28 19:40:45] 📋   [WARN]     压缩失败 [HFOEMbp2Wffl0-GEyX9_bT44_69b0f76d@android]: Skipped due to cooking limit
[2026-03-28 19:40:45] 📋   [WARN]     压缩失败 [HFOEMbp2Wffl0-GEyX9_bT44_69b0f76d@windows]: Skipped due to cooking limit
[2026-03-28 19:40:45] 📋   [WARN]     压缩失败 [GLMNSZgsf8co8ApunKkqmm0q_b0d27ee0@ios]: Skipped due to cooking limit
[2026-03-28 19:40:45] 📋   [WARN]     压缩失败 [GLMNSZgsf8co8ApunKkqmm0q_b0d27ee0@android]: Skipped due to cooking limit
[2026-03-28 19:40:45] 📋   [WARN]     压缩失败 [GLMNSZgsf8co8ApunKkqmm0q_b0d27ee0@windows]: Skipped due to cooking limit
[2026-03-28 19:40:45] 📋   [WARN]     压缩失败 [FfUHOdMdXrXYZARnvZNKXQDj_b381926b@ios]: Skipped due to cooking limit
[2026-03-28 19:40:45] 📋   [WARN]     压缩失败 [FfUHOdMdXrXYZARnvZNKXQDj_b381926b@android]: Skipped due to cooking limit
[2026-03-28 19:40:45] 📋   [WARN]     压缩失败 [FfUHOdMdXrXYZARnvZNKXQDj_b381926b@windows]: Skipped due to cooking limit
[2026-03-28 19:40:45] 📋   [WARN]     压缩失败 [Fxej4QilL802l7IgWuuGvdx3_fbed3f8f@ios]: Skipped due to cooking limit
[2026-03-28 19:40:45] 📋   [WARN]     压缩失败 [Fxej4QilL802l7IgWuuGvdx3_fbed3f8f@android]: Skipped due to cooking limit
[2026-03-28 19:40:45] 📋   [WARN]     压缩失败 [Fxej4QilL802l7IgWuuGvdx3_fbed3f8f@windows]: Skipped due to cooking limit
[2026-03-28 19:40:45] 📋   [WARN]     压缩失败 [E9eR8cpZbjnHP5RrIUI2jI7I_7e846d66@ios]: Skipped due to cooking limit
[2026-03-28 19:40:45] 📋   [WARN]     压缩失败 [E9eR8cpZbjnHP5RrIUI2jI7I_7e846d66@android]: Skipped due to cooking limit
[2026-03-28 19:40:45] 📋   [WARN]     压缩失败 [E9eR8cpZbjnHP5RrIUI2jI7I_7e846d66@windows]: Skipped due to cooking limit
[2026-03-28 19:40:45] 📋   [WARN]     压缩失败 [ATNpAW7P1WEmqqY3RXZMxs9u_73ca1148@ios]: Skipped due to cooking limit
[2026-03-28 19:40:45] 📋   [WARN]     压缩失败 [ATNpAW7P1WEmqqY3RXZMxs9u_73ca1148@android]: Skipped due to cooking limit
[2026-03-28 19:40:45] 📋   [WARN]     压缩失败 [ATNpAW7P1WEmqqY3RXZMxs9u_73ca1148@windows]: Skipped due to cooking limit
[2026-03-28 19:40:45] 📋   [WARN]     压缩失败 [A4m68QhbNBeANz5gvnVjvsaj_c91cdc5d@ios]: Skipped due to cooking limit
[2026-03-28 19:40:45] 📋   [WARN]     压缩失败 [A4m68QhbNBeANz5gvnVjvsaj_c91cdc5d@android]: Skipped due to cooking limit
[2026-03-28 19:40:45] 📋   [WARN]     压缩失败 [A4m68QhbNBeANz5gvnVjvsaj_c91cdc5d@windows]: Skipped due to cooking limit
[2026-03-28 19:40:45] 📋   [WARN]     压缩失败 [HsdaAZOccNuR2e4H_vEMyjzz_148763f5@ios]: Skipped due to cooking limit
[2026-03-28 19:40:45] 📋   [WARN]     压缩失败 [HsdaAZOccNuR2e4H_vEMyjzz_148763f5@android]: Skipped due to cooking limit
[2026-03-28 19:40:45] 📋   [WARN]     压缩失败 [HsdaAZOccNuR2e4H_vEMyjzz_148763f5@windows]: Skipped due to cooking limit
[2026-03-28 19:40:45] 📋   [WARN]     压缩失败 [E22c2Sfi74kpIeYk9TJXfxVA_a744b44b@ios]: Skipped due to cooking limit
[2026-03-28 19:40:45] 📋   [WARN]     压缩失败 [E22c2Sfi74kpIeYk9TJXfxVA_a744b44b@android]: Skipped due to cooking limit
[2026-03-28 19:40:45] 📋   [WARN]     压缩失败 [E22c2Sfi74kpIeYk9TJXfxVA_a744b44b@windows]: Skipped due to cooking limit
[2026-03-28 19:40:45] 📋   [WARN]     压缩失败 [DU6XOT_fUkVU6e_05GdDVXVF_bbd426af@ios]: Skipped due to cooking limit
[2026-03-28 19:40:45] 📋   [WARN]     压缩失败 [DU6XOT_fUkVU6e_05GdDVXVF_bbd426af@android]: Skipped due to cooking limit
[2026-03-28 19:40:45] 📋   [WARN]     压缩失败 [DU6XOT_fUkVU6e_05GdDVXVF_bbd426af@windows]: Skipped due to cooking limit
[2026-03-28 19:40:45] 📋   [WARN]     压缩失败 [Fkdn8d-HcV4rHmA7s09q9c5A_4ac68800@ios]: Skipped due to cooking limit
[2026-03-28 19:40:45] 📋   [WARN]     压缩失败 [Fkdn8d-HcV4rHmA7s09q9c5A_4ac68800@android]: Skipped due to cooking limit
[2026-03-28 19:40:45] 📋   [WARN]     压缩失败 [Fkdn8d-HcV4rHmA7s09q9c5A_4ac68800@windows]: Skipped due to cooking limit
[2026-03-28 19:40:45] 📋   [WARN]     压缩失败 [HRVd4XRjIvbSrj3hXvmPqjkF_b854dc12@ios]: Skipped due to cooking limit
[2026-03-28 19:40:45] 📋   [WARN]     压缩失败 [HRVd4XRjIvbSrj3hXvmPqjkF_b854dc12@android]: Skipped due to cooking limit
[2026-03-28 19:40:45] 📋   [WARN]     压缩失败 [HRVd4XRjIvbSrj3hXvmPqjkF_b854dc12@windows]: Skipped due to cooking limit
[2026-03-28 19:40:45] 📋   [WARN]     压缩失败 [HoNvkeuHtxc9UedEwrWsx1dF_4b64864b@ios]: Skipped due to cooking limit
[2026-03-28 19:40:45] 📋   [WARN]     压缩失败 [HoNvkeuHtxc9UedEwrWsx1dF_4b64864b@android]: Skipped due to cooking limit
[2026-03-28 19:40:45] 📋   [WARN]     压缩失败 [HoNvkeuHtxc9UedEwrWsx1dF_4b64864b@windows]: Skipped due to cooking limit
[2026-03-28 19:40:45] 📋   [WARN]     压缩失败 [CuCZiTFINIz4wq8flxvtYqhu_63278ca9@ios]: Skipped due to cooking limit
[2026-03-28 19:40:45] 📋   [WARN]     压缩失败 [CuCZiTFINIz4wq8flxvtYqhu_63278ca9@android]: Skipped due to cooking limit
[2026-03-28 19:40:45] 📋   [WARN]     压缩失败 [CuCZiTFINIz4wq8flxvtYqhu_63278ca9@windows]: Skipped due to cooking limit
[2026-03-28 19:40:45] 📋   [WARN]     压缩失败 [HYIJ8QIP3j53IsmyRnr0N1Ld_680e0814@ios]: Skipped due to cooking limit
[2026-03-28 19:40:45] 📋   [WARN]     压缩失败 [HYIJ8QIP3j53IsmyRnr0N1Ld_680e0814@android]: Skipped due to cooking limit
[2026-03-28 19:40:45] 📋   [WARN]     压缩失败 [HYIJ8QIP3j53IsmyRnr0N1Ld_680e0814@windows]: Skipped due to cooking limit
[2026-03-28 19:40:45] 📋   [WARN]     压缩失败 [B8RWsbGhrQmjOo7yiQi6oPwb_29725571@ios]: Skipped due to cooking limit
[2026-03-28 19:40:45] 📋   [WARN]     压缩失败 [B8RWsbGhrQmjOo7yiQi6oPwb_29725571@android]: Skipped due to cooking limit
[2026-03-28 19:40:45] 📋   [WARN]     压缩失败 [B8RWsbGhrQmjOo7yiQi6oPwb_29725571@windows]: Skipped due to cooking limit
[2026-03-28 19:40:45] 📋   [WARN]     压缩失败 [FtV4EUOta78bgQKwDxYjhWc7_2ecc7511@ios]: Skipped due to cooking limit
[2026-03-28 19:40:45] 📋   [WARN]     压缩失败 [FtV4EUOta78bgQKwDxYjhWc7_2ecc7511@android]: Skipped due to cooking limit
[2026-03-28 19:40:45] 📋   [WARN]     压缩失败 [FtV4EUOta78bgQKwDxYjhWc7_2ecc7511@windows]: Skipped due to cooking limit
[2026-03-28 19:40:45] 📋   [WARN]     压缩失败 [CBlS-dPk6xQeJpz1zbEBMvLg_d0e5b62d@ios]: Skipped due to cooking limit
[2026-03-28 19:40:45] 📋   [WARN]     压缩失败 [CBlS-dPk6xQeJpz1zbEBMvLg_d0e5b62d@android]: Skipped due to cooking limit
[2026-03-28 19:40:45] 📋   [WARN]     压缩失败 [CBlS-dPk6xQeJpz1zbEBMvLg_d0e5b62d@windows]: Skipped due to cooking limit
[2026-03-28 19:40:45] 📋   [WARN]     压缩失败 [Gdewed-lq9pOQOkbibszlaKX_5c356013@ios]: Skipped due to cooking limit
[2026-03-28 19:40:45] 📋   [WARN]     压缩失败 [Gdewed-lq9pOQOkbibszlaKX_5c356013@android]: Skipped due to cooking limit
[2026-03-28 19:40:45] 📋   [WARN]     压缩失败 [Gdewed-lq9pOQOkbibszlaKX_5c356013@windows]: Skipped due to cooking limit
[2026-03-28 19:40:45] 📋   [WARN]     压缩失败 [Emi7GXdklU_Bs8plOh4Jkcpn_13e70f40@ios]: Skipped due to cooking limit
[2026-03-28 19:40:45] 📋   [WARN]     压缩失败 [Emi7GXdklU_Bs8plOh4Jkcpn_13e70f40@android]: Skipped due to cooking limit
[2026-03-28 19:40:45] 📋   [WARN]     压缩失败 [Emi7GXdklU_Bs8plOh4Jkcpn_13e70f40@windows]: Skipped due to cooking limit
[2026-03-28 19:40:45] 📋   [WARN]     压缩失败 [Dr15QdOr0KFt67gkp-H0QWB6_be1d8ab0@ios]: Skipped due to cooking limit
[2026-03-28 19:40:45] 📋   [WARN]     压缩失败 [Dr15QdOr0KFt67gkp-H0QWB6_be1d8ab0@android]: Skipped due to cooking limit
[2026-03-28 19:40:45] 📋   [WARN]     压缩失败 [Dr15QdOr0KFt67gkp-H0QWB6_be1d8ab0@windows]: Skipped due to cooking limit
[2026-03-28 19:40:45] 📋   [WARN]     压缩失败 [FvShYSnb33phvNLrbwoUyqvP_21b661fa@ios]: Skipped due to cooking limit
[2026-03-28 19:40:45] 📋   [WARN]     压缩失败 [FvShYSnb33phvNLrbwoUyqvP_21b661fa@android]: Skipped due to cooking limit
[2026-03-28 19:40:45] 📋   [WARN]     压缩失败 [FvShYSnb33phvNLrbwoUyqvP_21b661fa@windows]: Skipped due to cooking limit
[2026-03-28 19:40:45] 📋   [WARN]     压缩失败 [DCQpWbNYpsMdyzlUVIAlUhtL_309297db@ios]: Skipped due to cooking limit
[2026-03-28 19:40:45] 📋   [WARN]     压缩失败 [DCQpWbNYpsMdyzlUVIAlUhtL_309297db@android]: Skipped due to cooking limit
[2026-03-28 19:40:45] 📋   [WARN]     压缩失败 [DCQpWbNYpsMdyzlUVIAlUhtL_309297db@windows]: Skipped due to cooking limit
[2026-03-28 19:40:45] 📋   [WARN]     压缩失败 [F2gKqfxkguB3bFtXm7bpPCLs_95664fa5@ios]: Skipped due to cooking limit
[2026-03-28 19:40:46] 📋   [WARN]     压缩失败 [F2gKqfxkguB3bFtXm7bpPCLs_95664fa5@android]: Skipped due to cooking limit
[2026-03-28 19:40:46] 📋   [WARN]     压缩失败 [F2gKqfxkguB3bFtXm7bpPCLs_95664fa5@windows]: Skipped due to cooking limit
[2026-03-28 19:40:46] 📋   [WARN]     压缩失败 [HVVe6VrXjKlCojmSGXOftnQN_94ae4ef9@ios]: Skipped due to cooking limit
[2026-03-28 19:40:46] 📋   [WARN]     压缩失败 [HVVe6VrXjKlCojmSGXOftnQN_94ae4ef9@android]: Skipped due to cooking limit
[2026-03-28 19:40:46] 📋   [WARN]     压缩失败 [HVVe6VrXjKlCojmSGXOftnQN_94ae4ef9@windows]: Skipped due to cooking limit
[2026-03-28 19:40:46] 📋   [WARN]     压缩失败 [BQDWsQob69pqUplENbt-ouXF_61a4875c@ios]: Skipped due to cooking limit
[2026-03-28 19:40:46] 📋   [WARN]     压缩失败 [BQDWsQob69pqUplENbt-ouXF_61a4875c@android]: Skipped due to cooking limit
[2026-03-28 19:40:46] 📋   [WARN]     压缩失败 [BQDWsQob69pqUplENbt-ouXF_61a4875c@windows]: Skipped due to cooking limit
[2026-03-28 19:40:46] 📋   [WARN]     压缩失败 [CK0TMUDUqKXivr4SgvkPYF_J_0f12b5e6@ios]: Skipped due to cooking limit
[2026-03-28 19:40:46] 📋   [WARN]     压缩失败 [CK0TMUDUqKXivr4SgvkPYF_J_0f12b5e6@android]: Skipped due to cooking limit
[2026-03-28 19:40:46] 📋   [WARN]     压缩失败 [CK0TMUDUqKXivr4SgvkPYF_J_0f12b5e6@windows]: Skipped due to cooking limit
[2026-03-28 19:40:46] 📋   [WARN]     压缩失败 [Hhx4iToKWIq9lcEMNp_9s53R_fc174678@ios]: Skipped due to cooking limit
[2026-03-28 19:40:46] 📋   [WARN]     压缩失败 [Hhx4iToKWIq9lcEMNp_9s53R_fc174678@android]: Skipped due to cooking limit
[2026-03-28 19:40:46] 📋   [WARN]     压缩失败 [Hhx4iToKWIq9lcEMNp_9s53R_fc174678@windows]: Skipped due to cooking limit
[2026-03-28 19:40:46] 📋   [WARN]     压缩失败 [DtWNeR0fZub1p7j5y0AiXMfS_2605d54e@ios]: Skipped due to cooking limit
[2026-03-28 19:40:46] 📋   [WARN]     压缩失败 [DtWNeR0fZub1p7j5y0AiXMfS_2605d54e@android]: Skipped due to cooking limit
[2026-03-28 19:40:46] 📋   [WARN]     压缩失败 [DtWNeR0fZub1p7j5y0AiXMfS_2605d54e@windows]: Skipped due to cooking limit
[2026-03-28 19:40:46] 📋   [WARN]     压缩失败 [H9gNYRqOtqTSYGe8Tr8S6Pnu_6563d9e7@ios]: Skipped due to cooking limit
[2026-03-28 19:40:46] 📋   [WARN]     压缩失败 [H9gNYRqOtqTSYGe8Tr8S6Pnu_6563d9e7@android]: Skipped due to cooking limit
[2026-03-28 19:40:46] 📋   [WARN]     压缩失败 [H9gNYRqOtqTSYGe8Tr8S6Pnu_6563d9e7@windows]: Skipped due to cooking limit
[2026-03-28 19:40:46] 📋   [WARN]     压缩失败 [FCU0gUC3MLJvMyPcqbd5Vhch_acdf53c0@ios]: Skipped due to cooking limit
[2026-03-28 19:40:46] 📋   [WARN]     压缩失败 [FCU0gUC3MLJvMyPcqbd5Vhch_acdf53c0@android]: Skipped due to cooking limit
[2026-03-28 19:40:46] 📋   [WARN]     压缩失败 [FCU0gUC3MLJvMyPcqbd5Vhch_acdf53c0@windows]: Skipped due to cooking limit
[2026-03-28 19:40:46] 📋   [WARN]     压缩失败 [AQircRIze_ARGqMzAKskU6M-_563329ee@ios]: Skipped due to cooking limit
[2026-03-28 19:40:46] 📋   [WARN]     压缩失败 [AQircRIze_ARGqMzAKskU6M-_563329ee@android]: Skipped due to cooking limit
[2026-03-28 19:40:46] 📋   [WARN]     压缩失败 [AQircRIze_ARGqMzAKskU6M-_563329ee@windows]: Skipped due to cooking limit
[2026-03-28 19:40:46] 📋   [WARN]     压缩失败 [B_03eewieGdTyIR_parQNnxM_2f29cae8@ios]: Skipped due to cooking limit
[2026-03-28 19:40:46] 📋   [WARN]     压缩失败 [B_03eewieGdTyIR_parQNnxM_2f29cae8@android]: Skipped due to cooking limit
[2026-03-28 19:40:46] 📋   [WARN]     压缩失败 [B_03eewieGdTyIR_parQNnxM_2f29cae8@windows]: Skipped due to cooking limit
[2026-03-28 19:40:46] 📋   [WARN]     压缩失败 [AUCoSTNWHG-S39R3wAobNDiO_f8cdc04e@ios]: Skipped due to cooking limit
[2026-03-28 19:40:46] 📋   [WARN]     压缩失败 [AUCoSTNWHG-S39R3wAobNDiO_f8cdc04e@android]: Skipped due to cooking limit
[2026-03-28 19:40:46] 📋   [WARN]     压缩失败 [AUCoSTNWHG-S39R3wAobNDiO_f8cdc04e@windows]: Skipped due to cooking limit
[2026-03-28 19:40:46] 📋   [WARN]     压缩失败 [E_foObkd563iaX4BMhX_fM1__9b17ec24@ios]: Skipped due to cooking limit
[2026-03-28 19:40:46] 📋   [WARN]     压缩失败 [E_foObkd563iaX4BMhX_fM1__9b17ec24@android]: Skipped due to cooking limit
[2026-03-28 19:40:46] 📋   [WARN]     压缩失败 [E_foObkd563iaX4BMhX_fM1__9b17ec24@windows]: Skipped due to cooking limit
[2026-03-28 19:40:46] 📋   [WARN]     压缩失败 [FfgY0V1Q4nZjoJw803y5ugT2_65d5f1b4@ios]: Skipped due to cooking limit
[2026-03-28 19:40:46] 📋   [WARN]     压缩失败 [FfgY0V1Q4nZjoJw803y5ugT2_65d5f1b4@android]: Skipped due to cooking limit
[2026-03-28 19:40:46] 📋   [WARN]     压缩失败 [FfgY0V1Q4nZjoJw803y5ugT2_65d5f1b4@windows]: Skipped due to cooking limit
[2026-03-28 19:40:46] 📋   [WARN]     压缩失败 [Bk75iXGi9nqJ2N2VNPx2JSiF_f948ce08@ios]: Skipped due to cooking limit
[2026-03-28 19:40:46] 📋   [WARN]     压缩失败 [Bk75iXGi9nqJ2N2VNPx2JSiF_f948ce08@android]: Skipped due to cooking limit
[2026-03-28 19:40:46] 📋   [WARN]     压缩失败 [Bk75iXGi9nqJ2N2VNPx2JSiF_f948ce08@windows]: Skipped due to cooking limit
[2026-03-28 19:40:46] 📋   [WARN]     压缩失败 [G7wEeWHwhdmx88xqbNCu5wSc_28c75abd@ios]: Skipped due to cooking limit
[2026-03-28 19:40:46] 📋   [WARN]     压缩失败 [G7wEeWHwhdmx88xqbNCu5wSc_28c75abd@android]: Skipped due to cooking limit
[2026-03-28 19:40:46] 📋   [WARN]     压缩失败 [G7wEeWHwhdmx88xqbNCu5wSc_28c75abd@windows]: Skipped due to cooking limit
[2026-03-28 19:40:46] 📋   [WARN]     压缩失败 [BwM3oZJA_X3B96thLYLvXIvX_95257d89@ios]: Skipped due to cooking limit
[2026-03-28 19:40:46] 📋   [WARN]     压缩失败 [BwM3oZJA_X3B96thLYLvXIvX_95257d89@android]: Skipped due to cooking limit
[2026-03-28 19:40:46] 📋   [WARN]     压缩失败 [BwM3oZJA_X3B96thLYLvXIvX_95257d89@windows]: Skipped due to cooking limit
[2026-03-28 19:40:46] 📋   [WARN]     压缩失败 [Dq8x8e54jRIQ5GkjJ3HXA_fC_90cbfee2@ios]: Skipped due to cooking limit
[2026-03-28 19:40:46] 📋   [WARN]     压缩失败 [Dq8x8e54jRIQ5GkjJ3HXA_fC_90cbfee2@android]: Skipped due to cooking limit
[2026-03-28 19:40:46] 📋   [WARN]     压缩失败 [Dq8x8e54jRIQ5GkjJ3HXA_fC_90cbfee2@windows]: Skipped due to cooking limit
[2026-03-28 19:40:46] 📋   [WARN]     压缩失败 [BykukaDuHD-X4gRsmvWl-Ze5_0b307ef5@ios]: Skipped due to cooking limit
[2026-03-28 19:40:46] 📋   [WARN]     压缩失败 [BykukaDuHD-X4gRsmvWl-Ze5_0b307ef5@android]: Skipped due to cooking limit
[2026-03-28 19:40:46] 📋   [WARN]     压缩失败 [BykukaDuHD-X4gRsmvWl-Ze5_0b307ef5@windows]: Skipped due to cooking limit
[2026-03-28 19:40:46] 📋   [WARN]     压缩失败 [GwxdSaOspBKR2AZC5aVb4qnE_e1852d68@ios]: Skipped due to cooking limit
[2026-03-28 19:40:46] 📋   [WARN]     压缩失败 [GwxdSaOspBKR2AZC5aVb4qnE_e1852d68@android]: Skipped due to cooking limit
[2026-03-28 19:40:46] 📋   [WARN]     压缩失败 [GwxdSaOspBKR2AZC5aVb4qnE_e1852d68@windows]: Skipped due to cooking limit
[2026-03-28 19:40:46] 📋   [WARN]     压缩失败 [C1GTQT0cx3Ts4ddFfXRk6GHR_5bf8c4ec@ios]: Skipped due to cooking limit
[2026-03-28 19:40:46] 📋   [WARN]     压缩失败 [C1GTQT0cx3Ts4ddFfXRk6GHR_5bf8c4ec@android]: Skipped due to cooking limit
[2026-03-28 19:40:46] 📋   [WARN]     压缩失败 [C1GTQT0cx3Ts4ddFfXRk6GHR_5bf8c4ec@windows]: Skipped due to cooking limit
[2026-03-28 19:40:46] 📋   [WARN]     压缩失败 [DM31UeaN8eiMmSnK1xS7ujxm_96026494@ios]: Skipped due to cooking limit
[2026-03-28 19:40:46] 📋   [WARN]     压缩失败 [DM31UeaN8eiMmSnK1xS7ujxm_96026494@android]: Skipped due to cooking limit
[2026-03-28 19:40:46] 📋   [WARN]     压缩失败 [DM31UeaN8eiMmSnK1xS7ujxm_96026494@windows]: Skipped due to cooking limit
[2026-03-28 19:40:46] 📋   [WARN]     压缩失败 [BEAjSY5rHL-DroeIa0j12t_S_0a526040@ios]: Skipped due to cooking limit
[2026-03-28 19:40:46] 📋   [WARN]     压缩失败 [BEAjSY5rHL-DroeIa0j12t_S_0a526040@android]: Skipped due to cooking limit
[2026-03-28 19:40:46] 📋   [WARN]     压缩失败 [BEAjSY5rHL-DroeIa0j12t_S_0a526040@windows]: Skipped due to cooking limit
[2026-03-28 19:40:46] 📋   [WARN]     压缩失败 [Dnfe6fgFfZFzYOMXDbOe_eM5_1d719158@ios]: Skipped due to cooking limit
[2026-03-28 19:40:46] 📋   [WARN]     压缩失败 [Dnfe6fgFfZFzYOMXDbOe_eM5_1d719158@android]: Skipped due to cooking limit
[2026-03-28 19:40:46] 📋   [WARN]     压缩失败 [Dnfe6fgFfZFzYOMXDbOe_eM5_1d719158@windows]: Skipped due to cooking limit
[2026-03-28 19:40:46] 📋   [WARN]     压缩失败 [FSCxibekd63fd_tsd_W8iSP8_52c31e4f@ios]: Skipped due to cooking limit
[2026-03-28 19:40:46] 📋   [WARN]     压缩失败 [FSCxibekd63fd_tsd_W8iSP8_52c31e4f@android]: Skipped due to cooking limit
[2026-03-28 19:40:46] 📋   [WARN]     压缩失败 [FSCxibekd63fd_tsd_W8iSP8_52c31e4f@windows]: Skipped due to cooking limit
[2026-03-28 19:40:46] 📋   [WARN]     压缩失败 [CJxDWV5l63dLzv0tLUvqqmz__8fcb9826@ios]: Skipped due to cooking limit
[2026-03-28 19:40:46] 📋   [WARN]     压缩失败 [CJxDWV5l63dLzv0tLUvqqmz__8fcb9826@android]: Skipped due to cooking limit
[2026-03-28 19:40:46] 📋   [WARN]     压缩失败 [CJxDWV5l63dLzv0tLUvqqmz__8fcb9826@windows]: Skipped due to cooking limit
[2026-03-28 19:40:46] 📋   [WARN]     压缩失败 [Crq9sY-otN0h8C0MjBDi6Xj1_14df1832@ios]: Skipped due to cooking limit
[2026-03-28 19:40:46] 📋   [WARN]     压缩失败 [Crq9sY-otN0h8C0MjBDi6Xj1_14df1832@android]: Skipped due to cooking limit
[2026-03-28 19:40:46] 📋   [WARN]     压缩失败 [Crq9sY-otN0h8C0MjBDi6Xj1_14df1832@windows]: Skipped due to cooking limit
[2026-03-28 19:40:46] 📋   [WARN]     压缩失败 [F8ydEVhmGmBp19h3kFe7wTnV_c6f29ce9@ios]: Skipped due to cooking limit
[2026-03-28 19:40:46] 📋   [WARN]     压缩失败 [F8ydEVhmGmBp19h3kFe7wTnV_c6f29ce9@android]: Skipped due to cooking limit
[2026-03-28 19:40:46] 📋   [WARN]     压缩失败 [F8ydEVhmGmBp19h3kFe7wTnV_c6f29ce9@windows]: Skipped due to cooking limit
[2026-03-28 19:40:46] 📋   [WARN]     压缩失败 [Gq2cGaTH40_KPFqJtseXFCvc_691702b3@ios]: Skipped due to cooking limit
[2026-03-28 19:40:46] 📋   [WARN]     压缩失败 [Gq2cGaTH40_KPFqJtseXFCvc_691702b3@android]: Skipped due to cooking limit
[2026-03-28 19:40:46] 📋   [WARN]     压缩失败 [Gq2cGaTH40_KPFqJtseXFCvc_691702b3@windows]: Skipped due to cooking limit
[2026-03-28 19:40:46] 📋   [WARN]     压缩失败 [GoNWOVX6PVHGmgfxhg3HKGy6_719aa1e9@ios]: Skipped due to cooking limit
[2026-03-28 19:40:46] 📋   [WARN]     压缩失败 [GoNWOVX6PVHGmgfxhg3HKGy6_719aa1e9@android]: Skipped due to cooking limit
[2026-03-28 19:40:46] 📋   [WARN]     压缩失败 [GoNWOVX6PVHGmgfxhg3HKGy6_719aa1e9@windows]: Skipped due to cooking limit
[2026-03-28 19:40:46] 📋   [WARN]     压缩失败 [HH4imdhHc3OvXsOUwV5V32R__dd2b9be7@ios]: Skipped due to cooking limit
[2026-03-28 19:40:46] 📋   [WARN]     压缩失败 [HH4imdhHc3OvXsOUwV5V32R__dd2b9be7@android]: Skipped due to cooking limit
[2026-03-28 19:40:46] 📋   [WARN]     压缩失败 [HH4imdhHc3OvXsOUwV5V32R__dd2b9be7@windows]: Skipped due to cooking limit
[2026-03-28 19:40:46] 📋   [WARN]     压缩失败 [GNNfydalVKfFuMy1ea34hLrD_ed7f15f4@ios]: Skipped due to cooking limit
[2026-03-28 19:40:46] 📋   [WARN]     压缩失败 [GNNfydalVKfFuMy1ea34hLrD_ed7f15f4@android]: Skipped due to cooking limit
[2026-03-28 19:40:46] 📋   [WARN]     压缩失败 [GNNfydalVKfFuMy1ea34hLrD_ed7f15f4@windows]: Skipped due to cooking limit
[2026-03-28 19:40:46] 📋   [WARN]     压缩失败 [BXI5yXg3mmDzAJNsn516eF-__72d88509@ios]: Skipped due to cooking limit
[2026-03-28 19:40:46] 📋   [WARN]     压缩失败 [BXI5yXg3mmDzAJNsn516eF-__72d88509@android]: Skipped due to cooking limit
[2026-03-28 19:40:46] 📋   [WARN]     压缩失败 [BXI5yXg3mmDzAJNsn516eF-__72d88509@windows]: Skipped due to cooking limit
[2026-03-28 19:40:46] 📋   [WARN]     压缩失败 [GP8pOSssYNBXGKF54tsS8DUF_7aeb7864@ios]: Skipped due to cooking limit
[2026-03-28 19:40:46] 📋   [WARN]     压缩失败 [GP8pOSssYNBXGKF54tsS8DUF_7aeb7864@android]: Skipped due to cooking limit
[2026-03-28 19:40:46] 📋   [WARN]     压缩失败 [GP8pOSssYNBXGKF54tsS8DUF_7aeb7864@windows]: Skipped due to cooking limit
[2026-03-28 19:40:46] 📋   [WARN]     压缩失败 [ElJSIbKUXBdKqhkEIJbly0JI_a8ddc8a0@ios]: Skipped due to cooking limit
[2026-03-28 19:40:47] 📋   [WARN]     压缩失败 [ElJSIbKUXBdKqhkEIJbly0JI_a8ddc8a0@android]: Skipped due to cooking limit
[2026-03-28 19:40:47] 📋   [WARN]     压缩失败 [ElJSIbKUXBdKqhkEIJbly0JI_a8ddc8a0@windows]: Skipped due to cooking limit
[2026-03-28 19:40:47] 📋   [WARN]     压缩失败 [HaKjcRsuj2k3abCgll0Cu86p_3e901a0b@ios]: Skipped due to cooking limit
[2026-03-28 19:40:47] 📋   [WARN]     压缩失败 [HaKjcRsuj2k3abCgll0Cu86p_3e901a0b@android]: Skipped due to cooking limit
[2026-03-28 19:40:47] 📋   [WARN]     压缩失败 [HaKjcRsuj2k3abCgll0Cu86p_3e901a0b@windows]: Skipped due to cooking limit
[2026-03-28 19:40:47] 📋   [WARN]     压缩失败 [FGRJSSSg40LisTwIfluTiFCH_b4eb95a5@ios]: Skipped due to cooking limit
[2026-03-28 19:40:47] 📋   [WARN]     压缩失败 [FGRJSSSg40LisTwIfluTiFCH_b4eb95a5@android]: Skipped due to cooking limit
[2026-03-28 19:40:47] 📋   [WARN]     压缩失败 [FGRJSSSg40LisTwIfluTiFCH_b4eb95a5@windows]: Skipped due to cooking limit
[2026-03-28 19:40:47] 📋   [WARN]     压缩失败 [BDrIqano3Ck1JxHGBSqe4CyX_c084cea1@ios]: Skipped due to cooking limit
[2026-03-28 19:40:47] 📋   [WARN]     压缩失败 [BDrIqano3Ck1JxHGBSqe4CyX_c084cea1@android]: Skipped due to cooking limit
[2026-03-28 19:40:47] 📋   [WARN]     压缩失败 [BDrIqano3Ck1JxHGBSqe4CyX_c084cea1@windows]: Skipped due to cooking limit
[2026-03-28 19:40:47] 📋   [WARN]     压缩失败 [ALNSSaLPFcxxgzOVTEyXVFPD_8b1bd028@ios]: Skipped due to cooking limit
[2026-03-28 19:40:47] 📋   [WARN]     压缩失败 [ALNSSaLPFcxxgzOVTEyXVFPD_8b1bd028@android]: Skipped due to cooking limit
[2026-03-28 19:40:47] 📋   [WARN]     压缩失败 [ALNSSaLPFcxxgzOVTEyXVFPD_8b1bd028@windows]: Skipped due to cooking limit
[2026-03-28 19:40:47] 📋   [WARN]     压缩失败 [ANv8sZ4bKFLz8ZjLjgHt1ay8_8dba7f26@ios]: Skipped due to cooking limit
[2026-03-28 19:40:47] 📋   [WARN]     压缩失败 [ANv8sZ4bKFLz8ZjLjgHt1ay8_8dba7f26@android]: Skipped due to cooking limit
[2026-03-28 19:40:47] 📋   [WARN]     压缩失败 [ANv8sZ4bKFLz8ZjLjgHt1ay8_8dba7f26@windows]: Skipped due to cooking limit
[2026-03-28 19:40:47] 📋   [WARN]     压缩失败 [GyWrye5DKpoj1Ze7sZUKmVcg_4527230e@ios]: Skipped due to cooking limit
[2026-03-28 19:40:47] 📋   [WARN]     压缩失败 [GyWrye5DKpoj1Ze7sZUKmVcg_4527230e@android]: Skipped due to cooking limit
[2026-03-28 19:40:47] 📋   [WARN]     压缩失败 [GyWrye5DKpoj1Ze7sZUKmVcg_4527230e@windows]: Skipped due to cooking limit
[2026-03-28 19:40:47] 📋   [WARN]     压缩失败 [GkIrKayoJo3d7wuuk33hR1IC_8594ecf5@ios]: Skipped due to cooking limit
[2026-03-28 19:40:47] 📋   [WARN]     压缩失败 [GkIrKayoJo3d7wuuk33hR1IC_8594ecf5@android]: Skipped due to cooking limit
[2026-03-28 19:40:47] 📋   [WARN]     压缩失败 [GkIrKayoJo3d7wuuk33hR1IC_8594ecf5@windows]: Skipped due to cooking limit
[2026-03-28 19:40:47] 📋   [WARN]     压缩失败 [ELfL4eIkKBzVMnFECoO1UWun_d71c0cc6@ios]: Skipped due to cooking limit
[2026-03-28 19:40:47] 📋   [WARN]     压缩失败 [ELfL4eIkKBzVMnFECoO1UWun_d71c0cc6@android]: Skipped due to cooking limit
[2026-03-28 19:40:47] 📋   [WARN]     压缩失败 [ELfL4eIkKBzVMnFECoO1UWun_d71c0cc6@windows]: Skipped due to cooking limit
[2026-03-28 19:40:47] 📋   [WARN]     压缩失败 [Cub9QXUD7U_coDbUEBiju7So_df64762e@ios]: Skipped due to cooking limit
[2026-03-28 19:40:47] 📋   [WARN]     压缩失败 [Cub9QXUD7U_coDbUEBiju7So_df64762e@android]: Skipped due to cooking limit
[2026-03-28 19:40:47] 📋   [WARN]     压缩失败 [Cub9QXUD7U_coDbUEBiju7So_df64762e@windows]: Skipped due to cooking limit
[2026-03-28 19:40:47] 📋   [WARN]     压缩失败 [BIPnOXpSXviGAmgvQnGzgFaC_42cc9963@ios]: Skipped due to cooking limit
[2026-03-28 19:40:47] 📋   [WARN]     压缩失败 [BIPnOXpSXviGAmgvQnGzgFaC_42cc9963@android]: Skipped due to cooking limit
[2026-03-28 19:40:47] 📋   [WARN]     压缩失败 [BIPnOXpSXviGAmgvQnGzgFaC_42cc9963@windows]: Skipped due to cooking limit
[2026-03-28 19:40:47] 📋   [WARN]     压缩失败 [G8ez2eDlR1HdzG8_6mt-LBle_3cbf3578@ios]: Skipped due to cooking limit
[2026-03-28 19:40:47] 📋   [WARN]     压缩失败 [G8ez2eDlR1HdzG8_6mt-LBle_3cbf3578@android]: Skipped due to cooking limit
[2026-03-28 19:40:47] 📋   [WARN]     压缩失败 [G8ez2eDlR1HdzG8_6mt-LBle_3cbf3578@windows]: Skipped due to cooking limit
[2026-03-28 19:40:47] 📋   [WARN]     压缩失败 [F0KL4ZG18Pqt3_gjfTzvXRY5_fdd4154c@ios]: Skipped due to cooking limit
[2026-03-28 19:40:47] 📋   [WARN]     压缩失败 [F0KL4ZG18Pqt3_gjfTzvXRY5_fdd4154c@android]: Skipped due to cooking limit
[2026-03-28 19:40:47] 📋   [WARN]     压缩失败 [F0KL4ZG18Pqt3_gjfTzvXRY5_fdd4154c@windows]: Skipped due to cooking limit
[2026-03-28 19:40:47] 📋   [WARN]     压缩失败 [HzTFYaujRoI9sWqXscJe96ON_c8e1f48e@ios]: Skipped due to cooking limit
[2026-03-28 19:40:47] 📋   [WARN]     压缩失败 [HzTFYaujRoI9sWqXscJe96ON_c8e1f48e@android]: Skipped due to cooking limit
[2026-03-28 19:40:47] 📋   [WARN]     压缩失败 [HzTFYaujRoI9sWqXscJe96ON_c8e1f48e@windows]: Skipped due to cooking limit
[2026-03-28 19:40:47] 📋   [WARN]     压缩失败 [A_l2-byUX4OItHUPpTiJmo64_93ac9573@ios]: Skipped due to cooking limit
[2026-03-28 19:40:47] 📋   [WARN]     压缩失败 [A_l2-byUX4OItHUPpTiJmo64_93ac9573@android]: Skipped due to cooking limit
[2026-03-28 19:40:47] 📋   [WARN]     压缩失败 [A_l2-byUX4OItHUPpTiJmo64_93ac9573@windows]: Skipped due to cooking limit
[2026-03-28 19:40:47] 📋   [WARN]     压缩失败 [A46WCSfSRNSed1YLVmW7ZMst_379e26a4@ios]: Skipped due to cooking limit
[2026-03-28 19:40:47] 📋   [WARN]     压缩失败 [A46WCSfSRNSed1YLVmW7ZMst_379e26a4@android]: Skipped due to cooking limit
[2026-03-28 19:40:47] 📋   [WARN]     压缩失败 [A46WCSfSRNSed1YLVmW7ZMst_379e26a4@windows]: Skipped due to cooking limit
[2026-03-28 19:40:47] 📋   [WARN]     压缩失败 [EPct0dLRuxhfNLyIX8RMa3Nt_263b56f4@ios]: Skipped due to cooking limit
[2026-03-28 19:40:47] 📋   [WARN]     压缩失败 [EPct0dLRuxhfNLyIX8RMa3Nt_263b56f4@android]: Skipped due to cooking limit
[2026-03-28 19:40:47] 📋   [WARN]     压缩失败 [EPct0dLRuxhfNLyIX8RMa3Nt_263b56f4@windows]: Skipped due to cooking limit
[2026-03-28 19:40:47] 📋   [WARN]     压缩失败 [Ga3s-eRbKYCq6iZiaj4GePU__b66791bd@ios]: Skipped due to cooking limit
[2026-03-28 19:40:47] 📋   [WARN]     压缩失败 [Ga3s-eRbKYCq6iZiaj4GePU__b66791bd@android]: Skipped due to cooking limit
[2026-03-28 19:40:47] 📋   [WARN]     压缩失败 [Ga3s-eRbKYCq6iZiaj4GePU__b66791bd@windows]: Skipped due to cooking limit
[2026-03-28 19:40:47] 📋   [WARN]     压缩失败 [HT9l-amC5G9e2Igyjt1yOBqv_8a557b2c@ios]: Skipped due to cooking limit
[2026-03-28 19:40:47] 📋   [WARN]     压缩失败 [HT9l-amC5G9e2Igyjt1yOBqv_8a557b2c@android]: Skipped due to cooking limit
[2026-03-28 19:40:47] 📋   [WARN]     压缩失败 [HT9l-amC5G9e2Igyjt1yOBqv_8a557b2c@windows]: Skipped due to cooking limit
[2026-03-28 19:40:47] 📋   [WARN]     压缩失败 [BjW5aa-HMprFzjP5Af1xO2En_b8fcf028@ios]: Skipped due to cooking limit
[2026-03-28 19:40:47] 📋   [WARN]     压缩失败 [BjW5aa-HMprFzjP5Af1xO2En_b8fcf028@android]: Skipped due to cooking limit
[2026-03-28 19:40:47] 📋   [WARN]     压缩失败 [BjW5aa-HMprFzjP5Af1xO2En_b8fcf028@windows]: Skipped due to cooking limit
[2026-03-28 19:40:47] 📋   [WARN]     压缩失败 [CM8QKS26XPbkC2HCBXnaD9Rp_57ea9b45@ios]: Skipped due to cooking limit
[2026-03-28 19:40:47] 📋   [WARN]     压缩失败 [CM8QKS26XPbkC2HCBXnaD9Rp_57ea9b45@android]: Skipped due to cooking limit
[2026-03-28 19:40:47] 📋   [WARN]     压缩失败 [CM8QKS26XPbkC2HCBXnaD9Rp_57ea9b45@windows]: Skipped due to cooking limit
[2026-03-28 19:40:47] 📋   [WARN]     压缩失败 [Ggx7ofz14z5_ejylckxu_Fha_ea64955c@ios]: Skipped due to cooking limit
[2026-03-28 19:40:47] 📋   [WARN]     压缩失败 [Ggx7ofz14z5_ejylckxu_Fha_ea64955c@android]: Skipped due to cooking limit
[2026-03-28 19:40:47] 📋   [WARN]     压缩失败 [Ggx7ofz14z5_ejylckxu_Fha_ea64955c@windows]: Skipped due to cooking limit
[2026-03-28 19:40:47] 📋   [WARN]     压缩失败 [DDpjGed2jnr66eUBi6HDYawH_d37d2bb7@ios]: Skipped due to cooking limit
[2026-03-28 19:40:47] 📋   [WARN]     压缩失败 [DDpjGed2jnr66eUBi6HDYawH_d37d2bb7@android]: Skipped due to cooking limit
[2026-03-28 19:40:47] 📋   [WARN]     压缩失败 [DDpjGed2jnr66eUBi6HDYawH_d37d2bb7@windows]: Skipped due to cooking limit
[2026-03-28 19:40:47] 📋   [WARN]     压缩失败 [EzOwee7xfoMdPapyKaYXKKZE_6af55825@ios]: Skipped due to cooking limit
[2026-03-28 19:40:47] 📋   [WARN]     压缩失败 [EzOwee7xfoMdPapyKaYXKKZE_6af55825@android]: Skipped due to cooking limit
[2026-03-28 19:40:47] 📋   [WARN]     压缩失败 [EzOwee7xfoMdPapyKaYXKKZE_6af55825@windows]: Skipped due to cooking limit
[2026-03-28 19:40:47] 📋   [WARN]     压缩失败 [DQ2kMX48EQvTRZJXwIz1Squj_d2b03573@ios]: Skipped due to cooking limit
[2026-03-28 19:40:47] 📋   [WARN]     压缩失败 [DQ2kMX48EQvTRZJXwIz1Squj_d2b03573@android]: Skipped due to cooking limit
[2026-03-28 19:40:47] 📋   [WARN]     压缩失败 [DQ2kMX48EQvTRZJXwIz1Squj_d2b03573@windows]: Skipped due to cooking limit
[2026-03-28 19:40:47] 📋   [WARN]     压缩失败 [Ev7c8TslOMuzQuP47ra03chW_4256824a@ios]: Skipped due to cooking limit
[2026-03-28 19:40:47] 📋   [WARN]     压缩失败 [Ev7c8TslOMuzQuP47ra03chW_4256824a@android]: Skipped due to cooking limit
[2026-03-28 19:40:47] 📋   [WARN]     压缩失败 [Ev7c8TslOMuzQuP47ra03chW_4256824a@windows]: Skipped due to cooking limit
[2026-03-28 19:40:47] 📋   [WARN]     压缩失败 [Fj3l4W7peMK34qmTap-iaQuh_c016f3c9@ios]: Skipped due to cooking limit
[2026-03-28 19:40:47] 📋   [WARN]     压缩失败 [Fj3l4W7peMK34qmTap-iaQuh_c016f3c9@android]: Skipped due to cooking limit
[2026-03-28 19:40:47] 📋   [WARN]     压缩失败 [Fj3l4W7peMK34qmTap-iaQuh_c016f3c9@windows]: Skipped due to cooking limit
[2026-03-28 19:40:47] 📋   [WARN]     压缩失败 [FrKhWRjSGvKkO_FjVCi3HKtL_8d22542d@ios]: Skipped due to cooking limit
[2026-03-28 19:40:47] 📋   [WARN]     压缩失败 [FrKhWRjSGvKkO_FjVCi3HKtL_8d22542d@android]: Skipped due to cooking limit
[2026-03-28 19:40:47] 📋   [WARN]     压缩失败 [FrKhWRjSGvKkO_FjVCi3HKtL_8d22542d@windows]: Skipped due to cooking limit
[2026-03-28 19:40:47] 📋   [WARN]     压缩失败 [FjC3iVMJ6J-nGKJ3ZI7_Eogf_346bb621@ios]: Skipped due to cooking limit
[2026-03-28 19:40:47] 📋   [WARN]     压缩失败 [FjC3iVMJ6J-nGKJ3ZI7_Eogf_346bb621@android]: Skipped due to cooking limit
[2026-03-28 19:40:47] 📋   [WARN]     压缩失败 [FjC3iVMJ6J-nGKJ3ZI7_Eogf_346bb621@windows]: Skipped due to cooking limit
[2026-03-28 19:40:47] 📋   [WARN]     压缩失败 [EHE-MciQpCWq_LG0b8nv2dAu_28fe81e3@ios]: Skipped due to cooking limit
[2026-03-28 19:40:47] 📋   [WARN]     压缩失败 [EHE-MciQpCWq_LG0b8nv2dAu_28fe81e3@android]: Skipped due to cooking limit
[2026-03-28 19:40:47] 📋   [WARN]     压缩失败 [EHE-MciQpCWq_LG0b8nv2dAu_28fe81e3@windows]: Skipped due to cooking limit
[2026-03-28 19:40:47] 📋   [WARN]     压缩失败 [AMEeCUlli7ZvGQl47Xccv2jC_8e2e14da@ios]: Skipped due to cooking limit
[2026-03-28 19:40:47] 📋   [WARN]     压缩失败 [AMEeCUlli7ZvGQl47Xccv2jC_8e2e14da@android]: Skipped due to cooking limit
[2026-03-28 19:40:47] 📋   [WARN]     压缩失败 [AMEeCUlli7ZvGQl47Xccv2jC_8e2e14da@windows]: Skipped due to cooking limit
[2026-03-28 19:40:47] 📋   [WARN]     压缩失败 [H-qtMVhO_H7BrPmJRG838JZQ_0c5d2c24@ios]: Skipped due to cooking limit
[2026-03-28 19:40:47] 📋   [WARN]     压缩失败 [H-qtMVhO_H7BrPmJRG838JZQ_0c5d2c24@android]: Skipped due to cooking limit
[2026-03-28 19:40:47] 📋   [WARN]     压缩失败 [H-qtMVhO_H7BrPmJRG838JZQ_0c5d2c24@windows]: Skipped due to cooking limit
[2026-03-28 19:40:47] 📋   [WARN]     压缩失败 [B4BHkZ9s2QRjKxU2y49QsojQ_c2c465ee@ios]: Skipped due to cooking limit
[2026-03-28 19:40:47] 📋   [WARN]     压缩失败 [B4BHkZ9s2QRjKxU2y49QsojQ_c2c465ee@android]: Skipped due to cooking limit
[2026-03-28 19:40:47] 📋   [WARN]     压缩失败 [B4BHkZ9s2QRjKxU2y49QsojQ_c2c465ee@windows]: Skipped due to cooking limit
[2026-03-28 19:40:47] 📋   [WARN]     压缩失败 [Eye40dlApmEtZGP5uEk7w-wW_a4e11cf8@ios]: Skipped due to cooking limit
[2026-03-28 19:40:47] 📋   [WARN]     压缩失败 [Eye40dlApmEtZGP5uEk7w-wW_a4e11cf8@android]: Skipped due to cooking limit
[2026-03-28 19:40:47] 📋   [WARN]     压缩失败 [Eye40dlApmEtZGP5uEk7w-wW_a4e11cf8@windows]: Skipped due to cooking limit
[2026-03-28 19:40:47] 📋   [WARN]     压缩失败 [C7Sh2d_DlPn9TBsywlhw4nsv_b35c118f@ios]: Skipped due to cooking limit
[2026-03-28 19:40:47] 📋   [WARN]     压缩失败 [C7Sh2d_DlPn9TBsywlhw4nsv_b35c118f@android]: Skipped due to cooking limit
[2026-03-28 19:40:47] 📋   [WARN]     压缩失败 [C7Sh2d_DlPn9TBsywlhw4nsv_b35c118f@windows]: Skipped due to cooking limit
[2026-03-28 19:40:47] 📋   [WARN]     压缩失败 [DZ3USYaomTIC1d0YSJpyFKJm_b6f39b7c@ios]: Skipped due to cooking limit
[2026-03-28 19:40:47] 📋   [WARN]     压缩失败 [DZ3USYaomTIC1d0YSJpyFKJm_b6f39b7c@android]: Skipped due to cooking limit
[2026-03-28 19:40:47] 📋   [WARN]     压缩失败 [DZ3USYaomTIC1d0YSJpyFKJm_b6f39b7c@windows]: Skipped due to cooking limit
[2026-03-28 19:40:47] 📋   [WARN]     压缩失败 [CpJZYeUCtVZIWcta4HW0O_ng_d6493ee2@ios]: Skipped due to cooking limit
[2026-03-28 19:40:47] 📋   [WARN]     压缩失败 [CpJZYeUCtVZIWcta4HW0O_ng_d6493ee2@android]: Skipped due to cooking limit
[2026-03-28 19:40:47] 📋   [WARN]     压缩失败 [CpJZYeUCtVZIWcta4HW0O_ng_d6493ee2@windows]: Skipped due to cooking limit
[2026-03-28 19:40:47] 📋   [WARN]     压缩失败 [B5-A8X7b-vp0mi0qHmrKNnQK_5f3278ef@ios]: Skipped due to cooking limit
[2026-03-28 19:40:47] 📋   [WARN]     压缩失败 [B5-A8X7b-vp0mi0qHmrKNnQK_5f3278ef@android]: Skipped due to cooking limit
[2026-03-28 19:40:47] 📋   [WARN]     压缩失败 [B5-A8X7b-vp0mi0qHmrKNnQK_5f3278ef@windows]: Skipped due to cooking limit
[2026-03-28 19:40:47] 📋   [WARN]     压缩失败 [G_FV8SBNvZ6mkJuz5dD079Qf_d0df7330@ios]: Skipped due to cooking limit
[2026-03-28 19:40:47] 📋   [WARN]     压缩失败 [G_FV8SBNvZ6mkJuz5dD079Qf_d0df7330@android]: Skipped due to cooking limit
[2026-03-28 19:40:47] 📋   [WARN]     压缩失败 [G_FV8SBNvZ6mkJuz5dD079Qf_d0df7330@windows]: Skipped due to cooking limit
[2026-03-28 19:40:47] 📋   [WARN]     压缩失败 [H_Fvoc-8Ap_vDXjfzvX_uB97_8acfbe7a@ios]: Skipped due to cooking limit
[2026-03-28 19:40:47] 📋   [WARN]     压缩失败 [H_Fvoc-8Ap_vDXjfzvX_uB97_8acfbe7a@android]: Skipped due to cooking limit
[2026-03-28 19:40:47] 📋   [WARN]     压缩失败 [H_Fvoc-8Ap_vDXjfzvX_uB97_8acfbe7a@windows]: Skipped due to cooking limit
[2026-03-28 19:40:47] 📋   [WARN]     压缩失败 [Gd-AsTEOHH3wHGPQf_064HwM_272aed1a@ios]: Skipped due to cooking limit
[2026-03-28 19:40:47] 📋   [WARN]     压缩失败 [Gd-AsTEOHH3wHGPQf_064HwM_272aed1a@android]: Skipped due to cooking limit
[2026-03-28 19:40:47] 📋   [WARN]     压缩失败 [Gd-AsTEOHH3wHGPQf_064HwM_272aed1a@windows]: Skipped due to cooking limit
[2026-03-28 19:40:47] 📋   [WARN]     压缩失败 [Gvbm0T0W50JRFurVb1eiHEak_b22e9b15@ios]: Skipped due to cooking limit
[2026-03-28 19:40:47] 📋   [WARN]     压缩失败 [Gvbm0T0W50JRFurVb1eiHEak_b22e9b15@android]: Skipped due to cooking limit
[2026-03-28 19:40:47] 📋   [WARN]     压缩失败 [Gvbm0T0W50JRFurVb1eiHEak_b22e9b15@windows]: Skipped due to cooking limit
[2026-03-28 19:40:47] 📋   [WARN]     压缩失败 [AtJq0QC2NgMlWWFqbNeq3IpS_6e664abb@ios]: Skipped due to cooking limit
[2026-03-28 19:40:47] 📋   [WARN]     压缩失败 [AtJq0QC2NgMlWWFqbNeq3IpS_6e664abb@android]: Skipped due to cooking limit
[2026-03-28 19:40:47] 📋   [WARN]     压缩失败 [AtJq0QC2NgMlWWFqbNeq3IpS_6e664abb@windows]: Skipped due to cooking limit
[2026-03-28 19:40:47] 📋   [WARN]     压缩失败 [Ecczac_aRrw_wxJdhhDmBIE4_75c0549d@ios]: Skipped due to cooking limit
[2026-03-28 19:40:47] 📋   [WARN]     压缩失败 [Ecczac_aRrw_wxJdhhDmBIE4_75c0549d@android]: Skipped due to cooking limit
[2026-03-28 19:40:47] 📋   [WARN]     压缩失败 [Ecczac_aRrw_wxJdhhDmBIE4_75c0549d@windows]: Skipped due to cooking limit
[2026-03-28 19:40:47] 📋   [WARN]     压缩失败 [FnpqKaKsshD815SfPNZN_fKP_3238aba9@ios]: Skipped due to cooking limit
[2026-03-28 19:40:47] 📋   [WARN]     压缩失败 [FnpqKaKsshD815SfPNZN_fKP_3238aba9@android]: Skipped due to cooking limit
[2026-03-28 19:40:47] 📋   [WARN]     压缩失败 [FnpqKaKsshD815SfPNZN_fKP_3238aba9@windows]: Skipped due to cooking limit
[2026-03-28 19:40:47] 📋   [WARN]     压缩失败 [CxzVkc2sLTL_2OB1ClJnuUAG_6804509a@ios]: Skipped due to cooking limit
[2026-03-28 19:40:47] 📋   [WARN]     压缩失败 [CxzVkc2sLTL_2OB1ClJnuUAG_6804509a@android]: Skipped due to cooking limit
[2026-03-28 19:40:47] 📋   [WARN]     压缩失败 [CxzVkc2sLTL_2OB1ClJnuUAG_6804509a@windows]: Skipped due to cooking limit
[2026-03-28 19:40:47] 📋   [WARN]     压缩失败 [FkB1oT9cpy7iDIMVw9BfTIC0_dca67bbb@ios]: Skipped due to cooking limit
[2026-03-28 19:40:47] 📋   [WARN]     压缩失败 [FkB1oT9cpy7iDIMVw9BfTIC0_dca67bbb@android]: Skipped due to cooking limit
[2026-03-28 19:40:47] 📋   [WARN]     压缩失败 [FkB1oT9cpy7iDIMVw9BfTIC0_dca67bbb@windows]: Skipped due to cooking limit
[2026-03-28 19:40:47] 📋   [WARN]     压缩失败 [HLu0uaI9kxQWApnKU_Fg_oqy_cd6ac2c2@ios]: Skipped due to cooking limit
[2026-03-28 19:40:47] 📋   [WARN]     压缩失败 [HLu0uaI9kxQWApnKU_Fg_oqy_cd6ac2c2@android]: Skipped due to cooking limit
[2026-03-28 19:40:47] 📋   [WARN]     压缩失败 [HLu0uaI9kxQWApnKU_Fg_oqy_cd6ac2c2@windows]: Skipped due to cooking limit
[2026-03-28 19:40:47] 📋   [WARN]     压缩失败 [EtnQ6V_pEHM1GICFvsgKya09_6a4e41f0@ios]: Skipped due to cooking limit
[2026-03-28 19:40:47] 📋   [WARN]     压缩失败 [EtnQ6V_pEHM1GICFvsgKya09_6a4e41f0@android]: Skipped due to cooking limit
[2026-03-28 19:40:47] 📋   [WARN]     压缩失败 [EtnQ6V_pEHM1GICFvsgKya09_6a4e41f0@windows]: Skipped due to cooking limit
[2026-03-28 19:40:47] 📋   [WARN]     压缩失败 [DXI_qVktsqPSUXb4WE-nOxzr_11a44d34@ios]: Skipped due to cooking limit
[2026-03-28 19:40:47] 📋   [WARN]     压缩失败 [DXI_qVktsqPSUXb4WE-nOxzr_11a44d34@android]: Skipped due to cooking limit
[2026-03-28 19:40:47] 📋   [WARN]     压缩失败 [DXI_qVktsqPSUXb4WE-nOxzr_11a44d34@windows]: Skipped due to cooking limit
[2026-03-28 19:40:47] 📋   [WARN]     压缩失败 [CvC4URgYnOttmLLYkikwzDaK_db8e6da3@ios]: Skipped due to cooking limit
[2026-03-28 19:40:47] 📋   [WARN]     压缩失败 [CvC4URgYnOttmLLYkikwzDaK_db8e6da3@android]: Skipped due to cooking limit
[2026-03-28 19:40:47] 📋   [WARN]     压缩失败 [CvC4URgYnOttmLLYkikwzDaK_db8e6da3@windows]: Skipped due to cooking limit
[2026-03-28 19:40:47] 📋   [WARN]     压缩失败 [BpRXKaTG25OrQ71WH4NNJpdO_2d8eb088@ios]: Skipped due to cooking limit
[2026-03-28 19:40:47] 📋   [WARN]     压缩失败 [BpRXKaTG25OrQ71WH4NNJpdO_2d8eb088@android]: Skipped due to cooking limit
[2026-03-28 19:40:47] 📋   [WARN]     压缩失败 [BpRXKaTG25OrQ71WH4NNJpdO_2d8eb088@windows]: Skipped due to cooking limit
[2026-03-28 19:40:47] 📋   [WARN]     压缩失败 [GDQraSAkFFpfyaoh6444Ti9f_fe52cf8f@ios]: Skipped due to cooking limit
[2026-03-28 19:40:47] 📋   [WARN]     压缩失败 [GDQraSAkFFpfyaoh6444Ti9f_fe52cf8f@android]: Skipped due to cooking limit
[2026-03-28 19:40:47] 📋   [WARN]     压缩失败 [GDQraSAkFFpfyaoh6444Ti9f_fe52cf8f@windows]: Skipped due to cooking limit
[2026-03-28 19:40:47] 📋   [WARN]     压缩失败 [ECgeyRz73RADuOT643-hALIp_dc399945@ios]: Skipped due to cooking limit
[2026-03-28 19:40:47] 📋   [WARN]     压缩失败 [ECgeyRz73RADuOT643-hALIp_dc399945@android]: Skipped due to cooking limit
[2026-03-28 19:40:47] 📋   [WARN]     压缩失败 [ECgeyRz73RADuOT643-hALIp_dc399945@windows]: Skipped due to cooking limit
[2026-03-28 19:40:47] 📋   [WARN]     压缩失败 [Dxnw2V3943mrjXJSW4q8Kpdh_dbc85fdb@ios]: Skipped due to cooking limit
[2026-03-28 19:40:47] 📋   [WARN]     压缩失败 [Dxnw2V3943mrjXJSW4q8Kpdh_dbc85fdb@android]: Skipped due to cooking limit
[2026-03-28 19:40:48] 📋   [WARN]     压缩失败 [Dxnw2V3943mrjXJSW4q8Kpdh_dbc85fdb@windows]: Skipped due to cooking limit
[2026-03-28 19:40:48] 📋   [WARN]     压缩失败 [EnNuGa4--nccdJol1hBLsacs_eae50f50@ios]: Skipped due to cooking limit
[2026-03-28 19:40:48] 📋   [WARN]     压缩失败 [EnNuGa4--nccdJol1hBLsacs_eae50f50@android]: Skipped due to cooking limit
[2026-03-28 19:40:48] 📋   [WARN]     压缩失败 [EnNuGa4--nccdJol1hBLsacs_eae50f50@windows]: Skipped due to cooking limit
[2026-03-28 19:40:48] 📋   [WARN]     压缩失败 [AX-u8V-CmGpWODcfV8v9XkjW_49d45638@ios]: Skipped due to cooking limit
[2026-03-28 19:40:48] 📋   [WARN]     压缩失败 [AX-u8V-CmGpWODcfV8v9XkjW_49d45638@android]: Skipped due to cooking limit
[2026-03-28 19:40:48] 📋   [WARN]     压缩失败 [AX-u8V-CmGpWODcfV8v9XkjW_49d45638@windows]: Skipped due to cooking limit
[2026-03-28 19:40:48] 📋   [WARN]     压缩失败 [CeGRcS9uUXAmUb-8tYbG0F6h_347bf2d3@ios]: Skipped due to cooking limit
[2026-03-28 19:40:48] 📋   [WARN]     压缩失败 [CeGRcS9uUXAmUb-8tYbG0F6h_347bf2d3@android]: Skipped due to cooking limit
[2026-03-28 19:40:48] 📋   [WARN]     压缩失败 [CeGRcS9uUXAmUb-8tYbG0F6h_347bf2d3@windows]: Skipped due to cooking limit
[2026-03-28 19:40:48] 📋   [WARN]     压缩失败 [Gd2MSVUD_RqMQa5ZsgWPon25_47d2314a@ios]: Skipped due to cooking limit
[2026-03-28 19:40:48] 📋   [WARN]     压缩失败 [Gd2MSVUD_RqMQa5ZsgWPon25_47d2314a@android]: Skipped due to cooking limit
[2026-03-28 19:40:48] 📋   [WARN]     压缩失败 [Gd2MSVUD_RqMQa5ZsgWPon25_47d2314a@windows]: Skipped due to cooking limit
[2026-03-28 19:40:48] 📋   [WARN]     压缩失败 [Fbq_6YsFsl4nnd28gudxLx4R_de3dbec9@ios]: Skipped due to cooking limit
[2026-03-28 19:40:48] 📋   [WARN]     压缩失败 [Fbq_6YsFsl4nnd28gudxLx4R_de3dbec9@android]: Skipped due to cooking limit
[2026-03-28 19:40:48] 📋   [WARN]     压缩失败 [Fbq_6YsFsl4nnd28gudxLx4R_de3dbec9@windows]: Skipped due to cooking limit
[2026-03-28 19:40:48] 📋   [WARN]     压缩失败 [CI0ToZQz6YLGsmHNQuyObKhI_3f5abdf6@ios]: Skipped due to cooking limit
[2026-03-28 19:40:48] 📋   [WARN]     压缩失败 [CI0ToZQz6YLGsmHNQuyObKhI_3f5abdf6@android]: Skipped due to cooking limit
[2026-03-28 19:40:48] 📋   [WARN]     压缩失败 [CI0ToZQz6YLGsmHNQuyObKhI_3f5abdf6@windows]: Skipped due to cooking limit
[2026-03-28 19:40:48] 📋   [WARN]     压缩失败 [GXwZIUTKgN-TvzIDgoIPBGW-_cc985b80@ios]: Skipped due to cooking limit
[2026-03-28 19:40:48] 📋   [WARN]     压缩失败 [GXwZIUTKgN-TvzIDgoIPBGW-_cc985b80@android]: Skipped due to cooking limit
[2026-03-28 19:40:48] 📋   [WARN]     压缩失败 [GXwZIUTKgN-TvzIDgoIPBGW-_cc985b80@windows]: Skipped due to cooking limit
[2026-03-28 19:40:48] 📋   [WARN]     压缩失败 [G_ngESHONnm6dMWvjVtNYVpY_ab3825c9@ios]: Skipped due to cooking limit
[2026-03-28 19:40:48] 📋   [WARN]     压缩失败 [G_ngESHONnm6dMWvjVtNYVpY_ab3825c9@android]: Skipped due to cooking limit
[2026-03-28 19:40:48] 📋   [WARN]     压缩失败 [G_ngESHONnm6dMWvjVtNYVpY_ab3825c9@windows]: Skipped due to cooking limit
[2026-03-28 19:40:48] 📋   [WARN]     压缩失败 [BSv8GXOJLhym8l6dkbJH_eBG_3bdbebfe@ios]: Skipped due to cooking limit
[2026-03-28 19:40:48] 📋   [WARN]     压缩失败 [BSv8GXOJLhym8l6dkbJH_eBG_3bdbebfe@android]: Skipped due to cooking limit
[2026-03-28 19:40:48] 📋   [WARN]     压缩失败 [BSv8GXOJLhym8l6dkbJH_eBG_3bdbebfe@windows]: Skipped due to cooking limit
[2026-03-28 19:40:48] 📋   [WARN]     压缩失败 [Ctl_scLbcs95UmMmIL9v88Q5_479a090d@ios]: Skipped due to cooking limit
[2026-03-28 19:40:48] 📋   [WARN]     压缩失败 [Ctl_scLbcs95UmMmIL9v88Q5_479a090d@android]: Skipped due to cooking limit
[2026-03-28 19:40:48] 📋   [WARN]     压缩失败 [Ctl_scLbcs95UmMmIL9v88Q5_479a090d@windows]: Skipped due to cooking limit
[2026-03-28 19:40:48] 📋   [WARN]     压缩失败 [BaX4Mfx8NiHP4Ek9--PG_HlC_534e4066@ios]: Skipped due to cooking limit
[2026-03-28 19:40:48] 📋   [WARN]     压缩失败 [BaX4Mfx8NiHP4Ek9--PG_HlC_534e4066@android]: Skipped due to cooking limit
[2026-03-28 19:40:48] 📋   [WARN]     压缩失败 [BaX4Mfx8NiHP4Ek9--PG_HlC_534e4066@windows]: Skipped due to cooking limit
[2026-03-28 19:40:48] 📋   [WARN]     压缩失败 [CRAscYZPPDj55CuohbWCxsbB_311b2a25@ios]: Skipped due to cooking limit
[2026-03-28 19:40:48] 📋   [WARN]     压缩失败 [CRAscYZPPDj55CuohbWCxsbB_311b2a25@android]: Skipped due to cooking limit
[2026-03-28 19:40:48] 📋   [WARN]     压缩失败 [CRAscYZPPDj55CuohbWCxsbB_311b2a25@windows]: Skipped due to cooking limit
[2026-03-28 19:40:48] 📋   [WARN]     压缩失败 [Cq6kiaoKehHyIfi0s1i9Soe6_6a7042c6@ios]: Skipped due to cooking limit
[2026-03-28 19:40:48] 📋   [WARN]     压缩失败 [Cq6kiaoKehHyIfi0s1i9Soe6_6a7042c6@android]: Skipped due to cooking limit
[2026-03-28 19:40:48] 📋   [WARN]     压缩失败 [Cq6kiaoKehHyIfi0s1i9Soe6_6a7042c6@windows]: Skipped due to cooking limit
[2026-03-28 19:40:48] 📋   [WARN]     压缩失败 [DpeqyW3ORIQK8UdghlCY_ukD_700541c2@ios]: Skipped due to cooking limit
[2026-03-28 19:40:48] 📋   [WARN]     压缩失败 [DpeqyW3ORIQK8UdghlCY_ukD_700541c2@android]: Skipped due to cooking limit
[2026-03-28 19:40:48] 📋   [WARN]     压缩失败 [DpeqyW3ORIQK8UdghlCY_ukD_700541c2@windows]: Skipped due to cooking limit
[2026-03-28 19:40:48] 📋   [WARN]     压缩失败 [B-Ly-d_JAmWj4kLCKSreDnVg_44c52a6d@ios]: Skipped due to cooking limit
[2026-03-28 19:40:48] 📋   [WARN]     压缩失败 [B-Ly-d_JAmWj4kLCKSreDnVg_44c52a6d@android]: Skipped due to cooking limit
[2026-03-28 19:40:48] 📋   [WARN]     压缩失败 [B-Ly-d_JAmWj4kLCKSreDnVg_44c52a6d@windows]: Skipped due to cooking limit
[2026-03-28 19:40:48] 📋   [WARN]     压缩失败 [FrZfcYZGm1aW3caCtf9_yoqS_fa083be2@ios]: Skipped due to cooking limit
[2026-03-28 19:40:48] 📋   [WARN]     压缩失败 [FrZfcYZGm1aW3caCtf9_yoqS_fa083be2@android]: Skipped due to cooking limit
[2026-03-28 19:40:48] 📋   [WARN]     压缩失败 [FrZfcYZGm1aW3caCtf9_yoqS_fa083be2@windows]: Skipped due to cooking limit
[2026-03-28 19:40:48] 📋   [WARN]     压缩失败 [HAki2SQMSqmY51guNO0-qHyZ_a50a40bc@ios]: Skipped due to cooking limit
[2026-03-28 19:40:48] 📋   [WARN]     压缩失败 [HAki2SQMSqmY51guNO0-qHyZ_a50a40bc@android]: Skipped due to cooking limit
[2026-03-28 19:40:48] 📋   [WARN]     压缩失败 [HAki2SQMSqmY51guNO0-qHyZ_a50a40bc@windows]: Skipped due to cooking limit
[2026-03-28 19:40:48] 📋   [WARN]     压缩失败 [BDgcAakWqcDTP4fMkShtn2NR_efde1fb6@ios]: Skipped due to cooking limit
[2026-03-28 19:40:48] 📋   [WARN]     压缩失败 [BDgcAakWqcDTP4fMkShtn2NR_efde1fb6@android]: Skipped due to cooking limit
[2026-03-28 19:40:48] 📋   [WARN]     压缩失败 [BDgcAakWqcDTP4fMkShtn2NR_efde1fb6@windows]: Skipped due to cooking limit
[2026-03-28 19:40:48] 📋   [WARN]     压缩失败 [FhCUwf76M2bJXfwfzM-20EmB_9ac14c72@ios]: Skipped due to cooking limit
[2026-03-28 19:40:48] 📋   [WARN]     压缩失败 [FhCUwf76M2bJXfwfzM-20EmB_9ac14c72@android]: Skipped due to cooking limit
[2026-03-28 19:40:48] 📋   [WARN]     压缩失败 [FhCUwf76M2bJXfwfzM-20EmB_9ac14c72@windows]: Skipped due to cooking limit
[2026-03-28 19:40:48] 📋   [WARN]     压缩失败 [GGn6AbOn6QytBn1IDHKlV3kK_4c35a27f@ios]: Skipped due to cooking limit
[2026-03-28 19:40:48] 📋   [WARN]     压缩失败 [GGn6AbOn6QytBn1IDHKlV3kK_4c35a27f@android]: Skipped due to cooking limit
[2026-03-28 19:40:48] 📋   [WARN]     压缩失败 [GGn6AbOn6QytBn1IDHKlV3kK_4c35a27f@windows]: Skipped due to cooking limit
[2026-03-28 19:40:48] 📋   [WARN]     压缩失败 [Hm8aQTz9lbDKdvYKn4biaK-d_0e7f96c1@ios]: Skipped due to cooking limit
[2026-03-28 19:40:48] 📋   [WARN]     压缩失败 [Hm8aQTz9lbDKdvYKn4biaK-d_0e7f96c1@android]: Skipped due to cooking limit
[2026-03-28 19:40:48] 📋   [WARN]     压缩失败 [Hm8aQTz9lbDKdvYKn4biaK-d_0e7f96c1@windows]: Skipped due to cooking limit
[2026-03-28 19:40:48] 📋   [WARN]     压缩失败 [EuDnSeSDDEAWBSFAJk9KSRnB_c98182e5@ios]: Skipped due to cooking limit
[2026-03-28 19:40:48] 📋   [WARN]     压缩失败 [EuDnSeSDDEAWBSFAJk9KSRnB_c98182e5@android]: Skipped due to cooking limit
[2026-03-28 19:40:48] 📋   [WARN]     压缩失败 [EuDnSeSDDEAWBSFAJk9KSRnB_c98182e5@windows]: Skipped due to cooking limit
[2026-03-28 19:40:48] 📋   [WARN]     压缩失败 [CgbcsRbpqilGgXQbw1hSTDZo_b02e7b15@ios]: Skipped due to cooking limit
[2026-03-28 19:40:48] 📋   [WARN]     压缩失败 [CgbcsRbpqilGgXQbw1hSTDZo_b02e7b15@android]: Skipped due to cooking limit
[2026-03-28 19:40:48] 📋   [WARN]     压缩失败 [CgbcsRbpqilGgXQbw1hSTDZo_b02e7b15@windows]: Skipped due to cooking limit
[2026-03-28 19:40:48] 📋   [WARN]     压缩失败 [CWUIUe93HpYrsWG6nznNZ8G8_f8df7408@ios]: Skipped due to cooking limit
[2026-03-28 19:40:48] 📋   [WARN]     压缩失败 [CWUIUe93HpYrsWG6nznNZ8G8_f8df7408@android]: Skipped due to cooking limit
[2026-03-28 19:40:48] 📋   [WARN]     压缩失败 [CWUIUe93HpYrsWG6nznNZ8G8_f8df7408@windows]: Skipped due to cooking limit
[2026-03-28 19:40:48] 📋   [WARN]     压缩失败 [HptIuby5T31bYJmaPcwOYvZA_a2801b2a@ios]: Skipped due to cooking limit
[2026-03-28 19:40:48] 📋   [WARN]     压缩失败 [HptIuby5T31bYJmaPcwOYvZA_a2801b2a@android]: Skipped due to cooking limit
[2026-03-28 19:40:48] 📋   [WARN]     压缩失败 [HptIuby5T31bYJmaPcwOYvZA_a2801b2a@windows]: Skipped due to cooking limit
[2026-03-28 19:40:48] 📋   [WARN]     压缩失败 [GPoRIfwjy5hk7mb1Ne1Bllp2_373af83d@ios]: Skipped due to cooking limit
[2026-03-28 19:40:48] 📋   [WARN]     压缩失败 [GPoRIfwjy5hk7mb1Ne1Bllp2_373af83d@android]: Skipped due to cooking limit
[2026-03-28 19:40:48] 📋   [WARN]     压缩失败 [GPoRIfwjy5hk7mb1Ne1Bllp2_373af83d@windows]: Skipped due to cooking limit
[2026-03-28 19:40:48] 📋   [WARN]     压缩失败 [EtK2keiy_DsoVGqC7zNxWw-a_000790e1@ios]: Skipped due to cooking limit
[2026-03-28 19:40:48] 📋   [WARN]     压缩失败 [EtK2keiy_DsoVGqC7zNxWw-a_000790e1@android]: Skipped due to cooking limit
[2026-03-28 19:40:48] 📋   [WARN]     压缩失败 [EtK2keiy_DsoVGqC7zNxWw-a_000790e1@windows]: Skipped due to cooking limit
[2026-03-28 19:40:48] 📋   [WARN]     压缩失败 [G0BSwVIa6M7DMPx2goK6ZV_Q_bba75ba2@ios]: Skipped due to cooking limit
[2026-03-28 19:40:48] 📋   [WARN]     压缩失败 [G0BSwVIa6M7DMPx2goK6ZV_Q_bba75ba2@android]: Skipped due to cooking limit
[2026-03-28 19:40:48] 📋   [WARN]     压缩失败 [G0BSwVIa6M7DMPx2goK6ZV_Q_bba75ba2@windows]: Skipped due to cooking limit
[2026-03-28 19:40:48] 📋   [WARN]     压缩失败 [AQ3Oob00lTk9AG3avEL1h6ZW_87329f56@ios]: Skipped due to cooking limit
[2026-03-28 19:40:48] 📋   [WARN]     压缩失败 [AQ3Oob00lTk9AG3avEL1h6ZW_87329f56@android]: Skipped due to cooking limit
[2026-03-28 19:40:48] 📋   [WARN]     压缩失败 [AQ3Oob00lTk9AG3avEL1h6ZW_87329f56@windows]: Skipped due to cooking limit
[2026-03-28 19:40:48] 📋   [WARN]     压缩失败 [HtbSsaxVeWWKkAfnYWNK1YAo_48255129@ios]: Skipped due to cooking limit
[2026-03-28 19:40:48] 📋   [WARN]     压缩失败 [HtbSsaxVeWWKkAfnYWNK1YAo_48255129@android]: Skipped due to cooking limit
[2026-03-28 19:40:48] 📋   [WARN]     压缩失败 [HtbSsaxVeWWKkAfnYWNK1YAo_48255129@windows]: Skipped due to cooking limit
[2026-03-28 19:40:48] 📋   [WARN]     压缩失败 [CwU_UQlBiwtCPFvKHwmmffNZ_20346758@ios]: Skipped due to cooking limit
[2026-03-28 19:40:48] 📋   [WARN]     压缩失败 [CwU_UQlBiwtCPFvKHwmmffNZ_20346758@android]: Skipped due to cooking limit
[2026-03-28 19:40:48] 📋   [WARN]     压缩失败 [CwU_UQlBiwtCPFvKHwmmffNZ_20346758@windows]: Skipped due to cooking limit
[2026-03-28 19:40:48] 📋   [WARN]     压缩失败 [HI32UZFi8aqaCt6ZmbE8EB6W_9ffe106a@ios]: Skipped due to cooking limit
[2026-03-28 19:40:48] 📋   [WARN]     压缩失败 [HI32UZFi8aqaCt6ZmbE8EB6W_9ffe106a@android]: Skipped due to cooking limit
[2026-03-28 19:40:48] 📋   [WARN]     压缩失败 [HI32UZFi8aqaCt6ZmbE8EB6W_9ffe106a@windows]: Skipped due to cooking limit
[2026-03-28 19:40:48] 📋   [WARN]     压缩失败 [CxzEyTyxke1lw4B55Tw9RW_k_9cb0d1b6@ios]: Skipped due to cooking limit
[2026-03-28 19:40:48] 📋   [WARN]     压缩失败 [CxzEyTyxke1lw4B55Tw9RW_k_9cb0d1b6@android]: Skipped due to cooking limit
[2026-03-28 19:40:48] 📋   [WARN]     压缩失败 [CxzEyTyxke1lw4B55Tw9RW_k_9cb0d1b6@windows]: Skipped due to cooking limit
[2026-03-28 19:40:48] 📋   [WARN]     压缩失败 [ASRy6QMua2YP0WZoEG8aDL8X_7b348de9@ios]: Skipped due to cooking limit
[2026-03-28 19:40:48] 📋   [WARN]     压缩失败 [ASRy6QMua2YP0WZoEG8aDL8X_7b348de9@android]: Skipped due to cooking limit
[2026-03-28 19:40:48] 📋   [WARN]     压缩失败 [ASRy6QMua2YP0WZoEG8aDL8X_7b348de9@windows]: Skipped due to cooking limit
[2026-03-28 19:40:48] 📋   [WARN]     压缩失败 [C2Rd2fu6BRVJukD5IzoCGpnd_9bb0914d@ios]: Skipped due to cooking limit
[2026-03-28 19:40:48] 📋   [WARN]     压缩失败 [C2Rd2fu6BRVJukD5IzoCGpnd_9bb0914d@android]: Skipped due to cooking limit
[2026-03-28 19:40:48] 📋   [WARN]     压缩失败 [C2Rd2fu6BRVJukD5IzoCGpnd_9bb0914d@windows]: Skipped due to cooking limit
[2026-03-28 19:40:48] 📋   [WARN]     压缩失败 [GbbbeYb5RQ08JAZIJwq7ETQk_5559c621@ios]: Skipped due to cooking limit
[2026-03-28 19:40:48] 📋   [WARN]     压缩失败 [GbbbeYb5RQ08JAZIJwq7ETQk_5559c621@android]: Skipped due to cooking limit
[2026-03-28 19:40:48] 📋   [WARN]     压缩失败 [GbbbeYb5RQ08JAZIJwq7ETQk_5559c621@windows]: Skipped due to cooking limit
[2026-03-28 19:40:48] 📋   [WARN]     压缩失败 [EIr9ucfSj95ibuVnzodcowj__ec9afba1@ios]: Skipped due to cooking limit
[2026-03-28 19:40:48] 📋   [WARN]     压缩失败 [EIr9ucfSj95ibuVnzodcowj__ec9afba1@android]: Skipped due to cooking limit
[2026-03-28 19:40:48] 📋   [WARN]     压缩失败 [EIr9ucfSj95ibuVnzodcowj__ec9afba1@windows]: Skipped due to cooking limit
[2026-03-28 19:40:48] 📋   [WARN]     压缩失败 [Blsi6QX6wYtUqvNnBhneslu2_af70fbef@ios]: Skipped due to cooking limit
[2026-03-28 19:40:48] 📋   [WARN]     压缩失败 [Blsi6QX6wYtUqvNnBhneslu2_af70fbef@android]: Skipped due to cooking limit
[2026-03-28 19:40:48] 📋   [WARN]     压缩失败 [Blsi6QX6wYtUqvNnBhneslu2_af70fbef@windows]: Skipped due to cooking limit
[2026-03-28 19:40:48] 📋   [WARN]     压缩失败 [H_ZSMTSUE18VGGOkdMoKk_PV_2238bbfc@ios]: Skipped due to cooking limit
[2026-03-28 19:40:48] 📋   [WARN]     压缩失败 [H_ZSMTSUE18VGGOkdMoKk_PV_2238bbfc@android]: Skipped due to cooking limit
[2026-03-28 19:40:48] 📋   [WARN]     压缩失败 [H_ZSMTSUE18VGGOkdMoKk_PV_2238bbfc@windows]: Skipped due to cooking limit
[2026-03-28 19:40:48] 📋   [WARN]     压缩失败 [Ap6iqZI5li1A0dPIbDZUWrxd_9acfc79c@ios]: Skipped due to cooking limit
[2026-03-28 19:40:48] 📋   [WARN]     压缩失败 [Ap6iqZI5li1A0dPIbDZUWrxd_9acfc79c@android]: Skipped due to cooking limit
[2026-03-28 19:40:48] 📋   [WARN]     压缩失败 [Ap6iqZI5li1A0dPIbDZUWrxd_9acfc79c@windows]: Skipped due to cooking limit
[2026-03-28 19:40:48] 📋   [WARN]     压缩失败 [Fk5IWUp4ywSd3pqxeadAFlOa_9c69cb52@ios]: Skipped due to cooking limit
[2026-03-28 19:40:48] 📋   [WARN]     压缩失败 [Fk5IWUp4ywSd3pqxeadAFlOa_9c69cb52@android]: Skipped due to cooking limit
[2026-03-28 19:40:48] 📋   [WARN]     压缩失败 [Fk5IWUp4ywSd3pqxeadAFlOa_9c69cb52@windows]: Skipped due to cooking limit
[2026-03-28 19:40:48] 📋   [WARN]     压缩失败 [EBq16f1TBbysDdTo90BrFj60_08d3be62@ios]: Skipped due to cooking limit
[2026-03-28 19:40:48] 📋   [WARN]     压缩失败 [EBq16f1TBbysDdTo90BrFj60_08d3be62@android]: Skipped due to cooking limit
[2026-03-28 19:40:48] 📋   [WARN]     压缩失败 [EBq16f1TBbysDdTo90BrFj60_08d3be62@windows]: Skipped due to cooking limit
[2026-03-28 19:40:48] 📋   [WARN]     压缩失败 [CG2a-SWHMxRowhtN70jgEnFI_eb4831d5@ios]: Skipped due to cooking limit
[2026-03-28 19:40:48] 📋   [WARN]     压缩失败 [CG2a-SWHMxRowhtN70jgEnFI_eb4831d5@android]: Skipped due to cooking limit
[2026-03-28 19:40:48] 📋   [WARN]     压缩失败 [CG2a-SWHMxRowhtN70jgEnFI_eb4831d5@windows]: Skipped due to cooking limit
[2026-03-28 19:40:48] 📋   [WARN]     压缩失败 [BuuSYWf6aCZuIZZDlzDtgAB4_61175461@ios]: Skipped due to cooking limit
[2026-03-28 19:40:48] 📋   [WARN]     压缩失败 [BuuSYWf6aCZuIZZDlzDtgAB4_61175461@android]: Skipped due to cooking limit
[2026-03-28 19:40:48] 📋   [WARN]     压缩失败 [BuuSYWf6aCZuIZZDlzDtgAB4_61175461@windows]: Skipped due to cooking limit
[2026-03-28 19:40:48] 📋   [WARN]     压缩失败 [AYn0eZEDlW_ZvfQUdXvL0Mk-_c783010f@ios]: Skipped due to cooking limit
[2026-03-28 19:40:48] 📋   [WARN]     压缩失败 [AYn0eZEDlW_ZvfQUdXvL0Mk-_c783010f@android]: Skipped due to cooking limit
[2026-03-28 19:40:48] 📋   [WARN]     压缩失败 [AYn0eZEDlW_ZvfQUdXvL0Mk-_c783010f@windows]: Skipped due to cooking limit
[2026-03-28 19:40:48] 📋   [WARN]     压缩失败 [AWsJwYj69oDGsIW5C7bxjDO-_6f10a475@ios]: Skipped due to cooking limit
[2026-03-28 19:40:48] 📋   [WARN]     压缩失败 [AWsJwYj69oDGsIW5C7bxjDO-_6f10a475@android]: Skipped due to cooking limit
[2026-03-28 19:40:48] 📋   [WARN]     压缩失败 [AWsJwYj69oDGsIW5C7bxjDO-_6f10a475@windows]: Skipped due to cooking limit
[2026-03-28 19:40:48] 📋   [WARN]     压缩失败 [DBc9Ge-mwXEo154vg2exwUbZ_80cada4d@ios]: Skipped due to cooking limit
[2026-03-28 19:40:48] 📋   [WARN]     压缩失败 [DBc9Ge-mwXEo154vg2exwUbZ_80cada4d@android]: Skipped due to cooking limit
[2026-03-28 19:40:48] 📋   [WARN]     压缩失败 [DBc9Ge-mwXEo154vg2exwUbZ_80cada4d@windows]: Skipped due to cooking limit
[2026-03-28 19:40:48] 📋   [WARN]     压缩失败 [BOHDKRflvQXvloVfU4amUrAz_27cfdf1e@ios]: Skipped due to cooking limit
[2026-03-28 19:40:48] 📋   [WARN]     压缩失败 [BOHDKRflvQXvloVfU4amUrAz_27cfdf1e@android]: Skipped due to cooking limit
[2026-03-28 19:40:48] 📋   [WARN]     压缩失败 [BOHDKRflvQXvloVfU4amUrAz_27cfdf1e@windows]: Skipped due to cooking limit
[2026-03-28 19:40:48] 📋   [WARN]     压缩失败 [Gn034bLzzXsRZSFp7pkJRFZJ_aed08719@ios]: Skipped due to cooking limit
[2026-03-28 19:40:48] 📋   [WARN]     压缩失败 [Gn034bLzzXsRZSFp7pkJRFZJ_aed08719@android]: Skipped due to cooking limit
[2026-03-28 19:40:48] 📋   [WARN]     压缩失败 [Gn034bLzzXsRZSFp7pkJRFZJ_aed08719@windows]: Skipped due to cooking limit
[2026-03-28 19:40:48] 📋   [WARN]     压缩失败 [DBP82e0OG3lCIK3Zd6R4rRTh_6dc1ef86@ios]: Skipped due to cooking limit
[2026-03-28 19:40:48] 📋   [WARN]     压缩失败 [DBP82e0OG3lCIK3Zd6R4rRTh_6dc1ef86@android]: Skipped due to cooking limit
[2026-03-28 19:40:48] 📋   [WARN]     压缩失败 [DBP82e0OG3lCIK3Zd6R4rRTh_6dc1ef86@windows]: Skipped due to cooking limit
[2026-03-28 19:40:48] 📋   [WARN]     压缩失败 [DchGsayuWPxtbtrgaXJsUOER_221bffe7@ios]: Skipped due to cooking limit
[2026-03-28 19:40:48] 📋   [WARN]     压缩失败 [DchGsayuWPxtbtrgaXJsUOER_221bffe7@android]: Skipped due to cooking limit
[2026-03-28 19:40:48] 📋   [WARN]     压缩失败 [DchGsayuWPxtbtrgaXJsUOER_221bffe7@windows]: Skipped due to cooking limit
[2026-03-28 19:40:48] 📋   [WARN]     压缩失败 [ECxpgYAnKJJ8XOaUOG7FHC4n_3f800269@ios]: Skipped due to cooking limit
[2026-03-28 19:40:48] 📋   [WARN]     压缩失败 [ECxpgYAnKJJ8XOaUOG7FHC4n_3f800269@android]: Skipped due to cooking limit
[2026-03-28 19:40:48] 📋   [WARN]     压缩失败 [ECxpgYAnKJJ8XOaUOG7FHC4n_3f800269@windows]: Skipped due to cooking limit
[2026-03-28 19:40:48] 📋   [WARN]     压缩失败 [BRjQYX-nX3uOzCaAGkmcisZG_3b233c40@ios]: Skipped due to cooking limit
[2026-03-28 19:40:48] 📋   [WARN]     压缩失败 [BRjQYX-nX3uOzCaAGkmcisZG_3b233c40@android]: Skipped due to cooking limit
[2026-03-28 19:40:49] 📋   [WARN]     压缩失败 [BRjQYX-nX3uOzCaAGkmcisZG_3b233c40@windows]: Skipped due to cooking limit
[2026-03-28 19:40:49] 📋   [WARN]     压缩失败 [ExvTsfc1xZARsRYcTdc5wH3l_1b0d1f68@ios]: Skipped due to cooking limit
[2026-03-28 19:40:49] 📋   [WARN]     压缩失败 [ExvTsfc1xZARsRYcTdc5wH3l_1b0d1f68@android]: Skipped due to cooking limit
[2026-03-28 19:40:49] 📋   [WARN]     压缩失败 [ExvTsfc1xZARsRYcTdc5wH3l_1b0d1f68@windows]: Skipped due to cooking limit
[2026-03-28 19:40:49] 📋   [WARN]     压缩失败 [BBWeuWa41aYcgLe_ossF9KUx_bf8b4995@ios]: Skipped due to cooking limit
[2026-03-28 19:40:49] 📋   [WARN]     压缩失败 [BBWeuWa41aYcgLe_ossF9KUx_bf8b4995@android]: Skipped due to cooking limit
[2026-03-28 19:40:49] 📋   [WARN]     压缩失败 [BBWeuWa41aYcgLe_ossF9KUx_bf8b4995@windows]: Skipped due to cooking limit
[2026-03-28 19:40:49] 📋   [WARN]     压缩失败 [FgA9WTO6YVD2K0wgTidULsMP_b6e69a16@ios]: Skipped due to cooking limit
[2026-03-28 19:40:49] 📋   [WARN]     压缩失败 [FgA9WTO6YVD2K0wgTidULsMP_b6e69a16@android]: Skipped due to cooking limit
[2026-03-28 19:40:49] 📋   [WARN]     压缩失败 [FgA9WTO6YVD2K0wgTidULsMP_b6e69a16@windows]: Skipped due to cooking limit
[2026-03-28 19:40:49] 📋   [WARN]     压缩失败 [Fz85-YWrFKgzTGABgxY35_kZ_e2598ff3@ios]: Skipped due to cooking limit
[2026-03-28 19:40:49] 📋   [WARN]     压缩失败 [Fz85-YWrFKgzTGABgxY35_kZ_e2598ff3@android]: Skipped due to cooking limit
[2026-03-28 19:40:49] 📋   [WARN]     压缩失败 [Fz85-YWrFKgzTGABgxY35_kZ_e2598ff3@windows]: Skipped due to cooking limit
[2026-03-28 19:40:49] 📋   [WARN]     压缩失败 [AWm7gfhi6sz8QBD7IFT2z0C0_a2ead0e4@ios]: Skipped due to cooking limit
[2026-03-28 19:40:49] 📋   [WARN]     压缩失败 [AWm7gfhi6sz8QBD7IFT2z0C0_a2ead0e4@android]: Skipped due to cooking limit
[2026-03-28 19:40:49] 📋   [WARN]     压缩失败 [AWm7gfhi6sz8QBD7IFT2z0C0_a2ead0e4@windows]: Skipped due to cooking limit
[2026-03-28 19:40:49] 📋   [WARN]     压缩失败 [AKQRsWKfQxwniO41g1Cq_LNS_e5d61beb@ios]: Skipped due to cooking limit
[2026-03-28 19:40:49] 📋   [WARN]     压缩失败 [AKQRsWKfQxwniO41g1Cq_LNS_e5d61beb@android]: Skipped due to cooking limit
[2026-03-28 19:40:49] 📋   [WARN]     压缩失败 [AKQRsWKfQxwniO41g1Cq_LNS_e5d61beb@windows]: Skipped due to cooking limit
[2026-03-28 19:40:49] 📋   [WARN]     压缩失败 [ArryeaP5iizEswUqPm0QW0go_ced16a8f@ios]: Skipped due to cooking limit
[2026-03-28 19:40:49] 📋   [WARN]     压缩失败 [ArryeaP5iizEswUqPm0QW0go_ced16a8f@android]: Skipped due to cooking limit
[2026-03-28 19:40:49] 📋   [WARN]     压缩失败 [ArryeaP5iizEswUqPm0QW0go_ced16a8f@windows]: Skipped due to cooking limit
[2026-03-28 19:40:49] 📋   [WARN]     压缩失败 [Hz5iYcii-aHrLQkt3XMqqHaw_5e59b5b6@ios]: Skipped due to cooking limit
[2026-03-28 19:40:49] 📋   [WARN]     压缩失败 [Hz5iYcii-aHrLQkt3XMqqHaw_5e59b5b6@android]: Skipped due to cooking limit
[2026-03-28 19:40:49] 📋   [WARN]     压缩失败 [Hz5iYcii-aHrLQkt3XMqqHaw_5e59b5b6@windows]: Skipped due to cooking limit
[2026-03-28 19:40:49] 📋   [WARN]     压缩失败 [Ao1E6RSiNN3AipktFXte22M5_41be608a@ios]: Skipped due to cooking limit
[2026-03-28 19:40:49] 📋   [WARN]     压缩失败 [Ao1E6RSiNN3AipktFXte22M5_41be608a@android]: Skipped due to cooking limit
[2026-03-28 19:40:49] 📋   [WARN]     压缩失败 [Ao1E6RSiNN3AipktFXte22M5_41be608a@windows]: Skipped due to cooking limit
[2026-03-28 19:40:49] 📋   [WARN]     压缩失败 [Fot8uapciZvNpUh92bOcPVMp_6c542a1b@ios]: Skipped due to cooking limit
[2026-03-28 19:40:49] 📋   [WARN]     压缩失败 [Fot8uapciZvNpUh92bOcPVMp_6c542a1b@android]: Skipped due to cooking limit
[2026-03-28 19:40:49] 📋   [WARN]     压缩失败 [Fot8uapciZvNpUh92bOcPVMp_6c542a1b@windows]: Skipped due to cooking limit
[2026-03-28 19:40:49] 📋   [WARN]     压缩失败 [EYJn4fC8xfjAQWS0TakwEM1__708ecda1@ios]: Skipped due to cooking limit
[2026-03-28 19:40:49] 📋   [WARN]     压缩失败 [EYJn4fC8xfjAQWS0TakwEM1__708ecda1@android]: Skipped due to cooking limit
[2026-03-28 19:40:49] 📋   [WARN]     压缩失败 [EYJn4fC8xfjAQWS0TakwEM1__708ecda1@windows]: Skipped due to cooking limit
[2026-03-28 19:40:49] 📋   [WARN]     压缩失败 [BP8S6QH-rWdWb7qwVc8b5piF_3e0ac164@ios]: Skipped due to cooking limit
[2026-03-28 19:40:49] 📋   [WARN]     压缩失败 [BP8S6QH-rWdWb7qwVc8b5piF_3e0ac164@android]: Skipped due to cooking limit
[2026-03-28 19:40:49] 📋   [WARN]     压缩失败 [BP8S6QH-rWdWb7qwVc8b5piF_3e0ac164@windows]: Skipped due to cooking limit
[2026-03-28 19:40:49] 📋   [WARN]     压缩失败 [BYs2iT2vbYemsTiv5EUtotCq_539f823f@ios]: Skipped due to cooking limit
[2026-03-28 19:40:49] 📋   [WARN]     压缩失败 [BYs2iT2vbYemsTiv5EUtotCq_539f823f@android]: Skipped due to cooking limit
[2026-03-28 19:40:49] 📋   [WARN]     压缩失败 [BYs2iT2vbYemsTiv5EUtotCq_539f823f@windows]: Skipped due to cooking limit
[2026-03-28 19:40:49] 📋   [WARN]     压缩失败 [ANdz4SeCIwfW6VCdmnNLz_62_f092c97b@ios]: Skipped due to cooking limit
[2026-03-28 19:40:49] 📋   [WARN]     压缩失败 [ANdz4SeCIwfW6VCdmnNLz_62_f092c97b@android]: Skipped due to cooking limit
[2026-03-28 19:40:49] 📋   [WARN]     压缩失败 [ANdz4SeCIwfW6VCdmnNLz_62_f092c97b@windows]: Skipped due to cooking limit
[2026-03-28 19:40:49] 📋   [WARN]     压缩失败 [HSSf4bTVqcDJPN9wkfe7Hx-O_fe78c583@ios]: Skipped due to cooking limit
[2026-03-28 19:40:49] 📋   [WARN]     压缩失败 [HSSf4bTVqcDJPN9wkfe7Hx-O_fe78c583@android]: Skipped due to cooking limit
[2026-03-28 19:40:49] 📋   [WARN]     压缩失败 [HSSf4bTVqcDJPN9wkfe7Hx-O_fe78c583@windows]: Skipped due to cooking limit
[2026-03-28 19:40:49] 📋   [WARN]     压缩失败 [Al6qcRh64QwhSiMjbadrbAyU_7ff32bad@ios]: Skipped due to cooking limit
[2026-03-28 19:40:49] 📋   [WARN]     压缩失败 [Al6qcRh64QwhSiMjbadrbAyU_7ff32bad@android]: Skipped due to cooking limit
[2026-03-28 19:40:49] 📋   [WARN]     压缩失败 [Al6qcRh64QwhSiMjbadrbAyU_7ff32bad@windows]: Skipped due to cooking limit
[2026-03-28 19:40:49] 📋   [WARN]     压缩失败 [HtQeIVxvJKkforKyb1DyZe9A_38701ddc@ios]: Skipped due to cooking limit
[2026-03-28 19:40:49] 📋   [WARN]     压缩失败 [HtQeIVxvJKkforKyb1DyZe9A_38701ddc@android]: Skipped due to cooking limit
[2026-03-28 19:40:49] 📋   [WARN]     压缩失败 [HtQeIVxvJKkforKyb1DyZe9A_38701ddc@windows]: Skipped due to cooking limit
[2026-03-28 19:40:49] 📋   [WARN]     压缩失败 [Fks44UM7FykD7BD8CQYlLUBW_6fedbac9@ios]: Skipped due to cooking limit
[2026-03-28 19:40:49] 📋   [WARN]     压缩失败 [Fks44UM7FykD7BD8CQYlLUBW_6fedbac9@android]: Skipped due to cooking limit
[2026-03-28 19:40:49] 📋   [WARN]     压缩失败 [Fks44UM7FykD7BD8CQYlLUBW_6fedbac9@windows]: Skipped due to cooking limit
[2026-03-28 19:40:49] 📋   [WARN]     压缩失败 [ECn82XTnKShm1tT_NhyVoQgO_5a8e23f8@ios]: Skipped due to cooking limit
[2026-03-28 19:40:49] 📋   [WARN]     压缩失败 [ECn82XTnKShm1tT_NhyVoQgO_5a8e23f8@android]: Skipped due to cooking limit
[2026-03-28 19:40:49] 📋   [WARN]     压缩失败 [ECn82XTnKShm1tT_NhyVoQgO_5a8e23f8@windows]: Skipped due to cooking limit
[2026-03-28 19:40:49] 📋   [WARN]     压缩失败 [DsKpufIby5NsSZMeQMaXCEYB_1c3abd2c@ios]: Skipped due to cooking limit
[2026-03-28 19:40:49] 📋   [WARN]     压缩失败 [DsKpufIby5NsSZMeQMaXCEYB_1c3abd2c@android]: Skipped due to cooking limit
[2026-03-28 19:40:49] 📋   [WARN]     压缩失败 [DsKpufIby5NsSZMeQMaXCEYB_1c3abd2c@windows]: Skipped due to cooking limit
[2026-03-28 19:40:49] 📋   [WARN]     压缩失败 [CgYiYQftODjKj769OnyiW1nK_a932cd36@ios]: Skipped due to cooking limit
[2026-03-28 19:40:49] 📋   [WARN]     压缩失败 [CgYiYQftODjKj769OnyiW1nK_a932cd36@android]: Skipped due to cooking limit
[2026-03-28 19:40:49] 📋   [WARN]     压缩失败 [CgYiYQftODjKj769OnyiW1nK_a932cd36@windows]: Skipped due to cooking limit
[2026-03-28 19:40:49] 📋   [WARN]     压缩失败 [FJg7oRdH-PWKdtZf39KIbYRw_9d3a172c@ios]: Skipped due to cooking limit
[2026-03-28 19:40:49] 📋   [WARN]     压缩失败 [FJg7oRdH-PWKdtZf39KIbYRw_9d3a172c@android]: Skipped due to cooking limit
[2026-03-28 19:40:49] 📋   [WARN]     压缩失败 [FJg7oRdH-PWKdtZf39KIbYRw_9d3a172c@windows]: Skipped due to cooking limit
[2026-03-28 19:40:49] 📋   [WARN]     压缩失败 [AK9ZsU4HxwRcQ48ZaZ5dHmMV_b3e9d515@ios]: Skipped due to cooking limit
[2026-03-28 19:40:49] 📋   [WARN]     压缩失败 [AK9ZsU4HxwRcQ48ZaZ5dHmMV_b3e9d515@android]: Skipped due to cooking limit
[2026-03-28 19:40:49] 📋   [WARN]     压缩失败 [AK9ZsU4HxwRcQ48ZaZ5dHmMV_b3e9d515@windows]: Skipped due to cooking limit
[2026-03-28 19:40:49] 📋   [WARN]     压缩失败 [FUQlSRXydw_U7L0MNZoh2sMn_137d98e0@ios]: Skipped due to cooking limit
[2026-03-28 19:40:49] 📋   [WARN]     压缩失败 [FUQlSRXydw_U7L0MNZoh2sMn_137d98e0@android]: Skipped due to cooking limit
[2026-03-28 19:40:49] 📋   [WARN]     压缩失败 [FUQlSRXydw_U7L0MNZoh2sMn_137d98e0@windows]: Skipped due to cooking limit
[2026-03-28 19:40:49] 📋   [WARN]     压缩失败 [GFv8-WPUyhG72TUO3dvXaXif_432d6767@ios]: Skipped due to cooking limit
[2026-03-28 19:40:49] 📋   [WARN]     压缩失败 [GFv8-WPUyhG72TUO3dvXaXif_432d6767@android]: Skipped due to cooking limit
[2026-03-28 19:40:49] 📋   [WARN]     压缩失败 [GFv8-WPUyhG72TUO3dvXaXif_432d6767@windows]: Skipped due to cooking limit
[2026-03-28 19:40:49] 📋   [WARN]     压缩失败 [CKoVSdhWII7EbbeiVYSxIAKy_74dd6273@ios]: Skipped due to cooking limit
[2026-03-28 19:40:49] 📋   [WARN]     压缩失败 [CKoVSdhWII7EbbeiVYSxIAKy_74dd6273@android]: Skipped due to cooking limit
[2026-03-28 19:40:49] 📋   [WARN]     压缩失败 [CKoVSdhWII7EbbeiVYSxIAKy_74dd6273@windows]: Skipped due to cooking limit
[2026-03-28 19:40:49] 📋   [WARN]     压缩失败 [COE9oeB9FpnwjjgPYmMtg_HM_afe80bcc@ios]: Skipped due to cooking limit
[2026-03-28 19:40:49] 📋   [WARN]     压缩失败 [COE9oeB9FpnwjjgPYmMtg_HM_afe80bcc@android]: Skipped due to cooking limit
[2026-03-28 19:40:49] 📋   [WARN]     压缩失败 [COE9oeB9FpnwjjgPYmMtg_HM_afe80bcc@windows]: Skipped due to cooking limit
[2026-03-28 19:40:49] 📋   [WARN]     压缩失败 [D_cOeZIQs4ph073uaHbpjZzo_b713a106@ios]: Skipped due to cooking limit
[2026-03-28 19:40:49] 📋   [WARN]     压缩失败 [D_cOeZIQs4ph073uaHbpjZzo_b713a106@android]: Skipped due to cooking limit
[2026-03-28 19:40:49] 📋   [WARN]     压缩失败 [D_cOeZIQs4ph073uaHbpjZzo_b713a106@windows]: Skipped due to cooking limit
[2026-03-28 19:40:49] 📋   [WARN]     压缩失败 [EeRhWZVH7MqpiXAXlHVyXqbj_23cdb1f8@ios]: Skipped due to cooking limit
[2026-03-28 19:40:49] 📋   [WARN]     压缩失败 [EeRhWZVH7MqpiXAXlHVyXqbj_23cdb1f8@android]: Skipped due to cooking limit
[2026-03-28 19:40:49] 📋   [WARN]     压缩失败 [EeRhWZVH7MqpiXAXlHVyXqbj_23cdb1f8@windows]: Skipped due to cooking limit
[2026-03-28 19:40:49] 📋   [WARN]     压缩失败 [BlA4ofNFYQ-I74tg0aS7ICyL_dac0e765@ios]: Skipped due to cooking limit
[2026-03-28 19:40:49] 📋   [WARN]     压缩失败 [BlA4ofNFYQ-I74tg0aS7ICyL_dac0e765@android]: Skipped due to cooking limit
[2026-03-28 19:40:49] 📋   [WARN]     压缩失败 [BlA4ofNFYQ-I74tg0aS7ICyL_dac0e765@windows]: Skipped due to cooking limit
[2026-03-28 19:40:49] 📋   [WARN]     压缩失败 [DDPweRCqnd-vKdbCNj5XtOQa_49434b25@ios]: Skipped due to cooking limit
[2026-03-28 19:40:49] 📋   [WARN]     压缩失败 [DDPweRCqnd-vKdbCNj5XtOQa_49434b25@android]: Skipped due to cooking limit
[2026-03-28 19:40:49] 📋   [WARN]     压缩失败 [DDPweRCqnd-vKdbCNj5XtOQa_49434b25@windows]: Skipped due to cooking limit
[2026-03-28 19:40:49] 📋   [WARN]     压缩失败 [DoK-gUJzzfVgAhfgUOzzRtwF_8003c985@ios]: Skipped due to cooking limit
[2026-03-28 19:40:49] 📋   [WARN]     压缩失败 [DoK-gUJzzfVgAhfgUOzzRtwF_8003c985@android]: Skipped due to cooking limit
[2026-03-28 19:40:49] 📋   [WARN]     压缩失败 [DoK-gUJzzfVgAhfgUOzzRtwF_8003c985@windows]: Skipped due to cooking limit
[2026-03-28 19:40:49] 📋   [WARN]     压缩失败 [ESZ0sXkiSL54UWEqBeiyBsfY_611faa92@ios]: Skipped due to cooking limit
[2026-03-28 19:40:49] 📋   [WARN]     压缩失败 [ESZ0sXkiSL54UWEqBeiyBsfY_611faa92@android]: Skipped due to cooking limit
[2026-03-28 19:40:49] 📋   [WARN]     压缩失败 [ESZ0sXkiSL54UWEqBeiyBsfY_611faa92@windows]: Skipped due to cooking limit
[2026-03-28 19:40:49] 📋   [WARN]     压缩失败 [C1B8Aas5l8wOuZ1TPL5Mf-18_7add671a@ios]: Skipped due to cooking limit
[2026-03-28 19:40:49] 📋   [WARN]     压缩失败 [C1B8Aas5l8wOuZ1TPL5Mf-18_7add671a@android]: Skipped due to cooking limit
[2026-03-28 19:40:49] 📋   [WARN]     压缩失败 [C1B8Aas5l8wOuZ1TPL5Mf-18_7add671a@windows]: Skipped due to cooking limit
[2026-03-28 19:40:49] 📋   [WARN]     压缩失败 [C5II8aP4dIEpmyBl05hwFLHA_814d47cc@ios]: Skipped due to cooking limit
[2026-03-28 19:40:49] 📋   [WARN]     压缩失败 [C5II8aP4dIEpmyBl05hwFLHA_814d47cc@android]: Skipped due to cooking limit
[2026-03-28 19:40:49] 📋   [WARN]     压缩失败 [C5II8aP4dIEpmyBl05hwFLHA_814d47cc@windows]: Skipped due to cooking limit
[2026-03-28 19:40:49] 📋   [WARN]     压缩失败 [GdAHwYCTeLCLruxixSL_47lq_85487317@ios]: Skipped due to cooking limit
[2026-03-28 19:40:49] 📋   [WARN]     压缩失败 [GdAHwYCTeLCLruxixSL_47lq_85487317@android]: Skipped due to cooking limit
[2026-03-28 19:40:49] 📋   [WARN]     压缩失败 [GdAHwYCTeLCLruxixSL_47lq_85487317@windows]: Skipped due to cooking limit
[2026-03-28 19:40:49] 📋   [WARN]     压缩失败 [GCpWabGKA18vK-bA_NxOsTjL_3cc9be71@ios]: Skipped due to cooking limit
[2026-03-28 19:40:49] 📋   [WARN]     压缩失败 [GCpWabGKA18vK-bA_NxOsTjL_3cc9be71@android]: Skipped due to cooking limit
[2026-03-28 19:40:49] 📋   [WARN]     压缩失败 [GCpWabGKA18vK-bA_NxOsTjL_3cc9be71@windows]: Skipped due to cooking limit
[2026-03-28 19:40:49] 📋   [WARN]     压缩失败 [DLdPyTyJzbjtpvFpRYVxkjqm_4a4f8d27@ios]: Skipped due to cooking limit
[2026-03-28 19:40:49] 📋   [WARN]     压缩失败 [DLdPyTyJzbjtpvFpRYVxkjqm_4a4f8d27@android]: Skipped due to cooking limit
[2026-03-28 19:40:49] 📋   [WARN]     压缩失败 [DLdPyTyJzbjtpvFpRYVxkjqm_4a4f8d27@windows]: Skipped due to cooking limit
[2026-03-28 19:40:49] 📋   [WARN]     压缩失败 [DayTaWYBjh_1G6oMS45-xWF7_02be35d8@ios]: Skipped due to cooking limit
[2026-03-28 19:40:49] 📋   [WARN]     压缩失败 [DayTaWYBjh_1G6oMS45-xWF7_02be35d8@android]: Skipped due to cooking limit
[2026-03-28 19:40:49] 📋   [WARN]     压缩失败 [DayTaWYBjh_1G6oMS45-xWF7_02be35d8@windows]: Skipped due to cooking limit
[2026-03-28 19:40:49] 📋   [WARN]     压缩失败 [HUCQ-Y8eT9SKCknZzuOvGfEI_9fa37253@ios]: Skipped due to cooking limit
[2026-03-28 19:40:49] 📋   [WARN]     压缩失败 [HUCQ-Y8eT9SKCknZzuOvGfEI_9fa37253@android]: Skipped due to cooking limit
[2026-03-28 19:40:49] 📋   [WARN]     压缩失败 [HUCQ-Y8eT9SKCknZzuOvGfEI_9fa37253@windows]: Skipped due to cooking limit
[2026-03-28 19:40:49] 📋   [WARN]     压缩失败 [Fxz80cpUE1pyX0NBUHIKOE-d_8ddf30d0@ios]: Skipped due to cooking limit
[2026-03-28 19:40:49] 📋   [WARN]     压缩失败 [Fxz80cpUE1pyX0NBUHIKOE-d_8ddf30d0@android]: Skipped due to cooking limit
[2026-03-28 19:40:49] 📋   [WARN]     压缩失败 [Fxz80cpUE1pyX0NBUHIKOE-d_8ddf30d0@windows]: Skipped due to cooking limit
[2026-03-28 19:40:49] 📋   [WARN]     压缩失败 [EuhA-bbHmJxF0BS-vj5SRMsU_374b8935@ios]: Skipped due to cooking limit
[2026-03-28 19:40:49] 📋   [WARN]     压缩失败 [EuhA-bbHmJxF0BS-vj5SRMsU_374b8935@android]: Skipped due to cooking limit
[2026-03-28 19:40:49] 📋   [WARN]     压缩失败 [EuhA-bbHmJxF0BS-vj5SRMsU_374b8935@windows]: Skipped due to cooking limit
[2026-03-28 19:40:49] 📋   [WARN]     压缩失败 [EtMz-X3vnLwVholan0yCcmJL_61f13e3a@ios]: Skipped due to cooking limit
[2026-03-28 19:40:49] 📋   [WARN]     压缩失败 [EtMz-X3vnLwVholan0yCcmJL_61f13e3a@android]: Skipped due to cooking limit
[2026-03-28 19:40:49] 📋   [WARN]     压缩失败 [EtMz-X3vnLwVholan0yCcmJL_61f13e3a@windows]: Skipped due to cooking limit
[2026-03-28 19:40:49] 📋   [WARN]     压缩失败 [D1gtiX98ItGk7yRvazLwDt17_8aed4a46@ios]: Skipped due to cooking limit
[2026-03-28 19:40:49] 📋   [WARN]     压缩失败 [D1gtiX98ItGk7yRvazLwDt17_8aed4a46@android]: Skipped due to cooking limit
[2026-03-28 19:40:49] 📋   [WARN]     压缩失败 [D1gtiX98ItGk7yRvazLwDt17_8aed4a46@windows]: Skipped due to cooking limit
[2026-03-28 19:40:49] 📋   [WARN]     压缩失败 [Fkih4fA213pjeaJP7PfBgsAZ_54c76e4d@ios]: Skipped due to cooking limit
[2026-03-28 19:40:49] 📋   [WARN]     压缩失败 [Fkih4fA213pjeaJP7PfBgsAZ_54c76e4d@android]: Skipped due to cooking limit
[2026-03-28 19:40:49] 📋   [WARN]     压缩失败 [Fkih4fA213pjeaJP7PfBgsAZ_54c76e4d@windows]: Skipped due to cooking limit
[2026-03-28 19:40:49] 📋   [WARN]     压缩失败 [DKGreXkSQ6hLCthscg0schbb_c6512a2b@ios]: Skipped due to cooking limit
[2026-03-28 19:40:49] 📋   [WARN]     压缩失败 [DKGreXkSQ6hLCthscg0schbb_c6512a2b@android]: Skipped due to cooking limit
[2026-03-28 19:40:49] 📋   [WARN]     压缩失败 [DKGreXkSQ6hLCthscg0schbb_c6512a2b@windows]: Skipped due to cooking limit
[2026-03-28 19:40:49] 📋   [WARN]     压缩失败 [CukNeYFLJKzllDfUO6AHj_Nh_2c580735@ios]: Skipped due to cooking limit
[2026-03-28 19:40:49] 📋   [WARN]     压缩失败 [CukNeYFLJKzllDfUO6AHj_Nh_2c580735@android]: Skipped due to cooking limit
[2026-03-28 19:40:49] 📋   [WARN]     压缩失败 [CukNeYFLJKzllDfUO6AHj_Nh_2c580735@windows]: Skipped due to cooking limit
[2026-03-28 19:40:49] 📋   [WARN]     压缩失败 [DMr4CYIhF8P-VY2VA5nL5rFn_0cedc5f5@ios]: Skipped due to cooking limit
[2026-03-28 19:40:49] 📋   [WARN]     压缩失败 [DMr4CYIhF8P-VY2VA5nL5rFn_0cedc5f5@android]: Skipped due to cooking limit
[2026-03-28 19:40:49] 📋   [WARN]     压缩失败 [DMr4CYIhF8P-VY2VA5nL5rFn_0cedc5f5@windows]: Skipped due to cooking limit
[2026-03-28 19:40:49] 📋   [WARN]     压缩失败 [CLvi4YYZ06elwJnN1W1KbZS3_889a356b@ios]: Skipped due to cooking limit
[2026-03-28 19:40:49] 📋   [WARN]     压缩失败 [CLvi4YYZ06elwJnN1W1KbZS3_889a356b@android]: Skipped due to cooking limit
[2026-03-28 19:40:49] 📋   [WARN]     压缩失败 [CLvi4YYZ06elwJnN1W1KbZS3_889a356b@windows]: Skipped due to cooking limit
[2026-03-28 19:40:49] 📋   [WARN]     压缩失败 [CVwGodrTYQtLzAGwZ9FYU5qM_0903cf80@ios]: Skipped due to cooking limit
[2026-03-28 19:40:49] 📋   [WARN]     压缩失败 [CVwGodrTYQtLzAGwZ9FYU5qM_0903cf80@android]: Skipped due to cooking limit
[2026-03-28 19:40:49] 📋   [WARN]     压缩失败 [CVwGodrTYQtLzAGwZ9FYU5qM_0903cf80@windows]: Skipped due to cooking limit
[2026-03-28 19:40:49] 📋   [WARN]     压缩失败 [CXjGIchw79CmFMfmNKxjKH_1_e99763af@ios]: Skipped due to cooking limit
[2026-03-28 19:40:49] 📋   [WARN]     压缩失败 [CXjGIchw79CmFMfmNKxjKH_1_e99763af@android]: Skipped due to cooking limit
[2026-03-28 19:40:49] 📋   [WARN]     压缩失败 [CXjGIchw79CmFMfmNKxjKH_1_e99763af@windows]: Skipped due to cooking limit
[2026-03-28 19:40:49] 📋   [WARN]     压缩失败 [FqSCicgRsQfCOTkDT-DM4w9H_22a4a691@ios]: Skipped due to cooking limit
[2026-03-28 19:40:49] 📋   [WARN]     压缩失败 [FqSCicgRsQfCOTkDT-DM4w9H_22a4a691@android]: Skipped due to cooking limit
[2026-03-28 19:40:49] 📋   [WARN]     压缩失败 [FqSCicgRsQfCOTkDT-DM4w9H_22a4a691@windows]: Skipped due to cooking limit
[2026-03-28 19:40:49] 📋   [WARN]     压缩失败 [Ard5iYjsUY74ciGbcJbSyy8f_6cd03031@ios]: Skipped due to cooking limit
[2026-03-28 19:40:49] 📋   [WARN]     压缩失败 [Ard5iYjsUY74ciGbcJbSyy8f_6cd03031@android]: Skipped due to cooking limit
[2026-03-28 19:40:49] 📋   [WARN]     压缩失败 [Ard5iYjsUY74ciGbcJbSyy8f_6cd03031@windows]: Skipped due to cooking limit
[2026-03-28 19:40:49] 📋   [WARN]     压缩失败 [CAsiefRNfjvnv479wT43o9tg_e992af71@ios]: Skipped due to cooking limit
[2026-03-28 19:40:49] 📋   [WARN]     压缩失败 [CAsiefRNfjvnv479wT43o9tg_e992af71@android]: Skipped due to cooking limit
[2026-03-28 19:40:49] 📋   [WARN]     压缩失败 [CAsiefRNfjvnv479wT43o9tg_e992af71@windows]: Skipped due to cooking limit
[2026-03-28 19:40:49] 📋   [WARN]     压缩失败 [FcRBwVvs4QFABzwNKSMyR9NH_d868356d@ios]: Skipped due to cooking limit
[2026-03-28 19:40:49] 📋   [WARN]     压缩失败 [FcRBwVvs4QFABzwNKSMyR9NH_d868356d@android]: Skipped due to cooking limit
[2026-03-28 19:40:49] 📋   [WARN]     压缩失败 [FcRBwVvs4QFABzwNKSMyR9NH_d868356d@windows]: Skipped due to cooking limit
[2026-03-28 19:40:49] 📋   [WARN]     压缩失败 [H7RoeaUITSSmkDxauuXUXSVw_e69803ae@ios]: Skipped due to cooking limit
[2026-03-28 19:40:49] 📋   [WARN]     压缩失败 [H7RoeaUITSSmkDxauuXUXSVw_e69803ae@android]: Skipped due to cooking limit
[2026-03-28 19:40:50] 📋   [WARN]     压缩失败 [H7RoeaUITSSmkDxauuXUXSVw_e69803ae@windows]: Skipped due to cooking limit
[2026-03-28 19:40:50] 📋   [WARN]     压缩失败 [CzGd4WALkUYn3WyeT1YYeG58_cb02a598@ios]: Skipped due to cooking limit
[2026-03-28 19:40:50] 📋   [WARN]     压缩失败 [CzGd4WALkUYn3WyeT1YYeG58_cb02a598@android]: Skipped due to cooking limit
[2026-03-28 19:40:50] 📋   [WARN]     压缩失败 [CzGd4WALkUYn3WyeT1YYeG58_cb02a598@windows]: Skipped due to cooking limit
[2026-03-28 19:40:50] 📋   [WARN]     压缩失败 [G3rQKXevoJfAoqJCJZFNOU3r_c2991f23@ios]: Skipped due to cooking limit
[2026-03-28 19:40:50] 📋   [WARN]     压缩失败 [G3rQKXevoJfAoqJCJZFNOU3r_c2991f23@android]: Skipped due to cooking limit
[2026-03-28 19:40:50] 📋   [WARN]     压缩失败 [G3rQKXevoJfAoqJCJZFNOU3r_c2991f23@windows]: Skipped due to cooking limit
[2026-03-28 19:40:50] 📋   [WARN]     压缩失败 [Frkj8TK05-xOahmXUbPHLbVH_9a7c2ab6@ios]: Skipped due to cooking limit
[2026-03-28 19:40:50] 📋   [WARN]     压缩失败 [Frkj8TK05-xOahmXUbPHLbVH_9a7c2ab6@android]: Skipped due to cooking limit
[2026-03-28 19:40:50] 📋   [WARN]     压缩失败 [Frkj8TK05-xOahmXUbPHLbVH_9a7c2ab6@windows]: Skipped due to cooking limit
[2026-03-28 19:40:50] 📋   [WARN]     压缩失败 [EAYgOc5V6XnbmB77Jz_WnWMr_75c5c481@ios]: Skipped due to cooking limit
[2026-03-28 19:40:50] 📋   [WARN]     压缩失败 [EAYgOc5V6XnbmB77Jz_WnWMr_75c5c481@android]: Skipped due to cooking limit
[2026-03-28 19:40:50] 📋   [WARN]     压缩失败 [EAYgOc5V6XnbmB77Jz_WnWMr_75c5c481@windows]: Skipped due to cooking limit
[2026-03-28 19:40:50] 📋   [WARN]     压缩失败 [C4w_CauSlRZOzkT0EVWj4jvi_0d3db3fa@ios]: Skipped due to cooking limit
[2026-03-28 19:40:50] 📋   [WARN]     压缩失败 [C4w_CauSlRZOzkT0EVWj4jvi_0d3db3fa@android]: Skipped due to cooking limit
[2026-03-28 19:40:50] 📋   [WARN]     压缩失败 [C4w_CauSlRZOzkT0EVWj4jvi_0d3db3fa@windows]: Skipped due to cooking limit
[2026-03-28 19:40:50] 📋   [WARN]     压缩失败 [EWZpQZBTTsOmunmE2f4Mkz80_6a6cfb62@ios]: Skipped due to cooking limit
[2026-03-28 19:40:50] 📋   [WARN]     压缩失败 [EWZpQZBTTsOmunmE2f4Mkz80_6a6cfb62@android]: Skipped due to cooking limit
[2026-03-28 19:40:50] 📋   [WARN]     压缩失败 [EWZpQZBTTsOmunmE2f4Mkz80_6a6cfb62@windows]: Skipped due to cooking limit
[2026-03-28 19:40:50] 📋   [WARN]     压缩失败 [BB3pcX-sFH5MxWxkp455J4ba_9802e2be@ios]: Skipped due to cooking limit
[2026-03-28 19:40:50] 📋   [WARN]     压缩失败 [BB3pcX-sFH5MxWxkp455J4ba_9802e2be@android]: Skipped due to cooking limit
[2026-03-28 19:40:50] 📋   [WARN]     压缩失败 [BB3pcX-sFH5MxWxkp455J4ba_9802e2be@windows]: Skipped due to cooking limit
[2026-03-28 19:40:50] 📋   [WARN]     压缩失败 [E4ZcQbZqCl3F9R8Qh9o_aGHh_b76fdf1f@ios]: Skipped due to cooking limit
[2026-03-28 19:40:50] 📋   [WARN]     压缩失败 [E4ZcQbZqCl3F9R8Qh9o_aGHh_b76fdf1f@android]: Skipped due to cooking limit
[2026-03-28 19:40:50] 📋   [WARN]     压缩失败 [E4ZcQbZqCl3F9R8Qh9o_aGHh_b76fdf1f@windows]: Skipped due to cooking limit
[2026-03-28 19:40:50] 📋   [WARN]     压缩失败 [DD_eiX_Dd-2Y1cB60R6O6Fx3_f76aef96@ios]: Skipped due to cooking limit
[2026-03-28 19:40:50] 📋   [WARN]     压缩失败 [DD_eiX_Dd-2Y1cB60R6O6Fx3_f76aef96@android]: Skipped due to cooking limit
[2026-03-28 19:40:50] 📋   [WARN]     压缩失败 [DD_eiX_Dd-2Y1cB60R6O6Fx3_f76aef96@windows]: Skipped due to cooking limit
[2026-03-28 19:40:50] 📋   [WARN]     压缩失败 [BOvGucti5HAxoSi48IOVXZlw_b8650807@ios]: Skipped due to cooking limit
[2026-03-28 19:40:50] 📋   [WARN]     压缩失败 [BOvGucti5HAxoSi48IOVXZlw_b8650807@android]: Skipped due to cooking limit
[2026-03-28 19:40:50] 📋   [WARN]     压缩失败 [BOvGucti5HAxoSi48IOVXZlw_b8650807@windows]: Skipped due to cooking limit
[2026-03-28 19:40:50] 📋   [WARN]     压缩失败 [AZdISTNNMerB-uCZbinIaRCR_a9905f04@ios]: Skipped due to cooking limit
[2026-03-28 19:40:50] 📋   [WARN]     压缩失败 [AZdISTNNMerB-uCZbinIaRCR_a9905f04@android]: Skipped due to cooking limit
[2026-03-28 19:40:50] 📋   [WARN]     压缩失败 [AZdISTNNMerB-uCZbinIaRCR_a9905f04@windows]: Skipped due to cooking limit
[2026-03-28 19:40:50] 📋   [WARN]     压缩失败 [EYfP0QE87iNkSmX2rTD8GRV5_1f19ca87@ios]: Skipped due to cooking limit
[2026-03-28 19:40:50] 📋   [WARN]     压缩失败 [EYfP0QE87iNkSmX2rTD8GRV5_1f19ca87@android]: Skipped due to cooking limit
[2026-03-28 19:40:50] 📋   [WARN]     压缩失败 [EYfP0QE87iNkSmX2rTD8GRV5_1f19ca87@windows]: Skipped due to cooking limit
[2026-03-28 19:40:50] 📋   [WARN]     压缩失败 [C07dqR3C3UuJfxg_9A4wGUJD_8c2954cc@ios]: Skipped due to cooking limit
[2026-03-28 19:40:50] 📋   [WARN]     压缩失败 [C07dqR3C3UuJfxg_9A4wGUJD_8c2954cc@android]: Skipped due to cooking limit
[2026-03-28 19:40:50] 📋   [WARN]     压缩失败 [C07dqR3C3UuJfxg_9A4wGUJD_8c2954cc@windows]: Skipped due to cooking limit
[2026-03-28 19:40:50] 📋   [WARN]     压缩失败 [GGnumcNVOaU-t9fiUMNTSK57_c97116cd@ios]: Skipped due to cooking limit
[2026-03-28 19:40:50] 📋   [WARN]     压缩失败 [GGnumcNVOaU-t9fiUMNTSK57_c97116cd@android]: Skipped due to cooking limit
[2026-03-28 19:40:50] 📋   [WARN]     压缩失败 [GGnumcNVOaU-t9fiUMNTSK57_c97116cd@windows]: Skipped due to cooking limit
[2026-03-28 19:40:50] 📋   [WARN]     压缩失败 [CH-9CSJjPr5pNNbeNH0iKfpC_c7c45db5@ios]: Skipped due to cooking limit
[2026-03-28 19:40:50] 📋   [WARN]     压缩失败 [CH-9CSJjPr5pNNbeNH0iKfpC_c7c45db5@android]: Skipped due to cooking limit
[2026-03-28 19:40:50] 📋   [WARN]     压缩失败 [CH-9CSJjPr5pNNbeNH0iKfpC_c7c45db5@windows]: Skipped due to cooking limit
[2026-03-28 19:40:50] 📋   [WARN]     压缩失败 [HVxgyXkY2vIYmAYS5x-orObS_df3fa796@ios]: Skipped due to cooking limit
[2026-03-28 19:40:50] 📋   [WARN]     压缩失败 [HVxgyXkY2vIYmAYS5x-orObS_df3fa796@android]: Skipped due to cooking limit
[2026-03-28 19:40:50] 📋   [WARN]     压缩失败 [HVxgyXkY2vIYmAYS5x-orObS_df3fa796@windows]: Skipped due to cooking limit
[2026-03-28 19:40:50] 📋   [WARN]     压缩失败 [G1R0-Ybua-tsx55eKVa5_u5N_80f44a5a@ios]: Skipped due to cooking limit
[2026-03-28 19:40:50] 📋   [WARN]     压缩失败 [G1R0-Ybua-tsx55eKVa5_u5N_80f44a5a@android]: Skipped due to cooking limit
[2026-03-28 19:40:50] 📋   [WARN]     压缩失败 [G1R0-Ybua-tsx55eKVa5_u5N_80f44a5a@windows]: Skipped due to cooking limit
[2026-03-28 19:40:50] 📋   [WARN]     压缩失败 [Bz-tcVJpR2HVgOzNZvw4DTkE_a13787ca@ios]: Skipped due to cooking limit
[2026-03-28 19:40:50] 📋   [WARN]     压缩失败 [Bz-tcVJpR2HVgOzNZvw4DTkE_a13787ca@android]: Skipped due to cooking limit
[2026-03-28 19:40:50] 📋   [WARN]     压缩失败 [Bz-tcVJpR2HVgOzNZvw4DTkE_a13787ca@windows]: Skipped due to cooking limit
[2026-03-28 19:40:50] 📋   [WARN]     压缩失败 [GKt-AUmkeKM7nLntpQ-ZOrYn_aacad364@ios]: Skipped due to cooking limit
[2026-03-28 19:40:50] 📋   [WARN]     压缩失败 [GKt-AUmkeKM7nLntpQ-ZOrYn_aacad364@android]: Skipped due to cooking limit
[2026-03-28 19:40:50] 📋   [WARN]     压缩失败 [GKt-AUmkeKM7nLntpQ-ZOrYn_aacad364@windows]: Skipped due to cooking limit
[2026-03-28 19:40:50] 📋   [WARN]     压缩失败 [ER4YgQL_raf4bhbDRR__R7ew_aee1b001@ios]: Skipped due to cooking limit
[2026-03-28 19:40:50] 📋   [WARN]     压缩失败 [ER4YgQL_raf4bhbDRR__R7ew_aee1b001@android]: Skipped due to cooking limit
[2026-03-28 19:40:50] 📋   [WARN]     压缩失败 [ER4YgQL_raf4bhbDRR__R7ew_aee1b001@windows]: Skipped due to cooking limit
[2026-03-28 19:40:50] 📋   [WARN]     压缩失败 [EajIoTnSmjkE0QsZ4MHRG8VZ_8975c3e2@ios]: Skipped due to cooking limit
[2026-03-28 19:40:50] 📋   [WARN]     压缩失败 [EajIoTnSmjkE0QsZ4MHRG8VZ_8975c3e2@android]: Skipped due to cooking limit
[2026-03-28 19:40:50] 📋   [WARN]     压缩失败 [EajIoTnSmjkE0QsZ4MHRG8VZ_8975c3e2@windows]: Skipped due to cooking limit
[2026-03-28 19:40:50] 📋   [WARN]     压缩失败 [CQa-8SPEnr2GXH-swGp6qOYQ_ebb9a0fc@ios]: Skipped due to cooking limit
[2026-03-28 19:40:50] 📋   [WARN]     压缩失败 [CQa-8SPEnr2GXH-swGp6qOYQ_ebb9a0fc@android]: Skipped due to cooking limit
[2026-03-28 19:40:50] 📋   [WARN]     压缩失败 [CQa-8SPEnr2GXH-swGp6qOYQ_ebb9a0fc@windows]: Skipped due to cooking limit
[2026-03-28 19:40:50] 📋   [WARN]     压缩失败 [DjCGMUnc4tovMMllJHCOwPqv_780410e8@ios]: Skipped due to cooking limit
[2026-03-28 19:40:50] 📋   [WARN]     压缩失败 [DjCGMUnc4tovMMllJHCOwPqv_780410e8@android]: Skipped due to cooking limit
[2026-03-28 19:40:50] 📋   [WARN]     压缩失败 [DjCGMUnc4tovMMllJHCOwPqv_780410e8@windows]: Skipped due to cooking limit
[2026-03-28 19:40:50] 📋   [WARN]     压缩失败 [FbwAKeTjoGYwH2YzlNIOLOeY_4fc667d5@ios]: Skipped due to cooking limit
[2026-03-28 19:40:50] 📋   [WARN]     压缩失败 [FbwAKeTjoGYwH2YzlNIOLOeY_4fc667d5@android]: Skipped due to cooking limit
[2026-03-28 19:40:50] 📋   [WARN]     压缩失败 [FbwAKeTjoGYwH2YzlNIOLOeY_4fc667d5@windows]: Skipped due to cooking limit
[2026-03-28 19:40:50] 📋   [WARN]     压缩失败 [AVwewaEYfa5zWQNR-U1tE2V2_c70e6a2f@ios]: Skipped due to cooking limit
[2026-03-28 19:40:50] 📋   [WARN]     压缩失败 [AVwewaEYfa5zWQNR-U1tE2V2_c70e6a2f@android]: Skipped due to cooking limit
[2026-03-28 19:40:50] 📋   [WARN]     压缩失败 [AVwewaEYfa5zWQNR-U1tE2V2_c70e6a2f@windows]: Skipped due to cooking limit
[2026-03-28 19:40:50] 📋   [WARN]     压缩失败 [EIb_id01-4eKsyQu6lOhC1EH_226b1aaa@ios]: Skipped due to cooking limit
[2026-03-28 19:40:50] 📋   [WARN]     压缩失败 [EIb_id01-4eKsyQu6lOhC1EH_226b1aaa@android]: Skipped due to cooking limit
[2026-03-28 19:40:50] 📋   [WARN]     压缩失败 [EIb_id01-4eKsyQu6lOhC1EH_226b1aaa@windows]: Skipped due to cooking limit
[2026-03-28 19:40:50] 📋   [WARN]     压缩失败 [HDIRmf3kCd5imf-SsB0ywt4C_fb4f123f@ios]: Skipped due to cooking limit
[2026-03-28 19:40:50] 📋   [WARN]     压缩失败 [HDIRmf3kCd5imf-SsB0ywt4C_fb4f123f@android]: Skipped due to cooking limit
[2026-03-28 19:40:50] 📋   [WARN]     压缩失败 [HDIRmf3kCd5imf-SsB0ywt4C_fb4f123f@windows]: Skipped due to cooking limit
[2026-03-28 19:40:50] 📋   [WARN]     压缩失败 [C6DA6WFauunCxH5nRzT2SSyo_49982bb6@ios]: Skipped due to cooking limit
[2026-03-28 19:40:50] 📋   [WARN]     压缩失败 [C6DA6WFauunCxH5nRzT2SSyo_49982bb6@android]: Skipped due to cooking limit
[2026-03-28 19:40:50] 📋   [WARN]     压缩失败 [C6DA6WFauunCxH5nRzT2SSyo_49982bb6@windows]: Skipped due to cooking limit
[2026-03-28 19:40:50] 📋   [WARN]     压缩失败 [H8nsyaAUz3LscuGnmQnFReWC_d20f0232@ios]: Skipped due to cooking limit
[2026-03-28 19:40:50] 📋   [WARN]     压缩失败 [H8nsyaAUz3LscuGnmQnFReWC_d20f0232@android]: Skipped due to cooking limit
[2026-03-28 19:40:50] 📋   [WARN]     压缩失败 [H8nsyaAUz3LscuGnmQnFReWC_d20f0232@windows]: Skipped due to cooking limit
[2026-03-28 19:40:50] 📋   [WARN]     压缩失败 [DHdwwd3iRxFAkcl2dIZUed9k_704699c8@ios]: Skipped due to cooking limit
[2026-03-28 19:40:50] 📋   [WARN]     压缩失败 [DHdwwd3iRxFAkcl2dIZUed9k_704699c8@android]: Skipped due to cooking limit
[2026-03-28 19:40:50] 📋   [WARN]     压缩失败 [DHdwwd3iRxFAkcl2dIZUed9k_704699c8@windows]: Skipped due to cooking limit
[2026-03-28 19:40:50] 📋   [WARN]     压缩失败 [EZaMAV9EePZ-qfxe6R9VMdZV_04d7d9bc@ios]: Skipped due to cooking limit
[2026-03-28 19:40:50] 📋   [WARN]     压缩失败 [EZaMAV9EePZ-qfxe6R9VMdZV_04d7d9bc@android]: Skipped due to cooking limit
[2026-03-28 19:40:50] 📋   [WARN]     压缩失败 [EZaMAV9EePZ-qfxe6R9VMdZV_04d7d9bc@windows]: Skipped due to cooking limit
[2026-03-28 19:40:50] 📋   [WARN]     压缩失败 [HKm70TiVakA5A7HMRlJg8l7E_78cdac2a@ios]: Skipped due to cooking limit
[2026-03-28 19:40:50] 📋   [WARN]     压缩失败 [HKm70TiVakA5A7HMRlJg8l7E_78cdac2a@android]: Skipped due to cooking limit
[2026-03-28 19:40:50] 📋   [WARN]     压缩失败 [HKm70TiVakA5A7HMRlJg8l7E_78cdac2a@windows]: Skipped due to cooking limit
[2026-03-28 19:40:50] 📋   [WARN]     压缩失败 [Dfx7-dybLn3G9xtTfCBTufIP_032b9b92@ios]: Skipped due to cooking limit
[2026-03-28 19:40:50] 📋   [WARN]     压缩失败 [Dfx7-dybLn3G9xtTfCBTufIP_032b9b92@android]: Skipped due to cooking limit
[2026-03-28 19:40:50] 📋   [WARN]     压缩失败 [Dfx7-dybLn3G9xtTfCBTufIP_032b9b92@windows]: Skipped due to cooking limit
[2026-03-28 19:40:50] 📋   [WARN]     压缩失败 [H6K4ER7gV8vld_EjcZIqY_xY_b432d4d4@ios]: Skipped due to cooking limit
[2026-03-28 19:40:50] 📋   [WARN]     压缩失败 [H6K4ER7gV8vld_EjcZIqY_xY_b432d4d4@android]: Skipped due to cooking limit
[2026-03-28 19:40:50] 📋   [WARN]     压缩失败 [H6K4ER7gV8vld_EjcZIqY_xY_b432d4d4@windows]: Skipped due to cooking limit
[2026-03-28 19:40:50] 📋   [WARN]     压缩失败 [DsJbQYYD41L-ilEFXECVGIjG_42286d1b@ios]: Skipped due to cooking limit
[2026-03-28 19:40:50] 📋   [WARN]     压缩失败 [DsJbQYYD41L-ilEFXECVGIjG_42286d1b@android]: Skipped due to cooking limit
[2026-03-28 19:40:50] 📋   [WARN]     压缩失败 [DsJbQYYD41L-ilEFXECVGIjG_42286d1b@windows]: Skipped due to cooking limit
[2026-03-28 19:40:50] 📋   [WARN]     压缩失败 [HXZtie46Xscvn9B-AT5jUCIk_fdd6a9f2@ios]: Skipped due to cooking limit
[2026-03-28 19:40:50] 📋   [WARN]     压缩失败 [HXZtie46Xscvn9B-AT5jUCIk_fdd6a9f2@android]: Skipped due to cooking limit
[2026-03-28 19:40:50] 📋   [WARN]     压缩失败 [HXZtie46Xscvn9B-AT5jUCIk_fdd6a9f2@windows]: Skipped due to cooking limit
[2026-03-28 19:40:50] 📋   [WARN]     压缩失败 [GIp9SXzegfjmhN3IIzflaOAX_2cde0c0f@ios]: Skipped due to cooking limit
[2026-03-28 19:40:50] 📋   [WARN]     压缩失败 [GIp9SXzegfjmhN3IIzflaOAX_2cde0c0f@android]: Skipped due to cooking limit
[2026-03-28 19:40:50] 📋   [WARN]     压缩失败 [GIp9SXzegfjmhN3IIzflaOAX_2cde0c0f@windows]: Skipped due to cooking limit
[2026-03-28 19:40:50] 📋   [WARN]     压缩失败 [FcLGKdpHvpmCrtDQtUJGK7Mb_549903ba@ios]: Skipped due to cooking limit
[2026-03-28 19:40:50] 📋   [WARN]     压缩失败 [FcLGKdpHvpmCrtDQtUJGK7Mb_549903ba@android]: Skipped due to cooking limit
[2026-03-28 19:40:50] 📋   [WARN]     压缩失败 [FcLGKdpHvpmCrtDQtUJGK7Mb_549903ba@windows]: Skipped due to cooking limit
[2026-03-28 19:40:50] 📋   [WARN]     压缩失败 [DwY6QY2iTqQ_Wka8KrGmuE5q_e7b7b06f@ios]: Skipped due to cooking limit
[2026-03-28 19:40:50] 📋   [WARN]     压缩失败 [DwY6QY2iTqQ_Wka8KrGmuE5q_e7b7b06f@android]: Skipped due to cooking limit
[2026-03-28 19:40:50] 📋   [WARN]     压缩失败 [DwY6QY2iTqQ_Wka8KrGmuE5q_e7b7b06f@windows]: Skipped due to cooking limit
[2026-03-28 19:40:50] 📋   [WARN]     压缩失败 [AOGsuQ9-kGUK6CnlyQkuIFEg_5176231b@ios]: Skipped due to cooking limit
[2026-03-28 19:40:50] 📋   [WARN]     压缩失败 [AOGsuQ9-kGUK6CnlyQkuIFEg_5176231b@android]: Skipped due to cooking limit
[2026-03-28 19:40:50] 📋   [WARN]     压缩失败 [AOGsuQ9-kGUK6CnlyQkuIFEg_5176231b@windows]: Skipped due to cooking limit
[2026-03-28 19:40:50] 📋   [WARN]     压缩失败 [F6ktsYp_9jvreFG8v8Yua71b_dfe4db6e@ios]: Skipped due to cooking limit
[2026-03-28 19:40:50] 📋   [WARN]     压缩失败 [F6ktsYp_9jvreFG8v8Yua71b_dfe4db6e@android]: Skipped due to cooking limit
[2026-03-28 19:40:50] 📋   [WARN]     压缩失败 [F6ktsYp_9jvreFG8v8Yua71b_dfe4db6e@windows]: Skipped due to cooking limit
[2026-03-28 19:40:50] 📋   [WARN]     压缩失败 [EljC6Thz2Y8k7e_gqyTgwIVn_bbb32b37@ios]: Skipped due to cooking limit
[2026-03-28 19:40:50] 📋   [WARN]     压缩失败 [EljC6Thz2Y8k7e_gqyTgwIVn_bbb32b37@android]: Skipped due to cooking limit
[2026-03-28 19:40:50] 📋   [WARN]     压缩失败 [EljC6Thz2Y8k7e_gqyTgwIVn_bbb32b37@windows]: Skipped due to cooking limit
[2026-03-28 19:40:50] 📋   [WARN]     压缩失败 [A2bk8fdsGBEfAW6VbGNzfFlc_6023586e@ios]: Skipped due to cooking limit
[2026-03-28 19:40:50] 📋   [WARN]     压缩失败 [A2bk8fdsGBEfAW6VbGNzfFlc_6023586e@android]: Skipped due to cooking limit
[2026-03-28 19:40:50] 📋   [WARN]     压缩失败 [A2bk8fdsGBEfAW6VbGNzfFlc_6023586e@windows]: Skipped due to cooking limit
[2026-03-28 19:40:50] 📋   [WARN]     压缩失败 [HupIkfTvOv8TWplE69xnuNrC_f8294850@ios]: Skipped due to cooking limit
[2026-03-28 19:40:50] 📋   [WARN]     压缩失败 [HupIkfTvOv8TWplE69xnuNrC_f8294850@android]: Skipped due to cooking limit
[2026-03-28 19:40:50] 📋   [WARN]     压缩失败 [HupIkfTvOv8TWplE69xnuNrC_f8294850@windows]: Skipped due to cooking limit
[2026-03-28 19:40:50] 📋   [WARN]     压缩失败 [EntqwaFac1M0qE1f65clbyVB_a97546f0@ios]: Skipped due to cooking limit
[2026-03-28 19:40:50] 📋   [WARN]     压缩失败 [EntqwaFac1M0qE1f65clbyVB_a97546f0@android]: Skipped due to cooking limit
[2026-03-28 19:40:50] 📋   [WARN]     压缩失败 [EntqwaFac1M0qE1f65clbyVB_a97546f0@windows]: Skipped due to cooking limit
[2026-03-28 19:40:50] 📋   [WARN]     压缩失败 [Bq1pocQLg0KP7Wkzx9lhDwRN_bd4977c5@ios]: Skipped due to cooking limit
[2026-03-28 19:40:50] 📋   [WARN]     压缩失败 [Bq1pocQLg0KP7Wkzx9lhDwRN_bd4977c5@android]: Skipped due to cooking limit
[2026-03-28 19:40:50] 📋   [WARN]     压缩失败 [Bq1pocQLg0KP7Wkzx9lhDwRN_bd4977c5@windows]: Skipped due to cooking limit
[2026-03-28 19:40:50] 📋   [WARN]     压缩失败 [B3H2OSZQc74pBWyxBhGS64Xt_6c99da18@ios]: Skipped due to cooking limit
[2026-03-28 19:40:50] 📋   [WARN]     压缩失败 [B3H2OSZQc74pBWyxBhGS64Xt_6c99da18@android]: Skipped due to cooking limit
[2026-03-28 19:40:50] 📋   [WARN]     压缩失败 [B3H2OSZQc74pBWyxBhGS64Xt_6c99da18@windows]: Skipped due to cooking limit
[2026-03-28 19:40:50] 📋   [WARN]     压缩失败 [GvyKCb8QskecBKQ5EJEgJg8m_b243406d@ios]: Skipped due to cooking limit
[2026-03-28 19:40:50] 📋   [WARN]     压缩失败 [GvyKCb8QskecBKQ5EJEgJg8m_b243406d@android]: Skipped due to cooking limit
[2026-03-28 19:40:51] 📋   [WARN]     压缩失败 [GvyKCb8QskecBKQ5EJEgJg8m_b243406d@windows]: Skipped due to cooking limit
[2026-03-28 19:40:51] 📋   [WARN]     压缩失败 [FcGOSUyU5_XMSJ9l94KaLWRG_f8343a4f@ios]: Skipped due to cooking limit
[2026-03-28 19:40:51] 📋   [WARN]     压缩失败 [FcGOSUyU5_XMSJ9l94KaLWRG_f8343a4f@android]: Skipped due to cooking limit
[2026-03-28 19:40:51] 📋   [WARN]     压缩失败 [FcGOSUyU5_XMSJ9l94KaLWRG_f8343a4f@windows]: Skipped due to cooking limit
[2026-03-28 19:40:51] 📋   [WARN]     压缩失败 [GG0lARPg7xkT7pqHsai6e_N1_40b71dae@ios]: Skipped due to cooking limit
[2026-03-28 19:40:51] 📋   [WARN]     压缩失败 [GG0lARPg7xkT7pqHsai6e_N1_40b71dae@android]: Skipped due to cooking limit
[2026-03-28 19:40:51] 📋   [WARN]     压缩失败 [GG0lARPg7xkT7pqHsai6e_N1_40b71dae@windows]: Skipped due to cooking limit
[2026-03-28 19:40:51] 📋   [WARN]     压缩失败 [AeT3KcVNP97zL696hV4E0SVy_9431f8e7@ios]: Skipped due to cooking limit
[2026-03-28 19:40:51] 📋   [WARN]     压缩失败 [AeT3KcVNP97zL696hV4E0SVy_9431f8e7@android]: Skipped due to cooking limit
[2026-03-28 19:40:51] 📋   [WARN]     压缩失败 [AeT3KcVNP97zL696hV4E0SVy_9431f8e7@windows]: Skipped due to cooking limit
[2026-03-28 19:40:51] 📋   [WARN]     压缩失败 [Ca2GQVTfA5_aTUN0tz1eQuGY_625db325@ios]: Skipped due to cooking limit
[2026-03-28 19:40:51] 📋   [WARN]     压缩失败 [Ca2GQVTfA5_aTUN0tz1eQuGY_625db325@android]: Skipped due to cooking limit
[2026-03-28 19:40:51] 📋   [WARN]     压缩失败 [Ca2GQVTfA5_aTUN0tz1eQuGY_625db325@windows]: Skipped due to cooking limit
[2026-03-28 19:40:51] 📋   [WARN]     压缩失败 [EV8YYWo9gO39fGfq8dIt7g4N_76494a69@ios]: Skipped due to cooking limit
[2026-03-28 19:40:51] 📋   [WARN]     压缩失败 [EV8YYWo9gO39fGfq8dIt7g4N_76494a69@android]: Skipped due to cooking limit
[2026-03-28 19:40:51] 📋   [WARN]     压缩失败 [EV8YYWo9gO39fGfq8dIt7g4N_76494a69@windows]: Skipped due to cooking limit
[2026-03-28 19:40:51] 📋   [WARN]     压缩失败 [BxilUQIIHRbupi8PpUeU062u_0aec0442@ios]: Skipped due to cooking limit
[2026-03-28 19:40:51] 📋   [WARN]     压缩失败 [BxilUQIIHRbupi8PpUeU062u_0aec0442@android]: Skipped due to cooking limit
[2026-03-28 19:40:51] 📋   [WARN]     压缩失败 [BxilUQIIHRbupi8PpUeU062u_0aec0442@windows]: Skipped due to cooking limit
[2026-03-28 19:40:51] 📋   [WARN]     压缩失败 [EXKbIfKhSSHhwm-JTRzVxWkC_93ac9573@ios]: Skipped due to cooking limit
[2026-03-28 19:40:51] 📋   [WARN]     压缩失败 [EXKbIfKhSSHhwm-JTRzVxWkC_93ac9573@android]: Skipped due to cooking limit
[2026-03-28 19:40:51] 📋   [WARN]     压缩失败 [EXKbIfKhSSHhwm-JTRzVxWkC_93ac9573@windows]: Skipped due to cooking limit
[2026-03-28 19:40:51] 📋   [WARN]     压缩失败 [FqidAX0TuWy-SAKae2_gnyts_263b56f4@ios]: Skipped due to cooking limit
[2026-03-28 19:40:51] 📋   [WARN]     压缩失败 [FqidAX0TuWy-SAKae2_gnyts_263b56f4@android]: Skipped due to cooking limit
[2026-03-28 19:40:51] 📋   [WARN]     压缩失败 [FqidAX0TuWy-SAKae2_gnyts_263b56f4@windows]: Skipped due to cooking limit
[2026-03-28 19:40:51] 📋   [WARN]     压缩失败 [CeWpoW4oUmpwuJ6gn2L2FIUz_8a557b2c@ios]: Skipped due to cooking limit
[2026-03-28 19:40:51] 📋   [WARN]     压缩失败 [CeWpoW4oUmpwuJ6gn2L2FIUz_8a557b2c@android]: Skipped due to cooking limit
[2026-03-28 19:40:51] 📋   [WARN]     压缩失败 [CeWpoW4oUmpwuJ6gn2L2FIUz_8a557b2c@windows]: Skipped due to cooking limit
[2026-03-28 19:40:51] 📋   [WARN]     压缩失败 [A05CUeo629wWRQyfDM1ZYtxr_57ea9b45@ios]: Skipped due to cooking limit
[2026-03-28 19:40:51] 📋   [WARN]     压缩失败 [A05CUeo629wWRQyfDM1ZYtxr_57ea9b45@android]: Skipped due to cooking limit
[2026-03-28 19:40:51] 📋   [WARN]     压缩失败 [A05CUeo629wWRQyfDM1ZYtxr_57ea9b45@windows]: Skipped due to cooking limit
[2026-03-28 19:40:51] 📋   [WARN]     压缩失败 [DlcakdF9xsxVJqFonajMO0uG_d37d2bb7@ios]: Skipped due to cooking limit
[2026-03-28 19:40:51] 📋   [WARN]     压缩失败 [DlcakdF9xsxVJqFonajMO0uG_d37d2bb7@android]: Skipped due to cooking limit
[2026-03-28 19:40:51] 📋   [WARN]     压缩失败 [DlcakdF9xsxVJqFonajMO0uG_d37d2bb7@windows]: Skipped due to cooking limit
[2026-03-28 19:40:51] 📋   [WARN]     压缩失败 [BSJHafutEzxcIbqmUZbH6Joi_c2c465ee@ios]: Skipped due to cooking limit
[2026-03-28 19:40:51] 📋   [WARN]     压缩失败 [BSJHafutEzxcIbqmUZbH6Joi_c2c465ee@android]: Skipped due to cooking limit
[2026-03-28 19:40:51] 📋   [WARN]     压缩失败 [BSJHafutEzxcIbqmUZbH6Joi_c2c465ee@windows]: Skipped due to cooking limit
[2026-03-28 19:40:51] 📋   [WARN]     压缩失败 [FHqUsc_JMClBdPavIimEEYvw_dca67bbb@ios]: Skipped due to cooking limit
[2026-03-28 19:40:51] 📋   [WARN]     压缩失败 [FHqUsc_JMClBdPavIimEEYvw_dca67bbb@android]: Skipped due to cooking limit
[2026-03-28 19:40:51] 📋   [WARN]     压缩失败 [FHqUsc_JMClBdPavIimEEYvw_dca67bbb@windows]: Skipped due to cooking limit
[2026-03-28 19:40:51] 📋   [WARN]     压缩失败 [GucOwfeYwfUqazOzi_iZ1W3W_6a4e41f0@ios]: Skipped due to cooking limit
[2026-03-28 19:40:51] 📋   [WARN]     压缩失败 [GucOwfeYwfUqazOzi_iZ1W3W_6a4e41f0@android]: Skipped due to cooking limit
[2026-03-28 19:40:51] 📋   [WARN]     压缩失败 [GucOwfeYwfUqazOzi_iZ1W3W_6a4e41f0@windows]: Skipped due to cooking limit
[2026-03-28 19:40:51] 📋   [WARN]     压缩失败 [Feha-d5LgevfLLLzhsxSScGN_fe52cf8f@ios]: Skipped due to cooking limit
[2026-03-28 19:40:51] 📋   [WARN]     压缩失败 [Feha-d5LgevfLLLzhsxSScGN_fe52cf8f@android]: Skipped due to cooking limit
[2026-03-28 19:40:51] 📋   [WARN]     压缩失败 [Feha-d5LgevfLLLzhsxSScGN_fe52cf8f@windows]: Skipped due to cooking limit
[2026-03-28 19:40:51] 📋   [WARN]     压缩失败 [AwOD2fo0ph2Xgcl6PoS0NmhY_08d3be62@ios]: Skipped due to cooking limit
[2026-03-28 19:40:51] 📋   [WARN]     压缩失败 [AwOD2fo0ph2Xgcl6PoS0NmhY_08d3be62@android]: Skipped due to cooking limit
[2026-03-28 19:40:51] 📋   [WARN]     压缩失败 [AwOD2fo0ph2Xgcl6PoS0NmhY_08d3be62@windows]: Skipped due to cooking limit
[2026-03-28 19:40:51] 📋   [WARN]     压缩失败 [GFQZEaMr5w1Qfq1db7zOZz4s_61175461@ios]: Skipped due to cooking limit
[2026-03-28 19:40:51] 📋   [WARN]     压缩失败 [GFQZEaMr5w1Qfq1db7zOZz4s_61175461@android]: Skipped due to cooking limit
[2026-03-28 19:40:51] 📋   [WARN]     压缩失败 [GFQZEaMr5w1Qfq1db7zOZz4s_61175461@windows]: Skipped due to cooking limit
[2026-03-28 19:40:51] 📋   [WARN]     压缩失败 [G_qD4RxdzsekUopUVqSuk7Dq_6f10a475@ios]: Skipped due to cooking limit
[2026-03-28 19:40:51] 📋   [WARN]     压缩失败 [G_qD4RxdzsekUopUVqSuk7Dq_6f10a475@android]: Skipped due to cooking limit
[2026-03-28 19:40:51] 📋   [WARN]     压缩失败 [G_qD4RxdzsekUopUVqSuk7Dq_6f10a475@windows]: Skipped due to cooking limit
[2026-03-28 19:40:51] 📋   [WARN]     压缩失败 [HC5YmUUYmyukLgbMe0KYiwVu_6a6874de@ios]: Skipped due to cooking limit
[2026-03-28 19:40:51] 📋   [WARN]     压缩失败 [HC5YmUUYmyukLgbMe0KYiwVu_6a6874de@android]: Skipped due to cooking limit
[2026-03-28 19:40:51] 📋   [WARN]     压缩失败 [HC5YmUUYmyukLgbMe0KYiwVu_6a6874de@windows]: Skipped due to cooking limit
[2026-03-28 19:40:51] 📋   [WARN]     压缩失败 [BYhjkXTiZvQbUGZoXDx_Ms7x_6dc1ef86@ios]: Skipped due to cooking limit
[2026-03-28 19:40:51] 📋   [WARN]     压缩失败 [BYhjkXTiZvQbUGZoXDx_Ms7x_6dc1ef86@android]: Skipped due to cooking limit
[2026-03-28 19:40:51] 📋   [WARN]     压缩失败 [BYhjkXTiZvQbUGZoXDx_Ms7x_6dc1ef86@windows]: Skipped due to cooking limit
[2026-03-28 19:40:51] 📋   [WARN]     压缩失败 [HsTSyfcOWjLs4LYEBqzLgEU3_4645c5d8@ios]: Skipped due to cooking limit
[2026-03-28 19:40:51] 📋   [WARN]     压缩失败 [HsTSyfcOWjLs4LYEBqzLgEU3_4645c5d8@android]: Skipped due to cooking limit
[2026-03-28 19:40:51] 📋   [WARN]     压缩失败 [HsTSyfcOWjLs4LYEBqzLgEU3_4645c5d8@windows]: Skipped due to cooking limit
[2026-03-28 19:40:51] 📋   [WARN]     压缩失败 [Cl3NIcb6oj31BHGqNBbxeKrJ_7011895a@ios]: Skipped due to cooking limit
[2026-03-28 19:40:51] 📋   [WARN]     压缩失败 [Cl3NIcb6oj31BHGqNBbxeKrJ_7011895a@android]: Skipped due to cooking limit
[2026-03-28 19:40:51] 📋   [WARN]     压缩失败 [Cl3NIcb6oj31BHGqNBbxeKrJ_7011895a@windows]: Skipped due to cooking limit
[2026-03-28 19:40:51] 📋   [WARN]     压缩失败 [DLTX-dzvbSrZQyBjV5GJIcbC_3e0ac164@ios]: Skipped due to cooking limit
[2026-03-28 19:40:51] 📋   [WARN]     压缩失败 [DLTX-dzvbSrZQyBjV5GJIcbC_3e0ac164@android]: Skipped due to cooking limit
[2026-03-28 19:40:51] 📋   [WARN]     压缩失败 [DLTX-dzvbSrZQyBjV5GJIcbC_3e0ac164@windows]: Skipped due to cooking limit
[2026-03-28 19:40:51] 📋   [WARN]     压缩失败 [EAleWTzFhGP8CK5KkamiZi8Y_f092c97b@ios]: Skipped due to cooking limit
[2026-03-28 19:40:51] 📋   [WARN]     压缩失败 [EAleWTzFhGP8CK5KkamiZi8Y_f092c97b@android]: Skipped due to cooking limit
[2026-03-28 19:40:51] 📋   [WARN]     压缩失败 [EAleWTzFhGP8CK5KkamiZi8Y_f092c97b@windows]: Skipped due to cooking limit
[2026-03-28 19:40:51] 📋   [WARN]     压缩失败 [DS-c4Zz4-kE9AXGhMfvk2kru_0b62ea3f@ios]: Skipped due to cooking limit
[2026-03-28 19:40:51] 📋   [WARN]     压缩失败 [DS-c4Zz4-kE9AXGhMfvk2kru_0b62ea3f@android]: Skipped due to cooking limit
[2026-03-28 19:40:51] 📋   [WARN]     压缩失败 [DS-c4Zz4-kE9AXGhMfvk2kru_0b62ea3f@windows]: Skipped due to cooking limit
[2026-03-28 19:40:51] 📋   [WARN]     压缩失败 [E1IXAYQigEG4zsaX_peFecu6_23cdb1f8@ios]: Skipped due to cooking limit
[2026-03-28 19:40:51] 📋   [WARN]     压缩失败 [E1IXAYQigEG4zsaX_peFecu6_23cdb1f8@android]: Skipped due to cooking limit
[2026-03-28 19:40:51] 📋   [WARN]     压缩失败 [E1IXAYQigEG4zsaX_peFecu6_23cdb1f8@windows]: Skipped due to cooking limit
[2026-03-28 19:40:51] 📋   [WARN]     压缩失败 [HADTEXcepAimE9uc607hl7tx_d439aa76@ios]: Skipped due to cooking limit
[2026-03-28 19:40:51] 📋   [WARN]     压缩失败 [HADTEXcepAimE9uc607hl7tx_d439aa76@android]: Skipped due to cooking limit
[2026-03-28 19:40:51] 📋   [WARN]     压缩失败 [HADTEXcepAimE9uc607hl7tx_d439aa76@windows]: Skipped due to cooking limit
[2026-03-28 19:40:51] 📋   [WARN]     压缩失败 [D7k2IYZAhuXBp545O0cSqrFZ_4a4f8d27@ios]: Skipped due to cooking limit
[2026-03-28 19:40:51] 📋   [WARN]     压缩失败 [D7k2IYZAhuXBp545O0cSqrFZ_4a4f8d27@android]: Skipped due to cooking limit
[2026-03-28 19:40:51] 📋   [WARN]     压缩失败 [D7k2IYZAhuXBp545O0cSqrFZ_4a4f8d27@windows]: Skipped due to cooking limit
[2026-03-28 19:40:51] 📋   [WARN]     压缩失败 [CgHj8TckWSOHvYlegOvUx5sN_c7c45db5@ios]: Skipped due to cooking limit
[2026-03-28 19:40:51] 📋   [WARN]     压缩失败 [CgHj8TckWSOHvYlegOvUx5sN_c7c45db5@android]: Skipped due to cooking limit
[2026-03-28 19:40:51] 📋   [WARN]     压缩失败 [CgHj8TckWSOHvYlegOvUx5sN_c7c45db5@windows]: Skipped due to cooking limit
[2026-03-28 19:40:51] 📋   [WARN]     压缩失败 [ClBjQTiM_bmbSKmy7AOkh0lu_226b1aaa@ios]: Skipped due to cooking limit
[2026-03-28 19:40:51] 📋   [WARN]     压缩失败 [ClBjQTiM_bmbSKmy7AOkh0lu_226b1aaa@android]: Skipped due to cooking limit
[2026-03-28 19:40:51] 📋   [WARN]     压缩失败 [ClBjQTiM_bmbSKmy7AOkh0lu_226b1aaa@windows]: Skipped due to cooking limit
[2026-03-28 19:40:51] 📋   [WARN]     压缩失败 [B4oEkYtdJg4xerStptx4NBVB_49982bb6@ios]: Skipped due to cooking limit
[2026-03-28 19:40:51] 📋   [WARN]     压缩失败 [B4oEkYtdJg4xerStptx4NBVB_49982bb6@android]: Skipped due to cooking limit
[2026-03-28 19:40:51] 📋   [WARN]     压缩失败 [B4oEkYtdJg4xerStptx4NBVB_49982bb6@windows]: Skipped due to cooking limit
[2026-03-28 19:40:51] 📋   [WARN]     压缩失败 [G7CXkWMM1_bfMvyJF675YlB8_78cdac2a@ios]: Skipped due to cooking limit
[2026-03-28 19:40:51] 📋   [WARN]     压缩失败 [G7CXkWMM1_bfMvyJF675YlB8_78cdac2a@android]: Skipped due to cooking limit
[2026-03-28 19:40:51] 📋   [WARN]     压缩失败 [G7CXkWMM1_bfMvyJF675YlB8_78cdac2a@windows]: Skipped due to cooking limit
[2026-03-28 19:40:51] 📋   [WARN]     压缩失败 [HXD5-RDsfV4rDUxEVTk11GYF_8909b5bd@ios]: Skipped due to cooking limit
[2026-03-28 19:40:51] 📋   [WARN]     压缩失败 [HXD5-RDsfV4rDUxEVTk11GYF_8909b5bd@android]: Skipped due to cooking limit
[2026-03-28 19:40:51] 📋   [WARN]     压缩失败 [HXD5-RDsfV4rDUxEVTk11GYF_8909b5bd@windows]: Skipped due to cooking limit
[2026-03-28 19:40:51] 📋   [WARN]     压缩失败 [DGqlaVW4I_ETGO2kU9G1aQmz_eb24990b@ios]: Skipped due to cooking limit
[2026-03-28 19:40:51] 📋   [WARN]     压缩失败 [DGqlaVW4I_ETGO2kU9G1aQmz_eb24990b@android]: Skipped due to cooking limit
[2026-03-28 19:40:51] 📋   [WARN]     压缩失败 [DGqlaVW4I_ETGO2kU9G1aQmz_eb24990b@windows]: Skipped due to cooking limit
[2026-03-28 19:40:51] 📋   [WARN]     压缩失败 [DJrfyfrREbwKMxF_XqjIyIwX_2c7c77a7@ios]: Skipped due to cooking limit
[2026-03-28 19:40:51] 📋   [WARN]     压缩失败 [DJrfyfrREbwKMxF_XqjIyIwX_2c7c77a7@android]: Skipped due to cooking limit
[2026-03-28 19:40:51] 📋   [WARN]     压缩失败 [DJrfyfrREbwKMxF_XqjIyIwX_2c7c77a7@windows]: Skipped due to cooking limit
[2026-03-28 19:40:51] 📋   [WARN]     压缩失败 [AoXKEZxkoW2sSG_Jfyd3ZFqV_fb8b0e15@ios]: Skipped due to cooking limit
[2026-03-28 19:40:51] 📋   [WARN]     压缩失败 [AoXKEZxkoW2sSG_Jfyd3ZFqV_fb8b0e15@android]: Skipped due to cooking limit
[2026-03-28 19:40:51] 📋   [WARN]     压缩失败 [AoXKEZxkoW2sSG_Jfyd3ZFqV_fb8b0e15@windows]: Skipped due to cooking limit
[2026-03-28 19:40:51] 📋   [WARN]     压缩失败 [FpjPcVB642ti3lw27bhS5J4b_346bb621@ios]: Skipped due to cooking limit
[2026-03-28 19:40:51] 📋   [WARN]     压缩失败 [FpjPcVB642ti3lw27bhS5J4b_346bb621@android]: Skipped due to cooking limit
[2026-03-28 19:40:51] 📋   [WARN]     压缩失败 [FpjPcVB642ti3lw27bhS5J4b_346bb621@windows]: Skipped due to cooking limit
[2026-03-28 19:40:51] 📋   [WARN]     压缩失败 [EzbwgXzHE1kb74bGyJNbBeXm_aed08719@ios]: Skipped due to cooking limit
[2026-03-28 19:40:51] 📋   [WARN]     压缩失败 [EzbwgXzHE1kb74bGyJNbBeXm_aed08719@android]: Skipped due to cooking limit
[2026-03-28 19:40:51] 📋   [WARN]     压缩失败 [EzbwgXzHE1kb74bGyJNbBeXm_aed08719@windows]: Skipped due to cooking limit
[2026-03-28 19:40:51] 📋   [WARN]     压缩失败 [BbVm6eCi_tyEZeszM5awM3F-_54c76e4d@ios]: Skipped due to cooking limit
[2026-03-28 19:40:51] 📋   [WARN]     压缩失败 [BbVm6eCi_tyEZeszM5awM3F-_54c76e4d@android]: Skipped due to cooking limit
[2026-03-28 19:40:51] 📋   [WARN]     压缩失败 [BbVm6eCi_tyEZeszM5awM3F-_54c76e4d@windows]: Skipped due to cooking limit
[2026-03-28 19:40:51] 📋   [WARN]     压缩失败 [ES4ReQQNGjpbK0YhCc4ELsjE_aacad364@ios]: Skipped due to cooking limit
[2026-03-28 19:40:51] 📋   [WARN]     压缩失败 [ES4ReQQNGjpbK0YhCc4ELsjE_aacad364@android]: Skipped due to cooking limit
[2026-03-28 19:40:51] 📋   [WARN]     压缩失败 [ES4ReQQNGjpbK0YhCc4ELsjE_aacad364@windows]: Skipped due to cooking limit
[2026-03-28 19:40:51] 📋   [WARN]     压缩失败 [FjYxgVd9lJQ8pdvkzW2t71I6_8f80e380@ios]: Skipped due to cooking limit
[2026-03-28 19:40:51] 📋   [WARN]     压缩失败 [FjYxgVd9lJQ8pdvkzW2t71I6_8f80e380@android]: Skipped due to cooking limit
[2026-03-28 19:40:51] 📋   [WARN]     压缩失败 [FjYxgVd9lJQ8pdvkzW2t71I6_8f80e380@windows]: Skipped due to cooking limit
[2026-03-28 19:40:51] 📋   [WARN]     压缩失败 [BbwjCSjMqfQjyNzp4loSUQl9_7815ee97@ios]: Skipped due to cooking limit
[2026-03-28 19:40:51] 📋   [WARN]     压缩失败 [BbwjCSjMqfQjyNzp4loSUQl9_7815ee97@android]: Skipped due to cooking limit
[2026-03-28 19:40:51] 📋   [WARN]     压缩失败 [BbwjCSjMqfQjyNzp4loSUQl9_7815ee97@windows]: Skipped due to cooking limit
[2026-03-28 19:40:51] 📋   [WARN]     压缩失败 [BGnaqfy6zNSPflpxS9oDQA9Q_146e35a3@ios]: Skipped due to cooking limit
[2026-03-28 19:40:51] 📋   [WARN]     压缩失败 [BGnaqfy6zNSPflpxS9oDQA9Q_146e35a3@android]: Skipped due to cooking limit
[2026-03-28 19:40:51] 📋   [WARN]     压缩失败 [BGnaqfy6zNSPflpxS9oDQA9Q_146e35a3@windows]: Skipped due to cooking limit
[2026-03-28 19:40:51] 📋   [WARN]     压缩失败 [HGJbEcxpMWdSZQ_3GC70VEmE_71b120ef@ios]: Skipped due to cooking limit
[2026-03-28 19:40:51] 📋   [WARN]     压缩失败 [HGJbEcxpMWdSZQ_3GC70VEmE_71b120ef@android]: Skipped due to cooking limit
[2026-03-28 19:40:51] 📋   [WARN]     压缩失败 [HGJbEcxpMWdSZQ_3GC70VEmE_71b120ef@windows]: Skipped due to cooking limit
[2026-03-28 19:40:51] 📋   [WARN]     压缩失败 [DuNEcSK2Ko1QrTrM339ZtzFt_be37ec98@ios]: Skipped due to cooking limit
[2026-03-28 19:40:51] 📋   [WARN]     压缩失败 [DuNEcSK2Ko1QrTrM339ZtzFt_be37ec98@android]: Skipped due to cooking limit
[2026-03-28 19:40:51] 📋   [WARN]     压缩失败 [DuNEcSK2Ko1QrTrM339ZtzFt_be37ec98@windows]: Skipped due to cooking limit
[2026-03-28 19:40:51] 📋   [WARN]     压缩失败 [Eu0XyfIT_21gB9MafyAiqmWL_9f2b2704@ios]: Skipped due to cooking limit
[2026-03-28 19:40:51] 📋   [WARN]     压缩失败 [Eu0XyfIT_21gB9MafyAiqmWL_9f2b2704@android]: Skipped due to cooking limit
[2026-03-28 19:40:51] 📋   [WARN]     压缩失败 [Eu0XyfIT_21gB9MafyAiqmWL_9f2b2704@windows]: Skipped due to cooking limit
[2026-03-28 19:40:51] 📋   [WARN]     压缩失败 [AZqR2UMjBz4L0xj_0rXWErn2_df80f91a@ios]: Skipped due to cooking limit
[2026-03-28 19:40:51] 📋   [WARN]     压缩失败 [AZqR2UMjBz4L0xj_0rXWErn2_df80f91a@android]: Skipped due to cooking limit
[2026-03-28 19:40:51] 📋   [WARN]     压缩失败 [AZqR2UMjBz4L0xj_0rXWErn2_df80f91a@windows]: Skipped due to cooking limit
[2026-03-28 19:40:51] 📋   [WARN]     压缩失败 [CjmmkVls7O2-8YXOIZX-dRtP_fd0027a3@ios]: Skipped due to cooking limit
[2026-03-28 19:40:51] 📋   [WARN]     压缩失败 [CjmmkVls7O2-8YXOIZX-dRtP_fd0027a3@android]: Skipped due to cooking limit
[2026-03-28 19:40:51] 📋   [WARN]     压缩失败 [CjmmkVls7O2-8YXOIZX-dRtP_fd0027a3@windows]: Skipped due to cooking limit
[2026-03-28 19:40:51] 📋   [WARN]     压缩失败 [A5pW2YNmCCYmi2a9XPj-xldO_1dfd1975@ios]: Skipped due to cooking limit
[2026-03-28 19:40:51] 📋   [WARN]     压缩失败 [A5pW2YNmCCYmi2a9XPj-xldO_1dfd1975@android]: Skipped due to cooking limit
[2026-03-28 19:40:51] 📋   [WARN]     压缩失败 [A5pW2YNmCCYmi2a9XPj-xldO_1dfd1975@windows]: Skipped due to cooking limit
[2026-03-28 19:40:51] 📋   [WARN]     压缩失败 [DQEg2X8o3FQXbSawvgy_KDLm_8fe9dbbb@ios]: Skipped due to cooking limit
[2026-03-28 19:40:51] 📋   [WARN]     压缩失败 [DQEg2X8o3FQXbSawvgy_KDLm_8fe9dbbb@android]: Skipped due to cooking limit
[2026-03-28 19:40:51] 📋   [WARN]     压缩失败 [DQEg2X8o3FQXbSawvgy_KDLm_8fe9dbbb@windows]: Skipped due to cooking limit
[2026-03-28 19:40:51] 📋   [WARN]     压缩失败 [DLoWQTrLghZp1XGVzfSBg-pO_dc053cd1@ios]: Skipped due to cooking limit
[2026-03-28 19:40:51] 📋   [WARN]     压缩失败 [DLoWQTrLghZp1XGVzfSBg-pO_dc053cd1@android]: Skipped due to cooking limit
[2026-03-28 19:40:51] 📋   [WARN]     压缩失败 [DLoWQTrLghZp1XGVzfSBg-pO_dc053cd1@windows]: Skipped due to cooking limit
[2026-03-28 19:40:51] 📋   [WARN]     压缩失败 [GCfB0YWPMHznPgmIx1nS3xJX_e55aabe7@ios]: Skipped due to cooking limit
[2026-03-28 19:40:51] 📋   [WARN]     压缩失败 [GCfB0YWPMHznPgmIx1nS3xJX_e55aabe7@android]: Skipped due to cooking limit
[2026-03-28 19:40:51] 📋   [WARN]     压缩失败 [GCfB0YWPMHznPgmIx1nS3xJX_e55aabe7@windows]: Skipped due to cooking limit
[2026-03-28 19:40:51] 📋   [WARN]     压缩失败 [BRGc0U8zr3JxRq_VOJyqB2VA_ae675cd5@ios]: Skipped due to cooking limit
[2026-03-28 19:40:51] 📋   [WARN]     压缩失败 [BRGc0U8zr3JxRq_VOJyqB2VA_ae675cd5@android]: Skipped due to cooking limit
[2026-03-28 19:40:51] 📋   [WARN]     压缩失败 [BRGc0U8zr3JxRq_VOJyqB2VA_ae675cd5@windows]: Skipped due to cooking limit
[2026-03-28 19:40:51] 📋   [WARN]     压缩失败 [AEB9kbvEBJNW3hp2k21uAWEd_75291bec@ios]: Skipped due to cooking limit
[2026-03-28 19:40:51] 📋   [WARN]     压缩失败 [AEB9kbvEBJNW3hp2k21uAWEd_75291bec@android]: Skipped due to cooking limit
[2026-03-28 19:40:51] 📋   [WARN]     压缩失败 [AEB9kbvEBJNW3hp2k21uAWEd_75291bec@windows]: Skipped due to cooking limit
[2026-03-28 19:40:51] 📋   [WARN]     压缩失败 [ExnJ8XztmOsJdxRl88zHNSwE_4b85fbc5@ios]: Skipped due to cooking limit
[2026-03-28 19:40:51] 📋   [WARN]     压缩失败 [ExnJ8XztmOsJdxRl88zHNSwE_4b85fbc5@android]: Skipped due to cooking limit
[2026-03-28 19:40:51] 📋   [WARN]     压缩失败 [ExnJ8XztmOsJdxRl88zHNSwE_4b85fbc5@windows]: Skipped due to cooking limit
[2026-03-28 19:40:51] 📋   [WARN]     压缩失败 [BvlAITOkoKNI7PX028MKMrXl_f695e6ce@ios]: Skipped due to cooking limit
[2026-03-28 19:40:51] 📋   [WARN]     压缩失败 [BvlAITOkoKNI7PX028MKMrXl_f695e6ce@android]: Skipped due to cooking limit
[2026-03-28 19:40:51] 📋   [WARN]     压缩失败 [BvlAITOkoKNI7PX028MKMrXl_f695e6ce@windows]: Skipped due to cooking limit
[2026-03-28 19:40:51] 📋   [WARN]     压缩失败 [Cv3ewbefZiRVoc5qv5zIi8BA_59b7d9e5@ios]: Skipped due to cooking limit
[2026-03-28 19:40:51] 📋   [WARN]     压缩失败 [Cv3ewbefZiRVoc5qv5zIi8BA_59b7d9e5@android]: Skipped due to cooking limit
[2026-03-28 19:40:51] 📋   [WARN]     压缩失败 [Cv3ewbefZiRVoc5qv5zIi8BA_59b7d9e5@windows]: Skipped due to cooking limit
[2026-03-28 19:40:51] 📋   [WARN]     压缩失败 [D2aE2fFnei4hoJrqZfQCtWPn_148763f5@ios]: Skipped due to cooking limit
[2026-03-28 19:40:51] 📋   [WARN]     压缩失败 [D2aE2fFnei4hoJrqZfQCtWPn_148763f5@android]: Skipped due to cooking limit
[2026-03-28 19:40:51] 📋   [WARN]     压缩失败 [D2aE2fFnei4hoJrqZfQCtWPn_148763f5@windows]: Skipped due to cooking limit
[2026-03-28 19:40:51] 📋   [WARN]     压缩失败 [F-r66dHmzZbpSjW6DAhfd_Rn_c0e35123@ios]: Skipped due to cooking limit
[2026-03-28 19:40:51] 📋   [WARN]     压缩失败 [F-r66dHmzZbpSjW6DAhfd_Rn_c0e35123@android]: Skipped due to cooking limit
[2026-03-28 19:40:51] 📋   [WARN]     压缩失败 [F-r66dHmzZbpSjW6DAhfd_Rn_c0e35123@windows]: Skipped due to cooking limit
[2026-03-28 19:40:51] 📋   [WARN]     压缩失败 [A3LKcSz3L9wRppWaFNmnvOWd_95664fa5@ios]: Skipped due to cooking limit
[2026-03-28 19:40:51] 📋   [WARN]     压缩失败 [A3LKcSz3L9wRppWaFNmnvOWd_95664fa5@android]: Skipped due to cooking limit
[2026-03-28 19:40:51] 📋   [WARN]     压缩失败 [A3LKcSz3L9wRppWaFNmnvOWd_95664fa5@windows]: Skipped due to cooking limit
[2026-03-28 19:40:51] 📋   [WARN]     压缩失败 [E3wH2ZzCdDTH5WOBD1bZT5yc_0f12b5e6@ios]: Skipped due to cooking limit
[2026-03-28 19:40:52] 📋   [WARN]     压缩失败 [E3wH2ZzCdDTH5WOBD1bZT5yc_0f12b5e6@android]: Skipped due to cooking limit
[2026-03-28 19:40:52] 📋   [WARN]     压缩失败 [E3wH2ZzCdDTH5WOBD1bZT5yc_0f12b5e6@windows]: Skipped due to cooking limit
[2026-03-28 19:40:52] 📋   [WARN]     压缩失败 [EmPPAd4dm_Mxn9lLbw4jjkry_9b17ec24@ios]: Skipped due to cooking limit
[2026-03-28 19:40:52] 📋   [WARN]     压缩失败 [EmPPAd4dm_Mxn9lLbw4jjkry_9b17ec24@android]: Skipped due to cooking limit
[2026-03-28 19:40:52] 📋   [WARN]     压缩失败 [EmPPAd4dm_Mxn9lLbw4jjkry_9b17ec24@windows]: Skipped due to cooking limit
[2026-03-28 19:40:52] 📋   [WARN]     压缩失败 [AGALWU6D-2scCQ6Ou5T9eP89_65d5f1b4@ios]: Skipped due to cooking limit
[2026-03-28 19:40:52] 📋   [WARN]     压缩失败 [AGALWU6D-2scCQ6Ou5T9eP89_65d5f1b4@android]: Skipped due to cooking limit
[2026-03-28 19:40:52] 📋   [WARN]     压缩失败 [AGALWU6D-2scCQ6Ou5T9eP89_65d5f1b4@windows]: Skipped due to cooking limit
[2026-03-28 19:40:52] 📋   [WARN]     压缩失败 [CTjaETU7iTWCDVSF5hnEPwxt_f948ce08@ios]: Skipped due to cooking limit
[2026-03-28 19:40:52] 📋   [WARN]     压缩失败 [CTjaETU7iTWCDVSF5hnEPwxt_f948ce08@android]: Skipped due to cooking limit
[2026-03-28 19:40:52] 📋   [WARN]     压缩失败 [CTjaETU7iTWCDVSF5hnEPwxt_f948ce08@windows]: Skipped due to cooking limit
[2026-03-28 19:40:52] 📋   [WARN]     压缩失败 [EhEv4auJQHDTlY0y3I2SmVkj_1d719158@ios]: Skipped due to cooking limit
[2026-03-28 19:40:52] 📋   [WARN]     压缩失败 [EhEv4auJQHDTlY0y3I2SmVkj_1d719158@android]: Skipped due to cooking limit
[2026-03-28 19:40:52] 📋   [WARN]     压缩失败 [EhEv4auJQHDTlY0y3I2SmVkj_1d719158@windows]: Skipped due to cooking limit
[2026-03-28 19:40:52] 📋   [WARN]     压缩失败 [HcznGcnslLWua46aEVZRu_rK_d71c0cc6@ios]: Skipped due to cooking limit
[2026-03-28 19:40:52] 📋   [WARN]     压缩失败 [HcznGcnslLWua46aEVZRu_rK_d71c0cc6@android]: Skipped due to cooking limit
[2026-03-28 19:40:52] 📋   [WARN]     压缩失败 [HcznGcnslLWua46aEVZRu_rK_d71c0cc6@windows]: Skipped due to cooking limit
[2026-03-28 19:40:52] 📋   [WARN]     压缩失败 [HXw0QWLjkUSgvofIHbAXy60-_4ed43853@ios]: Skipped due to cooking limit
[2026-03-28 19:40:52] 📋   [WARN]     压缩失败 [HXw0QWLjkUSgvofIHbAXy60-_4ed43853@android]: Skipped due to cooking limit
[2026-03-28 19:40:52] 📋   [WARN]     压缩失败 [HXw0QWLjkUSgvofIHbAXy60-_4ed43853@windows]: Skipped due to cooking limit
[2026-03-28 19:40:52] 📋   [WARN]     压缩失败 [GZZ8uctH2YdMEO4BmxO8U4cU_b104f049@ios]: Skipped due to cooking limit
[2026-03-28 19:40:52] 📋   [WARN]     压缩失败 [GZZ8uctH2YdMEO4BmxO8U4cU_b104f049@android]: Skipped due to cooking limit
[2026-03-28 19:40:52] 📋   [WARN]     压缩失败 [GZZ8uctH2YdMEO4BmxO8U4cU_b104f049@windows]: Skipped due to cooking limit
[2026-03-28 19:40:52] 📋   [WARN]     压缩失败 [BZhjGXV0_99GzWFq4U6qsH0a_f18165bb@ios]: Skipped due to cooking limit
[2026-03-28 19:40:52] 📋   [WARN]     压缩失败 [BZhjGXV0_99GzWFq4U6qsH0a_f18165bb@android]: Skipped due to cooking limit
[2026-03-28 19:40:52] 📋   [WARN]     压缩失败 [BZhjGXV0_99GzWFq4U6qsH0a_f18165bb@windows]: Skipped due to cooking limit
[2026-03-28 19:40:52] 📋   [WARN]     压缩失败 [AHMHiT76z_T_LWlQ_gyC39Im_f04c282a@ios]: Skipped due to cooking limit
[2026-03-28 19:40:52] 📋   [WARN]     压缩失败 [AHMHiT76z_T_LWlQ_gyC39Im_f04c282a@android]: Skipped due to cooking limit
[2026-03-28 19:40:52] 📋   [WARN]     压缩失败 [AHMHiT76z_T_LWlQ_gyC39Im_f04c282a@windows]: Skipped due to cooking limit
[2026-03-28 19:40:52] 📋   [WARN]     压缩失败 [FS-FMf7RgyKkekA8sH2k8REF_0c5d2c24@ios]: Skipped due to cooking limit
[2026-03-28 19:40:52] 📋   [WARN]     压缩失败 [FS-FMf7RgyKkekA8sH2k8REF_0c5d2c24@android]: Skipped due to cooking limit
[2026-03-28 19:40:52] 📋   [WARN]     压缩失败 [FS-FMf7RgyKkekA8sH2k8REF_0c5d2c24@windows]: Skipped due to cooking limit
[2026-03-28 19:40:52] 📋   [WARN]     压缩失败 [ATUcISZO9yAtC17zXV8DxwIl_2063d693@ios]: Skipped due to cooking limit
[2026-03-28 19:40:52] 📋   [WARN]     压缩失败 [ATUcISZO9yAtC17zXV8DxwIl_2063d693@android]: Skipped due to cooking limit
[2026-03-28 19:40:52] 📋   [WARN]     压缩失败 [ATUcISZO9yAtC17zXV8DxwIl_2063d693@windows]: Skipped due to cooking limit
[2026-03-28 19:40:52] 📋   [WARN]     压缩失败 [FOnZCViafOXrXMJqvOyWBlit_fd95056f@ios]: Skipped due to cooking limit
[2026-03-28 19:40:52] 📋   [WARN]     压缩失败 [FOnZCViafOXrXMJqvOyWBlit_fd95056f@android]: Skipped due to cooking limit
[2026-03-28 19:40:52] 📋   [WARN]     压缩失败 [FOnZCViafOXrXMJqvOyWBlit_fd95056f@windows]: Skipped due to cooking limit
[2026-03-28 19:40:52] 📋   [WARN]     压缩失败 [EaGiyeKiUZiPOI0MxO55Opgk_7238cf36@ios]: Skipped due to cooking limit
[2026-03-28 19:40:52] 📋   [WARN]     压缩失败 [EaGiyeKiUZiPOI0MxO55Opgk_7238cf36@android]: Skipped due to cooking limit
[2026-03-28 19:40:52] 📋   [WARN]     压缩失败 [EaGiyeKiUZiPOI0MxO55Opgk_7238cf36@windows]: Skipped due to cooking limit
[2026-03-28 19:40:52] 📋   [WARN]     压缩失败 [BzY6EQVH9LqnVrBn76IDPQ5a_bea46ecf@ios]: Skipped due to cooking limit
[2026-03-28 19:40:52] 📋   [WARN]     压缩失败 [BzY6EQVH9LqnVrBn76IDPQ5a_bea46ecf@android]: Skipped due to cooking limit
[2026-03-28 19:40:52] 📋   [WARN]     压缩失败 [BzY6EQVH9LqnVrBn76IDPQ5a_bea46ecf@windows]: Skipped due to cooking limit
[2026-03-28 19:40:52] 📋   [WARN]     压缩失败 [APhmyXXYUZ-jOR9uMamEWddM_c98182e5@ios]: Skipped due to cooking limit
[2026-03-28 19:40:52] 📋   [WARN]     压缩失败 [APhmyXXYUZ-jOR9uMamEWddM_c98182e5@android]: Skipped due to cooking limit
[2026-03-28 19:40:52] 📋   [WARN]     压缩失败 [APhmyXXYUZ-jOR9uMamEWddM_c98182e5@windows]: Skipped due to cooking limit
[2026-03-28 19:40:52] 📋   [WARN]     压缩失败 [Fv6haWmP_ySfG4Z1-mYS-LdG_94d4d2ae@ios]: Skipped due to cooking limit
[2026-03-28 19:40:52] 📋   [WARN]     压缩失败 [Fv6haWmP_ySfG4Z1-mYS-LdG_94d4d2ae@android]: Skipped due to cooking limit
[2026-03-28 19:40:52] 📋   [WARN]     压缩失败 [Fv6haWmP_ySfG4Z1-mYS-LdG_94d4d2ae@windows]: Skipped due to cooking limit
[2026-03-28 19:40:52] 📋   [WARN]     压缩失败 [DakJcT4QXbxDYPeGNFLetE3y_ebfcc06b@ios]: Skipped due to cooking limit
[2026-03-28 19:40:52] 📋   [WARN]     压缩失败 [DakJcT4QXbxDYPeGNFLetE3y_ebfcc06b@android]: Skipped due to cooking limit
[2026-03-28 19:40:52] 📋   [WARN]     压缩失败 [DakJcT4QXbxDYPeGNFLetE3y_ebfcc06b@windows]: Skipped due to cooking limit
[2026-03-28 19:40:52] 📋   [WARN]     压缩失败 [DjW0Of8cUN-hySTS-dIczJk4_df1f2b9f@ios]: Skipped due to cooking limit
[2026-03-28 19:40:52] 📋   [WARN]     压缩失败 [DjW0Of8cUN-hySTS-dIczJk4_df1f2b9f@android]: Skipped due to cooking limit
[2026-03-28 19:40:52] 📋   [WARN]     压缩失败 [DjW0Of8cUN-hySTS-dIczJk4_df1f2b9f@windows]: Skipped due to cooking limit
[2026-03-28 19:40:52] 📋   [WARN]     压缩失败 [CbCcmSq18zpnpiOyCq2zJzxk_af70fbef@ios]: Skipped due to cooking limit
[2026-03-28 19:40:52] 📋   [WARN]     压缩失败 [CbCcmSq18zpnpiOyCq2zJzxk_af70fbef@android]: Skipped due to cooking limit
[2026-03-28 19:40:52] 📋   [WARN]     压缩失败 [CbCcmSq18zpnpiOyCq2zJzxk_af70fbef@windows]: Skipped due to cooking limit
[2026-03-28 19:40:52] 📋   [WARN]     压缩失败 [CuVgcWnUGnQ18dJx_6VpBZeY_ef94d8af@ios]: Skipped due to cooking limit
[2026-03-28 19:40:52] 📋   [WARN]     压缩失败 [CuVgcWnUGnQ18dJx_6VpBZeY_ef94d8af@android]: Skipped due to cooking limit
[2026-03-28 19:40:52] 📋   [WARN]     压缩失败 [CuVgcWnUGnQ18dJx_6VpBZeY_ef94d8af@windows]: Skipped due to cooking limit
[2026-03-28 19:40:52] 📋   [WARN]     压缩失败 [BgeeiQ7jAB4KJtFU352sfOTJ_c783010f@ios]: Skipped due to cooking limit
[2026-03-28 19:40:52] 📋   [WARN]     压缩失败 [BgeeiQ7jAB4KJtFU352sfOTJ_c783010f@android]: Skipped due to cooking limit
[2026-03-28 19:40:52] 📋   [WARN]     压缩失败 [BgeeiQ7jAB4KJtFU352sfOTJ_c783010f@windows]: Skipped due to cooking limit
[2026-03-28 19:40:52] 📋   [WARN]     压缩失败 [EdVNwcGdm5r5ukLM75JMT-8K_fcfd5fc4@ios]: Skipped due to cooking limit
[2026-03-28 19:40:52] 📋   [WARN]     压缩失败 [EdVNwcGdm5r5ukLM75JMT-8K_fcfd5fc4@android]: Skipped due to cooking limit
[2026-03-28 19:40:52] 📋   [WARN]     压缩失败 [EdVNwcGdm5r5ukLM75JMT-8K_fcfd5fc4@windows]: Skipped due to cooking limit
[2026-03-28 19:40:52] 📋   [WARN]     压缩失败 [GuyCgTSwRhtYKPw9lYhm9Cqs_f6febb02@ios]: Skipped due to cooking limit
[2026-03-28 19:40:52] 📋   [WARN]     压缩失败 [GuyCgTSwRhtYKPw9lYhm9Cqs_f6febb02@android]: Skipped due to cooking limit
[2026-03-28 19:40:52] 📋   [WARN]     压缩失败 [GuyCgTSwRhtYKPw9lYhm9Cqs_f6febb02@windows]: Skipped due to cooking limit
[2026-03-28 19:40:52] 📋   [WARN]     压缩失败 [BzkvqWL5fQATlI5k6lmV67E8_27cfdf1e@ios]: Skipped due to cooking limit
[2026-03-28 19:40:52] 📋   [WARN]     压缩失败 [BzkvqWL5fQATlI5k6lmV67E8_27cfdf1e@android]: Skipped due to cooking limit
[2026-03-28 19:40:52] 📋   [WARN]     压缩失败 [BzkvqWL5fQATlI5k6lmV67E8_27cfdf1e@windows]: Skipped due to cooking limit
[2026-03-28 19:40:52] 📋   [WARN]     压缩失败 [GxQrYYimFdDvFLEbxn7q5lhg_2e09490c@ios]: Skipped due to cooking limit
[2026-03-28 19:40:52] 📋   [WARN]     压缩失败 [GxQrYYimFdDvFLEbxn7q5lhg_2e09490c@android]: Skipped due to cooking limit
[2026-03-28 19:40:52] 📋   [WARN]     压缩失败 [GxQrYYimFdDvFLEbxn7q5lhg_2e09490c@windows]: Skipped due to cooking limit
[2026-03-28 19:40:52] 📋   [WARN]     压缩失败 [ACQr4XJYWV-jRJsIN0go_BBa_4c0abb92@ios]: Skipped due to cooking limit
[2026-03-28 19:40:52] 📋   [WARN]     压缩失败 [ACQr4XJYWV-jRJsIN0go_BBa_4c0abb92@android]: Skipped due to cooking limit
[2026-03-28 19:40:52] 📋   [WARN]     压缩失败 [ACQr4XJYWV-jRJsIN0go_BBa_4c0abb92@windows]: Skipped due to cooking limit
[2026-03-28 19:40:52] 📋   [WARN]     压缩失败 [BNcfcdnMH_OjJ7hF_snZB2Jj_4505a018@ios]: Skipped due to cooking limit
[2026-03-28 19:40:52] 📋   [WARN]     压缩失败 [BNcfcdnMH_OjJ7hF_snZB2Jj_4505a018@android]: Skipped due to cooking limit
[2026-03-28 19:40:52] 📋   [WARN]     压缩失败 [BNcfcdnMH_OjJ7hF_snZB2Jj_4505a018@windows]: Skipped due to cooking limit
[2026-03-28 19:40:52] 📋   [WARN]     压缩失败 [HXQgsaS_Ul-83GbI0IbpVOrQ_e1e8539a@ios]: Skipped due to cooking limit
[2026-03-28 19:40:52] 📋   [WARN]     压缩失败 [HXQgsaS_Ul-83GbI0IbpVOrQ_e1e8539a@android]: Skipped due to cooking limit
[2026-03-28 19:40:52] 📋   [WARN]     压缩失败 [HXQgsaS_Ul-83GbI0IbpVOrQ_e1e8539a@windows]: Skipped due to cooking limit
[2026-03-28 19:40:52] 📋   [WARN]     压缩失败 [Aj0x0Rt0GfXWk7pu3BHmE81M_4b11d4ea@ios]: Skipped due to cooking limit
[2026-03-28 19:40:52] 📋   [WARN]     压缩失败 [Aj0x0Rt0GfXWk7pu3BHmE81M_4b11d4ea@android]: Skipped due to cooking limit
[2026-03-28 19:40:52] 📋   [WARN]     压缩失败 [Aj0x0Rt0GfXWk7pu3BHmE81M_4b11d4ea@windows]: Skipped due to cooking limit
[2026-03-28 19:40:52] 📋   [WARN]     压缩失败 [GsI4kSbPzxdwnRJkPv4lTMy3_3f800269@ios]: Skipped due to cooking limit
[2026-03-28 19:40:52] 📋   [WARN]     压缩失败 [GsI4kSbPzxdwnRJkPv4lTMy3_3f800269@android]: Skipped due to cooking limit
[2026-03-28 19:40:52] 📋   [WARN]     压缩失败 [GsI4kSbPzxdwnRJkPv4lTMy3_3f800269@windows]: Skipped due to cooking limit
[2026-03-28 19:40:52] 📋   [WARN]     压缩失败 [GfBgkVK2a-gD4LHZVCOl1lCe_d46496dd@ios]: Skipped due to cooking limit
[2026-03-28 19:40:52] 📋   [WARN]     压缩失败 [GfBgkVK2a-gD4LHZVCOl1lCe_d46496dd@android]: Skipped due to cooking limit
[2026-03-28 19:40:52] 📋   [WARN]     压缩失败 [GfBgkVK2a-gD4LHZVCOl1lCe_d46496dd@windows]: Skipped due to cooking limit
[2026-03-28 19:40:52] 📋   [WARN]     压缩失败 [B5kIIbbWdNJ-FiPNq-Pg_yiN_822645dd@ios]: Skipped due to cooking limit
[2026-03-28 19:40:52] 📋   [WARN]     压缩失败 [B5kIIbbWdNJ-FiPNq-Pg_yiN_822645dd@android]: Skipped due to cooking limit
[2026-03-28 19:40:52] 📋   [WARN]     压缩失败 [B5kIIbbWdNJ-FiPNq-Pg_yiN_822645dd@windows]: Skipped due to cooking limit
[2026-03-28 19:40:52] 📋   [WARN]     压缩失败 [FrP_eU4BJhV6wnFooDSY3Ogp_7ada317a@ios]: Skipped due to cooking limit
[2026-03-28 19:40:52] 📋   [WARN]     压缩失败 [FrP_eU4BJhV6wnFooDSY3Ogp_7ada317a@android]: Skipped due to cooking limit
[2026-03-28 19:40:52] 📋   [WARN]     压缩失败 [FrP_eU4BJhV6wnFooDSY3Ogp_7ada317a@windows]: Skipped due to cooking limit
[2026-03-28 19:40:52] 📋   [WARN]     压缩失败 [He_7ORpTQhJYmpoPzqXUnvzq_3b233c40@ios]: Skipped due to cooking limit
[2026-03-28 19:40:52] 📋   [WARN]     压缩失败 [He_7ORpTQhJYmpoPzqXUnvzq_3b233c40@android]: Skipped due to cooking limit
[2026-03-28 19:40:52] 📋   [WARN]     压缩失败 [He_7ORpTQhJYmpoPzqXUnvzq_3b233c40@windows]: Skipped due to cooking limit
[2026-03-28 19:40:52] 📋   [WARN]     压缩失败 [Gd5w-Z1AKUCB14KOScNyPE8Y_5a8e23f8@ios]: Skipped due to cooking limit
[2026-03-28 19:40:52] 📋   [WARN]     压缩失败 [Gd5w-Z1AKUCB14KOScNyPE8Y_5a8e23f8@android]: Skipped due to cooking limit
[2026-03-28 19:40:52] 📋   [WARN]     压缩失败 [Gd5w-Z1AKUCB14KOScNyPE8Y_5a8e23f8@windows]: Skipped due to cooking limit
[2026-03-28 19:40:52] 📋   [WARN]     压缩失败 [GwrV-c6HDNG1cyUTbSwD9qSm_374b8935@ios]: Skipped due to cooking limit
[2026-03-28 19:40:52] 📋   [WARN]     压缩失败 [GwrV-c6HDNG1cyUTbSwD9qSm_374b8935@android]: Skipped due to cooking limit
[2026-03-28 19:40:52] 📋   [WARN]     压缩失败 [GwrV-c6HDNG1cyUTbSwD9qSm_374b8935@windows]: Skipped due to cooking limit
[2026-03-28 19:40:52] 📋   [WARN]     压缩失败 [Gq7uufsSA5Fl8eW4XfVAm-nK_15c1aa4f@ios]: Skipped due to cooking limit
[2026-03-28 19:40:52] 📋   [WARN]     压缩失败 [Gq7uufsSA5Fl8eW4XfVAm-nK_15c1aa4f@android]: Skipped due to cooking limit
[2026-03-28 19:40:52] 📋   [WARN]     压缩失败 [Gq7uufsSA5Fl8eW4XfVAm-nK_15c1aa4f@windows]: Skipped due to cooking limit
[2026-03-28 19:40:52] 📋   [WARN]     压缩失败 [DKBLQaYWIc3mWpDTfP4NfqfJ_d868356d@ios]: Skipped due to cooking limit
[2026-03-28 19:40:52] 📋   [WARN]     压缩失败 [DKBLQaYWIc3mWpDTfP4NfqfJ_d868356d@android]: Skipped due to cooking limit
[2026-03-28 19:40:52] 📋   [WARN]     压缩失败 [DKBLQaYWIc3mWpDTfP4NfqfJ_d868356d@windows]: Skipped due to cooking limit
[2026-03-28 19:40:52] 📋   [WARN]     压缩失败 [EzZQ6VAl4Lb5Bi6RuOiI7NXP_a3ab95ad@ios]: Skipped due to cooking limit
[2026-03-28 19:40:52] 📋   [WARN]     压缩失败 [EzZQ6VAl4Lb5Bi6RuOiI7NXP_a3ab95ad@android]: Skipped due to cooking limit
[2026-03-28 19:40:52] 📋   [WARN]     压缩失败 [EzZQ6VAl4Lb5Bi6RuOiI7NXP_a3ab95ad@windows]: Skipped due to cooking limit
[2026-03-28 19:40:52] 📋   [WARN]     压缩失败 [B5ADgQFJNDKf5CpKsjrGYR1D_f9c96934@ios]: Skipped due to cooking limit
[2026-03-28 19:40:52] 📋   [WARN]     压缩失败 [B5ADgQFJNDKf5CpKsjrGYR1D_f9c96934@android]: Skipped due to cooking limit
[2026-03-28 19:40:52] 📋   [WARN]     压缩失败 [B5ADgQFJNDKf5CpKsjrGYR1D_f9c96934@windows]: Skipped due to cooking limit
[2026-03-28 19:40:52] 📋   [WARN]     压缩失败 [EO2nkcgU6yTxLXmf8j7ITXIK_9a7c2ab6@ios]: Skipped due to cooking limit
[2026-03-28 19:40:52] 📋   [WARN]     压缩失败 [EO2nkcgU6yTxLXmf8j7ITXIK_9a7c2ab6@android]: Skipped due to cooking limit
[2026-03-28 19:40:52] 📋   [WARN]     压缩失败 [EO2nkcgU6yTxLXmf8j7ITXIK_9a7c2ab6@windows]: Skipped due to cooking limit
[2026-03-28 19:40:52] 📋   [WARN]     压缩失败 [DbJnoTi5EIJT2jnqnMxNgWLL_46deaa7b@ios]: Skipped due to cooking limit
[2026-03-28 19:40:52] 📋   [WARN]     压缩失败 [DbJnoTi5EIJT2jnqnMxNgWLL_46deaa7b@android]: Skipped due to cooking limit
[2026-03-28 19:40:52] 📋   [WARN]     压缩失败 [DbJnoTi5EIJT2jnqnMxNgWLL_46deaa7b@windows]: Skipped due to cooking limit
[2026-03-28 19:40:52] 📋   [WARN]     压缩失败 [EpBAQUW8E1jf7jX0CXMscmil_75c5c481@ios]: Skipped due to cooking limit
[2026-03-28 19:40:52] 📋   [WARN]     压缩失败 [EpBAQUW8E1jf7jX0CXMscmil_75c5c481@android]: Skipped due to cooking limit
[2026-03-28 19:40:52] 📋   [WARN]     压缩失败 [EpBAQUW8E1jf7jX0CXMscmil_75c5c481@windows]: Skipped due to cooking limit
[2026-03-28 19:40:52] 📋   [WARN]     压缩失败 [CkqhIdvB0evWyrBc0q0hE1Oq_0550421a@ios]: Skipped due to cooking limit
[2026-03-28 19:40:52] 📋   [WARN]     压缩失败 [CkqhIdvB0evWyrBc0q0hE1Oq_0550421a@android]: Skipped due to cooking limit
[2026-03-28 19:40:52] 📋   [WARN]     压缩失败 [CkqhIdvB0evWyrBc0q0hE1Oq_0550421a@windows]: Skipped due to cooking limit
[2026-03-28 19:40:52] 📋   [WARN]     压缩失败 [CWb_MT0vZ4O15N5BOHoo2WLa_c2a3b7d6@ios]: Skipped due to cooking limit
[2026-03-28 19:40:52] 📋   [WARN]     压缩失败 [CWb_MT0vZ4O15N5BOHoo2WLa_c2a3b7d6@android]: Skipped due to cooking limit
[2026-03-28 19:40:52] 📋   [WARN]     压缩失败 [CWb_MT0vZ4O15N5BOHoo2WLa_c2a3b7d6@windows]: Skipped due to cooking limit
[2026-03-28 19:40:52] 📋   [WARN]     压缩失败 [CdaZSe4ooKNd2EXnyIRDM_Kb_4a437e4d@ios]: Skipped due to cooking limit
[2026-03-28 19:40:52] 📋   [WARN]     压缩失败 [CdaZSe4ooKNd2EXnyIRDM_Kb_4a437e4d@android]: Skipped due to cooking limit
[2026-03-28 19:40:52] 📋   [WARN]     压缩失败 [CdaZSe4ooKNd2EXnyIRDM_Kb_4a437e4d@windows]: Skipped due to cooking limit
[2026-03-28 19:40:52] 📋   [WARN]     压缩失败 [FnLeuRpcbxPIyiLVAgTFSJ4s_ef22e643@ios]: Skipped due to cooking limit
[2026-03-28 19:40:52] 📋   [WARN]     压缩失败 [FnLeuRpcbxPIyiLVAgTFSJ4s_ef22e643@android]: Skipped due to cooking limit
[2026-03-28 19:40:52] 📋   [WARN]     压缩失败 [FnLeuRpcbxPIyiLVAgTFSJ4s_ef22e643@windows]: Skipped due to cooking limit
[2026-03-28 19:40:52] 📋   [WARN]     压缩失败 [DnB54bYbQTSrRiuLMzO-NK2x_f76aef96@ios]: Skipped due to cooking limit
[2026-03-28 19:40:52] 📋   [WARN]     压缩失败 [DnB54bYbQTSrRiuLMzO-NK2x_f76aef96@android]: Skipped due to cooking limit
[2026-03-28 19:40:52] 📋   [WARN]     压缩失败 [DnB54bYbQTSrRiuLMzO-NK2x_f76aef96@windows]: Skipped due to cooking limit
[2026-03-28 19:40:52] 📋   [WARN]     压缩失败 [EMvHwaCB8Ctn8oKWifBXNbfI_242eaa97@ios]: Skipped due to cooking limit
[2026-03-28 19:40:52] 📋   [WARN]     压缩失败 [EMvHwaCB8Ctn8oKWifBXNbfI_242eaa97@android]: Skipped due to cooking limit
[2026-03-28 19:40:52] 📋   [WARN]     压缩失败 [EMvHwaCB8Ctn8oKWifBXNbfI_242eaa97@windows]: Skipped due to cooking limit
[2026-03-28 19:40:52] 📋   [WARN]     压缩失败 [GYiFqaWSyISA-PSCvLDWrKUP_44d363fe@ios]: Skipped due to cooking limit
[2026-03-28 19:40:52] 📋   [WARN]     压缩失败 [GYiFqaWSyISA-PSCvLDWrKUP_44d363fe@android]: Skipped due to cooking limit
[2026-03-28 19:40:52] 📋   [WARN]     压缩失败 [GYiFqaWSyISA-PSCvLDWrKUP_44d363fe@windows]: Skipped due to cooking limit
[2026-03-28 19:40:52] 📋   [WARN]     压缩失败 [CMmU8Yjx6gL0hUpRhPBP5MYe_c99fa1f4@ios]: Skipped due to cooking limit
[2026-03-28 19:40:52] 📋   [WARN]     压缩失败 [CMmU8Yjx6gL0hUpRhPBP5MYe_c99fa1f4@android]: Skipped due to cooking limit
[2026-03-28 19:40:52] 📋   [WARN]     压缩失败 [CMmU8Yjx6gL0hUpRhPBP5MYe_c99fa1f4@windows]: Skipped due to cooking limit
[2026-03-28 19:40:52] 📋   [WARN]     压缩失败 [FbS7-bv_Mu7YJubZHBnoxkXP_16d495e7@ios]: Skipped due to cooking limit
[2026-03-28 19:40:52] 📋   [WARN]     压缩失败 [FbS7-bv_Mu7YJubZHBnoxkXP_16d495e7@android]: Skipped due to cooking limit
[2026-03-28 19:40:52] 📋   [WARN]     压缩失败 [FbS7-bv_Mu7YJubZHBnoxkXP_16d495e7@windows]: Skipped due to cooking limit
[2026-03-28 19:40:52] 📋   [WARN]     压缩失败 [FxwGUQpg5wBIdhjXHbhyX3Kf_fa1336f7@ios]: Skipped due to cooking limit
[2026-03-28 19:40:52] 📋   [WARN]     压缩失败 [FxwGUQpg5wBIdhjXHbhyX3Kf_fa1336f7@android]: Skipped due to cooking limit
[2026-03-28 19:40:52] 📋   [WARN]     压缩失败 [FxwGUQpg5wBIdhjXHbhyX3Kf_fa1336f7@windows]: Skipped due to cooking limit
[2026-03-28 19:40:52] 📋   [WARN]     压缩失败 [HNEE8UUOLO9Dhr_zezRaJ1TQ_b8a617b8@ios]: Skipped due to cooking limit
[2026-03-28 19:40:52] 📋   [WARN]     压缩失败 [HNEE8UUOLO9Dhr_zezRaJ1TQ_b8a617b8@android]: Skipped due to cooking limit
[2026-03-28 19:40:52] 📋   [WARN]     压缩失败 [HNEE8UUOLO9Dhr_zezRaJ1TQ_b8a617b8@windows]: Skipped due to cooking limit
[2026-03-28 19:40:52] 📋   [WARN]     压缩失败 [DftAqVagzYuag7fAtbGyleyf_6215de04@ios]: Skipped due to cooking limit
[2026-03-28 19:40:53] 📋   [WARN]     压缩失败 [DftAqVagzYuag7fAtbGyleyf_6215de04@android]: Skipped due to cooking limit
[2026-03-28 19:40:53] 📋   [WARN]     压缩失败 [DftAqVagzYuag7fAtbGyleyf_6215de04@windows]: Skipped due to cooking limit
[2026-03-28 19:40:53] 📋   [WARN]     压缩失败 [BrnfMeJ7jxOljkU-Z3buLWjY_2726a3d6@ios]: Skipped due to cooking limit
[2026-03-28 19:40:53] 📋   [WARN]     压缩失败 [BrnfMeJ7jxOljkU-Z3buLWjY_2726a3d6@android]: Skipped due to cooking limit
[2026-03-28 19:40:53] 📋   [WARN]     压缩失败 [BrnfMeJ7jxOljkU-Z3buLWjY_2726a3d6@windows]: Skipped due to cooking limit
[2026-03-28 19:40:53] 📋   [WARN]     压缩失败 [HhMfIcgui_M6KSD8EeMmdg_t_4a2af5f7@ios]: Skipped due to cooking limit
[2026-03-28 19:40:53] 📋   [WARN]     压缩失败 [HhMfIcgui_M6KSD8EeMmdg_t_4a2af5f7@android]: Skipped due to cooking limit
[2026-03-28 19:40:53] 📋   [WARN]     压缩失败 [HhMfIcgui_M6KSD8EeMmdg_t_4a2af5f7@windows]: Skipped due to cooking limit
[2026-03-28 19:40:53] 📋   [WARN]     压缩失败 [FpYI0QMA8BBo--4dNl5lWglu_928a4b0b@ios]: Skipped due to cooking limit
[2026-03-28 19:40:53] 📋   [WARN]     压缩失败 [FpYI0QMA8BBo--4dNl5lWglu_928a4b0b@android]: Skipped due to cooking limit
[2026-03-28 19:40:53] 📋   [WARN]     压缩失败 [FpYI0QMA8BBo--4dNl5lWglu_928a4b0b@windows]: Skipped due to cooking limit
[2026-03-28 19:40:53] 📋   [WARN]     压缩失败 [F-bJYcjKCXR-q872Ksdc6WV3_c80d04f3@ios]: Skipped due to cooking limit
[2026-03-28 19:40:53] 📋   [WARN]     压缩失败 [F-bJYcjKCXR-q872Ksdc6WV3_c80d04f3@android]: Skipped due to cooking limit
[2026-03-28 19:40:53] 📋   [WARN]     压缩失败 [F-bJYcjKCXR-q872Ksdc6WV3_c80d04f3@windows]: Skipped due to cooking limit
[2026-03-28 19:40:53] 📋   [WARN]     压缩失败 [Fkm6qfRmRjcAsOHKFXkcYo97_34f0bf4a@ios]: Skipped due to cooking limit
[2026-03-28 19:40:53] 📋   [WARN]     压缩失败 [Fkm6qfRmRjcAsOHKFXkcYo97_34f0bf4a@android]: Skipped due to cooking limit
[2026-03-28 19:40:53] 📋   [WARN]     压缩失败 [Fkm6qfRmRjcAsOHKFXkcYo97_34f0bf4a@windows]: Skipped due to cooking limit
[2026-03-28 19:40:53] 📋   [WARN]     压缩失败 [FpqFiWYldNsEEZgJMCBC3qJi_a995f12c@ios]: Skipped due to cooking limit
[2026-03-28 19:40:53] 📋   [WARN]     压缩失败 [FpqFiWYldNsEEZgJMCBC3qJi_a995f12c@android]: Skipped due to cooking limit
[2026-03-28 19:40:53] 📋   [WARN]     压缩失败 [FpqFiWYldNsEEZgJMCBC3qJi_a995f12c@windows]: Skipped due to cooking limit
[2026-03-28 19:40:53] 📋   [WARN]     压缩失败 [CyOOkT_K6yHTLqbKV6rDSfuA_ffc89ce8@ios]: Skipped due to cooking limit
[2026-03-28 19:40:53] 📋   [WARN]     压缩失败 [CyOOkT_K6yHTLqbKV6rDSfuA_ffc89ce8@android]: Skipped due to cooking limit
[2026-03-28 19:40:53] 📋   [WARN]     压缩失败 [CyOOkT_K6yHTLqbKV6rDSfuA_ffc89ce8@windows]: Skipped due to cooking limit
[2026-03-28 19:40:53] 📋   [WARN]     压缩失败 [EkvzSUHH5_3_MrvEwy23sD_i_f89683d3@ios]: Skipped due to cooking limit
[2026-03-28 19:40:53] 📋   [WARN]     压缩失败 [EkvzSUHH5_3_MrvEwy23sD_i_f89683d3@android]: Skipped due to cooking limit
[2026-03-28 19:40:53] 📋   [WARN]     压缩失败 [EkvzSUHH5_3_MrvEwy23sD_i_f89683d3@windows]: Skipped due to cooking limit
[2026-03-28 19:40:53] 📋   [WARN]     压缩失败 [FWqPebeQSlGPzUnCh18CXbGm_d25f0226@ios]: Skipped due to cooking limit
[2026-03-28 19:40:53] 📋   [WARN]     压缩失败 [FWqPebeQSlGPzUnCh18CXbGm_d25f0226@android]: Skipped due to cooking limit
[2026-03-28 19:40:53] 📋   [WARN]     压缩失败 [FWqPebeQSlGPzUnCh18CXbGm_d25f0226@windows]: Skipped due to cooking limit
[2026-03-28 19:40:53] 📋   [WARN]     压缩失败 [Cu5oIa0PRFo0wfDNajAdn4bA_bb8e4679@ios]: Skipped due to cooking limit
[2026-03-28 19:40:53] 📋   [WARN]     压缩失败 [Cu5oIa0PRFo0wfDNajAdn4bA_bb8e4679@android]: Skipped due to cooking limit
[2026-03-28 19:40:53] 📋   [WARN]     压缩失败 [Cu5oIa0PRFo0wfDNajAdn4bA_bb8e4679@windows]: Skipped due to cooking limit
[2026-03-28 19:40:53] 📋   [WARN]     压缩失败 [E0eKyeLk6V_WuVs0V_r7BhM7_cce5cd55@ios]: Skipped due to cooking limit
[2026-03-28 19:40:53] 📋   [WARN]     压缩失败 [E0eKyeLk6V_WuVs0V_r7BhM7_cce5cd55@android]: Skipped due to cooking limit
[2026-03-28 19:40:53] 📋   [WARN]     压缩失败 [E0eKyeLk6V_WuVs0V_r7BhM7_cce5cd55@windows]: Skipped due to cooking limit
[2026-03-28 19:40:53] 📋   [WARN]     压缩失败 [AlaqQdc3gppq2iPgyxAPoYL2_ef56e882@ios]: Skipped due to cooking limit
[2026-03-28 19:40:53] 📋   [WARN]     压缩失败 [AlaqQdc3gppq2iPgyxAPoYL2_ef56e882@android]: Skipped due to cooking limit
[2026-03-28 19:40:53] 📋   [WARN]     压缩失败 [AlaqQdc3gppq2iPgyxAPoYL2_ef56e882@windows]: Skipped due to cooking limit
[2026-03-28 19:40:53] 📋   [WARN]     压缩失败 [GNP6QUjtVdH2lIR5AbJkOdGA_b746be05@ios]: Skipped due to cooking limit
[2026-03-28 19:40:53] 📋   [WARN]     压缩失败 [GNP6QUjtVdH2lIR5AbJkOdGA_b746be05@android]: Skipped due to cooking limit
[2026-03-28 19:40:53] 📋   [WARN]     压缩失败 [GNP6QUjtVdH2lIR5AbJkOdGA_b746be05@windows]: Skipped due to cooking limit
[2026-03-28 19:40:53] 📋   [WARN]     压缩失败 [F9HkqZfwlMvzdUcaUd9g7NNz_036accc5@ios]: Skipped due to cooking limit
[2026-03-28 19:40:53] 📋   [WARN]     压缩失败 [F9HkqZfwlMvzdUcaUd9g7NNz_036accc5@android]: Skipped due to cooking limit
[2026-03-28 19:40:53] 📋   [WARN]     压缩失败 [F9HkqZfwlMvzdUcaUd9g7NNz_036accc5@windows]: Skipped due to cooking limit
[2026-03-28 19:40:53] 📋   [WARN]     压缩失败 [Db5EYbgwcPZJSIv3hfsjxaJa_2e49b85c@ios]: Skipped due to cooking limit
[2026-03-28 19:40:53] 📋   [WARN]     压缩失败 [Db5EYbgwcPZJSIv3hfsjxaJa_2e49b85c@android]: Skipped due to cooking limit
[2026-03-28 19:40:53] 📋   [WARN]     压缩失败 [Db5EYbgwcPZJSIv3hfsjxaJa_2e49b85c@windows]: Skipped due to cooking limit
[2026-03-28 19:40:53] 📋   [WARN]     压缩失败 [CgcZcfe8pGpjngZol6bJZXMi_1218344a@ios]: Skipped due to cooking limit
[2026-03-28 19:40:53] 📋   [WARN]     压缩失败 [CgcZcfe8pGpjngZol6bJZXMi_1218344a@android]: Skipped due to cooking limit
[2026-03-28 19:40:53] 📋   [WARN]     压缩失败 [CgcZcfe8pGpjngZol6bJZXMi_1218344a@windows]: Skipped due to cooking limit
[2026-03-28 19:40:53] 📋   [WARN]     压缩失败 [FfgYIXPAX8eqVNqPCrqFkoFi_20e2ba99@ios]: Skipped due to cooking limit
[2026-03-28 19:40:53] 📋   [WARN]     压缩失败 [FfgYIXPAX8eqVNqPCrqFkoFi_20e2ba99@android]: Skipped due to cooking limit
[2026-03-28 19:40:53] 📋   [WARN]     压缩失败 [FfgYIXPAX8eqVNqPCrqFkoFi_20e2ba99@windows]: Skipped due to cooking limit
[2026-03-28 19:40:53] 📋   [WARN]     压缩失败 [FoHn6ehrZ5H370joBMUtEHSO_7ba56ee1@ios]: Skipped due to cooking limit
[2026-03-28 19:40:53] 📋   [WARN]     压缩失败 [FoHn6ehrZ5H370joBMUtEHSO_7ba56ee1@android]: Skipped due to cooking limit
[2026-03-28 19:40:53] 📋   [WARN]     压缩失败 [FoHn6ehrZ5H370joBMUtEHSO_7ba56ee1@windows]: Skipped due to cooking limit
[2026-03-28 19:40:53] 📋   [WARN]     压缩失败 [FLEmKbKWv1GEycewinyoK9Ok_af6659c1@ios]: Skipped due to cooking limit
[2026-03-28 19:40:53] 📋   [WARN]     压缩失败 [FLEmKbKWv1GEycewinyoK9Ok_af6659c1@android]: Skipped due to cooking limit
[2026-03-28 19:40:53] 📋   [WARN]     压缩失败 [FLEmKbKWv1GEycewinyoK9Ok_af6659c1@windows]: Skipped due to cooking limit
[2026-03-28 19:40:53] 📋   [WARN]     压缩失败 [H0DNAUqHJMwLcaE4T1yps7w9_070c8ef0@ios]: Skipped due to cooking limit
[2026-03-28 19:40:53] 📋   [WARN]     压缩失败 [H0DNAUqHJMwLcaE4T1yps7w9_070c8ef0@android]: Skipped due to cooking limit
[2026-03-28 19:40:53] 📋   [WARN]     压缩失败 [H0DNAUqHJMwLcaE4T1yps7w9_070c8ef0@windows]: Skipped due to cooking limit
[2026-03-28 19:40:53] 📋   [WARN]     压缩失败 [C2fJmXiuYy9MbU9RGtv1zTxP_fe429f16@ios]: Skipped due to cooking limit
[2026-03-28 19:40:53] 📋   [WARN]     压缩失败 [C2fJmXiuYy9MbU9RGtv1zTxP_fe429f16@android]: Skipped due to cooking limit
[2026-03-28 19:40:53] 📋   [WARN]     压缩失败 [C2fJmXiuYy9MbU9RGtv1zTxP_fe429f16@windows]: Skipped due to cooking limit
[2026-03-28 19:40:53] 📋   [WARN]     压缩失败 [EACYqVA5VdEmzvKVHrJHXl5R_263a8db5@ios]: Skipped due to cooking limit
[2026-03-28 19:40:53] 📋   [WARN]     压缩失败 [EACYqVA5VdEmzvKVHrJHXl5R_263a8db5@android]: Skipped due to cooking limit
[2026-03-28 19:40:53] 📋   [WARN]     压缩失败 [EACYqVA5VdEmzvKVHrJHXl5R_263a8db5@windows]: Skipped due to cooking limit
[2026-03-28 19:40:53] 📋   [WARN]     压缩失败 [DKevqTGnkOZbWCNtkoZCeXQe_b89d178a@ios]: Skipped due to cooking limit
[2026-03-28 19:40:53] 📋   [WARN]     压缩失败 [DKevqTGnkOZbWCNtkoZCeXQe_b89d178a@android]: Skipped due to cooking limit
[2026-03-28 19:40:53] 📋   [WARN]     压缩失败 [DKevqTGnkOZbWCNtkoZCeXQe_b89d178a@windows]: Skipped due to cooking limit
[2026-03-28 19:40:53] 📋   [WARN]     压缩失败 [C0Un8ebte_4cxw465bo-WeFf_36f9709b@ios]: Skipped due to cooking limit
[2026-03-28 19:40:53] 📋   [WARN]     压缩失败 [C0Un8ebte_4cxw465bo-WeFf_36f9709b@android]: Skipped due to cooking limit
[2026-03-28 19:40:53] 📋   [WARN]     压缩失败 [C0Un8ebte_4cxw465bo-WeFf_36f9709b@windows]: Skipped due to cooking limit
[2026-03-28 19:40:53] 📋   [WARN]     压缩失败 [HaWjob8PMYEEfGCFlKHZU6eA_2192766b@ios]: Skipped due to cooking limit
[2026-03-28 19:40:53] 📋   [WARN]     压缩失败 [HaWjob8PMYEEfGCFlKHZU6eA_2192766b@android]: Skipped due to cooking limit
[2026-03-28 19:40:53] 📋   [WARN]     压缩失败 [HaWjob8PMYEEfGCFlKHZU6eA_2192766b@windows]: Skipped due to cooking limit
[2026-03-28 19:40:53] 📋   [WARN]     压缩失败 [Cy3GMWfZgqq4fMbG17913s6H_4b729401@ios]: Skipped due to cooking limit
[2026-03-28 19:40:53] 📋   [WARN]     压缩失败 [Cy3GMWfZgqq4fMbG17913s6H_4b729401@android]: Skipped due to cooking limit
[2026-03-28 19:40:53] 📋   [WARN]     压缩失败 [Cy3GMWfZgqq4fMbG17913s6H_4b729401@windows]: Skipped due to cooking limit
[2026-03-28 19:40:53] 📋   [WARN]     压缩失败 [Df-4OSWYUCtdngNZIJCTyxev_296a63ee@ios]: Skipped due to cooking limit
[2026-03-28 19:40:53] 📋   [WARN]     压缩失败 [Df-4OSWYUCtdngNZIJCTyxev_296a63ee@android]: Skipped due to cooking limit
[2026-03-28 19:40:53] 📋   [WARN]     压缩失败 [Df-4OSWYUCtdngNZIJCTyxev_296a63ee@windows]: Skipped due to cooking limit
[2026-03-28 19:40:53] 📋   [WARN]     压缩失败 [AazDUXr2tZJZc5y55l-mH4nF_9f50e01d@ios]: Skipped due to cooking limit
[2026-03-28 19:40:53] 📋   [WARN]     压缩失败 [AazDUXr2tZJZc5y55l-mH4nF_9f50e01d@android]: Skipped due to cooking limit
[2026-03-28 19:40:53] 📋   [WARN]     压缩失败 [AazDUXr2tZJZc5y55l-mH4nF_9f50e01d@windows]: Skipped due to cooking limit
[2026-03-28 19:40:53] 📋   [WARN]     压缩失败 [HI-5Uch4wfPxuvELAWOqSvrt_93dfc8a0@ios]: Skipped due to cooking limit
[2026-03-28 19:40:53] 📋   [WARN]     压缩失败 [HI-5Uch4wfPxuvELAWOqSvrt_93dfc8a0@android]: Skipped due to cooking limit
[2026-03-28 19:40:53] 📋   [WARN]     压缩失败 [HI-5Uch4wfPxuvELAWOqSvrt_93dfc8a0@windows]: Skipped due to cooking limit
[2026-03-28 19:40:53] 📋   [WARN]     压缩失败 [EsGpOVM6tiVl2xkmdaBoEjJ4_c2f4d9ab@ios]: Skipped due to cooking limit
[2026-03-28 19:40:53] 📋   [WARN]     压缩失败 [EsGpOVM6tiVl2xkmdaBoEjJ4_c2f4d9ab@android]: Skipped due to cooking limit
[2026-03-28 19:40:53] 📋   [WARN]     压缩失败 [EsGpOVM6tiVl2xkmdaBoEjJ4_c2f4d9ab@windows]: Skipped due to cooking limit
[2026-03-28 19:40:53] 📋   [WARN]     压缩失败 [AYtLWYMrB11rUWK_Vl2_6Fqn_3309c982@ios]: Skipped due to cooking limit
[2026-03-28 19:40:53] 📋   [WARN]     压缩失败 [AYtLWYMrB11rUWK_Vl2_6Fqn_3309c982@android]: Skipped due to cooking limit
[2026-03-28 19:40:53] 📋   [WARN]     压缩失败 [AYtLWYMrB11rUWK_Vl2_6Fqn_3309c982@windows]: Skipped due to cooking limit
[2026-03-28 19:40:53] 📋   [WARN]     压缩失败 [FJM2ETF1XGWJjWIsth--loAv_477995a5@ios]: Skipped due to cooking limit
[2026-03-28 19:40:53] 📋   [WARN]     压缩失败 [FJM2ETF1XGWJjWIsth--loAv_477995a5@android]: Skipped due to cooking limit
[2026-03-28 19:40:53] 📋   [WARN]     压缩失败 [FJM2ETF1XGWJjWIsth--loAv_477995a5@windows]: Skipped due to cooking limit
[2026-03-28 19:40:53] 📋   [WARN]     压缩失败 [GJge8fuOObK5MsUNFgvZR9HC_8a2dc93d@ios]: Skipped due to cooking limit
[2026-03-28 19:40:53] 📋   [WARN]     压缩失败 [GJge8fuOObK5MsUNFgvZR9HC_8a2dc93d@android]: Skipped due to cooking limit
[2026-03-28 19:40:54] 📋   [WARN]     压缩失败 [GJge8fuOObK5MsUNFgvZR9HC_8a2dc93d@windows]: Skipped due to cooking limit
[2026-03-28 19:40:54] 📋   [WARN]     压缩失败 [GMTO2Z_68iAOsrmt7nvcgJV6_bd9d2c2b@ios]: Skipped due to cooking limit
[2026-03-28 19:40:54] 📋   [WARN]     压缩失败 [GMTO2Z_68iAOsrmt7nvcgJV6_bd9d2c2b@android]: Skipped due to cooking limit
[2026-03-28 19:40:54] 📋   [WARN]     压缩失败 [GMTO2Z_68iAOsrmt7nvcgJV6_bd9d2c2b@windows]: Skipped due to cooking limit
[2026-03-28 19:40:54] 📋   [WARN]     压缩失败 [GAmbgb2TyJ0ZPs9onFpXPh6q_61948068@ios]: Skipped due to cooking limit
[2026-03-28 19:40:54] 📋   [WARN]     压缩失败 [GAmbgb2TyJ0ZPs9onFpXPh6q_61948068@android]: Skipped due to cooking limit
[2026-03-28 19:40:54] 📋   [WARN]     压缩失败 [GAmbgb2TyJ0ZPs9onFpXPh6q_61948068@windows]: Skipped due to cooking limit
[2026-03-28 19:40:54] 📋   [WARN]     压缩失败 [GbbfMe0nRxOkg6v0ul_ueL3k_0113ea9e@ios]: Skipped due to cooking limit
[2026-03-28 19:40:54] 📋   [WARN]     压缩失败 [GbbfMe0nRxOkg6v0ul_ueL3k_0113ea9e@android]: Skipped due to cooking limit
[2026-03-28 19:40:54] 📋   [WARN]     压缩失败 [GbbfMe0nRxOkg6v0ul_ueL3k_0113ea9e@windows]: Skipped due to cooking limit
[2026-03-28 19:40:54] 📋   [WARN]     压缩失败 [A2S7OVzK5WiS7-kDTCaa8b_G_0bedad83@ios]: Skipped due to cooking limit
[2026-03-28 19:40:54] 📋   [WARN]     压缩失败 [A2S7OVzK5WiS7-kDTCaa8b_G_0bedad83@android]: Skipped due to cooking limit
[2026-03-28 19:40:54] 📋   [WARN]     压缩失败 [A2S7OVzK5WiS7-kDTCaa8b_G_0bedad83@windows]: Skipped due to cooking limit
[2026-03-28 19:40:54] 📋   [WARN]     压缩失败 [FPIiAVX6gzrhKqyTEZaGFjga_ae2c50ed@ios]: Skipped due to cooking limit
[2026-03-28 19:40:54] 📋   [WARN]     压缩失败 [FPIiAVX6gzrhKqyTEZaGFjga_ae2c50ed@android]: Skipped due to cooking limit
[2026-03-28 19:40:54] 📋   [WARN]     压缩失败 [FPIiAVX6gzrhKqyTEZaGFjga_ae2c50ed@windows]: Skipped due to cooking limit
[2026-03-28 19:40:54] 📋   [WARN]     压缩失败 [BxRvsYHcYTLqht3udQI9a54f_9a0c4fc2@ios]: Skipped due to cooking limit
[2026-03-28 19:40:54] 📋   [WARN]     压缩失败 [BxRvsYHcYTLqht3udQI9a54f_9a0c4fc2@android]: Skipped due to cooking limit
[2026-03-28 19:40:54] 📋   [WARN]     压缩失败 [BxRvsYHcYTLqht3udQI9a54f_9a0c4fc2@windows]: Skipped due to cooking limit
[2026-03-28 19:40:54] 📋   [WARN]     压缩失败 [B-NngYiSe7lg6eixL0fo6FB5_3e9f780f@ios]: Skipped due to cooking limit
[2026-03-28 19:40:54] 📋   [WARN]     压缩失败 [B-NngYiSe7lg6eixL0fo6FB5_3e9f780f@android]: Skipped due to cooking limit
[2026-03-28 19:40:54] 📋   [WARN]     压缩失败 [B-NngYiSe7lg6eixL0fo6FB5_3e9f780f@windows]: Skipped due to cooking limit
[2026-03-28 19:40:54] 📋   [WARN]     压缩失败 [EpVOAVVYw2P-qIDsNjC6Q7I2_422ec677@ios]: Skipped due to cooking limit
[2026-03-28 19:40:54] 📋   [WARN]     压缩失败 [EpVOAVVYw2P-qIDsNjC6Q7I2_422ec677@android]: Skipped due to cooking limit
[2026-03-28 19:40:54] 📋   [WARN]     压缩失败 [EpVOAVVYw2P-qIDsNjC6Q7I2_422ec677@windows]: Skipped due to cooking limit
[2026-03-28 19:40:54] 📋   [WARN]     压缩失败 [H0_l0UBHpZLe7bm-s6O4wOJF_3ca86f44@ios]: Skipped due to cooking limit
[2026-03-28 19:40:54] 📋   [WARN]     压缩失败 [H0_l0UBHpZLe7bm-s6O4wOJF_3ca86f44@android]: Skipped due to cooking limit
[2026-03-28 19:40:54] 📋   [WARN]     压缩失败 [H0_l0UBHpZLe7bm-s6O4wOJF_3ca86f44@windows]: Skipped due to cooking limit
[2026-03-28 19:40:54] 📋   [WARN]     压缩失败 [ASZB2ajeIsqXpnDNTHNgWkwI_f7d20dae@ios]: Skipped due to cooking limit
[2026-03-28 19:40:54] 📋   [WARN]     压缩失败 [ASZB2ajeIsqXpnDNTHNgWkwI_f7d20dae@android]: Skipped due to cooking limit
[2026-03-28 19:40:54] 📋   [WARN]     压缩失败 [ASZB2ajeIsqXpnDNTHNgWkwI_f7d20dae@windows]: Skipped due to cooking limit
[2026-03-28 19:40:54] 📋   [WARN]     压缩失败 [GRFKEeKJvSxr0PfbxFe-AVP3_411fb898@ios]: Skipped due to cooking limit
[2026-03-28 19:40:54] 📋   [WARN]     压缩失败 [GRFKEeKJvSxr0PfbxFe-AVP3_411fb898@android]: Skipped due to cooking limit
[2026-03-28 19:40:54] 📋   [WARN]     压缩失败 [GRFKEeKJvSxr0PfbxFe-AVP3_411fb898@windows]: Skipped due to cooking limit
[2026-03-28 19:40:54] 📋   [WARN]     压缩失败 [DMtj2bAAFWV3vKSSMdLxZRHr_0f23125f@ios]: Skipped due to cooking limit
[2026-03-28 19:40:54] 📋   [WARN]     压缩失败 [DMtj2bAAFWV3vKSSMdLxZRHr_0f23125f@android]: Skipped due to cooking limit
[2026-03-28 19:40:54] 📋   [WARN]     压缩失败 [DMtj2bAAFWV3vKSSMdLxZRHr_0f23125f@windows]: Skipped due to cooking limit
[2026-03-28 19:40:54] 📋   [WARN]     压缩失败 [Hco9We0IOeYqggiXrhuMmZQ0_7f9bc011@ios]: Skipped due to cooking limit
[2026-03-28 19:40:54] 📋   [WARN]     压缩失败 [Hco9We0IOeYqggiXrhuMmZQ0_7f9bc011@android]: Skipped due to cooking limit
[2026-03-28 19:40:54] 📋   [WARN]     压缩失败 [Hco9We0IOeYqggiXrhuMmZQ0_7f9bc011@windows]: Skipped due to cooking limit
[2026-03-28 19:40:54] 📋   [WARN]     压缩失败 [Gz9pwTFzDcg4-I9mMiZjIWKp_d13724b4@ios]: Skipped due to cooking limit
[2026-03-28 19:40:54] 📋   [WARN]     压缩失败 [Gz9pwTFzDcg4-I9mMiZjIWKp_d13724b4@android]: Skipped due to cooking limit
[2026-03-28 19:40:54] 📋   [WARN]     压缩失败 [Gz9pwTFzDcg4-I9mMiZjIWKp_d13724b4@windows]: Skipped due to cooking limit
[2026-03-28 19:40:54] 📋   [WARN]     压缩失败 [HNYsuU7nBsIEgCt5aNovn9sE_7f03d5e2@ios]: Skipped due to cooking limit
[2026-03-28 19:40:54] 📋   [WARN]     压缩失败 [HNYsuU7nBsIEgCt5aNovn9sE_7f03d5e2@android]: Skipped due to cooking limit
[2026-03-28 19:40:54] 📋   [WARN]     压缩失败 [HNYsuU7nBsIEgCt5aNovn9sE_7f03d5e2@windows]: Skipped due to cooking limit
[2026-03-28 19:40:54] 📋   [WARN]     压缩失败 [FrLdOduEP34TTZj3-Go3a77y_4490acb3@ios]: Skipped due to cooking limit
[2026-03-28 19:40:54] 📋   [WARN]     压缩失败 [FrLdOduEP34TTZj3-Go3a77y_4490acb3@android]: Skipped due to cooking limit
[2026-03-28 19:40:54] 📋   [WARN]     压缩失败 [FrLdOduEP34TTZj3-Go3a77y_4490acb3@windows]: Skipped due to cooking limit
[2026-03-28 19:40:54] 📋   [WARN]     压缩失败 [DmJsca8TGD3WCetDXF2W1pMj_d59578a1@ios]: Skipped due to cooking limit
[2026-03-28 19:40:54] 📋   [WARN]     压缩失败 [DmJsca8TGD3WCetDXF2W1pMj_d59578a1@android]: Skipped due to cooking limit
[2026-03-28 19:40:54] 📋   [WARN]     压缩失败 [DmJsca8TGD3WCetDXF2W1pMj_d59578a1@windows]: Skipped due to cooking limit
[2026-03-28 19:40:54] 📋   [WARN]     压缩失败 [FQhpoce_NIdjXIXGAuDNT0Vt_d40cfb39@ios]: Skipped due to cooking limit
[2026-03-28 19:40:54] 📋   [WARN]     压缩失败 [FQhpoce_NIdjXIXGAuDNT0Vt_d40cfb39@android]: Skipped due to cooking limit
[2026-03-28 19:40:54] 📋   [WARN]     压缩失败 [FQhpoce_NIdjXIXGAuDNT0Vt_d40cfb39@windows]: Skipped due to cooking limit
[2026-03-28 19:40:54] 📋   [WARN]     压缩失败 [HVeeaaycmbRLO5JGQKT3Rk6I_e1c3d6d6@ios]: Skipped due to cooking limit
[2026-03-28 19:40:54] 📋   [WARN]     压缩失败 [HVeeaaycmbRLO5JGQKT3Rk6I_e1c3d6d6@android]: Skipped due to cooking limit
[2026-03-28 19:40:54] 📋   [WARN]     压缩失败 [HVeeaaycmbRLO5JGQKT3Rk6I_e1c3d6d6@windows]: Skipped due to cooking limit
[2026-03-28 19:40:54] 📋   [WARN]     压缩失败 [FoFsYRknRtB64dTvNzCwsQfy_fb8b48e1@ios]: Skipped due to cooking limit
[2026-03-28 19:40:54] 📋   [WARN]     压缩失败 [FoFsYRknRtB64dTvNzCwsQfy_fb8b48e1@android]: Skipped due to cooking limit
[2026-03-28 19:40:54] 📋   [WARN]     压缩失败 [FoFsYRknRtB64dTvNzCwsQfy_fb8b48e1@windows]: Skipped due to cooking limit
[2026-03-28 19:40:54] 📋   [WARN]     压缩失败 [HR3h0RaihGIEUwMU_tZu7QS-_0decc684@ios]: Skipped due to cooking limit
[2026-03-28 19:40:54] 📋   [WARN]     压缩失败 [HR3h0RaihGIEUwMU_tZu7QS-_0decc684@android]: Skipped due to cooking limit
[2026-03-28 19:40:54] 📋   [WARN]     压缩失败 [HR3h0RaihGIEUwMU_tZu7QS-_0decc684@windows]: Skipped due to cooking limit
[2026-03-28 19:40:54] 📋   [WARN]     压缩失败 [DOFreeJFkV_aZyoLH7Z6AwJs_1ff4bc86@ios]: Skipped due to cooking limit
[2026-03-28 19:40:54] 📋   [WARN]     压缩失败 [DOFreeJFkV_aZyoLH7Z6AwJs_1ff4bc86@android]: Skipped due to cooking limit
[2026-03-28 19:40:54] 📋   [WARN]     压缩失败 [DOFreeJFkV_aZyoLH7Z6AwJs_1ff4bc86@windows]: Skipped due to cooking limit
[2026-03-28 19:40:54] 📋   [WARN]     压缩失败 [Aj_T0bZbYOJLuO1tTtJk0bPP_668b85cb@ios]: Skipped due to cooking limit
[2026-03-28 19:40:54] 📋   [WARN]     压缩失败 [Aj_T0bZbYOJLuO1tTtJk0bPP_668b85cb@android]: Skipped due to cooking limit
[2026-03-28 19:40:54] 📋   [WARN]     压缩失败 [Aj_T0bZbYOJLuO1tTtJk0bPP_668b85cb@windows]: Skipped due to cooking limit
[2026-03-28 19:40:54] 📋   [WARN]     压缩失败 [HIqpcdZ1Zr16hrnlvI73sGVr_f70de7d2@ios]: Skipped due to cooking limit
[2026-03-28 19:40:54] 📋   [WARN]     压缩失败 [HIqpcdZ1Zr16hrnlvI73sGVr_f70de7d2@android]: Skipped due to cooking limit
[2026-03-28 19:40:54] 📋   [WARN]     压缩失败 [HIqpcdZ1Zr16hrnlvI73sGVr_f70de7d2@windows]: Skipped due to cooking limit
[2026-03-28 19:40:54] 📋   [WARN]     压缩失败 [HbKOCZIyW6veGiSNYT0YW2eb_8e6f6e64@ios]: Skipped due to cooking limit
[2026-03-28 19:40:54] 📋   [WARN]     压缩失败 [HbKOCZIyW6veGiSNYT0YW2eb_8e6f6e64@android]: Skipped due to cooking limit
[2026-03-28 19:40:54] 📋   [WARN]     压缩失败 [HbKOCZIyW6veGiSNYT0YW2eb_8e6f6e64@windows]: Skipped due to cooking limit
[2026-03-28 19:40:54] 📋   [WARN]     压缩失败 [AEuhIQtTxjpQoC5nKG61naFS_2ef1c15d@ios]: Skipped due to cooking limit
[2026-03-28 19:40:54] 📋   [WARN]     压缩失败 [AEuhIQtTxjpQoC5nKG61naFS_2ef1c15d@android]: Skipped due to cooking limit
[2026-03-28 19:40:54] 📋   [WARN]     压缩失败 [AEuhIQtTxjpQoC5nKG61naFS_2ef1c15d@windows]: Skipped due to cooking limit
[2026-03-28 19:40:54] 📋   [WARN]     压缩失败 [EJBFGZtR0fi-rbLb6f-FGgZc_aff0adad@ios]: Skipped due to cooking limit
[2026-03-28 19:40:54] 📋   [WARN]     压缩失败 [EJBFGZtR0fi-rbLb6f-FGgZc_aff0adad@android]: Skipped due to cooking limit
[2026-03-28 19:40:54] 📋   [WARN]     压缩失败 [EJBFGZtR0fi-rbLb6f-FGgZc_aff0adad@windows]: Skipped due to cooking limit
[2026-03-28 19:40:54] 📋   [WARN]     压缩失败 [GW3Ucb8O8Fo_gvis4Tp4XWdj_b636e663@ios]: Skipped due to cooking limit
[2026-03-28 19:40:54] 📋   [WARN]     压缩失败 [GW3Ucb8O8Fo_gvis4Tp4XWdj_b636e663@android]: Skipped due to cooking limit
[2026-03-28 19:40:54] 📋   [WARN]     压缩失败 [GW3Ucb8O8Fo_gvis4Tp4XWdj_b636e663@windows]: Skipped due to cooking limit
[2026-03-28 19:40:54] 📋   [WARN]     压缩失败 [EjuaYUq-cCW05g6I6413sLTB_298015a5@ios]: Skipped due to cooking limit
[2026-03-28 19:40:54] 📋   [WARN]     压缩失败 [EjuaYUq-cCW05g6I6413sLTB_298015a5@android]: Skipped due to cooking limit
[2026-03-28 19:40:54] 📋   [WARN]     压缩失败 [EjuaYUq-cCW05g6I6413sLTB_298015a5@windows]: Skipped due to cooking limit
[2026-03-28 19:40:54] 📋   [WARN]     压缩失败 [A1Yi0Xw1z9gJNArhzGRKghdC_946ac165@ios]: Skipped due to cooking limit
[2026-03-28 19:40:54] 📋   [WARN]     压缩失败 [A1Yi0Xw1z9gJNArhzGRKghdC_946ac165@android]: Skipped due to cooking limit
[2026-03-28 19:40:54] 📋   [WARN]     压缩失败 [A1Yi0Xw1z9gJNArhzGRKghdC_946ac165@windows]: Skipped due to cooking limit
[2026-03-28 19:40:54] 📋   [WARN]     压缩失败 [EO2lwecVtlSc8ciX-6CBFwRf_232b7bf9@ios]: Skipped due to cooking limit
[2026-03-28 19:40:54] 📋   [WARN]     压缩失败 [EO2lwecVtlSc8ciX-6CBFwRf_232b7bf9@android]: Skipped due to cooking limit
[2026-03-28 19:40:54] 📋   [WARN]     压缩失败 [EO2lwecVtlSc8ciX-6CBFwRf_232b7bf9@windows]: Skipped due to cooking limit
[2026-03-28 19:40:54] 📋   [WARN]     压缩失败 [CneVSUkHu7Y28sbzqvnUExg-_128be955@ios]: Skipped due to cooking limit
[2026-03-28 19:40:54] 📋   [WARN]     压缩失败 [CneVSUkHu7Y28sbzqvnUExg-_128be955@android]: Skipped due to cooking limit
[2026-03-28 19:40:54] 📋   [WARN]     压缩失败 [CneVSUkHu7Y28sbzqvnUExg-_128be955@windows]: Skipped due to cooking limit
[2026-03-28 19:40:54] 📋   [WARN]     压缩失败 [AaQaEUtp3sQYx2P5GaJxrVtM_2b5c99ef@ios]: Skipped due to cooking limit
[2026-03-28 19:40:54] 📋   [WARN]     压缩失败 [AaQaEUtp3sQYx2P5GaJxrVtM_2b5c99ef@android]: Skipped due to cooking limit
[2026-03-28 19:40:54] 📋   [WARN]     压缩失败 [AaQaEUtp3sQYx2P5GaJxrVtM_2b5c99ef@windows]: Skipped due to cooking limit
[2026-03-28 19:40:54] 📋   [WARN]     压缩失败 [Cu5EGaDHcFd6xRK5bwJyeypV_ab275fd0@ios]: Skipped due to cooking limit
[2026-03-28 19:40:54] 📋   [WARN]     压缩失败 [Cu5EGaDHcFd6xRK5bwJyeypV_ab275fd0@android]: Skipped due to cooking limit
[2026-03-28 19:40:54] 📋   [WARN]     压缩失败 [Cu5EGaDHcFd6xRK5bwJyeypV_ab275fd0@windows]: Skipped due to cooking limit
[2026-03-28 19:40:54] 📋   [WARN]     压缩失败 [EHHgES3umemOoarEy8tvx1HN_90826d9e@ios]: Skipped due to cooking limit
[2026-03-28 19:40:54] 📋   [WARN]     压缩失败 [EHHgES3umemOoarEy8tvx1HN_90826d9e@android]: Skipped due to cooking limit
[2026-03-28 19:40:54] 📋   [WARN]     压缩失败 [EHHgES3umemOoarEy8tvx1HN_90826d9e@windows]: Skipped due to cooking limit
[2026-03-28 19:40:54] 📋   [WARN]     压缩失败 [GXN4yfk2o5lh4m9N0nv0E17h_6558a5c5@ios]: Skipped due to cooking limit
[2026-03-28 19:40:54] 📋   [WARN]     压缩失败 [GXN4yfk2o5lh4m9N0nv0E17h_6558a5c5@android]: Skipped due to cooking limit
[2026-03-28 19:40:54] 📋   [WARN]     压缩失败 [GXN4yfk2o5lh4m9N0nv0E17h_6558a5c5@windows]: Skipped due to cooking limit
[2026-03-28 19:40:54] 📋   [WARN]     压缩失败 [E44VcZBeu5fb5BohBHuq8Zip_6633388d@ios]: Skipped due to cooking limit
[2026-03-28 19:40:54] 📋   [WARN]     压缩失败 [E44VcZBeu5fb5BohBHuq8Zip_6633388d@android]: Skipped due to cooking limit
[2026-03-28 19:40:54] 📋   [WARN]     压缩失败 [E44VcZBeu5fb5BohBHuq8Zip_6633388d@windows]: Skipped due to cooking limit
[2026-03-28 19:40:54] 📋   [WARN]     压缩失败 [G1mmSdVkxU1OSjyNxtRLMYBP_3f922593@ios]: Skipped due to cooking limit
[2026-03-28 19:40:54] 📋   [WARN]     压缩失败 [G1mmSdVkxU1OSjyNxtRLMYBP_3f922593@android]: Skipped due to cooking limit
[2026-03-28 19:40:54] 📋   [WARN]     压缩失败 [G1mmSdVkxU1OSjyNxtRLMYBP_3f922593@windows]: Skipped due to cooking limit
[2026-03-28 19:40:54] 📋   [WARN]     压缩失败 [Er0DERnOH-yGcY8PbLQ30g_i_90ffd80e@ios]: Skipped due to cooking limit
[2026-03-28 19:40:54] 📋   [WARN]     压缩失败 [Er0DERnOH-yGcY8PbLQ30g_i_90ffd80e@android]: Skipped due to cooking limit
[2026-03-28 19:40:54] 📋   [WARN]     压缩失败 [Er0DERnOH-yGcY8PbLQ30g_i_90ffd80e@windows]: Skipped due to cooking limit
[2026-03-28 19:40:54] 📋   [WARN]     压缩失败 [HP-78XmK8OCoxs37tWxnyCQk_9ac1767e@ios]: Skipped due to cooking limit
[2026-03-28 19:40:54] 📋   [WARN]     压缩失败 [HP-78XmK8OCoxs37tWxnyCQk_9ac1767e@android]: Skipped due to cooking limit
[2026-03-28 19:40:54] 📋   [WARN]     压缩失败 [HP-78XmK8OCoxs37tWxnyCQk_9ac1767e@windows]: Skipped due to cooking limit
[2026-03-28 19:40:54] 📋   [WARN]     压缩失败 [DJU_EfDkxbQgJsuf9NZiM9L3_a744b44b@ios]: Skipped due to cooking limit
[2026-03-28 19:40:54] 📋   [WARN]     压缩失败 [DJU_EfDkxbQgJsuf9NZiM9L3_a744b44b@android]: Skipped due to cooking limit
[2026-03-28 19:40:54] 📋   [WARN]     压缩失败 [DJU_EfDkxbQgJsuf9NZiM9L3_a744b44b@windows]: Skipped due to cooking limit
[2026-03-28 19:40:54] 📋   [WARN]     压缩失败 [EMqhOUAjQRpfofc3icoh4jm9_b854dc12@ios]: Skipped due to cooking limit
[2026-03-28 19:40:54] 📋   [WARN]     压缩失败 [EMqhOUAjQRpfofc3icoh4jm9_b854dc12@android]: Skipped due to cooking limit
[2026-03-28 19:40:54] 📋   [WARN]     压缩失败 [EMqhOUAjQRpfofc3icoh4jm9_b854dc12@windows]: Skipped due to cooking limit
[2026-03-28 19:40:54] 📋   [WARN]     压缩失败 [GeMpeeZmjWinlvS_5Llbw0yr_5c356013@ios]: Skipped due to cooking limit
[2026-03-28 19:40:54] 📋   [WARN]     压缩失败 [GeMpeeZmjWinlvS_5Llbw0yr_5c356013@android]: Skipped due to cooking limit
[2026-03-28 19:40:54] 📋   [WARN]     压缩失败 [GeMpeeZmjWinlvS_5Llbw0yr_5c356013@windows]: Skipped due to cooking limit
[2026-03-28 19:40:54] 📋   [WARN]     压缩失败 [C0p58f0zOHsJte28VPCrW9o0_21b661fa@ios]: Skipped due to cooking limit
[2026-03-28 19:40:54] 📋   [WARN]     压缩失败 [C0p58f0zOHsJte28VPCrW9o0_21b661fa@android]: Skipped due to cooking limit
[2026-03-28 19:40:54] 📋   [WARN]     压缩失败 [C0p58f0zOHsJte28VPCrW9o0_21b661fa@windows]: Skipped due to cooking limit
[2026-03-28 19:40:54] 📋   [WARN]     压缩失败 [DwUzaar7sCaeoJIpSTDwEp_o_309297db@ios]: Skipped due to cooking limit
[2026-03-28 19:40:54] 📋   [WARN]     压缩失败 [DwUzaar7sCaeoJIpSTDwEp_o_309297db@android]: Skipped due to cooking limit
[2026-03-28 19:40:54] 📋   [WARN]     压缩失败 [DwUzaar7sCaeoJIpSTDwEp_o_309297db@windows]: Skipped due to cooking limit
[2026-03-28 19:40:54] 📋   [WARN]     压缩失败 [EySQASQ-5_jILXkjH7th0IIA_6563d9e7@ios]: Skipped due to cooking limit
[2026-03-28 19:40:54] 📋   [WARN]     压缩失败 [EySQASQ-5_jILXkjH7th0IIA_6563d9e7@android]: Skipped due to cooking limit
[2026-03-28 19:40:54] 📋   [WARN]     压缩失败 [EySQASQ-5_jILXkjH7th0IIA_6563d9e7@windows]: Skipped due to cooking limit
[2026-03-28 19:40:54] 📋   [WARN]     压缩失败 [AdOq-cgVU3XFpyAg4eDZBRPX_acdf53c0@ios]: Skipped due to cooking limit
[2026-03-28 19:40:54] 📋   [WARN]     压缩失败 [AdOq-cgVU3XFpyAg4eDZBRPX_acdf53c0@android]: Skipped due to cooking limit
[2026-03-28 19:40:54] 📋   [WARN]     压缩失败 [AdOq-cgVU3XFpyAg4eDZBRPX_acdf53c0@windows]: Skipped due to cooking limit
[2026-03-28 19:40:54] 📋   [WARN]     压缩失败 [Glz_wYuahZkkpGsWvRJl0P60_563329ee@ios]: Skipped due to cooking limit
[2026-03-28 19:40:54] 📋   [WARN]     压缩失败 [Glz_wYuahZkkpGsWvRJl0P60_563329ee@android]: Skipped due to cooking limit
[2026-03-28 19:40:54] 📋   [WARN]     压缩失败 [Glz_wYuahZkkpGsWvRJl0P60_563329ee@windows]: Skipped due to cooking limit
[2026-03-28 19:40:54] 📋   [WARN]     压缩失败 [DFvkkUA7ZgxbAQfXLJPJ4E4q_2f29cae8@ios]: Skipped due to cooking limit
[2026-03-28 19:40:54] 📋   [WARN]     压缩失败 [DFvkkUA7ZgxbAQfXLJPJ4E4q_2f29cae8@android]: Skipped due to cooking limit
[2026-03-28 19:40:54] 📋   [WARN]     压缩失败 [DFvkkUA7ZgxbAQfXLJPJ4E4q_2f29cae8@windows]: Skipped due to cooking limit
[2026-03-28 19:40:54] 📋   [WARN]     压缩失败 [DZUZya87Q1Gwh_ujmDWukbc8_f8cdc04e@ios]: Skipped due to cooking limit
[2026-03-28 19:40:54] 📋   [WARN]     压缩失败 [DZUZya87Q1Gwh_ujmDWukbc8_f8cdc04e@android]: Skipped due to cooking limit
[2026-03-28 19:40:54] 📋   [WARN]     压缩失败 [DZUZya87Q1Gwh_ujmDWukbc8_f8cdc04e@windows]: Skipped due to cooking limit
[2026-03-28 19:40:54] 📋   [WARN]     压缩失败 [FbIqaRujOW4z67eBgn4GZJVm_0a526040@ios]: Skipped due to cooking limit
[2026-03-28 19:40:54] 📋   [WARN]     压缩失败 [FbIqaRujOW4z67eBgn4GZJVm_0a526040@android]: Skipped due to cooking limit
[2026-03-28 19:40:54] 📋   [WARN]     压缩失败 [FbIqaRujOW4z67eBgn4GZJVm_0a526040@windows]: Skipped due to cooking limit
[2026-03-28 19:40:54] 📋   [WARN]     压缩失败 [DqURGRVNuhiecX2SyzuO0lYu_3cbf3578@ios]: Skipped due to cooking limit
[2026-03-28 19:40:54] 📋   [WARN]     压缩失败 [DqURGRVNuhiecX2SyzuO0lYu_3cbf3578@android]: Skipped due to cooking limit
[2026-03-28 19:40:54] 📋   [WARN]     压缩失败 [DqURGRVNuhiecX2SyzuO0lYu_3cbf3578@windows]: Skipped due to cooking limit
[2026-03-28 19:40:54] 📋   [WARN]     压缩失败 [HnITaapHEDr1udmx7adT23Ft_c8e1f48e@ios]: Skipped due to cooking limit
[2026-03-28 19:40:54] 📋   [WARN]     压缩失败 [HnITaapHEDr1udmx7adT23Ft_c8e1f48e@android]: Skipped due to cooking limit
[2026-03-28 19:40:54] 📋   [WARN]     压缩失败 [HnITaapHEDr1udmx7adT23Ft_c8e1f48e@windows]: Skipped due to cooking limit
[2026-03-28 19:40:54] 📋   [WARN]     压缩失败 [GDxDSd_hU0vuISMe1EaQlGNF_d2b03573@ios]: Skipped due to cooking limit
[2026-03-28 19:40:54] 📋   [WARN]     压缩失败 [GDxDSd_hU0vuISMe1EaQlGNF_d2b03573@android]: Skipped due to cooking limit
[2026-03-28 19:40:54] 📋   [WARN]     压缩失败 [GDxDSd_hU0vuISMe1EaQlGNF_d2b03573@windows]: Skipped due to cooking limit
[2026-03-28 19:40:54] 📋   [WARN]     压缩失败 [FCt44bEJ3cLeMuylQkzUnNLc_4256824a@ios]: Skipped due to cooking limit
[2026-03-28 19:40:54] 📋   [WARN]     压缩失败 [FCt44bEJ3cLeMuylQkzUnNLc_4256824a@android]: Skipped due to cooking limit
[2026-03-28 19:40:54] 📋   [WARN]     压缩失败 [FCt44bEJ3cLeMuylQkzUnNLc_4256824a@windows]: Skipped due to cooking limit
[2026-03-28 19:40:54] 📋   [WARN]     压缩失败 [GcCWiZXj3-BjDMkEebiRS4BT_d6493ee2@ios]: Skipped due to cooking limit
[2026-03-28 19:40:54] 📋   [WARN]     压缩失败 [GcCWiZXj3-BjDMkEebiRS4BT_d6493ee2@android]: Skipped due to cooking limit
[2026-03-28 19:40:54] 📋   [WARN]     压缩失败 [GcCWiZXj3-BjDMkEebiRS4BT_d6493ee2@windows]: Skipped due to cooking limit
[2026-03-28 19:40:54] 📋   [WARN]     压缩失败 [A_9mOTH0JQhQ_hWiXlKI8KmF_75c0549d@ios]: Skipped due to cooking limit
[2026-03-28 19:40:54] 📋   [WARN]     压缩失败 [A_9mOTH0JQhQ_hWiXlKI8KmF_75c0549d@android]: Skipped due to cooking limit
[2026-03-28 19:40:54] 📋   [WARN]     压缩失败 [A_9mOTH0JQhQ_hWiXlKI8KmF_75c0549d@windows]: Skipped due to cooking limit
[2026-03-28 19:40:54] 📋   [WARN]     压缩失败 [CyusAQHxByHZ2dmohQe212zt_6804509a@ios]: Skipped due to cooking limit
[2026-03-28 19:40:54] 📋   [WARN]     压缩失败 [CyusAQHxByHZ2dmohQe212zt_6804509a@android]: Skipped due to cooking limit
[2026-03-28 19:40:54] 📋   [WARN]     压缩失败 [CyusAQHxByHZ2dmohQe212zt_6804509a@windows]: Skipped due to cooking limit
[2026-03-28 19:40:54] 📋   [WARN]     压缩失败 [FsCvIclAmpyb7erTpvOusn6Q_db8e6da3@ios]: Skipped due to cooking limit
[2026-03-28 19:40:54] 📋   [WARN]     压缩失败 [FsCvIclAmpyb7erTpvOusn6Q_db8e6da3@android]: Skipped due to cooking limit
[2026-03-28 19:40:54] 📋   [WARN]     压缩失败 [FsCvIclAmpyb7erTpvOusn6Q_db8e6da3@windows]: Skipped due to cooking limit
[2026-03-28 19:40:54] 📋   [WARN]     压缩失败 [GdHFuWsK5foxV5OWDR8aUvlt_2d8eb088@ios]: Skipped due to cooking limit
[2026-03-28 19:40:54] 📋   [WARN]     压缩失败 [GdHFuWsK5foxV5OWDR8aUvlt_2d8eb088@android]: Skipped due to cooking limit
[2026-03-28 19:40:54] 📋   [WARN]     压缩失败 [GdHFuWsK5foxV5OWDR8aUvlt_2d8eb088@windows]: Skipped due to cooking limit
[2026-03-28 19:40:54] 📋   [WARN]     压缩失败 [FDX12SZUHyEafUAOdilYk1Zq_dbc85fdb@ios]: Skipped due to cooking limit
[2026-03-28 19:40:55] 📋   [WARN]     压缩失败 [FDX12SZUHyEafUAOdilYk1Zq_dbc85fdb@android]: Skipped due to cooking limit
[2026-03-28 19:40:55] 📋   [WARN]     压缩失败 [FDX12SZUHyEafUAOdilYk1Zq_dbc85fdb@windows]: Skipped due to cooking limit
[2026-03-28 19:40:55] 📋   [WARN]     压缩失败 [EQcPubdbRESpLuCoxNRMY1w6_eae50f50@ios]: Skipped due to cooking limit
[2026-03-28 19:40:55] 📋   [WARN]     压缩失败 [EQcPubdbRESpLuCoxNRMY1w6_eae50f50@android]: Skipped due to cooking limit
[2026-03-28 19:40:55] 📋   [WARN]     压缩失败 [EQcPubdbRESpLuCoxNRMY1w6_eae50f50@windows]: Skipped due to cooking limit
[2026-03-28 19:40:55] 📋   [WARN]     压缩失败 [Bc046XYrXQ_eE2TUEwaPn4Gm_49d45638@ios]: Skipped due to cooking limit
[2026-03-28 19:40:55] 📋   [WARN]     压缩失败 [Bc046XYrXQ_eE2TUEwaPn4Gm_49d45638@android]: Skipped due to cooking limit
[2026-03-28 19:40:55] 📋   [WARN]     压缩失败 [Bc046XYrXQ_eE2TUEwaPn4Gm_49d45638@windows]: Skipped due to cooking limit
[2026-03-28 19:40:55] 📋   [WARN]     压缩失败 [CLvc2Uh6ufBhvDthOvhfFsYp_47d2314a@ios]: Skipped due to cooking limit
[2026-03-28 19:40:55] 📋   [WARN]     压缩失败 [CLvc2Uh6ufBhvDthOvhfFsYp_47d2314a@android]: Skipped due to cooking limit
[2026-03-28 19:40:55] 📋   [WARN]     压缩失败 [CLvc2Uh6ufBhvDthOvhfFsYp_47d2314a@windows]: Skipped due to cooking limit
[2026-03-28 19:40:55] 📋   [WARN]     压缩失败 [HdX1mSjVGyDWNetiE-JrjRpY_cc985b80@ios]: Skipped due to cooking limit
[2026-03-28 19:40:55] 📋   [WARN]     压缩失败 [HdX1mSjVGyDWNetiE-JrjRpY_cc985b80@android]: Skipped due to cooking limit
[2026-03-28 19:40:55] 📋   [WARN]     压缩失败 [HdX1mSjVGyDWNetiE-JrjRpY_cc985b80@windows]: Skipped due to cooking limit
[2026-03-28 19:40:55] 📋   [WARN]     压缩失败 [Dl3psaYkHzpJPxav61UgnNaK_373af83d@ios]: Skipped due to cooking limit
[2026-03-28 19:40:55] 📋   [WARN]     压缩失败 [Dl3psaYkHzpJPxav61UgnNaK_373af83d@android]: Skipped due to cooking limit
[2026-03-28 19:40:55] 📋   [WARN]     压缩失败 [Dl3psaYkHzpJPxav61UgnNaK_373af83d@windows]: Skipped due to cooking limit
[2026-03-28 19:40:55] 📋   [WARN]     压缩失败 [D9jkyecVwpLEib58b3XPXEO9_7b348de9@ios]: Skipped due to cooking limit
[2026-03-28 19:40:55] 📋   [WARN]     压缩失败 [D9jkyecVwpLEib58b3XPXEO9_7b348de9@android]: Skipped due to cooking limit
[2026-03-28 19:40:55] 📋   [WARN]     压缩失败 [D9jkyecVwpLEib58b3XPXEO9_7b348de9@windows]: Skipped due to cooking limit
[2026-03-28 19:40:55] 📋   [WARN]     压缩失败 [EJKSOcGhckO3bICK_1ANHCcG_9bb0914d@ios]: Skipped due to cooking limit
[2026-03-28 19:40:55] 📋   [WARN]     压缩失败 [EJKSOcGhckO3bICK_1ANHCcG_9bb0914d@android]: Skipped due to cooking limit
[2026-03-28 19:40:55] 📋   [WARN]     压缩失败 [EJKSOcGhckO3bICK_1ANHCcG_9bb0914d@windows]: Skipped due to cooking limit
[2026-03-28 19:40:55] 📋   [WARN]     压缩失败 [DmEc6cJa1n09OIXGOuS9WJ5L_708ecda1@ios]: Skipped due to cooking limit
[2026-03-28 19:40:55] 📋   [WARN]     压缩失败 [DmEc6cJa1n09OIXGOuS9WJ5L_708ecda1@android]: Skipped due to cooking limit
[2026-03-28 19:40:55] 📋   [WARN]     压缩失败 [DmEc6cJa1n09OIXGOuS9WJ5L_708ecda1@windows]: Skipped due to cooking limit
[2026-03-28 19:40:55] 📋   [WARN]     压缩失败 [CcO98UB_vCBG7yoZNtayw5du_dac0e765@ios]: Skipped due to cooking limit
[2026-03-28 19:40:55] 📋   [WARN]     压缩失败 [CcO98UB_vCBG7yoZNtayw5du_dac0e765@android]: Skipped due to cooking limit
[2026-03-28 19:40:55] 📋   [WARN]     压缩失败 [CcO98UB_vCBG7yoZNtayw5du_dac0e765@windows]: Skipped due to cooking limit
[2026-03-28 19:40:55] 📋   [WARN]     压缩失败 [AK4DSY9iMYZKBD916hmuTClS_3cc9be71@ios]: Skipped due to cooking limit
[2026-03-28 19:40:55] 📋   [WARN]     压缩失败 [AK4DSY9iMYZKBD916hmuTClS_3cc9be71@android]: Skipped due to cooking limit
[2026-03-28 19:40:55] 📋   [WARN]     压缩失败 [AK4DSY9iMYZKBD916hmuTClS_3cc9be71@windows]: Skipped due to cooking limit
[2026-03-28 19:40:55] 📋   [WARN]     压缩失败 [AO_p2QNgOzyYy3-kZe0LQcX2_9fa37253@ios]: Skipped due to cooking limit
[2026-03-28 19:40:55] 📋   [WARN]     压缩失败 [AO_p2QNgOzyYy3-kZe0LQcX2_9fa37253@android]: Skipped due to cooking limit
[2026-03-28 19:40:55] 📋   [WARN]     压缩失败 [AO_p2QNgOzyYy3-kZe0LQcX2_9fa37253@windows]: Skipped due to cooking limit
[2026-03-28 19:40:55] 📋   [WARN]     压缩失败 [CX0fkY4YgxTOfvGdZEbNkxCo_8ddf30d0@ios]: Skipped due to cooking limit
[2026-03-28 19:40:55] 📋   [WARN]     压缩失败 [CX0fkY4YgxTOfvGdZEbNkxCo_8ddf30d0@android]: Skipped due to cooking limit
[2026-03-28 19:40:55] 📋   [WARN]     压缩失败 [CX0fkY4YgxTOfvGdZEbNkxCo_8ddf30d0@windows]: Skipped due to cooking limit
[2026-03-28 19:40:55] 📋   [WARN]     压缩失败 [G7XO2Z7OMRImdCgXU046lOTM_c6512a2b@ios]: Skipped due to cooking limit
[2026-03-28 19:40:55] 📋   [WARN]     压缩失败 [G7XO2Z7OMRImdCgXU046lOTM_c6512a2b@android]: Skipped due to cooking limit
[2026-03-28 19:40:55] 📋   [WARN]     压缩失败 [G7XO2Z7OMRImdCgXU046lOTM_c6512a2b@windows]: Skipped due to cooking limit
[2026-03-28 19:40:55] 📋   [WARN]     压缩失败 [HyMk4RUgxyh_To1HEcKYyUqW_2c580735@ios]: Skipped due to cooking limit
[2026-03-28 19:40:55] 📋   [WARN]     压缩失败 [HyMk4RUgxyh_To1HEcKYyUqW_2c580735@android]: Skipped due to cooking limit
[2026-03-28 19:40:55] 📋   [WARN]     压缩失败 [HyMk4RUgxyh_To1HEcKYyUqW_2c580735@windows]: Skipped due to cooking limit
[2026-03-28 19:40:55] 📋   [WARN]     压缩失败 [CDj5ASiBRAP25s2l4Yp6Jgnw_0cedc5f5@ios]: Skipped due to cooking limit
[2026-03-28 19:40:55] 📋   [WARN]     压缩失败 [CDj5ASiBRAP25s2l4Yp6Jgnw_0cedc5f5@android]: Skipped due to cooking limit
[2026-03-28 19:40:55] 📋   [WARN]     压缩失败 [CDj5ASiBRAP25s2l4Yp6Jgnw_0cedc5f5@windows]: Skipped due to cooking limit
[2026-03-28 19:40:55] 📋   [WARN]     压缩失败 [BCVE2dCsbn7fpBZZHLa7mBuz_e99763af@ios]: Skipped due to cooking limit
[2026-03-28 19:40:55] 📋   [WARN]     压缩失败 [BCVE2dCsbn7fpBZZHLa7mBuz_e99763af@android]: Skipped due to cooking limit
[2026-03-28 19:40:55] 📋   [WARN]     压缩失败 [BCVE2dCsbn7fpBZZHLa7mBuz_e99763af@windows]: Skipped due to cooking limit
[2026-03-28 19:40:55] 📋   [WARN]     压缩失败 [AviSYT2aMhYjBIwxab4YcLYc_e69803ae@ios]: Skipped due to cooking limit
[2026-03-28 19:40:55] 📋   [WARN]     压缩失败 [AviSYT2aMhYjBIwxab4YcLYc_e69803ae@android]: Skipped due to cooking limit
[2026-03-28 19:40:55] 📋   [WARN]     压缩失败 [AviSYT2aMhYjBIwxab4YcLYc_e69803ae@windows]: Skipped due to cooking limit
[2026-03-28 19:40:55] 📋   [WARN]     压缩失败 [FFyZYY_F3BhAV2lMa306tXUT_b76fdf1f@ios]: Skipped due to cooking limit
[2026-03-28 19:40:55] 📋   [WARN]     压缩失败 [FFyZYY_F3BhAV2lMa306tXUT_b76fdf1f@android]: Skipped due to cooking limit
[2026-03-28 19:40:55] 📋   [WARN]     压缩失败 [FFyZYY_F3BhAV2lMa306tXUT_b76fdf1f@windows]: Skipped due to cooking limit
[2026-03-28 19:40:55] 📋   [WARN]     压缩失败 [FvZIuYJ-Fz4wpX3huqH75Ir-_ebb9a0fc@ios]: Skipped due to cooking limit
[2026-03-28 19:40:55] 📋   [WARN]     压缩失败 [FvZIuYJ-Fz4wpX3huqH75Ir-_ebb9a0fc@android]: Skipped due to cooking limit
[2026-03-28 19:40:55] 📋   [WARN]     压缩失败 [FvZIuYJ-Fz4wpX3huqH75Ir-_ebb9a0fc@windows]: Skipped due to cooking limit
[2026-03-28 19:40:55] 📋   [WARN]     压缩失败 [DjKm6Th1fKzzAOSXFihc9ANO_780410e8@ios]: Skipped due to cooking limit
[2026-03-28 19:40:55] 📋   [WARN]     压缩失败 [DjKm6Th1fKzzAOSXFihc9ANO_780410e8@android]: Skipped due to cooking limit
[2026-03-28 19:40:55] 📋   [WARN]     压缩失败 [DjKm6Th1fKzzAOSXFihc9ANO_780410e8@windows]: Skipped due to cooking limit
[2026-03-28 19:40:55] 📋   [WARN]     压缩失败 [AnuNuVxakz62CEAfsu7WUhyg_4fc667d5@ios]: Skipped due to cooking limit
[2026-03-28 19:40:55] 📋   [WARN]     压缩失败 [AnuNuVxakz62CEAfsu7WUhyg_4fc667d5@android]: Skipped due to cooking limit
[2026-03-28 19:40:55] 📋   [WARN]     压缩失败 [AnuNuVxakz62CEAfsu7WUhyg_4fc667d5@windows]: Skipped due to cooking limit
[2026-03-28 19:40:55] 📋   [WARN]     压缩失败 [FXATceqSbtQ5G1yT4kNVuR5Z_c70e6a2f@ios]: Skipped due to cooking limit
[2026-03-28 19:40:55] 📋   [WARN]     压缩失败 [FXATceqSbtQ5G1yT4kNVuR5Z_c70e6a2f@android]: Skipped due to cooking limit
[2026-03-28 19:40:55] 📋   [WARN]     压缩失败 [FXATceqSbtQ5G1yT4kNVuR5Z_c70e6a2f@windows]: Skipped due to cooking limit
[2026-03-28 19:40:55] 📋   [WARN]     压缩失败 [FdLc6RJOgct6XyRH_WooayWm_0747a5d7@ios]: Skipped due to cooking limit
[2026-03-28 19:40:55] 📋   [WARN]     压缩失败 [FdLc6RJOgct6XyRH_WooayWm_0747a5d7@android]: Skipped due to cooking limit
[2026-03-28 19:40:55] 📋   [WARN]     压缩失败 [FdLc6RJOgct6XyRH_WooayWm_0747a5d7@windows]: Skipped due to cooking limit
[2026-03-28 19:40:55] 📋   [WARN]     压缩失败 [CQNFCVemT1V7CvqXLTcRFgZA_7fe5a571@ios]: Skipped due to cooking limit
[2026-03-28 19:40:55] 📋   [WARN]     压缩失败 [CQNFCVemT1V7CvqXLTcRFgZA_7fe5a571@android]: Skipped due to cooking limit
[2026-03-28 19:40:55] 📋   [WARN]     压缩失败 [CQNFCVemT1V7CvqXLTcRFgZA_7fe5a571@windows]: Skipped due to cooking limit
[2026-03-28 19:40:55] 📋   [WARN]     压缩失败 [FikfabQOkeIuiMHjxxoDpjiz_b44f41fc@ios]: Skipped due to cooking limit
[2026-03-28 19:40:55] 📋   [WARN]     压缩失败 [FikfabQOkeIuiMHjxxoDpjiz_b44f41fc@android]: Skipped due to cooking limit
[2026-03-28 19:40:55] 📋   [WARN]     压缩失败 [FikfabQOkeIuiMHjxxoDpjiz_b44f41fc@windows]: Skipped due to cooking limit
[2026-03-28 19:40:55] 📋   [WARN]     压缩失败 [C-5nYbSakCwJa4-aOr3VeMfr_9962cc46@ios]: Skipped due to cooking limit
[2026-03-28 19:40:55] 📋   [WARN]     压缩失败 [C-5nYbSakCwJa4-aOr3VeMfr_9962cc46@android]: Skipped due to cooking limit
[2026-03-28 19:40:55] 📋   [WARN]     压缩失败 [C-5nYbSakCwJa4-aOr3VeMfr_9962cc46@windows]: Skipped due to cooking limit
[2026-03-28 19:40:55] 📋   [WARN]     压缩失败 [G6Jz6Rg6Am9ysLANCM6Y2yx7_92ada3af@ios]: Skipped due to cooking limit
[2026-03-28 19:40:55] 📋   [WARN]     压缩失败 [G6Jz6Rg6Am9ysLANCM6Y2yx7_92ada3af@android]: Skipped due to cooking limit
[2026-03-28 19:40:55] 📋   [WARN]     压缩失败 [G6Jz6Rg6Am9ysLANCM6Y2yx7_92ada3af@windows]: Skipped due to cooking limit
[2026-03-28 19:40:55] 📋   [WARN]     压缩失败 [BlGqEY08LiMyfHfwcnSbetgg_2cde0c0f@ios]: Skipped due to cooking limit
[2026-03-28 19:40:55] 📋   [WARN]     压缩失败 [BlGqEY08LiMyfHfwcnSbetgg_2cde0c0f@android]: Skipped due to cooking limit
[2026-03-28 19:40:55] 📋   [WARN]     压缩失败 [BlGqEY08LiMyfHfwcnSbetgg_2cde0c0f@windows]: Skipped due to cooking limit
[2026-03-28 19:40:55] 📋   [WARN]     压缩失败 [CbCaqSYY_zx-ygMv5o9irPB6_69b0f76d@ios]: Skipped due to cooking limit
[2026-03-28 19:40:55] 📋   [WARN]     压缩失败 [CbCaqSYY_zx-ygMv5o9irPB6_69b0f76d@android]: Skipped due to cooking limit
[2026-03-28 19:40:55] 📋   [WARN]     压缩失败 [CbCaqSYY_zx-ygMv5o9irPB6_69b0f76d@windows]: Skipped due to cooking limit
[2026-03-28 19:40:55] 📋   [WARN]     压缩失败 [G3RiWdHVM3CvseGhZiTFlUdb_4bab2220@ios]: Skipped due to cooking limit
[2026-03-28 19:40:55] 📋   [WARN]     压缩失败 [G3RiWdHVM3CvseGhZiTFlUdb_4bab2220@android]: Skipped due to cooking limit
[2026-03-28 19:40:55] 📋   [WARN]     压缩失败 [G3RiWdHVM3CvseGhZiTFlUdb_4bab2220@windows]: Skipped due to cooking limit
[2026-03-28 19:40:55] 📋   [WARN]     压缩失败 [EMHFMZTc6gyHVt0w7wKxrlCG_725bb6ca@ios]: Skipped due to cooking limit
[2026-03-28 19:40:55] 📋   [WARN]     压缩失败 [EMHFMZTc6gyHVt0w7wKxrlCG_725bb6ca@android]: Skipped due to cooking limit
[2026-03-28 19:40:55] 📋   [WARN]     压缩失败 [EMHFMZTc6gyHVt0w7wKxrlCG_725bb6ca@windows]: Skipped due to cooking limit
[2026-03-28 19:40:55] 📋   [WARN]     压缩失败 [DM7J-TsE-nbUCOFZ-EEYTNYs_12b6468e@ios]: Skipped due to cooking limit
[2026-03-28 19:40:55] 📋   [WARN]     压缩失败 [DM7J-TsE-nbUCOFZ-EEYTNYs_12b6468e@android]: Skipped due to cooking limit
[2026-03-28 19:40:55] 📋   [WARN]     压缩失败 [DM7J-TsE-nbUCOFZ-EEYTNYs_12b6468e@windows]: Skipped due to cooking limit
[2026-03-28 19:40:55] 📋   [WARN]     压缩失败 [CAB7WXH7bZkTy9gSwmBdLheX_5046496d@ios]: Skipped due to cooking limit
[2026-03-28 19:40:55] 📋   [WARN]     压缩失败 [CAB7WXH7bZkTy9gSwmBdLheX_5046496d@android]: Skipped due to cooking limit
[2026-03-28 19:40:55] 📋   [WARN]     压缩失败 [CAB7WXH7bZkTy9gSwmBdLheX_5046496d@windows]: Skipped due to cooking limit
[2026-03-28 19:40:55] 📋   [WARN]     压缩失败 [F3Oi-Wymt7L7qV_YsWCQmyyp_9fe9e9d0@ios]: Skipped due to cooking limit
[2026-03-28 19:40:55] 📋   [WARN]     压缩失败 [F3Oi-Wymt7L7qV_YsWCQmyyp_9fe9e9d0@android]: Skipped due to cooking limit
[2026-03-28 19:40:55] 📋   [WARN]     压缩失败 [F3Oi-Wymt7L7qV_YsWCQmyyp_9fe9e9d0@windows]: Skipped due to cooking limit
[2026-03-28 19:40:55] 📋   [WARN]     压缩失败 [BkWNuY6F79COZ1Jeq98cAyiw_c471144b@ios]: Skipped due to cooking limit
[2026-03-28 19:40:55] 📋   [WARN]     压缩失败 [BkWNuY6F79COZ1Jeq98cAyiw_c471144b@android]: Skipped due to cooking limit
[2026-03-28 19:40:55] 📋   [WARN]     压缩失败 [BkWNuY6F79COZ1Jeq98cAyiw_c471144b@windows]: Skipped due to cooking limit
[2026-03-28 19:40:55] 📋   [WARN]     压缩失败 [FXdNMRiH0py_ji7Cs-X3jL5g_3145810d@ios]: Skipped due to cooking limit
[2026-03-28 19:40:55] 📋   [WARN]     压缩失败 [FXdNMRiH0py_ji7Cs-X3jL5g_3145810d@android]: Skipped due to cooking limit
[2026-03-28 19:40:55] 📋   [WARN]     压缩失败 [FXdNMRiH0py_ji7Cs-X3jL5g_3145810d@windows]: Skipped due to cooking limit
[2026-03-28 19:40:55] 📋   [WARN]     压缩失败 [Camm2b_pdVuwR-CiZifZk8-J_4e47edf9@ios]: Skipped due to cooking limit
[2026-03-28 19:40:55] 📋   [WARN]     压缩失败 [Camm2b_pdVuwR-CiZifZk8-J_4e47edf9@android]: Skipped due to cooking limit
[2026-03-28 19:40:55] 📋   [WARN]     压缩失败 [Camm2b_pdVuwR-CiZifZk8-J_4e47edf9@windows]: Skipped due to cooking limit
[2026-03-28 19:40:55] 📋   [WARN]     压缩失败 [FquJKT2CkTMyzYvNBigJndCn_f3894e2e@ios]: Skipped due to cooking limit
[2026-03-28 19:40:55] 📋   [WARN]     压缩失败 [FquJKT2CkTMyzYvNBigJndCn_f3894e2e@android]: Skipped due to cooking limit
[2026-03-28 19:40:55] 📋   [WARN]     压缩失败 [FquJKT2CkTMyzYvNBigJndCn_f3894e2e@windows]: Skipped due to cooking limit
[2026-03-28 19:40:55] 📋   [WARN]     压缩失败 [E7ZisRuDyxQm8BhDokc0G1PP_24880ad1@ios]: Skipped due to cooking limit
[2026-03-28 19:40:55] 📋   [WARN]     压缩失败 [E7ZisRuDyxQm8BhDokc0G1PP_24880ad1@android]: Skipped due to cooking limit
[2026-03-28 19:40:55] 📋   [WARN]     压缩失败 [E7ZisRuDyxQm8BhDokc0G1PP_24880ad1@windows]: Skipped due to cooking limit
[2026-03-28 19:40:55] 📋   [WARN]     压缩失败 [AZhoYbnQE6JuQ24mQEdvTcGz_18c98f84@ios]: Skipped due to cooking limit
[2026-03-28 19:40:55] 📋   [WARN]     压缩失败 [AZhoYbnQE6JuQ24mQEdvTcGz_18c98f84@android]: Skipped due to cooking limit
[2026-03-28 19:40:55] 📋   [WARN]     压缩失败 [AZhoYbnQE6JuQ24mQEdvTcGz_18c98f84@windows]: Skipped due to cooking limit
[2026-03-28 19:40:55] 📋   [WARN]     压缩失败 [Do9gQQLWo2phOQcfyL65Nqg2_3b668345@ios]: Skipped due to cooking limit
[2026-03-28 19:40:55] 📋   [WARN]     压缩失败 [Do9gQQLWo2phOQcfyL65Nqg2_3b668345@android]: Skipped due to cooking limit
[2026-03-28 19:40:55] 📋   [WARN]     压缩失败 [Do9gQQLWo2phOQcfyL65Nqg2_3b668345@windows]: Skipped due to cooking limit
[2026-03-28 19:40:55] 📋   [WARN]     压缩失败 [E8gHOSKnKx7e8ziXcEQDUF_w_33e4f2c5@ios]: Skipped due to cooking limit
[2026-03-28 19:40:55] 📋   [WARN]     压缩失败 [E8gHOSKnKx7e8ziXcEQDUF_w_33e4f2c5@android]: Skipped due to cooking limit
[2026-03-28 19:40:55] 📋   [WARN]     压缩失败 [E8gHOSKnKx7e8ziXcEQDUF_w_33e4f2c5@windows]: Skipped due to cooking limit
[2026-03-28 19:40:55] 📋   [WARN]     压缩失败 [BKCl2URC4sWmiwmTAfQa1g0z_f25d93ac@ios]: Skipped due to cooking limit
[2026-03-28 19:40:55] 📋   [WARN]     压缩失败 [BKCl2URC4sWmiwmTAfQa1g0z_f25d93ac@android]: Skipped due to cooking limit
[2026-03-28 19:40:55] 📋   [WARN]     压缩失败 [BKCl2URC4sWmiwmTAfQa1g0z_f25d93ac@windows]: Skipped due to cooking limit
[2026-03-28 19:40:55] 📋   [WARN]     压缩失败 [HbjPOezHmeXDZhjBxfmElQQe_21ba4fcb@ios]: Skipped due to cooking limit
[2026-03-28 19:40:55] 📋   [WARN]     压缩失败 [HbjPOezHmeXDZhjBxfmElQQe_21ba4fcb@android]: Skipped due to cooking limit
[2026-03-28 19:40:55] 📋   [WARN]     压缩失败 [HbjPOezHmeXDZhjBxfmElQQe_21ba4fcb@windows]: Skipped due to cooking limit
[2026-03-28 19:40:55] 📋   [WARN]     压缩失败 [FebbuZC_UqfKmbAuptEzxXOz_33b69d55@ios]: Skipped due to cooking limit
[2026-03-28 19:40:55] 📋   [WARN]     压缩失败 [FebbuZC_UqfKmbAuptEzxXOz_33b69d55@android]: Skipped due to cooking limit
[2026-03-28 19:40:55] 📋   [WARN]     压缩失败 [FebbuZC_UqfKmbAuptEzxXOz_33b69d55@windows]: Skipped due to cooking limit
[2026-03-28 19:40:55] 📋   [WARN]     压缩失败 [EdF5AY67vtKMB_FmtoHDemE6_7039d1e8@ios]: Skipped due to cooking limit
[2026-03-28 19:40:55] 📋   [WARN]     压缩失败 [EdF5AY67vtKMB_FmtoHDemE6_7039d1e8@android]: Skipped due to cooking limit
[2026-03-28 19:40:55] 📋   [WARN]     压缩失败 [EdF5AY67vtKMB_FmtoHDemE6_7039d1e8@windows]: Skipped due to cooking limit
[2026-03-28 19:40:56] 📋   [WARN]     压缩失败 [DSO7WRC9LDJqZBV_-CqXKBwt_b52fedba@ios]: Skipped due to cooking limit
[2026-03-28 19:40:56] 📋   [WARN]     压缩失败 [DSO7WRC9LDJqZBV_-CqXKBwt_b52fedba@android]: Skipped due to cooking limit
[2026-03-28 19:40:56] 📋   [WARN]     压缩失败 [DSO7WRC9LDJqZBV_-CqXKBwt_b52fedba@windows]: Skipped due to cooking limit
[2026-03-28 19:40:56] 📋   [WARN]     压缩失败 [CpYD6fuYlTsPMElSURtTzPjI_bbd426af@ios]: Skipped due to cooking limit
[2026-03-28 19:40:56] 📋   [WARN]     压缩失败 [CpYD6fuYlTsPMElSURtTzPjI_bbd426af@android]: Skipped due to cooking limit
[2026-03-28 19:40:56] 📋   [WARN]     压缩失败 [CpYD6fuYlTsPMElSURtTzPjI_bbd426af@windows]: Skipped due to cooking limit
[2026-03-28 19:40:56] 📋   [WARN]     压缩失败 [H73M6dr8dd0wo-oW-k7Shxsf_680e0814@ios]: Skipped due to cooking limit
[2026-03-28 19:40:56] 📋   [WARN]     压缩失败 [H73M6dr8dd0wo-oW-k7Shxsf_680e0814@android]: Skipped due to cooking limit
[2026-03-28 19:40:56] 📋   [WARN]     压缩失败 [H73M6dr8dd0wo-oW-k7Shxsf_680e0814@windows]: Skipped due to cooking limit
[2026-03-28 19:40:56] 📋   [WARN]     压缩失败 [AQyr2aTxHOmg4NBy0xVeKsB3_95257d89@ios]: Skipped due to cooking limit
[2026-03-28 19:40:56] 📋   [WARN]     压缩失败 [AQyr2aTxHOmg4NBy0xVeKsB3_95257d89@android]: Skipped due to cooking limit
[2026-03-28 19:40:56] 📋   [WARN]     压缩失败 [AQyr2aTxHOmg4NBy0xVeKsB3_95257d89@windows]: Skipped due to cooking limit
[2026-03-28 19:40:56] 📋   [WARN]     压缩失败 [FvYPyRlis5zPxrnmm8Q7j7pZ_90cbfee2@ios]: Skipped due to cooking limit
[2026-03-28 19:40:56] 📋   [WARN]     压缩失败 [FvYPyRlis5zPxrnmm8Q7j7pZ_90cbfee2@android]: Skipped due to cooking limit
[2026-03-28 19:40:56] 📋   [WARN]     压缩失败 [FvYPyRlis5zPxrnmm8Q7j7pZ_90cbfee2@windows]: Skipped due to cooking limit
[2026-03-28 19:40:56] 📋   [WARN]     压缩失败 [FmSfefxWMItv169cK8zjFsEO_b0d27ee0@ios]: Skipped due to cooking limit
[2026-03-28 19:40:56] 📋   [WARN]     压缩失败 [FmSfefxWMItv169cK8zjFsEO_b0d27ee0@android]: Skipped due to cooking limit
[2026-03-28 19:40:56] 📋   [WARN]     压缩失败 [FmSfefxWMItv169cK8zjFsEO_b0d27ee0@windows]: Skipped due to cooking limit
[2026-03-28 19:40:56] 📋   [WARN]     压缩失败 [Dn4JMZBPxvpSX58QZrOmQfOF_8594ecf5@ios]: Skipped due to cooking limit
[2026-03-28 19:40:56] 📋   [WARN]     压缩失败 [Dn4JMZBPxvpSX58QZrOmQfOF_8594ecf5@android]: Skipped due to cooking limit
[2026-03-28 19:40:56] 📋   [WARN]     压缩失败 [Dn4JMZBPxvpSX58QZrOmQfOF_8594ecf5@windows]: Skipped due to cooking limit
[2026-03-28 19:40:56] 📋   [WARN]     压缩失败 [DvxIyQtPh4fwO_zluNTf0bIM_000790e1@ios]: Skipped due to cooking limit
[2026-03-28 19:40:56] 📋   [WARN]     压缩失败 [DvxIyQtPh4fwO_zluNTf0bIM_000790e1@android]: Skipped due to cooking limit
[2026-03-28 19:40:56] 📋   [WARN]     压缩失败 [DvxIyQtPh4fwO_zluNTf0bIM_000790e1@windows]: Skipped due to cooking limit
[2026-03-28 19:40:56] 📋   [WARN]     压缩失败 [FYCm-Sm11JLP50aC4AnuvRw4_87329f56@ios]: Skipped due to cooking limit
[2026-03-28 19:40:56] 📋   [WARN]     压缩失败 [FYCm-Sm11JLP50aC4AnuvRw4_87329f56@android]: Skipped due to cooking limit
[2026-03-28 19:40:56] 📋   [WARN]     压缩失败 [FYCm-Sm11JLP50aC4AnuvRw4_87329f56@windows]: Skipped due to cooking limit
[2026-03-28 19:40:56] 📋   [WARN]     压缩失败 [FOCKUTk-6mv3a9Zre7OQeVsY_20346758@ios]: Skipped due to cooking limit
[2026-03-28 19:40:56] 📋   [WARN]     压缩失败 [FOCKUTk-6mv3a9Zre7OQeVsY_20346758@android]: Skipped due to cooking limit
[2026-03-28 19:40:56] 📋   [WARN]     压缩失败 [FOCKUTk-6mv3a9Zre7OQeVsY_20346758@windows]: Skipped due to cooking limit
[2026-03-28 19:40:56] 📋   [WARN]     压缩失败 [AYT3iVr_0jKN-EpDCeBWAv-s_08d3be62@ios]: Skipped due to cooking limit
[2026-03-28 19:40:56] 📋   [WARN]     压缩失败 [AYT3iVr_0jKN-EpDCeBWAv-s_08d3be62@android]: Skipped due to cooking limit
[2026-03-28 19:40:56] 📋   [WARN]     压缩失败 [AYT3iVr_0jKN-EpDCeBWAv-s_08d3be62@windows]: Skipped due to cooking limit
[2026-03-28 19:40:56] 📋   [WARN]     压缩失败 [HCe96Tf8ZnmRBsM44MTCBo4K_eb4831d5@ios]: Skipped due to cooking limit
[2026-03-28 19:40:56] 📋   [WARN]     压缩失败 [HCe96Tf8ZnmRBsM44MTCBo4K_eb4831d5@android]: Skipped due to cooking limit
[2026-03-28 19:40:56] 📋   [WARN]     压缩失败 [HCe96Tf8ZnmRBsM44MTCBo4K_eb4831d5@windows]: Skipped due to cooking limit
[2026-03-28 19:40:56] 📋   [WARN]     压缩失败 [HVq4ob36Hu9mPfXSaA9_5Dcv_61175461@ios]: Skipped due to cooking limit
[2026-03-28 19:40:56] 📋   [WARN]     压缩失败 [HVq4ob36Hu9mPfXSaA9_5Dcv_61175461@android]: Skipped due to cooking limit
[2026-03-28 19:40:56] 📋   [WARN]     压缩失败 [HVq4ob36Hu9mPfXSaA9_5Dcv_61175461@windows]: Skipped due to cooking limit
[2026-03-28 19:40:56] 📋   [WARN]     压缩失败 [Ff2CScXUCjMpTu9BxfMr0JPP_b381926b@ios]: Skipped due to cooking limit
[2026-03-28 19:40:56] 📋   [WARN]     压缩失败 [Ff2CScXUCjMpTu9BxfMr0JPP_b381926b@android]: Skipped due to cooking limit
[2026-03-28 19:40:56] 📋   [WARN]     压缩失败 [Ff2CScXUCjMpTu9BxfMr0JPP_b381926b@windows]: Skipped due to cooking limit
[2026-03-28 19:40:56] 📋   [WARN]     压缩失败 [G3x8ecy2UsF5UgswNVNEwqz7_fbed3f8f@ios]: Skipped due to cooking limit
[2026-03-28 19:40:56] 📋   [WARN]     压缩失败 [G3x8ecy2UsF5UgswNVNEwqz7_fbed3f8f@android]: Skipped due to cooking limit
[2026-03-28 19:40:56] 📋   [WARN]     压缩失败 [G3x8ecy2UsF5UgswNVNEwqz7_fbed3f8f@windows]: Skipped due to cooking limit
[2026-03-28 19:40:56] 📋   [WARN]     压缩失败 [D5HeiUyUZ0K_2whHzwwfJ5um_6dc1ef86@ios]: Skipped due to cooking limit
[2026-03-28 19:40:56] 📋   [WARN]     压缩失败 [D5HeiUyUZ0K_2whHzwwfJ5um_6dc1ef86@android]: Skipped due to cooking limit
[2026-03-28 19:40:56] 📋   [WARN]     压缩失败 [D5HeiUyUZ0K_2whHzwwfJ5um_6dc1ef86@windows]: Skipped due to cooking limit
[2026-03-28 19:40:56] 📋   [WARN]     压缩失败 [Cq4wwR-sbQje14xpcjAqNgBB_7e846d66@ios]: Skipped due to cooking limit
[2026-03-28 19:40:56] 📋   [WARN]     压缩失败 [Cq4wwR-sbQje14xpcjAqNgBB_7e846d66@android]: Skipped due to cooking limit
[2026-03-28 19:40:56] 📋   [WARN]     压缩失败 [Cq4wwR-sbQje14xpcjAqNgBB_7e846d66@windows]: Skipped due to cooking limit
[2026-03-28 19:40:56] 📋   [WARN]     压缩失败 [BdXwAWoGRtY_Az33B2_HGlD4_7ff32bad@ios]: Skipped due to cooking limit
[2026-03-28 19:40:56] 📋   [WARN]     压缩失败 [BdXwAWoGRtY_Az33B2_HGlD4_7ff32bad@android]: Skipped due to cooking limit
[2026-03-28 19:40:56] 📋   [WARN]     压缩失败 [BdXwAWoGRtY_Az33B2_HGlD4_7ff32bad@windows]: Skipped due to cooking limit
[2026-03-28 19:40:56] 📋   [WARN]     压缩失败 [FYvTifCySNdWaEJzuWCnAyHm_38701ddc@ios]: Skipped due to cooking limit
[2026-03-28 19:40:56] 📋   [WARN]     压缩失败 [FYvTifCySNdWaEJzuWCnAyHm_38701ddc@android]: Skipped due to cooking limit
[2026-03-28 19:40:56] 📋   [WARN]     压缩失败 [FYvTifCySNdWaEJzuWCnAyHm_38701ddc@windows]: Skipped due to cooking limit
[2026-03-28 19:40:56] 📋   [WARN]     压缩失败 [Bthusf5IPjwk6KS57zQQkghu_6fedbac9@ios]: Skipped due to cooking limit
[2026-03-28 19:40:56] 📋   [WARN]     压缩失败 [Bthusf5IPjwk6KS57zQQkghu_6fedbac9@android]: Skipped due to cooking limit
[2026-03-28 19:40:56] 📋   [WARN]     压缩失败 [Bthusf5IPjwk6KS57zQQkghu_6fedbac9@windows]: Skipped due to cooking limit
[2026-03-28 19:40:56] 📋   [WARN]     压缩失败 [F8ceATwt-w7o5-NwLcJ8QC81_b713a106@ios]: Skipped due to cooking limit
[2026-03-28 19:40:56] 📋   [WARN]     压缩失败 [F8ceATwt-w7o5-NwLcJ8QC81_b713a106@android]: Skipped due to cooking limit
[2026-03-28 19:40:56] 📋   [WARN]     压缩失败 [F8ceATwt-w7o5-NwLcJ8QC81_b713a106@windows]: Skipped due to cooking limit
[2026-03-28 19:40:56] 📋   [WARN]     压缩失败 [AJwqKTeD8MKR6zOfPhGvUGo5_0d3db3fa@ios]: Skipped due to cooking limit
[2026-03-28 19:40:56] 📋   [WARN]     压缩失败 [AJwqKTeD8MKR6zOfPhGvUGo5_0d3db3fa@android]: Skipped due to cooking limit
[2026-03-28 19:40:56] 📋   [WARN]     压缩失败 [AJwqKTeD8MKR6zOfPhGvUGo5_0d3db3fa@windows]: Skipped due to cooking limit
[2026-03-28 19:40:56] 📋   [WARN]     压缩失败 [D-xGObkKVMP1h_fkgvaejtwG_73ca1148@ios]: Skipped due to cooking limit
[2026-03-28 19:40:56] 📋   [WARN]     压缩失败 [D-xGObkKVMP1h_fkgvaejtwG_73ca1148@android]: Skipped due to cooking limit
[2026-03-28 19:40:56] 📋   [WARN]     压缩失败 [D-xGObkKVMP1h_fkgvaejtwG_73ca1148@windows]: Skipped due to cooking limit
[2026-03-28 19:40:56] 📋   [WARN]     压缩失败 [AHVQsQbGzgYWeSczyRwQrT6b_c91cdc5d@ios]: Skipped due to cooking limit
[2026-03-28 19:40:56] 📋   [WARN]     压缩失败 [AHVQsQbGzgYWeSczyRwQrT6b_c91cdc5d@android]: Skipped due to cooking limit
[2026-03-28 19:40:56] 📋   [WARN]     压缩失败 [AHVQsQbGzgYWeSczyRwQrT6b_c91cdc5d@windows]: Skipped due to cooking limit
[2026-03-28 19:40:56] 📋   [WARN]     压缩失败 [Bune-bQFNOZvRIH3DB_uCtPh_a9905f04@ios]: Skipped due to cooking limit
[2026-03-28 19:40:56] 📋   [WARN]     压缩失败 [Bune-bQFNOZvRIH3DB_uCtPh_a9905f04@android]: Skipped due to cooking limit
[2026-03-28 19:40:56] 📋   [WARN]     压缩失败 [Bune-bQFNOZvRIH3DB_uCtPh_a9905f04@windows]: Skipped due to cooking limit
[2026-03-28 19:40:56] 📋   [WARN]     压缩失败 [FL1AGShDQjvyf2fuc5JeIPDM_8c2954cc@ios]: Skipped due to cooking limit
[2026-03-28 19:40:56] 📋   [WARN]     压缩失败 [FL1AGShDQjvyf2fuc5JeIPDM_8c2954cc@android]: Skipped due to cooking limit
[2026-03-28 19:40:56] 📋   [WARN]     压缩失败 [FL1AGShDQjvyf2fuc5JeIPDM_8c2954cc@windows]: Skipped due to cooking limit
[2026-03-28 19:40:56] 📋   [WARN]     压缩失败 [DPngqV8eFscUiuqaGhtpFJqN_49982bb6@ios]: Skipped due to cooking limit
[2026-03-28 19:40:56] 📋   [WARN]     压缩失败 [DPngqV8eFscUiuqaGhtpFJqN_49982bb6@android]: Skipped due to cooking limit
[2026-03-28 19:40:56] 📋   [WARN]     压缩失败 [DPngqV8eFscUiuqaGhtpFJqN_49982bb6@windows]: Skipped due to cooking limit
[2026-03-28 19:40:56] 📋   [WARN]     压缩失败 [EpHRgReAIIHksu3kzn65YUdk_d20f0232@ios]: Skipped due to cooking limit
[2026-03-28 19:40:56] 📋   [WARN]     压缩失败 [EpHRgReAIIHksu3kzn65YUdk_d20f0232@android]: Skipped due to cooking limit
[2026-03-28 19:40:56] 📋   [WARN]     压缩失败 [EpHRgReAIIHksu3kzn65YUdk_d20f0232@windows]: Skipped due to cooking limit
[2026-03-28 19:40:56] 📋   [WARN]     压缩失败 [GPKUyfSPhj-NUb0Tl3jOUp13_78cdac2a@ios]: Skipped due to cooking limit
[2026-03-28 19:40:56] 📋   [WARN]     压缩失败 [GPKUyfSPhj-NUb0Tl3jOUp13_78cdac2a@android]: Skipped due to cooking limit
[2026-03-28 19:40:56] 📋   [WARN]     压缩失败 [GPKUyfSPhj-NUb0Tl3jOUp13_78cdac2a@windows]: Skipped due to cooking limit
[2026-03-28 19:40:56] 📋   [WARN]     压缩失败 [FaSgUQUSMC5gAiqAolIvTupg_264cc994@ios]: Skipped due to cooking limit
[2026-03-28 19:40:56] 📋   [WARN]     压缩失败 [FaSgUQUSMC5gAiqAolIvTupg_264cc994@android]: Skipped due to cooking limit
[2026-03-28 19:40:56] 📋   [WARN]     压缩失败 [FaSgUQUSMC5gAiqAolIvTupg_264cc994@windows]: Skipped due to cooking limit
[2026-03-28 19:40:56] 📋   [WARN]     压缩失败 [F5TxGWF2ObFf60YNFKKABkh-_6c171df3@ios]: Skipped due to cooking limit
[2026-03-28 19:40:56] 📋   [WARN]     压缩失败 [F5TxGWF2ObFf60YNFKKABkh-_6c171df3@android]: Skipped due to cooking limit
[2026-03-28 19:40:56] 📋   [WARN]     压缩失败 [F5TxGWF2ObFf60YNFKKABkh-_6c171df3@windows]: Skipped due to cooking limit
[2026-03-28 19:40:56] 📋   [WARN]     压缩失败 [E1f92ZkD-YDCaFqCF017blrf_8909b5bd@ios]: Skipped due to cooking limit
[2026-03-28 19:40:56] 📋   [WARN]     压缩失败 [E1f92ZkD-YDCaFqCF017blrf_8909b5bd@android]: Skipped due to cooking limit
[2026-03-28 19:40:56] 📋   [WARN]     压缩失败 [E1f92ZkD-YDCaFqCF017blrf_8909b5bd@windows]: Skipped due to cooking limit
[2026-03-28 19:40:56] 📋   [WARN]     压缩失败 [EXb_0XTjFH0EZFppzUZ7EB5L_9abbc75f@ios]: Skipped due to cooking limit
[2026-03-28 19:40:56] 📋   [WARN]     压缩失败 [EXb_0XTjFH0EZFppzUZ7EB5L_9abbc75f@android]: Skipped due to cooking limit
[2026-03-28 19:40:56] 📋   [WARN]     压缩失败 [EXb_0XTjFH0EZFppzUZ7EB5L_9abbc75f@windows]: Skipped due to cooking limit
[2026-03-28 19:40:56] 📋   [WARN]     压缩失败 [ATabkUP520vx5uoKclMVQNdq_eb24990b@ios]: Skipped due to cooking limit
[2026-03-28 19:40:56] 📋   [WARN]     压缩失败 [ATabkUP520vx5uoKclMVQNdq_eb24990b@android]: Skipped due to cooking limit
[2026-03-28 19:40:56] 📋   [WARN]     压缩失败 [ATabkUP520vx5uoKclMVQNdq_eb24990b@windows]: Skipped due to cooking limit
[2026-03-28 19:40:56] 📋   [WARN]     压缩失败 [FsQeuV5ybNUi2CLyVJN_9YO1_765d854c@ios]: Skipped due to cooking limit
[2026-03-28 19:40:56] 📋   [WARN]     压缩失败 [FsQeuV5ybNUi2CLyVJN_9YO1_765d854c@android]: Skipped due to cooking limit
[2026-03-28 19:40:56] 📋   [WARN]     压缩失败 [FsQeuV5ybNUi2CLyVJN_9YO1_765d854c@windows]: Skipped due to cooking limit
[2026-03-28 19:40:56] 📋   [WARN]     压缩失败 [AhGOkaiQNdBpXcYAKfQMFp7U_ab159dca@ios]: Skipped due to cooking limit
[2026-03-28 19:40:56] 📋   [WARN]     压缩失败 [AhGOkaiQNdBpXcYAKfQMFp7U_ab159dca@android]: Skipped due to cooking limit
[2026-03-28 19:40:56] 📋   [WARN]     压缩失败 [AhGOkaiQNdBpXcYAKfQMFp7U_ab159dca@windows]: Skipped due to cooking limit
[2026-03-28 19:40:56] 📋   [WARN]     压缩失败 [Be9lmSL18qZwvag6k6vIlaAN_3b3ef9b8@ios]: Skipped due to cooking limit
[2026-03-28 19:40:56] 📋   [WARN]     压缩失败 [Be9lmSL18qZwvag6k6vIlaAN_3b3ef9b8@android]: Skipped due to cooking limit
[2026-03-28 19:40:56] 📋   [WARN]     压缩失败 [Be9lmSL18qZwvag6k6vIlaAN_3b3ef9b8@windows]: Skipped due to cooking limit
[2026-03-28 19:40:56] 📋   [WARN]     压缩失败 [EBZlcQ2klK9T3UiNmcgoxSgU_e949d541@ios]: Skipped due to cooking limit
[2026-03-28 19:40:56] 📋   [WARN]     压缩失败 [EBZlcQ2klK9T3UiNmcgoxSgU_e949d541@android]: Skipped due to cooking limit
[2026-03-28 19:40:56] 📋   [WARN]     压缩失败 [EBZlcQ2klK9T3UiNmcgoxSgU_e949d541@windows]: Skipped due to cooking limit
[2026-03-28 19:40:56] 📋   [WARN]     压缩失败 [E1fCsS4gdgSU8QDwtGlCYtW-_6922608f@ios]: Skipped due to cooking limit
[2026-03-28 19:40:56] 📋   [WARN]     压缩失败 [E1fCsS4gdgSU8QDwtGlCYtW-_6922608f@android]: Skipped due to cooking limit
[2026-03-28 19:40:56] 📋   [WARN]     压缩失败 [E1fCsS4gdgSU8QDwtGlCYtW-_6922608f@windows]: Skipped due to cooking limit
[2026-03-28 19:40:56] 📋   [WARN]     压缩失败 [CiwRmVHe4-dC0TAmg52l9zV2_76f44922@ios]: Skipped due to cooking limit
[2026-03-28 19:40:56] 📋   [WARN]     压缩失败 [CiwRmVHe4-dC0TAmg52l9zV2_76f44922@android]: Skipped due to cooking limit
[2026-03-28 19:40:56] 📋   [WARN]     压缩失败 [CiwRmVHe4-dC0TAmg52l9zV2_76f44922@windows]: Skipped due to cooking limit
[2026-03-28 19:40:56] 📋   [WARN]     压缩失败 [Cic54SGEJgfDeLi1RIKHtiTu_70a78770@ios]: Skipped due to cooking limit
[2026-03-28 19:40:56] 📋   [WARN]     压缩失败 [Cic54SGEJgfDeLi1RIKHtiTu_70a78770@android]: Skipped due to cooking limit
[2026-03-28 19:40:56] 📋   [WARN]     压缩失败 [Cic54SGEJgfDeLi1RIKHtiTu_70a78770@windows]: Skipped due to cooking limit
[2026-03-28 19:40:56] 📋   [WARN]     压缩失败 [Hel9GSOEOwSKoymb-djjW2wd_2c7c77a7@ios]: Skipped due to cooking limit
[2026-03-28 19:40:56] 📋   [WARN]     压缩失败 [Hel9GSOEOwSKoymb-djjW2wd_2c7c77a7@android]: Skipped due to cooking limit
[2026-03-28 19:40:56] 📋   [WARN]     压缩失败 [Hel9GSOEOwSKoymb-djjW2wd_2c7c77a7@windows]: Skipped due to cooking limit
[2026-03-28 19:40:56] 📋   [WARN]     压缩失败 [C7WgCdPOZNPRcrVikNwffqZw_39449b94@ios]: Skipped due to cooking limit
[2026-03-28 19:40:56] 📋   [WARN]     压缩失败 [C7WgCdPOZNPRcrVikNwffqZw_39449b94@android]: Skipped due to cooking limit
[2026-03-28 19:40:56] 📋   [WARN]     压缩失败 [C7WgCdPOZNPRcrVikNwffqZw_39449b94@windows]: Skipped due to cooking limit
[2026-03-28 19:40:56] 📋   [WARN]     压缩失败 [BLzAQSNL_6k3QQahjcYfSAXI_5a8af75f@ios]: Skipped due to cooking limit
[2026-03-28 19:40:56] 📋   [WARN]     压缩失败 [BLzAQSNL_6k3QQahjcYfSAXI_5a8af75f@android]: Skipped due to cooking limit
[2026-03-28 19:40:56] 📋   [WARN]     压缩失败 [BLzAQSNL_6k3QQahjcYfSAXI_5a8af75f@windows]: Skipped due to cooking limit
[2026-03-28 19:40:56] 📋   [WARN]     压缩失败 [CIvtQZRYlqykkx6tavQRuhYN_fb8b0e15@ios]: Skipped due to cooking limit
[2026-03-28 19:40:56] 📋   [WARN]     压缩失败 [CIvtQZRYlqykkx6tavQRuhYN_fb8b0e15@android]: Skipped due to cooking limit
[2026-03-28 19:40:56] 📋   [WARN]     压缩失败 [CIvtQZRYlqykkx6tavQRuhYN_fb8b0e15@windows]: Skipped due to cooking limit
[2026-03-28 19:40:56] 📋   [WARN]     压缩失败 [E5Oo8cNkrzy-HuzepkuEPW3l_ec898ff1@ios]: Skipped due to cooking limit
[2026-03-28 19:40:56] 📋   [WARN]     压缩失败 [E5Oo8cNkrzy-HuzepkuEPW3l_ec898ff1@android]: Skipped due to cooking limit
[2026-03-28 19:40:56] 📋   [WARN]     压缩失败 [E5Oo8cNkrzy-HuzepkuEPW3l_ec898ff1@windows]: Skipped due to cooking limit
[2026-03-28 19:40:56] 📋   [WARN]     压缩失败 [EOzeSdR0reODxwcugHDG6x6z_94ae4ef9@ios]: Skipped due to cooking limit
[2026-03-28 19:40:56] 📋   [WARN]     压缩失败 [EOzeSdR0reODxwcugHDG6x6z_94ae4ef9@android]: Skipped due to cooking limit
[2026-03-28 19:40:56] 📋   [WARN]     压缩失败 [EOzeSdR0reODxwcugHDG6x6z_94ae4ef9@windows]: Skipped due to cooking limit
[2026-03-28 19:40:56] 📋   [WARN]     压缩失败 [HrtekU28vTW6J-sZElRXxWh6_61a4875c@ios]: Skipped due to cooking limit
[2026-03-28 19:40:56] 📋   [WARN]     压缩失败 [HrtekU28vTW6J-sZElRXxWh6_61a4875c@android]: Skipped due to cooking limit
[2026-03-28 19:40:56] 📋   [WARN]     压缩失败 [HrtekU28vTW6J-sZElRXxWh6_61a4875c@windows]: Skipped due to cooking limit
[2026-03-28 19:40:56] 📋   [WARN]     压缩失败 [HtagYUsyLegONTSRNyxhqNN7_fc174678@ios]: Skipped due to cooking limit
[2026-03-28 19:40:56] 📋   [WARN]     压缩失败 [HtagYUsyLegONTSRNyxhqNN7_fc174678@android]: Skipped due to cooking limit
[2026-03-28 19:40:56] 📋   [WARN]     压缩失败 [HtagYUsyLegONTSRNyxhqNN7_fc174678@windows]: Skipped due to cooking limit
[2026-03-28 19:40:56] 📋   [WARN]     压缩失败 [BPeL8XukwsqOHtXWNSRr40Vm_5bf8c4ec@ios]: Skipped due to cooking limit
[2026-03-28 19:40:56] 📋   [WARN]     压缩失败 [BPeL8XukwsqOHtXWNSRr40Vm_5bf8c4ec@android]: Skipped due to cooking limit
[2026-03-28 19:40:56] 📋   [WARN]     压缩失败 [BPeL8XukwsqOHtXWNSRr40Vm_5bf8c4ec@windows]: Skipped due to cooking limit
[2026-03-28 19:40:56] 📋   [WARN]     压缩失败 [EQKBSc5IW5e-jMtb_AScxnYJ_96026494@ios]: Skipped due to cooking limit
[2026-03-28 19:40:56] 📋   [WARN]     压缩失败 [EQKBSc5IW5e-jMtb_AScxnYJ_96026494@android]: Skipped due to cooking limit
[2026-03-28 19:40:56] 📋   [WARN]     压缩失败 [EQKBSc5IW5e-jMtb_AScxnYJ_96026494@windows]: Skipped due to cooking limit
[2026-03-28 19:40:56] 📋   [WARN]     压缩失败 [H_D0aTSJ7rD9UlKhUYOpamgD_8d22542d@ios]: Skipped due to cooking limit
[2026-03-28 19:40:56] 📋   [WARN]     压缩失败 [H_D0aTSJ7rD9UlKhUYOpamgD_8d22542d@android]: Skipped due to cooking limit
[2026-03-28 19:40:56] 📋   [WARN]     压缩失败 [H_D0aTSJ7rD9UlKhUYOpamgD_8d22542d@windows]: Skipped due to cooking limit
[2026-03-28 19:40:56] 📋   [WARN]     压缩失败 [A7fayYcxhH4Mxk5u83e-rrSw_346bb621@ios]: Skipped due to cooking limit
[2026-03-28 19:40:56] 📋   [WARN]     压缩失败 [A7fayYcxhH4Mxk5u83e-rrSw_346bb621@android]: Skipped due to cooking limit
[2026-03-28 19:40:56] 📋   [WARN]     压缩失败 [A7fayYcxhH4Mxk5u83e-rrSw_346bb621@windows]: Skipped due to cooking limit
[2026-03-28 19:40:56] 📋   [WARN]     压缩失败 [ChCy-RDFzKfYQJf3iScbnYV2_b6f39b7c@ios]: Skipped due to cooking limit
[2026-03-28 19:40:56] 📋   [WARN]     压缩失败 [ChCy-RDFzKfYQJf3iScbnYV2_b6f39b7c@android]: Skipped due to cooking limit
[2026-03-28 19:40:56] 📋   [WARN]     压缩失败 [ChCy-RDFzKfYQJf3iScbnYV2_b6f39b7c@windows]: Skipped due to cooking limit
[2026-03-28 19:40:56] 📋   [WARN]     压缩失败 [CYa-QbM0Kl10XdVe8DaIkXOY_272aed1a@ios]: Skipped due to cooking limit
[2026-03-28 19:40:56] 📋   [WARN]     压缩失败 [CYa-QbM0Kl10XdVe8DaIkXOY_272aed1a@android]: Skipped due to cooking limit
[2026-03-28 19:40:56] 📋   [WARN]     压缩失败 [CYa-QbM0Kl10XdVe8DaIkXOY_272aed1a@windows]: Skipped due to cooking limit
[2026-03-28 19:40:56] 📋   [WARN]     压缩失败 [HIY8eVdf3uz-7ukIckgU-cI2_9ac14c72@ios]: Skipped due to cooking limit
[2026-03-28 19:40:56] 📋   [WARN]     压缩失败 [HIY8eVdf3uz-7ukIckgU-cI2_9ac14c72@android]: Skipped due to cooking limit
[2026-03-28 19:40:56] 📋   [WARN]     压缩失败 [HIY8eVdf3uz-7ukIckgU-cI2_9ac14c72@windows]: Skipped due to cooking limit
[2026-03-28 19:40:56] 📋   [WARN]     压缩失败 [Fb_hKUTmbNBJ7pxr-MuY-GHH_0e7f96c1@ios]: Skipped due to cooking limit
[2026-03-28 19:40:56] 📋   [WARN]     压缩失败 [Fb_hKUTmbNBJ7pxr-MuY-GHH_0e7f96c1@android]: Skipped due to cooking limit
[2026-03-28 19:40:56] 📋   [WARN]     压缩失败 [Fb_hKUTmbNBJ7pxr-MuY-GHH_0e7f96c1@windows]: Skipped due to cooking limit
[2026-03-28 19:40:56] 📋   [WARN]     压缩失败 [EDPqqYwdaxbeMFOeAxxDnRt2_aed08719@ios]: Skipped due to cooking limit
[2026-03-28 19:40:56] 📋   [WARN]     压缩失败 [EDPqqYwdaxbeMFOeAxxDnRt2_aed08719@android]: Skipped due to cooking limit
[2026-03-28 19:40:56] 📋   [WARN]     压缩失败 [EDPqqYwdaxbeMFOeAxxDnRt2_aed08719@windows]: Skipped due to cooking limit
[2026-03-28 19:40:56] 📋   [WARN]     压缩失败 [AoSv-W5nCcF_-FgXylCaXB7l_afe80bcc@ios]: Skipped due to cooking limit
[2026-03-28 19:40:56] 📋   [WARN]     压缩失败 [AoSv-W5nCcF_-FgXylCaXB7l_afe80bcc@android]: Skipped due to cooking limit
[2026-03-28 19:40:56] 📋   [WARN]     压缩失败 [AoSv-W5nCcF_-FgXylCaXB7l_afe80bcc@windows]: Skipped due to cooking limit
[2026-03-28 19:40:56] 📋   [WARN]     压缩失败 [EaDjIZUk_G5yMAK9QRJE1iLg_8003c985@ios]: Skipped due to cooking limit
[2026-03-28 19:40:56] 📋   [WARN]     压缩失败 [EaDjIZUk_G5yMAK9QRJE1iLg_8003c985@android]: Skipped due to cooking limit
[2026-03-28 19:40:56] 📋   [WARN]     压缩失败 [EaDjIZUk_G5yMAK9QRJE1iLg_8003c985@windows]: Skipped due to cooking limit
[2026-03-28 19:40:56] 📋   [WARN]     压缩失败 [GrdbWWgio0AU9wB6jNJzz-md_8aed4a46@ios]: Skipped due to cooking limit
[2026-03-28 19:40:56] 📋   [WARN]     压缩失败 [GrdbWWgio0AU9wB6jNJzz-md_8aed4a46@android]: Skipped due to cooking limit
[2026-03-28 19:40:56] 📋   [WARN]     压缩失败 [GrdbWWgio0AU9wB6jNJzz-md_8aed4a46@windows]: Skipped due to cooking limit
[2026-03-28 19:40:56] 📋   [WARN]     压缩失败 [H0uSqbszkN8MXbDm3Vys_MyU_54c76e4d@ios]: Skipped due to cooking limit
[2026-03-28 19:40:56] 📋   [WARN]     压缩失败 [H0uSqbszkN8MXbDm3Vys_MyU_54c76e4d@android]: Skipped due to cooking limit
[2026-03-28 19:40:57] 📋   [WARN]     压缩失败 [H0uSqbszkN8MXbDm3Vys_MyU_54c76e4d@windows]: Skipped due to cooking limit
[2026-03-28 19:40:57] 📋   [WARN]     压缩失败 [E15jIaPctKcOwqcN3oamRBVy_80f44a5a@ios]: Skipped due to cooking limit
[2026-03-28 19:40:57] 📋   [WARN]     压缩失败 [E15jIaPctKcOwqcN3oamRBVy_80f44a5a@android]: Skipped due to cooking limit
[2026-03-28 19:40:57] 📋   [WARN]     压缩失败 [E15jIaPctKcOwqcN3oamRBVy_80f44a5a@windows]: Skipped due to cooking limit
[2026-03-28 19:40:57] 📋   [WARN]     压缩失败 [BPpryT4zYt_SNg9Ask44ZA1C_aacad364@ios]: Skipped due to cooking limit
[2026-03-28 19:40:57] 📋   [WARN]     压缩失败 [BPpryT4zYt_SNg9Ask44ZA1C_aacad364@android]: Skipped due to cooking limit
[2026-03-28 19:40:57] 📋   [WARN]     压缩失败 [BPpryT4zYt_SNg9Ask44ZA1C_aacad364@windows]: Skipped due to cooking limit
[2026-03-28 19:40:57] 📋   [WARN]     压缩失败 [Hv068Su-1FLwjHIP5qeY-6EF_aee1b001@ios]: Skipped due to cooking limit
[2026-03-28 19:40:57] 📋   [WARN]     压缩失败 [Hv068Su-1FLwjHIP5qeY-6EF_aee1b001@android]: Skipped due to cooking limit
[2026-03-28 19:40:57] 📋   [WARN]     压缩失败 [Hv068Su-1FLwjHIP5qeY-6EF_aee1b001@windows]: Skipped due to cooking limit
[2026-03-28 19:40:57] 📋   [WARN]     压缩失败 [BUqueapDIBnt8Dsxg60Q9gJg_8975c3e2@ios]: Skipped due to cooking limit
[2026-03-28 19:40:57] 📋   [WARN]     压缩失败 [BUqueapDIBnt8Dsxg60Q9gJg_8975c3e2@android]: Skipped due to cooking limit
[2026-03-28 19:40:57] 📋   [WARN]     压缩失败 [BUqueapDIBnt8Dsxg60Q9gJg_8975c3e2@windows]: Skipped due to cooking limit
[2026-03-28 19:40:57] 📋   [WARN]     压缩失败 [Bpo5SSRIy3t5aUKGirq7NISP_6fc8d603@ios]: Skipped due to cooking limit
[2026-03-28 19:40:57] 📋   [WARN]     压缩失败 [Bpo5SSRIy3t5aUKGirq7NISP_6fc8d603@android]: Skipped due to cooking limit
[2026-03-28 19:40:57] 📋   [WARN]     压缩失败 [Bpo5SSRIy3t5aUKGirq7NISP_6fc8d603@windows]: Skipped due to cooking limit
[2026-03-28 19:40:57] 📋   [WARN]     压缩失败 [CgGOgWZNP216d1ka1PM95lvq_46c52cb9@ios]: Skipped due to cooking limit
[2026-03-28 19:40:57] 📋   [WARN]     压缩失败 [CgGOgWZNP216d1ka1PM95lvq_46c52cb9@android]: Skipped due to cooking limit
[2026-03-28 19:40:57] 📋   [WARN]     压缩失败 [CgGOgWZNP216d1ka1PM95lvq_46c52cb9@windows]: Skipped due to cooking limit
[2026-03-28 19:40:57] 📋   [WARN]     压缩失败 [B3K5IVcVZMOQQOeaEDAq-7gm_14cdc518@ios]: Skipped due to cooking limit
[2026-03-28 19:40:57] 📋   [WARN]     压缩失败 [B3K5IVcVZMOQQOeaEDAq-7gm_14cdc518@android]: Skipped due to cooking limit
[2026-03-28 19:40:57] 📋   [WARN]     压缩失败 [B3K5IVcVZMOQQOeaEDAq-7gm_14cdc518@windows]: Skipped due to cooking limit
[2026-03-28 19:40:57] 📋   [WARN]     压缩失败 [CwEY8fIQhCbazVnGKsCq3T_U_4069f828@ios]: Skipped due to cooking limit
[2026-03-28 19:40:57] 📋   [WARN]     压缩失败 [CwEY8fIQhCbazVnGKsCq3T_U_4069f828@android]: Skipped due to cooking limit
[2026-03-28 19:40:57] 📋   [WARN]     压缩失败 [CwEY8fIQhCbazVnGKsCq3T_U_4069f828@windows]: Skipped due to cooking limit
[2026-03-28 19:40:57] 📋   [WARN]     压缩失败 [Dc9yIexAfqQgvlWY0dD6IikO_c78205f9@ios]: Skipped due to cooking limit
[2026-03-28 19:40:57] 📋   [WARN]     压缩失败 [Dc9yIexAfqQgvlWY0dD6IikO_c78205f9@android]: Skipped due to cooking limit
[2026-03-28 19:40:57] 📋   [WARN]     压缩失败 [Dc9yIexAfqQgvlWY0dD6IikO_c78205f9@windows]: Skipped due to cooking limit
[2026-03-28 19:40:57] 📋   [WARN]     压缩失败 [C_Proad_U5J1MZnOdZpEKff7_691702b3@ios]: Skipped due to cooking limit
[2026-03-28 19:40:57] 📋   [WARN]     压缩失败 [C_Proad_U5J1MZnOdZpEKff7_691702b3@android]: Skipped due to cooking limit
[2026-03-28 19:40:57] 📋   [WARN]     压缩失败 [C_Proad_U5J1MZnOdZpEKff7_691702b3@windows]: Skipped due to cooking limit
[2026-03-28 19:40:57] 📋   [WARN]     压缩失败 [BbktEa1EOzG2VeCDt5Tdi6RT_3d5a7c42@ios]: Skipped due to cooking limit
[2026-03-28 19:40:57] 📋   [WARN]     压缩失败 [BbktEa1EOzG2VeCDt5Tdi6RT_3d5a7c42@android]: Skipped due to cooking limit
[2026-03-28 19:40:57] 📋   [WARN]     压缩失败 [BbktEa1EOzG2VeCDt5Tdi6RT_3d5a7c42@windows]: Skipped due to cooking limit
[2026-03-28 19:40:57] 📋   [WARN]     压缩失败 [Bc3IcWAvko1_P8CqgL5Szefi_02ad4a28@ios]: Skipped due to cooking limit
[2026-03-28 19:40:57] 📋   [WARN]     压缩失败 [Bc3IcWAvko1_P8CqgL5Szefi_02ad4a28@android]: Skipped due to cooking limit
[2026-03-28 19:40:57] 📋   [WARN]     压缩失败 [Bc3IcWAvko1_P8CqgL5Szefi_02ad4a28@windows]: Skipped due to cooking limit
[2026-03-28 19:40:57] 📋   [WARN]     压缩失败 [GUqg2fNKCJdarJvrBkl3-BdH_5fee5a9e@ios]: Skipped due to cooking limit
[2026-03-28 19:40:57] 📋   [WARN]     压缩失败 [GUqg2fNKCJdarJvrBkl3-BdH_5fee5a9e@android]: Skipped due to cooking limit
[2026-03-28 19:40:57] 📋   [WARN]     压缩失败 [GUqg2fNKCJdarJvrBkl3-BdH_5fee5a9e@windows]: Skipped due to cooking limit
[2026-03-28 19:40:57] 📋   [WARN]     压缩失败 [FxGrsRZsMK-d1suEyUXMjTnU_4226a5f0@ios]: Skipped due to cooking limit
[2026-03-28 19:40:57] 📋   [WARN]     压缩失败 [FxGrsRZsMK-d1suEyUXMjTnU_4226a5f0@android]: Skipped due to cooking limit
[2026-03-28 19:40:57] 📋   [WARN]     压缩失败 [FxGrsRZsMK-d1suEyUXMjTnU_4226a5f0@windows]: Skipped due to cooking limit
[2026-03-28 19:40:57] 📋   [WARN]     压缩失败 [FR3RGcf5CltTNAaysfDRje1T_bdc21e57@ios]: Skipped due to cooking limit
[2026-03-28 19:40:57] 📋   [WARN]     压缩失败 [FR3RGcf5CltTNAaysfDRje1T_bdc21e57@android]: Skipped due to cooking limit
[2026-03-28 19:40:57] 📋   [WARN]     压缩失败 [FR3RGcf5CltTNAaysfDRje1T_bdc21e57@windows]: Skipped due to cooking limit
[2026-03-28 19:40:57] 📋   [WARN]     压缩失败 [Cdrl4WHxr_UpD0bvWSp0-n19_0fe225fc@ios]: Skipped due to cooking limit
[2026-03-28 19:40:57] 📋   [WARN]     压缩失败 [Cdrl4WHxr_UpD0bvWSp0-n19_0fe225fc@android]: Skipped due to cooking limit
[2026-03-28 19:40:57] 📋   [WARN]     压缩失败 [Cdrl4WHxr_UpD0bvWSp0-n19_0fe225fc@windows]: Skipped due to cooking limit
[2026-03-28 19:40:57] 📋   [WARN]     压缩失败 [DEGvOdfWxAFB8F3SK8JadbiI_9b11aad0@ios]: Skipped due to cooking limit
[2026-03-28 19:40:57] 📋   [WARN]     压缩失败 [DEGvOdfWxAFB8F3SK8JadbiI_9b11aad0@android]: Skipped due to cooking limit
[2026-03-28 19:40:57] 📋   [WARN]     压缩失败 [DEGvOdfWxAFB8F3SK8JadbiI_9b11aad0@windows]: Skipped due to cooking limit
[2026-03-28 19:40:57] 📋   [WARN]     压缩失败 [FYjKseby5T6SocUKB2E-1nQX_5427af3e@ios]: Skipped due to cooking limit
[2026-03-28 19:40:57] 📋   [WARN]     压缩失败 [FYjKseby5T6SocUKB2E-1nQX_5427af3e@android]: Skipped due to cooking limit
[2026-03-28 19:40:57] 📋   [WARN]     压缩失败 [FYjKseby5T6SocUKB2E-1nQX_5427af3e@windows]: Skipped due to cooking limit
[2026-03-28 19:40:57] 📋   [WARN]     压缩失败 [AYllGbT7VYffCj3cRRTQKx7D_ce7cf906@ios]: Skipped due to cooking limit
[2026-03-28 19:40:57] 📋   [WARN]     压缩失败 [AYllGbT7VYffCj3cRRTQKx7D_ce7cf906@android]: Skipped due to cooking limit
[2026-03-28 19:40:57] 📋   [WARN]     压缩失败 [AYllGbT7VYffCj3cRRTQKx7D_ce7cf906@windows]: Skipped due to cooking limit
[2026-03-28 19:40:57] 📋   [WARN]     压缩失败 [H25cETZCyp0M_30vIPVoaZ-h_f63fcee2@ios]: Skipped due to cooking limit
[2026-03-28 19:40:57] 📋   [WARN]     压缩失败 [H25cETZCyp0M_30vIPVoaZ-h_f63fcee2@android]: Skipped due to cooking limit
[2026-03-28 19:40:57] 📋   [WARN]     压缩失败 [H25cETZCyp0M_30vIPVoaZ-h_f63fcee2@windows]: Skipped due to cooking limit
[2026-03-28 19:40:57] 📋   [WARN]     压缩失败 [C1ayySqH6rkqeMyG2QTzfGTR_f1158dfa@ios]: Skipped due to cooking limit
[2026-03-28 19:40:57] 📋   [WARN]     压缩失败 [C1ayySqH6rkqeMyG2QTzfGTR_f1158dfa@android]: Skipped due to cooking limit
[2026-03-28 19:40:57] 📋   [WARN]     压缩失败 [C1ayySqH6rkqeMyG2QTzfGTR_f1158dfa@windows]: Skipped due to cooking limit
[2026-03-28 19:40:57] 📋   [WARN]     压缩失败 [Fr4XmSJ37mk0KGpo8pzJpxQQ_5d8835af@ios]: Skipped due to cooking limit
[2026-03-28 19:40:57] 📋   [WARN]     压缩失败 [Fr4XmSJ37mk0KGpo8pzJpxQQ_5d8835af@android]: Skipped due to cooking limit
[2026-03-28 19:40:57] 📋   [WARN]     压缩失败 [Fr4XmSJ37mk0KGpo8pzJpxQQ_5d8835af@windows]: Skipped due to cooking limit
[2026-03-28 19:40:57] 📋   [WARN]     压缩失败 [D-hF-fWgmm4LyNlW2j_nZ-B7_3900aa25@ios]: Skipped due to cooking limit
[2026-03-28 19:40:57] 📋   [WARN]     压缩失败 [D-hF-fWgmm4LyNlW2j_nZ-B7_3900aa25@android]: Skipped due to cooking limit
[2026-03-28 19:40:57] 📋   [WARN]     压缩失败 [D-hF-fWgmm4LyNlW2j_nZ-B7_3900aa25@windows]: Skipped due to cooking limit
[2026-03-28 19:40:57] 📋   [WARN]     压缩失败 [Eno7SSwbZXMD73P2lLN_OLIK_d16158b0@ios]: Skipped due to cooking limit
[2026-03-28 19:40:57] 📋   [WARN]     压缩失败 [Eno7SSwbZXMD73P2lLN_OLIK_d16158b0@android]: Skipped due to cooking limit
[2026-03-28 19:40:57] 📋   [WARN]     压缩失败 [Eno7SSwbZXMD73P2lLN_OLIK_d16158b0@windows]: Skipped due to cooking limit
[2026-03-28 19:40:57] 📋   [WARN]     压缩失败 [BT4Wye2Vo_vXIHcVohpLNDnX_52c31e4f@ios]: Skipped due to cooking limit
[2026-03-28 19:40:57] 📋   [WARN]     压缩失败 [BT4Wye2Vo_vXIHcVohpLNDnX_52c31e4f@android]: Skipped due to cooking limit
[2026-03-28 19:40:57] 📋   [WARN]     压缩失败 [BT4Wye2Vo_vXIHcVohpLNDnX_52c31e4f@windows]: Skipped due to cooking limit
[2026-03-28 19:40:57] 📋   [WARN]     压缩失败 [EfB2SYZQ5pNVqhaS0yfOUx4U_36d7aa70@ios]: Skipped due to cooking limit
[2026-03-28 19:40:57] 📋   [WARN]     压缩失败 [EfB2SYZQ5pNVqhaS0yfOUx4U_36d7aa70@android]: Skipped due to cooking limit
[2026-03-28 19:40:57] 📋   [WARN]     压缩失败 [EfB2SYZQ5pNVqhaS0yfOUx4U_36d7aa70@windows]: Skipped due to cooking limit
[2026-03-28 19:40:57] 📋   [WARN]     压缩失败 [EdMlIZ-R49VEzG7EOXYuClF2_32e55c37@ios]: Skipped due to cooking limit
[2026-03-28 19:40:57] 📋   [WARN]     压缩失败 [EdMlIZ-R49VEzG7EOXYuClF2_32e55c37@android]: Skipped due to cooking limit
[2026-03-28 19:40:57] 📋   [WARN]     压缩失败 [EdMlIZ-R49VEzG7EOXYuClF2_32e55c37@windows]: Skipped due to cooking limit
[2026-03-28 19:40:57] 📋   [WARN]     压缩失败 [AaWJkaLHEcpcrBnSemlchvOh_95a7844c@ios]: Skipped due to cooking limit
[2026-03-28 19:40:57] 📋   [WARN]     压缩失败 [AaWJkaLHEcpcrBnSemlchvOh_95a7844c@android]: Skipped due to cooking limit
[2026-03-28 19:40:57] 📋   [WARN]     压缩失败 [AaWJkaLHEcpcrBnSemlchvOh_95a7844c@windows]: Skipped due to cooking limit
[2026-03-28 19:40:57] 📋   [WARN]     压缩失败 [BD2nGdWJ4YNorkbsc3IDMnx6_dd2b9be7@ios]: Skipped due to cooking limit
[2026-03-28 19:40:57] 📋   [WARN]     压缩失败 [BD2nGdWJ4YNorkbsc3IDMnx6_dd2b9be7@android]: Skipped due to cooking limit
[2026-03-28 19:40:57] 📋   [WARN]     压缩失败 [BD2nGdWJ4YNorkbsc3IDMnx6_dd2b9be7@windows]: Skipped due to cooking limit
[2026-03-28 19:40:57] 📋   [WARN]     压缩失败 [BcsOCZ-wvdPEcuYa6iCHmcFu_425d16c9@ios]: Skipped due to cooking limit
[2026-03-28 19:40:57] 📋   [WARN]     压缩失败 [BcsOCZ-wvdPEcuYa6iCHmcFu_425d16c9@android]: Skipped due to cooking limit
[2026-03-28 19:40:57] 📋   [WARN]     压缩失败 [BcsOCZ-wvdPEcuYa6iCHmcFu_425d16c9@windows]: Skipped due to cooking limit
[2026-03-28 19:40:57] 📋   [WARN]     压缩失败 [DI4fgZUnZHo7Lpify9KBgSQY_72d88509@ios]: Skipped due to cooking limit
[2026-03-28 19:40:57] 📋   [WARN]     压缩失败 [DI4fgZUnZHo7Lpify9KBgSQY_72d88509@android]: Skipped due to cooking limit
[2026-03-28 19:40:57] 📋   [WARN]     压缩失败 [DI4fgZUnZHo7Lpify9KBgSQY_72d88509@windows]: Skipped due to cooking limit
[2026-03-28 19:40:57] 📋   [WARN]     压缩失败 [H6JWqU3NKUIHvjsBSmY8gspA_9fa5e046@ios]: Skipped due to cooking limit
[2026-03-28 19:40:57] 📋   [WARN]     压缩失败 [H6JWqU3NKUIHvjsBSmY8gspA_9fa5e046@android]: Skipped due to cooking limit
[2026-03-28 19:40:57] 📋   [WARN]     压缩失败 [H6JWqU3NKUIHvjsBSmY8gspA_9fa5e046@windows]: Skipped due to cooking limit
[2026-03-28 19:40:57] 📋   [WARN]     压缩失败 [A_-HMQ_R0H1e31GcjG5VABsG_347bf2d3@ios]: Skipped due to cooking limit
[2026-03-28 19:40:57] 📋   [WARN]     压缩失败 [A_-HMQ_R0H1e31GcjG5VABsG_347bf2d3@android]: Skipped due to cooking limit
[2026-03-28 19:40:57] 📋   [WARN]     压缩失败 [A_-HMQ_R0H1e31GcjG5VABsG_347bf2d3@windows]: Skipped due to cooking limit
[2026-03-28 19:40:57] 📋   [WARN]     压缩失败 [D2Xu8RzRCUsGEZL3qVvGS4Vb_fa083be2@ios]: Skipped due to cooking limit
[2026-03-28 19:40:57] 📋   [WARN]     压缩失败 [D2Xu8RzRCUsGEZL3qVvGS4Vb_fa083be2@android]: Skipped due to cooking limit
[2026-03-28 19:40:57] 📋   [WARN]     压缩失败 [D2Xu8RzRCUsGEZL3qVvGS4Vb_fa083be2@windows]: Skipped due to cooking limit
[2026-03-28 19:40:57] 📋   [WARN]     压缩失败 [HT84wZRImf8EGbqFFs7GVek0_b02e7b15@ios]: Skipped due to cooking limit
[2026-03-28 19:40:57] 📋   [WARN]     压缩失败 [HT84wZRImf8EGbqFFs7GVek0_b02e7b15@android]: Skipped due to cooking limit
[2026-03-28 19:40:57] 📋   [WARN]     压缩失败 [HT84wZRImf8EGbqFFs7GVek0_b02e7b15@windows]: Skipped due to cooking limit
[2026-03-28 19:40:57] 📋   [WARN]     压缩失败 [B_lcaSZq5cL15PiPHXQdHOLh_9cb0d1b6@ios]: Skipped due to cooking limit
[2026-03-28 19:40:57] 📋   [WARN]     压缩失败 [B_lcaSZq5cL15PiPHXQdHOLh_9cb0d1b6@android]: Skipped due to cooking limit
[2026-03-28 19:40:57] 📋   [WARN]     压缩失败 [B_lcaSZq5cL15PiPHXQdHOLh_9cb0d1b6@windows]: Skipped due to cooking limit
[2026-03-28 19:40:57] 📋   [WARN]     压缩失败 [CnCFSfCBR4ZQO_QHQpFO9J8e_5559c621@ios]: Skipped due to cooking limit
[2026-03-28 19:40:57] 📋   [WARN]     压缩失败 [CnCFSfCBR4ZQO_QHQpFO9J8e_5559c621@android]: Skipped due to cooking limit
[2026-03-28 19:40:57] 📋   [WARN]     压缩失败 [CnCFSfCBR4ZQO_QHQpFO9J8e_5559c621@windows]: Skipped due to cooking limit
[2026-03-28 19:40:57] 📋   [WARN]     压缩失败 [B6ipSQX6s3sj-JqCfVx1yyzH_3e4c557e@ios]: Skipped due to cooking limit
[2026-03-28 19:40:57] 📋   [WARN]     压缩失败 [B6ipSQX6s3sj-JqCfVx1yyzH_3e4c557e@android]: Skipped due to cooking limit
[2026-03-28 19:40:57] 📋   [WARN]     压缩失败 [B6ipSQX6s3sj-JqCfVx1yyzH_3e4c557e@windows]: Skipped due to cooking limit
[2026-03-28 19:40:57] 📋   [WARN]     压缩失败 [Ew51mT0R0l-_m7Eas9bCQtO__a8ddc8a0@ios]: Skipped due to cooking limit
[2026-03-28 19:40:57] 📋   [WARN]     压缩失败 [Ew51mT0R0l-_m7Eas9bCQtO__a8ddc8a0@android]: Skipped due to cooking limit
[2026-03-28 19:40:57] 📋   [WARN]     压缩失败 [Ew51mT0R0l-_m7Eas9bCQtO__a8ddc8a0@windows]: Skipped due to cooking limit
[2026-03-28 19:40:57] 📋   [WARN]     压缩失败 [GcwE6aOq-jBSvdQkfaTOCE3g_99207e96@ios]: Skipped due to cooking limit
[2026-03-28 19:40:57] 📋   [WARN]     压缩失败 [GcwE6aOq-jBSvdQkfaTOCE3g_99207e96@android]: Skipped due to cooking limit
[2026-03-28 19:40:57] 📋   [WARN]     压缩失败 [GcwE6aOq-jBSvdQkfaTOCE3g_99207e96@windows]: Skipped due to cooking limit
[2026-03-28 19:40:57] 📋   [WARN]     压缩失败 [D-bpqRrRuQ0scDfbB_LQORD__ec9afba1@ios]: Skipped due to cooking limit
[2026-03-28 19:40:57] 📋   [WARN]     压缩失败 [D-bpqRrRuQ0scDfbB_LQORD__ec9afba1@android]: Skipped due to cooking limit
[2026-03-28 19:40:57] 📋   [WARN]     压缩失败 [D-bpqRrRuQ0scDfbB_LQORD__ec9afba1@windows]: Skipped due to cooking limit
[2026-03-28 19:40:57] 📋   [WARN]     压缩失败 [Cq6w6XvhsWbpEh_Nl2i0v9iA_2238bbfc@ios]: Skipped due to cooking limit
[2026-03-28 19:40:57] 📋   [WARN]     压缩失败 [Cq6w6XvhsWbpEh_Nl2i0v9iA_2238bbfc@android]: Skipped due to cooking limit
[2026-03-28 19:40:57] 📋   [WARN]     压缩失败 [Cq6w6XvhsWbpEh_Nl2i0v9iA_2238bbfc@windows]: Skipped due to cooking limit
[2026-03-28 19:40:57] 📋   [WARN]     压缩失败 [AlisYWhYb0A5IjMhJ8Tw9P9l_2238bbfc@ios]: Skipped due to cooking limit
[2026-03-28 19:40:57] 📋   [WARN]     压缩失败 [AlisYWhYb0A5IjMhJ8Tw9P9l_2238bbfc@android]: Skipped due to cooking limit
[2026-03-28 19:40:57] 📋   [WARN]     压缩失败 [AlisYWhYb0A5IjMhJ8Tw9P9l_2238bbfc@windows]: Skipped due to cooking limit
[2026-03-28 19:40:57] 📋   [WARN]     压缩失败 [Gsy3iUJJGMvOqXFyTmmyZGeP_1ee3670c@ios]: Skipped due to cooking limit
[2026-03-28 19:40:57] 📋   [WARN]     压缩失败 [Gsy3iUJJGMvOqXFyTmmyZGeP_1ee3670c@android]: Skipped due to cooking limit
[2026-03-28 19:40:57] 📋   [WARN]     压缩失败 [Gsy3iUJJGMvOqXFyTmmyZGeP_1ee3670c@windows]: Skipped due to cooking limit
[2026-03-28 19:40:57] 📋   [WARN]     压缩失败 [CitMGcr7_3eL15NYXZ4oS0rr_51edb26d@ios]: Skipped due to cooking limit
[2026-03-28 19:40:57] 📋   [WARN]     压缩失败 [CitMGcr7_3eL15NYXZ4oS0rr_51edb26d@android]: Skipped due to cooking limit
[2026-03-28 19:40:57] 📋   [WARN]     压缩失败 [CitMGcr7_3eL15NYXZ4oS0rr_51edb26d@windows]: Skipped due to cooking limit
[2026-03-28 19:40:57] 📋   [WARN]     压缩失败 [AOz76QhL6llIIUTuxwhNOsGJ_f1f8a613@ios]: Skipped due to cooking limit
[2026-03-28 19:40:57] 📋   [WARN]     压缩失败 [AOz76QhL6llIIUTuxwhNOsGJ_f1f8a613@android]: Skipped due to cooking limit
[2026-03-28 19:40:57] 📋   [WARN]     压缩失败 [AOz76QhL6llIIUTuxwhNOsGJ_f1f8a613@windows]: Skipped due to cooking limit
[2026-03-28 19:40:57] 📋   [WARN]     压缩失败 [HuyIgZGdNwFkCkahcgx1EQq2_debc7fe0@ios]: Skipped due to cooking limit
[2026-03-28 19:40:57] 📋   [WARN]     压缩失败 [HuyIgZGdNwFkCkahcgx1EQq2_debc7fe0@android]: Skipped due to cooking limit
[2026-03-28 19:40:57] 📋   [WARN]     压缩失败 [HuyIgZGdNwFkCkahcgx1EQq2_debc7fe0@windows]: Skipped due to cooking limit
[2026-03-28 19:40:57] 📋   [WARN]     压缩失败 [CXTlaX5gQQbZNVqDgtcOZgog_782fae44@ios]: Skipped due to cooking limit
[2026-03-28 19:40:57] 📋   [WARN]     压缩失败 [CXTlaX5gQQbZNVqDgtcOZgog_782fae44@android]: Skipped due to cooking limit
[2026-03-28 19:40:57] 📋   [WARN]     压缩失败 [CXTlaX5gQQbZNVqDgtcOZgog_782fae44@windows]: Skipped due to cooking limit
[2026-03-28 19:40:57] 📋   [WARN]     压缩失败 [B6Wggf2ooOP9KO0u-xtDUo7k_c8ebbbb0@ios]: Skipped due to cooking limit
[2026-03-28 19:40:57] 📋   [WARN]     压缩失败 [B6Wggf2ooOP9KO0u-xtDUo7k_c8ebbbb0@android]: Skipped due to cooking limit
[2026-03-28 19:40:57] 📋   [WARN]     压缩失败 [B6Wggf2ooOP9KO0u-xtDUo7k_c8ebbbb0@windows]: Skipped due to cooking limit
[2026-03-28 19:40:57] 📋   [WARN]     压缩失败 [DZlP4b_24qJwr6BuPihysrYr_221bffe7@ios]: Skipped due to cooking limit
[2026-03-28 19:40:57] 📋   [WARN]     压缩失败 [DZlP4b_24qJwr6BuPihysrYr_221bffe7@android]: Skipped due to cooking limit
[2026-03-28 19:40:57] 📋   [WARN]     压缩失败 [DZlP4b_24qJwr6BuPihysrYr_221bffe7@windows]: Skipped due to cooking limit
[2026-03-28 19:40:57] 📋   [WARN]     压缩失败 [DDb9oV-XrmYVernL-PYkQ9jf_b4eb95a5@ios]: Skipped due to cooking limit
[2026-03-28 19:40:58] 📋   [WARN]     压缩失败 [DDb9oV-XrmYVernL-PYkQ9jf_b4eb95a5@android]: Skipped due to cooking limit
[2026-03-28 19:40:58] 📋   [WARN]     压缩失败 [DDb9oV-XrmYVernL-PYkQ9jf_b4eb95a5@windows]: Skipped due to cooking limit
[2026-03-28 19:40:58] 📋   [WARN]     压缩失败 [ACHSKSVLMRqXvD018j-RFX5T_9333efa1@ios]: Skipped due to cooking limit
[2026-03-28 19:40:58] 📋   [WARN]     压缩失败 [ACHSKSVLMRqXvD018j-RFX5T_9333efa1@android]: Skipped due to cooking limit
[2026-03-28 19:40:58] 📋   [WARN]     压缩失败 [ACHSKSVLMRqXvD018j-RFX5T_9333efa1@windows]: Skipped due to cooking limit
[2026-03-28 19:40:58] 📋   [WARN]     压缩失败 [Hpm5Ye5fV-okzoj3hM8-vGCk_16052486@ios]: Skipped due to cooking limit
[2026-03-28 19:40:58] 📋   [WARN]     压缩失败 [Hpm5Ye5fV-okzoj3hM8-vGCk_16052486@android]: Skipped due to cooking limit
[2026-03-28 19:40:58] 📋   [WARN]     压缩失败 [Hpm5Ye5fV-okzoj3hM8-vGCk_16052486@windows]: Skipped due to cooking limit
[2026-03-28 19:40:58] 📋   [WARN]     压缩失败 [GxRmOR_NemOSJjCMvZxmnR6h_16df1936@ios]: Skipped due to cooking limit
[2026-03-28 19:40:58] 📋   [WARN]     压缩失败 [GxRmOR_NemOSJjCMvZxmnR6h_16df1936@android]: Skipped due to cooking limit
[2026-03-28 19:40:58] 📋   [WARN]     压缩失败 [GxRmOR_NemOSJjCMvZxmnR6h_16df1936@windows]: Skipped due to cooking limit
[2026-03-28 19:40:58] 📋   [WARN]     压缩失败 [CeB5iedC4404c0fndd-PM0dl_1b0d1f68@ios]: Skipped due to cooking limit
[2026-03-28 19:40:58] 📋   [WARN]     压缩失败 [CeB5iedC4404c0fndd-PM0dl_1b0d1f68@android]: Skipped due to cooking limit
[2026-03-28 19:40:58] 📋   [WARN]     压缩失败 [CeB5iedC4404c0fndd-PM0dl_1b0d1f68@windows]: Skipped due to cooking limit
[2026-03-28 19:40:58] 📋   [WARN]     压缩失败 [HWEDCQu7WslZiVnDOLUPsywi_8b1bd028@ios]: Skipped due to cooking limit
[2026-03-28 19:40:58] 📋   [WARN]     压缩失败 [HWEDCQu7WslZiVnDOLUPsywi_8b1bd028@android]: Skipped due to cooking limit
[2026-03-28 19:40:58] 📋   [WARN]     压缩失败 [HWEDCQu7WslZiVnDOLUPsywi_8b1bd028@windows]: Skipped due to cooking limit
[2026-03-28 19:40:58] 📋   [WARN]     压缩失败 [CZzLOVcbntDeFtjyodoZKO_2_22a4a691@ios]: Skipped due to cooking limit
[2026-03-28 19:40:58] 📋   [WARN]     压缩失败 [CZzLOVcbntDeFtjyodoZKO_2_22a4a691@android]: Skipped due to cooking limit
[2026-03-28 19:40:58] 📋   [WARN]     压缩失败 [CZzLOVcbntDeFtjyodoZKO_2_22a4a691@windows]: Skipped due to cooking limit
[2026-03-28 19:40:58] 📋   [WARN]     压缩失败 [Cdid-bmwkdKc6tf0UwgppZwF_576c8d6c@ios]: Skipped due to cooking limit
[2026-03-28 19:40:58] 📋   [WARN]     压缩失败 [Cdid-bmwkdKc6tf0UwgppZwF_576c8d6c@android]: Skipped due to cooking limit
[2026-03-28 19:40:58] 📋   [WARN]     压缩失败 [Cdid-bmwkdKc6tf0UwgppZwF_576c8d6c@windows]: Skipped due to cooking limit
[2026-03-28 19:40:58] 📋   [WARN]     压缩失败 [FZaTocZiYfOzvReG_SdRmJpz_cb02a598@ios]: Skipped due to cooking limit
[2026-03-28 19:40:58] 📋   [WARN]     压缩失败 [FZaTocZiYfOzvReG_SdRmJpz_cb02a598@android]: Skipped due to cooking limit
[2026-03-28 19:40:58] 📋   [WARN]     压缩失败 [FZaTocZiYfOzvReG_SdRmJpz_cb02a598@windows]: Skipped due to cooking limit
[2026-03-28 19:40:58] 📋   [WARN]     压缩失败 [Ddcb2bqfw1YziCUU7TswoFB1_d11e3ba7@ios]: Skipped due to cooking limit
[2026-03-28 19:40:58] 📋   [WARN]     压缩失败 [Ddcb2bqfw1YziCUU7TswoFB1_d11e3ba7@android]: Skipped due to cooking limit
[2026-03-28 19:40:58] 📋   [WARN]     压缩失败 [Ddcb2bqfw1YziCUU7TswoFB1_d11e3ba7@windows]: Skipped due to cooking limit
[2026-03-28 19:40:58] 📋   [WARN]     压缩失败 [Gx2EMQNFG1_z1ADumG11jXe0_605d6d2c@ios]: Skipped due to cooking limit
[2026-03-28 19:40:58] 📋   [WARN]     压缩失败 [Gx2EMQNFG1_z1ADumG11jXe0_605d6d2c@android]: Skipped due to cooking limit
[2026-03-28 19:40:58] 📋   [WARN]     压缩失败 [Gx2EMQNFG1_z1ADumG11jXe0_605d6d2c@windows]: Skipped due to cooking limit
[2026-03-28 19:40:58] 📋   [WARN]     压缩失败 [ArlUYcLLaBmz4yW2bgtsW_ZD_efe53883@ios]: Skipped due to cooking limit
[2026-03-28 19:40:58] 📋   [WARN]     压缩失败 [ArlUYcLLaBmz4yW2bgtsW_ZD_efe53883@android]: Skipped due to cooking limit
[2026-03-28 19:40:58] 📋   [WARN]     压缩失败 [ArlUYcLLaBmz4yW2bgtsW_ZD_efe53883@windows]: Skipped due to cooking limit
[2026-03-28 19:40:58] 📋   [WARN]     压缩失败 [BtcI0ZRJOPIVmUGl4twSnlox_6a6cfb62@ios]: Skipped due to cooking limit
[2026-03-28 19:40:58] 📋   [WARN]     压缩失败 [BtcI0ZRJOPIVmUGl4twSnlox_6a6cfb62@android]: Skipped due to cooking limit
[2026-03-28 19:40:58] 📋   [WARN]     压缩失败 [BtcI0ZRJOPIVmUGl4twSnlox_6a6cfb62@windows]: Skipped due to cooking limit
[2026-03-28 19:40:58] 📋   [WARN]     压缩失败 [Hk_hWctzQvbn2CTRPi1MLl7B_e6cd381f@ios]: Skipped due to cooking limit
[2026-03-28 19:40:58] 📋   [WARN]     压缩失败 [Hk_hWctzQvbn2CTRPi1MLl7B_e6cd381f@android]: Skipped due to cooking limit
[2026-03-28 19:40:58] 📋   [WARN]     压缩失败 [Hk_hWctzQvbn2CTRPi1MLl7B_e6cd381f@windows]: Skipped due to cooking limit
[2026-03-28 19:40:58] 📋   [WARN]     压缩失败 [FbNiOaPpGXmFDe1x-8Jktzb__edc12add@ios]: Skipped due to cooking limit
[2026-03-28 19:40:58] 📋   [WARN]     压缩失败 [FbNiOaPpGXmFDe1x-8Jktzb__edc12add@android]: Skipped due to cooking limit
[2026-03-28 19:40:58] 📋   [WARN]     压缩失败 [FbNiOaPpGXmFDe1x-8Jktzb__edc12add@windows]: Skipped due to cooking limit
[2026-03-28 19:40:58] 📋   [WARN]     压缩失败 [FqSqgaQctYh0F2Uujm-1bI1M_c1c4fb70@ios]: Skipped due to cooking limit
[2026-03-28 19:40:58] 📋   [WARN]     压缩失败 [FqSqgaQctYh0F2Uujm-1bI1M_c1c4fb70@android]: Skipped due to cooking limit
[2026-03-28 19:40:58] 📋   [WARN]     压缩失败 [FqSqgaQctYh0F2Uujm-1bI1M_c1c4fb70@windows]: Skipped due to cooking limit
[2026-03-28 19:40:58] 📋   [WARN]     压缩失败 [C-h6uScgiQlDeCcZQ4oOx2Oy_b8650807@ios]: Skipped due to cooking limit
[2026-03-28 19:40:58] 📋   [WARN]     压缩失败 [C-h6uScgiQlDeCcZQ4oOx2Oy_b8650807@android]: Skipped due to cooking limit
[2026-03-28 19:40:58] 📋   [WARN]     压缩失败 [C-h6uScgiQlDeCcZQ4oOx2Oy_b8650807@windows]: Skipped due to cooking limit
[2026-03-28 19:40:58] 📋   [WARN]     压缩失败 [AbgT8bTHtE7iCG-QusfXd_jh_8e27a602@ios]: Skipped due to cooking limit
[2026-03-28 19:40:58] 📋   [WARN]     压缩失败 [AbgT8bTHtE7iCG-QusfXd_jh_8e27a602@android]: Skipped due to cooking limit
[2026-03-28 19:40:58] 📋   [WARN]     压缩失败 [AbgT8bTHtE7iCG-QusfXd_jh_8e27a602@windows]: Skipped due to cooking limit
[2026-03-28 19:40:58] 📋   [WARN]     压缩失败 [GqAhqYIX0GiSAvPaBKD_W1GI_4527230e@ios]: Skipped due to cooking limit
[2026-03-28 19:40:58] 📋   [WARN]     压缩失败 [GqAhqYIX0GiSAvPaBKD_W1GI_4527230e@android]: Skipped due to cooking limit
[2026-03-28 19:40:58] 📋   [WARN]     压缩失败 [GqAhqYIX0GiSAvPaBKD_W1GI_4527230e@windows]: Skipped due to cooking limit
[2026-03-28 19:40:58] 📋   [WARN]     压缩失败 [Hv-0IYLaR1efZHjwkOv3b9S-_34c0a6c1@ios]: Skipped due to cooking limit
[2026-03-28 19:40:58] 📋   [WARN]     压缩失败 [Hv-0IYLaR1efZHjwkOv3b9S-_34c0a6c1@android]: Skipped due to cooking limit
[2026-03-28 19:40:58] 📋   [WARN]     压缩失败 [Hv-0IYLaR1efZHjwkOv3b9S-_34c0a6c1@windows]: Skipped due to cooking limit
[2026-03-28 19:40:58] 📋   [WARN]     压缩失败 [AAL6SfIvf2XP_svbrB2vZvI7_04d7d9bc@ios]: Skipped due to cooking limit
[2026-03-28 19:40:58] 📋   [WARN]     压缩失败 [AAL6SfIvf2XP_svbrB2vZvI7_04d7d9bc@android]: Skipped due to cooking limit
[2026-03-28 19:40:58] 📋   [WARN]     压缩失败 [AAL6SfIvf2XP_svbrB2vZvI7_04d7d9bc@windows]: Skipped due to cooking limit
[2026-03-28 19:40:58] 📋   [WARN]     压缩失败 [CVTMKSemFWXaVl6Nc4QuobUb_a9014440@ios]: Skipped due to cooking limit
[2026-03-28 19:40:58] 📋   [WARN]     压缩失败 [CVTMKSemFWXaVl6Nc4QuobUb_a9014440@android]: Skipped due to cooking limit
[2026-03-28 19:40:58] 📋   [WARN]     压缩失败 [CVTMKSemFWXaVl6Nc4QuobUb_a9014440@windows]: Skipped due to cooking limit
[2026-03-28 19:40:58] 📋   [WARN]     压缩失败 [AN1J0ZnOACcbAa14bJtiLS--_8c0b5b86@ios]: Skipped due to cooking limit
[2026-03-28 19:40:58] 📋   [WARN]     压缩失败 [AN1J0ZnOACcbAa14bJtiLS--_8c0b5b86@android]: Skipped due to cooking limit
[2026-03-28 19:40:58] 📋   [WARN]     压缩失败 [AN1J0ZnOACcbAa14bJtiLS--_8c0b5b86@windows]: Skipped due to cooking limit
[2026-03-28 19:40:58] 📋   [WARN]     压缩失败 [FED80eZUnQNUuCfCfJxCf_43_e5a4f8b1@ios]: Skipped due to cooking limit
[2026-03-28 19:40:58] 📋   [WARN]     压缩失败 [FED80eZUnQNUuCfCfJxCf_43_e5a4f8b1@android]: Skipped due to cooking limit
[2026-03-28 19:40:58] 📋   [WARN]     压缩失败 [FED80eZUnQNUuCfCfJxCf_43_e5a4f8b1@windows]: Skipped due to cooking limit
[2026-03-28 19:40:58] 📋   [WARN]     压缩失败 [BY4tKcgShUDa0lfRUd0y1B3m_d909d5f4@ios]: Skipped due to cooking limit
[2026-03-28 19:40:58] 📋   [WARN]     压缩失败 [BY4tKcgShUDa0lfRUd0y1B3m_d909d5f4@android]: Skipped due to cooking limit
[2026-03-28 19:40:58] 📋   [WARN]     压缩失败 [BY4tKcgShUDa0lfRUd0y1B3m_d909d5f4@windows]: Skipped due to cooking limit
[2026-03-28 19:40:58] 📋   [WARN]     压缩失败 [BW1sSZ_V6P1OBxE-Pcqf2Qej_ab3825c9@ios]: Skipped due to cooking limit
[2026-03-28 19:40:58] 📋   [WARN]     压缩失败 [BW1sSZ_V6P1OBxE-Pcqf2Qej_ab3825c9@android]: Skipped due to cooking limit
[2026-03-28 19:40:58] 📋   [WARN]     压缩失败 [BW1sSZ_V6P1OBxE-Pcqf2Qej_ab3825c9@windows]: Skipped due to cooking limit
[2026-03-28 19:40:58] 📋   [WARN]     压缩失败 [FjEiGR6CitQJKHCtWoH9Qdbb_7815ee97@ios]: Skipped due to cooking limit
[2026-03-28 19:40:58] 📋   [WARN]     压缩失败 [FjEiGR6CitQJKHCtWoH9Qdbb_7815ee97@android]: Skipped due to cooking limit
[2026-03-28 19:40:58] 📋   [WARN]     压缩失败 [FjEiGR6CitQJKHCtWoH9Qdbb_7815ee97@windows]: Skipped due to cooking limit
[2026-03-28 19:40:58] 📋   [WARN]     压缩失败 [G8S0EVQ394jF1flyimXCfuYR_893f2050@ios]: Skipped due to cooking limit
[2026-03-28 19:40:58] 📋   [WARN]     压缩失败 [G8S0EVQ394jF1flyimXCfuYR_893f2050@android]: Skipped due to cooking limit
[2026-03-28 19:40:58] 📋   [WARN]     压缩失败 [G8S0EVQ394jF1flyimXCfuYR_893f2050@windows]: Skipped due to cooking limit
[2026-03-28 19:40:58] 📋   [WARN]     压缩失败 [HJNOETCgQHMV8bWdrYOUW9Zv_4a68504a@ios]: Skipped due to cooking limit
[2026-03-28 19:40:58] 📋   [WARN]     压缩失败 [HJNOETCgQHMV8bWdrYOUW9Zv_4a68504a@android]: Skipped due to cooking limit
[2026-03-28 19:40:58] 📋   [WARN]     压缩失败 [HJNOETCgQHMV8bWdrYOUW9Zv_4a68504a@windows]: Skipped due to cooking limit
[2026-03-28 19:40:58] 📋   [WARN]     压缩失败 [G1M8GVFyQiCv1QKqTgTUb2-5_a6961fdf@ios]: Skipped due to cooking limit
[2026-03-28 19:40:58] 📋   [WARN]     压缩失败 [G1M8GVFyQiCv1QKqTgTUb2-5_a6961fdf@android]: Skipped due to cooking limit
[2026-03-28 19:40:58] 📋   [WARN]     压缩失败 [G1M8GVFyQiCv1QKqTgTUb2-5_a6961fdf@windows]: Skipped due to cooking limit
[2026-03-28 19:40:58] 📋   [WARN]     压缩失败 [D7LbKSx8VhKSIuWVbwBMIagX_dcc11304@ios]: Skipped due to cooking limit
[2026-03-28 19:40:58] 📋   [WARN]     压缩失败 [D7LbKSx8VhKSIuWVbwBMIagX_dcc11304@android]: Skipped due to cooking limit
[2026-03-28 19:40:58] 📋   [WARN]     压缩失败 [D7LbKSx8VhKSIuWVbwBMIagX_dcc11304@windows]: Skipped due to cooking limit
[2026-03-28 19:40:58] 📋   [WARN]     压缩失败 [CR8TcfV_D8yKhLS68eXqLlxW_2a9826f9@ios]: Skipped due to cooking limit
[2026-03-28 19:40:58] 📋   [WARN]     压缩失败 [CR8TcfV_D8yKhLS68eXqLlxW_2a9826f9@android]: Skipped due to cooking limit
[2026-03-28 19:40:58] 📋   [WARN]     压缩失败 [CR8TcfV_D8yKhLS68eXqLlxW_2a9826f9@windows]: Skipped due to cooking limit
[2026-03-28 19:40:58] 📋   [WARN]     压缩失败 [BvPweUCRPxayMTdcYpFvndIQ_59e18149@ios]: Skipped due to cooking limit
[2026-03-28 19:40:58] 📋   [WARN]     压缩失败 [BvPweUCRPxayMTdcYpFvndIQ_59e18149@android]: Skipped due to cooking limit
[2026-03-28 19:40:58] 📋   [WARN]     压缩失败 [BvPweUCRPxayMTdcYpFvndIQ_59e18149@windows]: Skipped due to cooking limit
[2026-03-28 19:40:58] 📋   [WARN]     压缩失败 [HGdowSKi_3f9lK_yr-CERDvk_7f5e60b6@ios]: Skipped due to cooking limit
[2026-03-28 19:40:58] 📋   [WARN]     压缩失败 [HGdowSKi_3f9lK_yr-CERDvk_7f5e60b6@android]: Skipped due to cooking limit
[2026-03-28 19:40:58] 📋   [WARN]     压缩失败 [HGdowSKi_3f9lK_yr-CERDvk_7f5e60b6@windows]: Skipped due to cooking limit
[2026-03-28 19:40:58] 📋   [WARN]     压缩失败 [DjMb2dwPu3tkR7K8HB9KwyRl_8d61a885@ios]: Skipped due to cooking limit
[2026-03-28 19:40:58] 📋   [WARN]     压缩失败 [DjMb2dwPu3tkR7K8HB9KwyRl_8d61a885@android]: Skipped due to cooking limit
[2026-03-28 19:40:58] 📋   [WARN]     压缩失败 [DjMb2dwPu3tkR7K8HB9KwyRl_8d61a885@windows]: Skipped due to cooking limit
[2026-03-28 19:40:58] 📋   [WARN]     压缩失败 [DkleyZp1dyo1fCQAznrA3PUk_405e519a@ios]: Skipped due to cooking limit
[2026-03-28 19:40:58] 📋   [WARN]     压缩失败 [DkleyZp1dyo1fCQAznrA3PUk_405e519a@android]: Skipped due to cooking limit
[2026-03-28 19:40:58] 📋   [WARN]     压缩失败 [DkleyZp1dyo1fCQAznrA3PUk_405e519a@windows]: Skipped due to cooking limit
[2026-03-28 19:40:58] 📋   [WARN]     压缩失败 [B_Na0c-1NIfx49Vtgx8VKcDW_a7bdbc72@ios]: Skipped due to cooking limit
[2026-03-28 19:40:58] 📋   [WARN]     压缩失败 [B_Na0c-1NIfx49Vtgx8VKcDW_a7bdbc72@android]: Skipped due to cooking limit
[2026-03-28 19:40:58] 📋   [WARN]     压缩失败 [B_Na0c-1NIfx49Vtgx8VKcDW_a7bdbc72@windows]: Skipped due to cooking limit
[2026-03-28 19:40:58] 📋   [WARN]     压缩失败 [FH3p0e8hck9wWjRc4bTHtefj_219ad1e1@ios]: Skipped due to cooking limit
[2026-03-28 19:40:58] 📋   [WARN]     压缩失败 [FH3p0e8hck9wWjRc4bTHtefj_219ad1e1@android]: Skipped due to cooking limit
[2026-03-28 19:40:58] 📋   [WARN]     压缩失败 [FH3p0e8hck9wWjRc4bTHtefj_219ad1e1@windows]: Skipped due to cooking limit
[2026-03-28 19:40:58] 📋   [WARN]     压缩失败 [F4PLCWdaxpamtkMGrc-k72LW_097b9e6e@ios]: Skipped due to cooking limit
[2026-03-28 19:40:58] 📋   [WARN]     压缩失败 [F4PLCWdaxpamtkMGrc-k72LW_097b9e6e@android]: Skipped due to cooking limit
[2026-03-28 19:40:58] 📋   [WARN]     压缩失败 [F4PLCWdaxpamtkMGrc-k72LW_097b9e6e@windows]: Skipped due to cooking limit
[2026-03-28 19:40:58] 📋   [WARN]     压缩失败 [FxUpoT1DQqYtyewS2SKeleDW_0342a9be@ios]: Skipped due to cooking limit
[2026-03-28 19:40:58] 📋   [WARN]     压缩失败 [FxUpoT1DQqYtyewS2SKeleDW_0342a9be@android]: Skipped due to cooking limit
[2026-03-28 19:40:58] 📋   [WARN]     压缩失败 [FxUpoT1DQqYtyewS2SKeleDW_0342a9be@windows]: Skipped due to cooking limit
[2026-03-28 19:40:58] 📋   [WARN]     压缩失败 [HSh6Ccr9If4G62Sa5po-kFdk_3c884a0f@ios]: Skipped due to cooking limit
[2026-03-28 19:40:58] 📋   [WARN]     压缩失败 [HSh6Ccr9If4G62Sa5po-kFdk_3c884a0f@android]: Skipped due to cooking limit
[2026-03-28 19:40:58] 📋   [WARN]     压缩失败 [HSh6Ccr9If4G62Sa5po-kFdk_3c884a0f@windows]: Skipped due to cooking limit
[2026-03-28 19:40:58] 📋   [WARN]     压缩失败 [FqKTUVhc0SNNOIadtxpU3HGX_239a7730@ios]: Skipped due to cooking limit
[2026-03-28 19:40:58] 📋   [WARN]     压缩失败 [FqKTUVhc0SNNOIadtxpU3HGX_239a7730@android]: Skipped due to cooking limit
[2026-03-28 19:40:58] 📋   [WARN]     压缩失败 [FqKTUVhc0SNNOIadtxpU3HGX_239a7730@windows]: Skipped due to cooking limit
[2026-03-28 19:40:58] 📋   [WARN]     压缩失败 [B-ecmY4eLEkKkiqJ-p6AUpmI_5dc4cde0@ios]: Skipped due to cooking limit
[2026-03-28 19:40:58] 📋   [WARN]     压缩失败 [B-ecmY4eLEkKkiqJ-p6AUpmI_5dc4cde0@android]: Skipped due to cooking limit
[2026-03-28 19:40:58] 📋   [WARN]     压缩失败 [B-ecmY4eLEkKkiqJ-p6AUpmI_5dc4cde0@windows]: Skipped due to cooking limit
[2026-03-28 19:40:58] 📋   [WARN]     压缩失败 [BWqSqXWCfnHW8jGUe9Jqc2yh_43d36521@ios]: Skipped due to cooking limit
[2026-03-28 19:40:58] 📋   [WARN]     压缩失败 [BWqSqXWCfnHW8jGUe9Jqc2yh_43d36521@android]: Skipped due to cooking limit
[2026-03-28 19:40:58] 📋   [WARN]     压缩失败 [BWqSqXWCfnHW8jGUe9Jqc2yh_43d36521@windows]: Skipped due to cooking limit
[2026-03-28 19:40:58] 📋   [WARN]     压缩失败 [D-khEWxtRUalfE4rKECjVxEV_a6a68070@ios]: Skipped due to cooking limit
[2026-03-28 19:40:58] 📋   [WARN]     压缩失败 [D-khEWxtRUalfE4rKECjVxEV_a6a68070@android]: Skipped due to cooking limit
[2026-03-28 19:40:58] 📋   [WARN]     压缩失败 [D-khEWxtRUalfE4rKECjVxEV_a6a68070@windows]: Skipped due to cooking limit
[2026-03-28 19:40:58] 📋   [WARN]     压缩失败 [BtNLYbpi_R20qyuzwSYhJ5rz_68d142d1@ios]: Skipped due to cooking limit
[2026-03-28 19:40:58] 📋   [WARN]     压缩失败 [BtNLYbpi_R20qyuzwSYhJ5rz_68d142d1@android]: Skipped due to cooking limit
[2026-03-28 19:40:58] 📋   [WARN]     压缩失败 [BtNLYbpi_R20qyuzwSYhJ5rz_68d142d1@windows]: Skipped due to cooking limit
[2026-03-28 19:40:58] 📋   [WARN]     压缩失败 [HFURCcmPpzESXSQEI0j7xhLq_0c29c1f0@ios]: Skipped due to cooking limit
[2026-03-28 19:40:58] 📋   [WARN]     压缩失败 [HFURCcmPpzESXSQEI0j7xhLq_0c29c1f0@android]: Skipped due to cooking limit
[2026-03-28 19:40:58] 📋   [WARN]     压缩失败 [HFURCcmPpzESXSQEI0j7xhLq_0c29c1f0@windows]: Skipped due to cooking limit
[2026-03-28 19:40:58] 📋   [WARN]     压缩失败 [GSh6wZLgE0hyBa1wv0w0EbI8_a6b714f4@ios]: Skipped due to cooking limit
[2026-03-28 19:40:58] 📋   [WARN]     压缩失败 [GSh6wZLgE0hyBa1wv0w0EbI8_a6b714f4@android]: Skipped due to cooking limit
[2026-03-28 19:40:58] 📋   [WARN]     压缩失败 [GSh6wZLgE0hyBa1wv0w0EbI8_a6b714f4@windows]: Skipped due to cooking limit
[2026-03-28 19:40:58] 📋   [WARN]     压缩失败 [AkAKCeQFws_dPYvtDTzEIf1__00af71fb@ios]: Skipped due to cooking limit
[2026-03-28 19:40:58] 📋   [WARN]     压缩失败 [AkAKCeQFws_dPYvtDTzEIf1__00af71fb@android]: Skipped due to cooking limit
[2026-03-28 19:40:58] 📋   [WARN]     压缩失败 [AkAKCeQFws_dPYvtDTzEIf1__00af71fb@windows]: Skipped due to cooking limit
[2026-03-28 19:40:58] 📋   [WARN]     压缩失败 [Dq7tAXKqrjfVCOy_hNt74sZA_6390f720@ios]: Skipped due to cooking limit
[2026-03-28 19:40:58] 📋   [WARN]     压缩失败 [Dq7tAXKqrjfVCOy_hNt74sZA_6390f720@android]: Skipped due to cooking limit
[2026-03-28 19:40:58] 📋   [WARN]     压缩失败 [Dq7tAXKqrjfVCOy_hNt74sZA_6390f720@windows]: Skipped due to cooking limit
[2026-03-28 19:40:58] 📋   [WARN]     压缩失败 [B_S4QfLOyF7tIvSp29Tfa-qQ_bf7bafaf@ios]: Skipped due to cooking limit
[2026-03-28 19:40:58] 📋   [WARN]     压缩失败 [B_S4QfLOyF7tIvSp29Tfa-qQ_bf7bafaf@android]: Skipped due to cooking limit
[2026-03-28 19:40:58] 📋   [WARN]     压缩失败 [B_S4QfLOyF7tIvSp29Tfa-qQ_bf7bafaf@windows]: Skipped due to cooking limit
[2026-03-28 19:40:58] 📋   [WARN]     压缩失败 [Dx_HuQ0od2sR1g-JjFsm62V-_8bb74301@ios]: Skipped due to cooking limit
[2026-03-28 19:40:58] 📋   [WARN]     压缩失败 [Dx_HuQ0od2sR1g-JjFsm62V-_8bb74301@android]: Skipped due to cooking limit
[2026-03-28 19:40:58] 📋   [WARN]     压缩失败 [Dx_HuQ0od2sR1g-JjFsm62V-_8bb74301@windows]: Skipped due to cooking limit
[2026-03-28 19:40:58] 📋   [WARN]     压缩失败 [AHvnCTrgp1Q6dgRiXhUUy6hh_845c9ed6@ios]: Skipped due to cooking limit
[2026-03-28 19:40:58] 📋   [WARN]     压缩失败 [AHvnCTrgp1Q6dgRiXhUUy6hh_845c9ed6@android]: Skipped due to cooking limit
[2026-03-28 19:40:58] 📋   [WARN]     压缩失败 [AHvnCTrgp1Q6dgRiXhUUy6hh_845c9ed6@windows]: Skipped due to cooking limit
[2026-03-28 19:40:58] 📋   [WARN]     压缩失败 [Dp1Z-Y8FX9YFZ7vkrCD-3V8S_52fcb131@ios]: Skipped due to cooking limit
[2026-03-28 19:40:58] 📋   [WARN]     压缩失败 [Dp1Z-Y8FX9YFZ7vkrCD-3V8S_52fcb131@android]: Skipped due to cooking limit
[2026-03-28 19:40:58] 📋   [WARN]     压缩失败 [Dp1Z-Y8FX9YFZ7vkrCD-3V8S_52fcb131@windows]: Skipped due to cooking limit
[2026-03-28 19:40:58] 📋   [WARN]     压缩失败 [CZeqQUUH5KnPU646B-Vk89xg_ab42ab1b@ios]: Skipped due to cooking limit
[2026-03-28 19:40:58] 📋   [WARN]     压缩失败 [CZeqQUUH5KnPU646B-Vk89xg_ab42ab1b@android]: Skipped due to cooking limit
[2026-03-28 19:40:58] 📋   [WARN]     压缩失败 [CZeqQUUH5KnPU646B-Vk89xg_ab42ab1b@windows]: Skipped due to cooking limit
[2026-03-28 19:40:58] 📋   [WARN]     压缩失败 [AgKlmQosfxrFK2Zs_mAzcR5n_5df210a2@ios]: Skipped due to cooking limit
[2026-03-28 19:40:58] 📋   [WARN]     压缩失败 [AgKlmQosfxrFK2Zs_mAzcR5n_5df210a2@android]: Skipped due to cooking limit
[2026-03-28 19:40:58] 📋   [WARN]     压缩失败 [AgKlmQosfxrFK2Zs_mAzcR5n_5df210a2@windows]: Skipped due to cooking limit
[2026-03-28 19:40:58] 📋   [WARN]     压缩失败 [FQIDGdJFwT7xfsEJoo96FayM_3bdbebfe@ios]: Skipped due to cooking limit
[2026-03-28 19:40:58] 📋   [WARN]     压缩失败 [FQIDGdJFwT7xfsEJoo96FayM_3bdbebfe@android]: Skipped due to cooking limit
[2026-03-28 19:40:58] 📋   [WARN]     压缩失败 [FQIDGdJFwT7xfsEJoo96FayM_3bdbebfe@windows]: Skipped due to cooking limit
[2026-03-28 19:40:58] 📋   [WARN]     压缩失败 [DliO2Q8PH6Mf4_-jOhIJNTn9_296d6ddd@ios]: Skipped due to cooking limit
[2026-03-28 19:40:58] 📋   [WARN]     压缩失败 [DliO2Q8PH6Mf4_-jOhIJNTn9_296d6ddd@android]: Skipped due to cooking limit
[2026-03-28 19:40:58] 📋   [WARN]     压缩失败 [DliO2Q8PH6Mf4_-jOhIJNTn9_296d6ddd@windows]: Skipped due to cooking limit
[2026-03-28 19:40:58] 📋   [WARN]     压缩失败 [FUdqOU4HMC26ILsB3f9YrhbW_9c419432@ios]: Skipped due to cooking limit
[2026-03-28 19:40:58] 📋   [WARN]     压缩失败 [FUdqOU4HMC26ILsB3f9YrhbW_9c419432@android]: Skipped due to cooking limit
[2026-03-28 19:40:58] 📋   [WARN]     压缩失败 [FUdqOU4HMC26ILsB3f9YrhbW_9c419432@windows]: Skipped due to cooking limit
[2026-03-28 19:40:58] 📋   [WARN]     压缩失败 [DETxYet_cjP0BsfUX6OggJN5_63cbca35@ios]: Skipped due to cooking limit
[2026-03-28 19:40:58] 📋   [WARN]     压缩失败 [DETxYet_cjP0BsfUX6OggJN5_63cbca35@android]: Skipped due to cooking limit
[2026-03-28 19:40:58] 📋   [WARN]     压缩失败 [DETxYet_cjP0BsfUX6OggJN5_63cbca35@windows]: Skipped due to cooking limit
[2026-03-28 19:40:58] 📋   [WARN]     压缩失败 [HXBzkR_ZalJZlVap-7GXW_RM_99c50bfa@ios]: Skipped due to cooking limit
[2026-03-28 19:40:58] 📋   [WARN]     压缩失败 [HXBzkR_ZalJZlVap-7GXW_RM_99c50bfa@android]: Skipped due to cooking limit
[2026-03-28 19:40:58] 📋   [WARN]     压缩失败 [HXBzkR_ZalJZlVap-7GXW_RM_99c50bfa@windows]: Skipped due to cooking limit
[2026-03-28 19:40:58] 📋   [WARN]     压缩失败 [GoQkqdMzsSuqwa6R5qxigEJ5_4f1810b3@ios]: Skipped due to cooking limit
[2026-03-28 19:40:58] 📋   [WARN]     压缩失败 [GoQkqdMzsSuqwa6R5qxigEJ5_4f1810b3@android]: Skipped due to cooking limit
[2026-03-28 19:40:58] 📋   [WARN]     压缩失败 [GoQkqdMzsSuqwa6R5qxigEJ5_4f1810b3@windows]: Skipped due to cooking limit
[2026-03-28 19:40:58] 📋   [WARN]     压缩失败 [Hx0y6bstkEGVaCLNeweMR19D_479a090d@ios]: Skipped due to cooking limit
[2026-03-28 19:40:58] 📋   [WARN]     压缩失败 [Hx0y6bstkEGVaCLNeweMR19D_479a090d@android]: Skipped due to cooking limit
[2026-03-28 19:40:58] 📋   [WARN]     压缩失败 [Hx0y6bstkEGVaCLNeweMR19D_479a090d@windows]: Skipped due to cooking limit
[2026-03-28 19:40:59] 📋   [WARN]     压缩失败 [HidCiY2IRRscS5spt1rmgIGm_dface37d@ios]: Skipped due to cooking limit
[2026-03-28 19:40:59] 📋   [WARN]     压缩失败 [HidCiY2IRRscS5spt1rmgIGm_dface37d@android]: Skipped due to cooking limit
[2026-03-28 19:40:59] 📋   [WARN]     压缩失败 [HidCiY2IRRscS5spt1rmgIGm_dface37d@windows]: Skipped due to cooking limit
[2026-03-28 19:40:59] 📋   [WARN]     压缩失败 [CJ5egb4uD0W-9YkFwCfvaXmE_148763f5@ios]: Skipped due to cooking limit
[2026-03-28 19:40:59] 📋   [WARN]     压缩失败 [CJ5egb4uD0W-9YkFwCfvaXmE_148763f5@android]: Skipped due to cooking limit
[2026-03-28 19:40:59] 📋   [WARN]     压缩失败 [CJ5egb4uD0W-9YkFwCfvaXmE_148763f5@windows]: Skipped due to cooking limit
[2026-03-28 19:40:59] 📋   [WARN]     压缩失败 [H9PSiTO_5oiqvtG2o36sElB6_94cfb4ba@ios]: Skipped due to cooking limit
[2026-03-28 19:40:59] 📋   [WARN]     压缩失败 [H9PSiTO_5oiqvtG2o36sElB6_94cfb4ba@android]: Skipped due to cooking limit
[2026-03-28 19:40:59] 📋   [WARN]     压缩失败 [H9PSiTO_5oiqvtG2o36sElB6_94cfb4ba@windows]: Skipped due to cooking limit
[2026-03-28 19:40:59] 📋   [WARN]     压缩失败 [FV4rQYTh_-BUShGEZjgsXuAU_1d719158@ios]: Skipped due to cooking limit
[2026-03-28 19:40:59] 📋   [WARN]     压缩失败 [FV4rQYTh_-BUShGEZjgsXuAU_1d719158@android]: Skipped due to cooking limit
[2026-03-28 19:40:59] 📋   [WARN]     压缩失败 [FV4rQYTh_-BUShGEZjgsXuAU_1d719158@windows]: Skipped due to cooking limit
[2026-03-28 19:40:59] 📋   [WARN]     压缩失败 [ECAuKYA1FfKhmHcTCmMdtazS_ad361a9a@ios]: Skipped due to cooking limit
[2026-03-28 19:40:59] 📋   [WARN]     压缩失败 [ECAuKYA1FfKhmHcTCmMdtazS_ad361a9a@android]: Skipped due to cooking limit
[2026-03-28 19:40:59] 📋   [WARN]     压缩失败 [ECAuKYA1FfKhmHcTCmMdtazS_ad361a9a@windows]: Skipped due to cooking limit
[2026-03-28 19:40:59] 📋   [WARN]     压缩失败 [FjKyUVI5npZMQgCIflaMaiKv_c016f3c9@ios]: Skipped due to cooking limit
[2026-03-28 19:40:59] 📋   [WARN]     压缩失败 [FjKyUVI5npZMQgCIflaMaiKv_c016f3c9@android]: Skipped due to cooking limit
[2026-03-28 19:40:59] 📋   [WARN]     压缩失败 [FjKyUVI5npZMQgCIflaMaiKv_c016f3c9@windows]: Skipped due to cooking limit
[2026-03-28 19:40:59] 📋   [WARN]     压缩失败 [D2g_EXUCwvSqzbgswBxog4bZ_2881857c@ios]: Skipped due to cooking limit
[2026-03-28 19:40:59] 📋   [WARN]     压缩失败 [D2g_EXUCwvSqzbgswBxog4bZ_2881857c@android]: Skipped due to cooking limit
[2026-03-28 19:40:59] 📋   [WARN]     压缩失败 [D2g_EXUCwvSqzbgswBxog4bZ_2881857c@windows]: Skipped due to cooking limit
[2026-03-28 19:40:59] 📋   [WARN]     压缩失败 [BLVZedMarA0haq-HPGgvnsV9_7170cc37@ios]: Skipped due to cooking limit
[2026-03-28 19:40:59] 📋   [WARN]     压缩失败 [BLVZedMarA0haq-HPGgvnsV9_7170cc37@android]: Skipped due to cooking limit
[2026-03-28 19:40:59] 📋   [WARN]     压缩失败 [BLVZedMarA0haq-HPGgvnsV9_7170cc37@windows]: Skipped due to cooking limit
[2026-03-28 19:40:59] 📋   [WARN]     压缩失败 [H1_Z6SPu6xZKlEcafx6r3MKN_5f3278ef@ios]: Skipped due to cooking limit
[2026-03-28 19:40:59] 📋   [WARN]     压缩失败 [H1_Z6SPu6xZKlEcafx6r3MKN_5f3278ef@android]: Skipped due to cooking limit
[2026-03-28 19:40:59] 📋   [WARN]     压缩失败 [H1_Z6SPu6xZKlEcafx6r3MKN_5f3278ef@windows]: Skipped due to cooking limit
[2026-03-28 19:40:59] 📋   [WARN]     压缩失败 [FK4DKbFbVN8iSVPQ7gupfOab_ea5dcc36@ios]: Skipped due to cooking limit
[2026-03-28 19:40:59] 📋   [WARN]     压缩失败 [FK4DKbFbVN8iSVPQ7gupfOab_ea5dcc36@android]: Skipped due to cooking limit
[2026-03-28 19:40:59] 📋   [WARN]     压缩失败 [FK4DKbFbVN8iSVPQ7gupfOab_ea5dcc36@windows]: Skipped due to cooking limit
[2026-03-28 19:40:59] 📋   [WARN]     压缩失败 [ATr4iWJbEKhay4lBjm0yizWq_af70fbef@ios]: Skipped due to cooking limit
[2026-03-28 19:40:59] 📋   [WARN]     压缩失败 [ATr4iWJbEKhay4lBjm0yizWq_af70fbef@android]: Skipped due to cooking limit
[2026-03-28 19:40:59] 📋   [WARN]     压缩失败 [ATr4iWJbEKhay4lBjm0yizWq_af70fbef@windows]: Skipped due to cooking limit
[2026-03-28 19:40:59] 📋   [WARN]     压缩失败 [FLb82TeIFMVmJqEUMVChKkoz_534e4066@ios]: Skipped due to cooking limit
[2026-03-28 19:40:59] 📋   [WARN]     压缩失败 [FLb82TeIFMVmJqEUMVChKkoz_534e4066@android]: Skipped due to cooking limit
[2026-03-28 19:40:59] 📋   [WARN]     压缩失败 [FLb82TeIFMVmJqEUMVChKkoz_534e4066@windows]: Skipped due to cooking limit
[2026-03-28 19:40:59] 📋   [WARN]     压缩失败 [HMaVAS4a90hL1ZJX5R0FPJkT_95848777@ios]: Skipped due to cooking limit
[2026-03-28 19:40:59] 📋   [WARN]     压缩失败 [HMaVAS4a90hL1ZJX5R0FPJkT_95848777@android]: Skipped due to cooking limit
[2026-03-28 19:40:59] 📋   [WARN]     压缩失败 [HMaVAS4a90hL1ZJX5R0FPJkT_95848777@windows]: Skipped due to cooking limit
[2026-03-28 19:40:59] 📋   [WARN]     压缩失败 [Bz_XKYYEk_i9BU2tf3S88pAU_183ed5d7@ios]: Skipped due to cooking limit
[2026-03-28 19:40:59] 📋   [WARN]     压缩失败 [Bz_XKYYEk_i9BU2tf3S88pAU_183ed5d7@android]: Skipped due to cooking limit
[2026-03-28 19:40:59] 📋   [WARN]     压缩失败 [Bz_XKYYEk_i9BU2tf3S88pAU_183ed5d7@windows]: Skipped due to cooking limit
[2026-03-28 19:40:59] 📋   [WARN]     压缩失败 [ACd5UeBYuOMi4ila4TnfrWpN_9c69cb52@ios]: Skipped due to cooking limit
[2026-03-28 19:40:59] 📋   [WARN]     压缩失败 [ACd5UeBYuOMi4ila4TnfrWpN_9c69cb52@android]: Skipped due to cooking limit
[2026-03-28 19:40:59] 📋   [WARN]     压缩失败 [ACd5UeBYuOMi4ila4TnfrWpN_9c69cb52@windows]: Skipped due to cooking limit
[2026-03-28 19:40:59] 📋   [WARN]     压缩失败 [AHVxEdtCvf6H2E1NL-emfskw_b0681e45@ios]: Skipped due to cooking limit
[2026-03-28 19:40:59] 📋   [WARN]     压缩失败 [AHVxEdtCvf6H2E1NL-emfskw_b0681e45@android]: Skipped due to cooking limit
[2026-03-28 19:40:59] 📋   [WARN]     压缩失败 [AHVxEdtCvf6H2E1NL-emfskw_b0681e45@windows]: Skipped due to cooking limit
[2026-03-28 19:40:59] 📋   [WARN]     压缩失败 [AR-yyRV6dFlqw-pijP7gjp0Y_311b2a25@ios]: Skipped due to cooking limit
[2026-03-28 19:40:59] 📋   [WARN]     压缩失败 [AR-yyRV6dFlqw-pijP7gjp0Y_311b2a25@android]: Skipped due to cooking limit
[2026-03-28 19:40:59] 📋   [WARN]     压缩失败 [AR-yyRV6dFlqw-pijP7gjp0Y_311b2a25@windows]: Skipped due to cooking limit
[2026-03-28 19:40:59] 📋   [WARN]     压缩失败 [F4YKSdVB7jgdCyHOzCAU92UA_64061d2e@ios]: Skipped due to cooking limit
[2026-03-28 19:40:59] 📋   [WARN]     压缩失败 [F4YKSdVB7jgdCyHOzCAU92UA_64061d2e@android]: Skipped due to cooking limit
[2026-03-28 19:40:59] 📋   [WARN]     压缩失败 [F4YKSdVB7jgdCyHOzCAU92UA_64061d2e@windows]: Skipped due to cooking limit
[2026-03-28 19:40:59] 📋   [WARN]     压缩失败 [DbAImYaJEPjg9-fK2h3-tFei_c783010f@ios]: Skipped due to cooking limit
[2026-03-28 19:40:59] 📋   [WARN]     压缩失败 [DbAImYaJEPjg9-fK2h3-tFei_c783010f@android]: Skipped due to cooking limit
[2026-03-28 19:40:59] 📋   [WARN]     压缩失败 [DbAImYaJEPjg9-fK2h3-tFei_c783010f@windows]: Skipped due to cooking limit
[2026-03-28 19:40:59] 📋   [WARN]     压缩失败 [FrZG-Vz5gIWYnTqjvqBTZEAU_5afa30a6@ios]: Skipped due to cooking limit
[2026-03-28 19:40:59] 📋   [WARN]     压缩失败 [FrZG-Vz5gIWYnTqjvqBTZEAU_5afa30a6@android]: Skipped due to cooking limit
[2026-03-28 19:40:59] 📋   [WARN]     压缩失败 [FrZG-Vz5gIWYnTqjvqBTZEAU_5afa30a6@windows]: Skipped due to cooking limit
[2026-03-28 19:40:59] 📋   [WARN]     压缩失败 [ALwhCQy8PPMhvUgVW6cvEWtU_1db565ef@ios]: Skipped due to cooking limit
[2026-03-28 19:40:59] 📋   [WARN]     压缩失败 [ALwhCQy8PPMhvUgVW6cvEWtU_1db565ef@android]: Skipped due to cooking limit
[2026-03-28 19:40:59] 📋   [WARN]     压缩失败 [ALwhCQy8PPMhvUgVW6cvEWtU_1db565ef@windows]: Skipped due to cooking limit
[2026-03-28 19:40:59] 📋   [WARN]     压缩失败 [GoDhIYxkPoWfQYzLGeDmXAXy_0198f772@ios]: Skipped due to cooking limit
[2026-03-28 19:40:59] 📋   [WARN]     压缩失败 [GoDhIYxkPoWfQYzLGeDmXAXy_0198f772@android]: Skipped due to cooking limit
[2026-03-28 19:40:59] 📋   [WARN]     压缩失败 [GoDhIYxkPoWfQYzLGeDmXAXy_0198f772@windows]: Skipped due to cooking limit
[2026-03-28 19:40:59] 📋   [WARN]     压缩失败 [B9aKmdNRmpmb_webytRvA2Ky_3a778822@ios]: Skipped due to cooking limit
[2026-03-28 19:40:59] 📋   [WARN]     压缩失败 [B9aKmdNRmpmb_webytRvA2Ky_3a778822@android]: Skipped due to cooking limit
[2026-03-28 19:40:59] 📋   [WARN]     压缩失败 [B9aKmdNRmpmb_webytRvA2Ky_3a778822@windows]: Skipped due to cooking limit
[2026-03-28 19:40:59] 📋   [WARN]     压缩失败 [CQe0cfYjU4J3dW-UjZeQOpW-_793550d0@ios]: Skipped due to cooking limit
[2026-03-28 19:40:59] 📋   [WARN]     压缩失败 [CQe0cfYjU4J3dW-UjZeQOpW-_793550d0@android]: Skipped due to cooking limit
[2026-03-28 19:40:59] 📋   [WARN]     压缩失败 [CQe0cfYjU4J3dW-UjZeQOpW-_793550d0@windows]: Skipped due to cooking limit
[2026-03-28 19:40:59] 📋   [WARN]     压缩失败 [BuWWyRAZNeS7EP0rjcwS1f1S_6a7042c6@ios]: Skipped due to cooking limit
[2026-03-28 19:40:59] 📋   [WARN]     压缩失败 [BuWWyRAZNeS7EP0rjcwS1f1S_6a7042c6@android]: Skipped due to cooking limit
[2026-03-28 19:40:59] 📋   [WARN]     压缩失败 [BuWWyRAZNeS7EP0rjcwS1f1S_6a7042c6@windows]: Skipped due to cooking limit
[2026-03-28 19:40:59] 📋   [WARN]     压缩失败 [GxZyoZmgsu8B-WZYbDkWySu3_fdd6b8d7@ios]: Skipped due to cooking limit
[2026-03-28 19:40:59] 📋   [WARN]     压缩失败 [GxZyoZmgsu8B-WZYbDkWySu3_fdd6b8d7@android]: Skipped due to cooking limit
[2026-03-28 19:40:59] 📋   [WARN]     压缩失败 [GxZyoZmgsu8B-WZYbDkWySu3_fdd6b8d7@windows]: Skipped due to cooking limit
[2026-03-28 19:40:59] 📋   [WARN]     压缩失败 [CjqSMbIaHDBuixHqYE3d9A8j_ec506e86@ios]: Skipped due to cooking limit
[2026-03-28 19:40:59] 📋   [WARN]     压缩失败 [CjqSMbIaHDBuixHqYE3d9A8j_ec506e86@android]: Skipped due to cooking limit
[2026-03-28 19:40:59] 📋   [WARN]     压缩失败 [CjqSMbIaHDBuixHqYE3d9A8j_ec506e86@windows]: Skipped due to cooking limit
[2026-03-28 19:40:59] 📋   [WARN]     压缩失败 [F7Pgaa9bAtlWbdy9XTftbca-_374b8935@ios]: Skipped due to cooking limit
[2026-03-28 19:40:59] 📋   [WARN]     压缩失败 [F7Pgaa9bAtlWbdy9XTftbca-_374b8935@android]: Skipped due to cooking limit
[2026-03-28 19:40:59] 📋   [WARN]     压缩失败 [F7Pgaa9bAtlWbdy9XTftbca-_374b8935@windows]: Skipped due to cooking limit
[2026-03-28 19:40:59] 📋   [WARN]     压缩失败 [Bqlo4Ug2cNa58k64Iv-vZxR1_889a356b@ios]: Skipped due to cooking limit
[2026-03-28 19:40:59] 📋   [WARN]     压缩失败 [Bqlo4Ug2cNa58k64Iv-vZxR1_889a356b@android]: Skipped due to cooking limit
[2026-03-28 19:40:59] 📋   [WARN]     压缩失败 [Bqlo4Ug2cNa58k64Iv-vZxR1_889a356b@windows]: Skipped due to cooking limit
[2026-03-28 19:40:59] 📋   [WARN]     压缩失败 [DV6hWW95oklWaQTjV95yrQud_700541c2@ios]: Skipped due to cooking limit
[2026-03-28 19:40:59] 📋   [WARN]     压缩失败 [DV6hWW95oklWaQTjV95yrQud_700541c2@android]: Skipped due to cooking limit
[2026-03-28 19:40:59] 📋   [WARN]     压缩失败 [DV6hWW95oklWaQTjV95yrQud_700541c2@windows]: Skipped due to cooking limit
[2026-03-28 19:40:59] 📋   [WARN]     压缩失败 [AWCzUW1GbpXdiAh7Z7lawrbg_a13787ca@ios]: Skipped due to cooking limit
[2026-03-28 19:40:59] 📋   [WARN]     压缩失败 [AWCzUW1GbpXdiAh7Z7lawrbg_a13787ca@android]: Skipped due to cooking limit
[2026-03-28 19:40:59] 📋   [WARN]     压缩失败 [AWCzUW1GbpXdiAh7Z7lawrbg_a13787ca@windows]: Skipped due to cooking limit
[2026-03-28 19:40:59] 📋   [WARN]     压缩失败 [Fqsy6ff4yLuw2HJ_NrFvarMl_f717bca8@ios]: Skipped due to cooking limit
[2026-03-28 19:40:59] 📋   [WARN]     压缩失败 [Fqsy6ff4yLuw2HJ_NrFvarMl_f717bca8@android]: Skipped due to cooking limit
[2026-03-28 19:40:59] 📋   [WARN]     压缩失败 [Fqsy6ff4yLuw2HJ_NrFvarMl_f717bca8@windows]: Skipped due to cooking limit
[2026-03-28 19:40:59] 📋   [WARN]     压缩失败 [GY_bkejKSI_NrIeAfiu_zF0G_7470a80b@ios]: Skipped due to cooking limit
[2026-03-28 19:40:59] 📋   [WARN]     压缩失败 [GY_bkejKSI_NrIeAfiu_zF0G_7470a80b@android]: Skipped due to cooking limit
[2026-03-28 19:40:59] 📋   [WARN]     压缩失败 [GY_bkejKSI_NrIeAfiu_zF0G_7470a80b@windows]: Skipped due to cooking limit
[2026-03-28 19:40:59] 📋   [WARN]     压缩失败 [CfLjAYHyQiEO-n_78DdtuCho_fef771f4@ios]: Skipped due to cooking limit
[2026-03-28 19:40:59] 📋   [WARN]     压缩失败 [CfLjAYHyQiEO-n_78DdtuCho_fef771f4@android]: Skipped due to cooking limit
[2026-03-28 19:40:59] 📋   [WARN]     压缩失败 [CfLjAYHyQiEO-n_78DdtuCho_fef771f4@windows]: Skipped due to cooking limit
[2026-03-28 19:40:59] 📋   [WARN]     压缩失败 [FRctMc8UshX7IzROjvk30Thr_d830debd@ios]: Skipped due to cooking limit
[2026-03-28 19:40:59] 📋   [WARN]     压缩失败 [FRctMc8UshX7IzROjvk30Thr_d830debd@android]: Skipped due to cooking limit
[2026-03-28 19:40:59] 📋   [WARN]     压缩失败 [FRctMc8UshX7IzROjvk30Thr_d830debd@windows]: Skipped due to cooking limit
[2026-03-28 19:40:59] 📋   [WARN]     压缩失败 [HXvj8a0XZoQ-PntmpB2O9SPq_1b47071f@ios]: Skipped due to cooking limit
[2026-03-28 19:40:59] 📋   [WARN]     压缩失败 [HXvj8a0XZoQ-PntmpB2O9SPq_1b47071f@android]: Skipped due to cooking limit
[2026-03-28 19:40:59] 📋   [WARN]     压缩失败 [HXvj8a0XZoQ-PntmpB2O9SPq_1b47071f@windows]: Skipped due to cooking limit
[2026-03-28 19:40:59] 📋   [WARN]     压缩失败 [BiYsqX1kT4sUFZWYToMtXklu_ad32fedf@ios]: Skipped due to cooking limit
[2026-03-28 19:40:59] 📋   [WARN]     压缩失败 [BiYsqX1kT4sUFZWYToMtXklu_ad32fedf@android]: Skipped due to cooking limit
[2026-03-28 19:40:59] 📋   [WARN]     压缩失败 [BiYsqX1kT4sUFZWYToMtXklu_ad32fedf@windows]: Skipped due to cooking limit
[2026-03-28 19:40:59] 📋   [WARN]     压缩失败 [E5JhQfrPa59znFQLqPx90T2e_40e0a068@ios]: Skipped due to cooking limit
[2026-03-28 19:40:59] 📋   [WARN]     压缩失败 [E5JhQfrPa59znFQLqPx90T2e_40e0a068@android]: Skipped due to cooking limit
[2026-03-28 19:40:59] 📋   [WARN]     压缩失败 [E5JhQfrPa59znFQLqPx90T2e_40e0a068@windows]: Skipped due to cooking limit
[2026-03-28 19:40:59] 📋   [WARN]     压缩失败 [D3SP6UGD9gGfe3EgJivQiC3d_213db245@ios]: Skipped due to cooking limit
[2026-03-28 19:40:59] 📋   [WARN]     压缩失败 [D3SP6UGD9gGfe3EgJivQiC3d_213db245@android]: Skipped due to cooking limit
[2026-03-28 19:40:59] 📋   [WARN]     压缩失败 [D3SP6UGD9gGfe3EgJivQiC3d_213db245@windows]: Skipped due to cooking limit
[2026-03-28 19:40:59] 📋   [WARN]     压缩失败 [E13b0Su5aw9WVln4B2ccUAxT_aed0d63d@ios]: Skipped due to cooking limit
[2026-03-28 19:40:59] 📋   [WARN]     压缩失败 [E13b0Su5aw9WVln4B2ccUAxT_aed0d63d@android]: Skipped due to cooking limit
[2026-03-28 19:40:59] 📋   [WARN]     压缩失败 [E13b0Su5aw9WVln4B2ccUAxT_aed0d63d@windows]: Skipped due to cooking limit
[2026-03-28 19:40:59] 📋   [WARN]     压缩失败 [DLgbSdcikmCvPFk6zzcgACc-_0823cd76@ios]: Skipped due to cooking limit
[2026-03-28 19:40:59] 📋   [WARN]     压缩失败 [DLgbSdcikmCvPFk6zzcgACc-_0823cd76@android]: Skipped due to cooking limit
[2026-03-28 19:40:59] 📋   [WARN]     压缩失败 [DLgbSdcikmCvPFk6zzcgACc-_0823cd76@windows]: Skipped due to cooking limit
[2026-03-28 19:40:59] 📋   [WARN]     压缩失败 [AwFZMWS6EhrLHYM7j4dUhZOS_925af328@ios]: Skipped due to cooking limit
[2026-03-28 19:40:59] 📋   [WARN]     压缩失败 [AwFZMWS6EhrLHYM7j4dUhZOS_925af328@android]: Skipped due to cooking limit
[2026-03-28 19:40:59] 📋   [WARN]     压缩失败 [AwFZMWS6EhrLHYM7j4dUhZOS_925af328@windows]: Skipped due to cooking limit
[2026-03-28 19:40:59] 📋   [WARN]     压缩失败 [DyFQaUHs0ab3K3aFdgdzCipA_3474181c@ios]: Skipped due to cooking limit
[2026-03-28 19:40:59] 📋   [WARN]     压缩失败 [DyFQaUHs0ab3K3aFdgdzCipA_3474181c@android]: Skipped due to cooking limit
[2026-03-28 19:40:59] 📋   [WARN]     压缩失败 [DyFQaUHs0ab3K3aFdgdzCipA_3474181c@windows]: Skipped due to cooking limit
[2026-03-28 19:40:59] 📋   [WARN]     压缩失败 [CpcToQnDPz5Dh8_YFY1ECZCQ_05c82507@ios]: Skipped due to cooking limit
[2026-03-28 19:40:59] 📋   [WARN]     压缩失败 [CpcToQnDPz5Dh8_YFY1ECZCQ_05c82507@android]: Skipped due to cooking limit
[2026-03-28 19:40:59] 📋   [WARN]     压缩失败 [CpcToQnDPz5Dh8_YFY1ECZCQ_05c82507@windows]: Skipped due to cooking limit
[2026-03-28 19:40:59] 📋   [WARN]     压缩失败 [B_mUkW4pUQWvAKWceivwEYnk_2a670f53@ios]: Skipped due to cooking limit
[2026-03-28 19:40:59] 📋   [WARN]     压缩失败 [B_mUkW4pUQWvAKWceivwEYnk_2a670f53@android]: Skipped due to cooking limit
[2026-03-28 19:40:59] 📋   [WARN]     压缩失败 [B_mUkW4pUQWvAKWceivwEYnk_2a670f53@windows]: Skipped due to cooking limit
[2026-03-28 19:40:59] 📋   [WARN]     压缩失败 [D1ihmXM74TvUn-FehazKzBrO_1a5d2c8c@ios]: Skipped due to cooking limit
[2026-03-28 19:40:59] 📋   [WARN]     压缩失败 [D1ihmXM74TvUn-FehazKzBrO_1a5d2c8c@android]: Skipped due to cooking limit
[2026-03-28 19:40:59] 📋   [WARN]     压缩失败 [D1ihmXM74TvUn-FehazKzBrO_1a5d2c8c@windows]: Skipped due to cooking limit
[2026-03-28 19:40:59] 📋   [WARN]     压缩失败 [DMxRoSpNAEdbNKkaFVVv-22T_de6764fd@ios]: Skipped due to cooking limit
[2026-03-28 19:40:59] 📋   [WARN]     压缩失败 [DMxRoSpNAEdbNKkaFVVv-22T_de6764fd@android]: Skipped due to cooking limit
[2026-03-28 19:41:00] 📋   [WARN]     压缩失败 [DMxRoSpNAEdbNKkaFVVv-22T_de6764fd@windows]: Skipped due to cooking limit
[2026-03-28 19:41:00] 📋   [WARN]     压缩失败 [FhYfiRzlE8hmjo3VfZWBWdgy_df599594@ios]: Skipped due to cooking limit
[2026-03-28 19:41:00] 📋   [WARN]     压缩失败 [FhYfiRzlE8hmjo3VfZWBWdgy_df599594@android]: Skipped due to cooking limit
[2026-03-28 19:41:00] 📋   [WARN]     压缩失败 [FhYfiRzlE8hmjo3VfZWBWdgy_df599594@windows]: Skipped due to cooking limit
[2026-03-28 19:41:00] 📋   [WARN]     压缩失败 [FsAQ-VDCq92EMZCHnGe0ZzmY_0f12b5e6@ios]: Skipped due to cooking limit
[2026-03-28 19:41:00] 📋   [WARN]     压缩失败 [FsAQ-VDCq92EMZCHnGe0ZzmY_0f12b5e6@android]: Skipped due to cooking limit
[2026-03-28 19:41:00] 📋   [WARN]     压缩失败 [FsAQ-VDCq92EMZCHnGe0ZzmY_0f12b5e6@windows]: Skipped due to cooking limit
[2026-03-28 19:41:00] 📋   [WARN]     压缩失败 [ArFF-eSoj1olJ737kYzvu3eN_72cad204@ios]: Skipped due to cooking limit
[2026-03-28 19:41:00] 📋   [WARN]     压缩失败 [ArFF-eSoj1olJ737kYzvu3eN_72cad204@android]: Skipped due to cooking limit
[2026-03-28 19:41:00] 📋   [WARN]     压缩失败 [ArFF-eSoj1olJ737kYzvu3eN_72cad204@windows]: Skipped due to cooking limit
[2026-03-28 19:41:00] 📋   [WARN]     压缩失败 [EWAEKfmG3mhqz6aTn1_46Tvu_3502872d@ios]: Skipped due to cooking limit
[2026-03-28 19:41:00] 📋   [WARN]     压缩失败 [EWAEKfmG3mhqz6aTn1_46Tvu_3502872d@android]: Skipped due to cooking limit
[2026-03-28 19:41:00] 📋   [WARN]     压缩失败 [EWAEKfmG3mhqz6aTn1_46Tvu_3502872d@windows]: Skipped due to cooking limit
[2026-03-28 19:41:00] 📋   [WARN]     压缩失败 [EaJDQX538aXh9gFhvDGL8yQd_55e64894@ios]: Skipped due to cooking limit
[2026-03-28 19:41:00] 📋   [WARN]     压缩失败 [EaJDQX538aXh9gFhvDGL8yQd_55e64894@android]: Skipped due to cooking limit
[2026-03-28 19:41:00] 📋   [WARN]     压缩失败 [EaJDQX538aXh9gFhvDGL8yQd_55e64894@windows]: Skipped due to cooking limit
[2026-03-28 19:41:00] 📋   [WARN]     压缩失败 [B9hy6Tq0yKZlPS4zF8gq_C2X_62f73e14@ios]: Skipped due to cooking limit
[2026-03-28 19:41:00] 📋   [WARN]     压缩失败 [B9hy6Tq0yKZlPS4zF8gq_C2X_62f73e14@android]: Skipped due to cooking limit
[2026-03-28 19:41:00] 📋   [WARN]     压缩失败 [B9hy6Tq0yKZlPS4zF8gq_C2X_62f73e14@windows]: Skipped due to cooking limit
[2026-03-28 19:41:00] 📋   [WARN]     压缩失败 [F8bJ4abJxYweQQN1jToDIxZm_d71c0cc6@ios]: Skipped due to cooking limit
[2026-03-28 19:41:00] 📋   [WARN]     压缩失败 [F8bJ4abJxYweQQN1jToDIxZm_d71c0cc6@android]: Skipped due to cooking limit
[2026-03-28 19:41:00] 📋   [WARN]     压缩失败 [F8bJ4abJxYweQQN1jToDIxZm_d71c0cc6@windows]: Skipped due to cooking limit
[2026-03-28 19:41:00] 📋   [WARN]     压缩失败 [AyMXwaCTWOyCWlv81_TmpU47_e082f882@ios]: Skipped due to cooking limit
[2026-03-28 19:41:00] 📋   [WARN]     压缩失败 [AyMXwaCTWOyCWlv81_TmpU47_e082f882@android]: Skipped due to cooking limit
[2026-03-28 19:41:00] 📋   [WARN]     压缩失败 [AyMXwaCTWOyCWlv81_TmpU47_e082f882@windows]: Skipped due to cooking limit
[2026-03-28 19:41:00] 📋   [WARN]     压缩失败 [AkTFma91kHUjeS0ljUQ0upyf_bf8b4995@ios]: Skipped due to cooking limit
[2026-03-28 19:41:00] 📋   [WARN]     压缩失败 [AkTFma91kHUjeS0ljUQ0upyf_bf8b4995@android]: Skipped due to cooking limit
[2026-03-28 19:41:00] 📋   [WARN]     压缩失败 [AkTFma91kHUjeS0ljUQ0upyf_bf8b4995@windows]: Skipped due to cooking limit
[2026-03-28 19:41:00] 📋   [WARN]     压缩失败 [HGTkqXoGmSXrHKuCwgTHTMBc_b9a9f8df@ios]: Skipped due to cooking limit
[2026-03-28 19:41:00] 📋   [WARN]     压缩失败 [HGTkqXoGmSXrHKuCwgTHTMBc_b9a9f8df@android]: Skipped due to cooking limit
[2026-03-28 19:41:00] 📋   [WARN]     压缩失败 [HGTkqXoGmSXrHKuCwgTHTMBc_b9a9f8df@windows]: Skipped due to cooking limit
[2026-03-28 19:41:00] 📋   [WARN]     压缩失败 [FndRmQsKlvfUdU0blVYPvUag_bc09d85f@ios]: Skipped due to cooking limit
[2026-03-28 19:41:00] 📋   [WARN]     压缩失败 [FndRmQsKlvfUdU0blVYPvUag_bc09d85f@android]: Skipped due to cooking limit
[2026-03-28 19:41:00] 📋   [WARN]     压缩失败 [FndRmQsKlvfUdU0blVYPvUag_bc09d85f@windows]: Skipped due to cooking limit
[2026-03-28 19:41:00] 📋   [WARN]     压缩失败 [CvQWYVyYPFdWZvVb9A9GKb4V_5c2f2ebc@ios]: Skipped due to cooking limit
[2026-03-28 19:41:00] 📋   [WARN]     压缩失败 [CvQWYVyYPFdWZvVb9A9GKb4V_5c2f2ebc@android]: Skipped due to cooking limit
[2026-03-28 19:41:00] 📋   [WARN]     压缩失败 [CvQWYVyYPFdWZvVb9A9GKb4V_5c2f2ebc@windows]: Skipped due to cooking limit
[2026-03-28 19:41:00] 📋   [WARN]     压缩失败 [D0g-UdA28aAMhVsmI4FH_Qte_5a06f7b0@ios]: Skipped due to cooking limit
[2026-03-28 19:41:00] 📋   [WARN]     压缩失败 [D0g-UdA28aAMhVsmI4FH_Qte_5a06f7b0@android]: Skipped due to cooking limit
[2026-03-28 19:41:00] 📋   [WARN]     压缩失败 [D0g-UdA28aAMhVsmI4FH_Qte_5a06f7b0@windows]: Skipped due to cooking limit
[2026-03-28 19:41:00] 📋   [WARN]     压缩失败 [Gw3P4S-rgjpuX96RgYyfFEsG_11c0ada2@ios]: Skipped due to cooking limit
[2026-03-28 19:41:00] 📋   [WARN]     压缩失败 [Gw3P4S-rgjpuX96RgYyfFEsG_11c0ada2@android]: Skipped due to cooking limit
[2026-03-28 19:41:00] 📋   [WARN]     压缩失败 [Gw3P4S-rgjpuX96RgYyfFEsG_11c0ada2@windows]: Skipped due to cooking limit
[2026-03-28 19:41:00] 📋   [WARN]     压缩失败 [Ck9_AXRVpYYrZTIU4IbZ_ZVF_dc19ca96@ios]: Skipped due to cooking limit
[2026-03-28 19:41:00] 📋   [WARN]     压缩失败 [Ck9_AXRVpYYrZTIU4IbZ_ZVF_dc19ca96@android]: Skipped due to cooking limit
[2026-03-28 19:41:00] 📋   [WARN]     压缩失败 [Ck9_AXRVpYYrZTIU4IbZ_ZVF_dc19ca96@windows]: Skipped due to cooking limit
[2026-03-28 19:41:00] 📋   [WARN]     压缩失败 [BmlemZDxhXLBAHJQupKhePoF_80cada4d@ios]: Skipped due to cooking limit
[2026-03-28 19:41:00] 📋   [WARN]     压缩失败 [BmlemZDxhXLBAHJQupKhePoF_80cada4d@android]: Skipped due to cooking limit
[2026-03-28 19:41:00] 📋   [WARN]     压缩失败 [BmlemZDxhXLBAHJQupKhePoF_80cada4d@windows]: Skipped due to cooking limit
[2026-03-28 19:41:00] 📋   [WARN]     压缩失败 [F2pOoco5p5lPVhV4B_m0Fja3_8236c009@ios]: Skipped due to cooking limit
[2026-03-28 19:41:00] 📋   [WARN]     压缩失败 [F2pOoco5p5lPVhV4B_m0Fja3_8236c009@android]: Skipped due to cooking limit
[2026-03-28 19:41:00] 📋   [WARN]     压缩失败 [F2pOoco5p5lPVhV4B_m0Fja3_8236c009@windows]: Skipped due to cooking limit
[2026-03-28 19:41:00] 📋   [WARN]     压缩失败 [F_CjqW2UDSaE6qARqkBNFwJf_b6e69a16@ios]: Skipped due to cooking limit
[2026-03-28 19:41:00] 📋   [WARN]     压缩失败 [F_CjqW2UDSaE6qARqkBNFwJf_b6e69a16@android]: Skipped due to cooking limit
[2026-03-28 19:41:00] 📋   [WARN]     压缩失败 [F_CjqW2UDSaE6qARqkBNFwJf_b6e69a16@windows]: Skipped due to cooking limit
[2026-03-28 19:41:00] 📋   [WARN]     压缩失败 [H4Zk2UnBjbrGlqHtqpR1BG42_e2598ff3@ios]: Skipped due to cooking limit
[2026-03-28 19:41:00] 📋   [WARN]     压缩失败 [H4Zk2UnBjbrGlqHtqpR1BG42_e2598ff3@android]: Skipped due to cooking limit
[2026-03-28 19:41:00] 📋   [WARN]     压缩失败 [H4Zk2UnBjbrGlqHtqpR1BG42_e2598ff3@windows]: Skipped due to cooking limit
[2026-03-28 19:41:00] 📋   [WARN]     压缩失败 [CDcVOcneYVgF31sPyPn_PU40_27cfdf1e@ios]: Skipped due to cooking limit
[2026-03-28 19:41:00] 📋   [WARN]     压缩失败 [CDcVOcneYVgF31sPyPn_PU40_27cfdf1e@android]: Skipped due to cooking limit
[2026-03-28 19:41:00] 📋   [WARN]     压缩失败 [CDcVOcneYVgF31sPyPn_PU40_27cfdf1e@windows]: Skipped due to cooking limit
[2026-03-28 19:41:00] 📋   [WARN]     压缩失败 [BNJX8RfJejeHgEtrZnkqsTrf_618d687e@ios]: Skipped due to cooking limit
[2026-03-28 19:41:00] 📋   [WARN]     压缩失败 [BNJX8RfJejeHgEtrZnkqsTrf_618d687e@android]: Skipped due to cooking limit
[2026-03-28 19:41:00] 📋   [WARN]     压缩失败 [BNJX8RfJejeHgEtrZnkqsTrf_618d687e@windows]: Skipped due to cooking limit
[2026-03-28 19:41:00] 📋   [WARN]     压缩失败 [FgzdYdGMZR7DU5Pssnl3W_3K_bc6e6c97@ios]: Skipped due to cooking limit
[2026-03-28 19:41:00] 📋   [WARN]     压缩失败 [FgzdYdGMZR7DU5Pssnl3W_3K_bc6e6c97@android]: Skipped due to cooking limit
[2026-03-28 19:41:00] 📋   [WARN]     压缩失败 [FgzdYdGMZR7DU5Pssnl3W_3K_bc6e6c97@windows]: Skipped due to cooking limit
[2026-03-28 19:41:00] 📋   [WARN]     压缩失败 [HMPaKU1eXd-pzE1LTbcDENFG_fe32735d@ios]: Skipped due to cooking limit
[2026-03-28 19:41:00] 📋   [WARN]     压缩失败 [HMPaKU1eXd-pzE1LTbcDENFG_fe32735d@android]: Skipped due to cooking limit
[2026-03-28 19:41:00] 📋   [WARN]     压缩失败 [HMPaKU1eXd-pzE1LTbcDENFG_fe32735d@windows]: Skipped due to cooking limit
[2026-03-28 19:41:00] 📋   [WARN]     压缩失败 [Ea6wWSDt8X7MhA1PS4jSDk8G_3495b8c8@ios]: Skipped due to cooking limit
[2026-03-28 19:41:00] 📋   [WARN]     压缩失败 [Ea6wWSDt8X7MhA1PS4jSDk8G_3495b8c8@android]: Skipped due to cooking limit
[2026-03-28 19:41:00] 📋   [WARN]     压缩失败 [Ea6wWSDt8X7MhA1PS4jSDk8G_3495b8c8@windows]: Skipped due to cooking limit
[2026-03-28 19:41:00] 📋   [WARN]     压缩失败 [DkHCadIZ75iVzLAFSTmDlDs2_a2ead0e4@ios]: Skipped due to cooking limit
[2026-03-28 19:41:00] 📋   [WARN]     压缩失败 [DkHCadIZ75iVzLAFSTmDlDs2_a2ead0e4@android]: Skipped due to cooking limit
[2026-03-28 19:41:00] 📋   [WARN]     压缩失败 [DkHCadIZ75iVzLAFSTmDlDs2_a2ead0e4@windows]: Skipped due to cooking limit
[2026-03-28 19:41:00] 📋   [WARN]     压缩失败 [AOTtIb4Qeu2UCDXiVa4s_wl8_e5d61beb@ios]: Skipped due to cooking limit
[2026-03-28 19:41:00] 📋   [WARN]     压缩失败 [AOTtIb4Qeu2UCDXiVa4s_wl8_e5d61beb@android]: Skipped due to cooking limit
[2026-03-28 19:41:00] 📋   [WARN]     压缩失败 [AOTtIb4Qeu2UCDXiVa4s_wl8_e5d61beb@windows]: Skipped due to cooking limit
[2026-03-28 19:41:00] 📋   [WARN]     压缩失败 [ElRCMfhUK7sx0G4oR60jvMan_5a8e23f8@ios]: Skipped due to cooking limit
[2026-03-28 19:41:00] 📋   [WARN]     压缩失败 [ElRCMfhUK7sx0G4oR60jvMan_5a8e23f8@android]: Skipped due to cooking limit
[2026-03-28 19:41:00] 📋   [WARN]     压缩失败 [ElRCMfhUK7sx0G4oR60jvMan_5a8e23f8@windows]: Skipped due to cooking limit
[2026-03-28 19:41:00] 📋   [WARN]     压缩失败 [FdQXqVzxJPFyCq65SXGR-fC6_e88af318@ios]: Skipped due to cooking limit
[2026-03-28 19:41:00] 📋   [WARN]     压缩失败 [FdQXqVzxJPFyCq65SXGR-fC6_e88af318@android]: Skipped due to cooking limit
[2026-03-28 19:41:00] 📋   [WARN]     压缩失败 [FdQXqVzxJPFyCq65SXGR-fC6_e88af318@windows]: Skipped due to cooking limit
[2026-03-28 19:41:00] 📋   [WARN]     压缩失败 [AtlHeZD1PoeKaV4G4lemJTLS_e992af71@ios]: Skipped due to cooking limit
[2026-03-28 19:41:00] 📋   [WARN]     压缩失败 [AtlHeZD1PoeKaV4G4lemJTLS_e992af71@android]: Skipped due to cooking limit
[2026-03-28 19:41:00] 📋   [WARN]     压缩失败 [AtlHeZD1PoeKaV4G4lemJTLS_e992af71@windows]: Skipped due to cooking limit
[2026-03-28 19:41:00] 📋   [WARN]     压缩失败 [BxTfkVGjd1dxB9NRaqM2kxDA_20f8495b@ios]: Skipped due to cooking limit
[2026-03-28 19:41:00] 📋   [WARN]     压缩失败 [BxTfkVGjd1dxB9NRaqM2kxDA_20f8495b@android]: Skipped due to cooking limit
[2026-03-28 19:41:00] 📋   [WARN]     压缩失败 [BxTfkVGjd1dxB9NRaqM2kxDA_20f8495b@windows]: Skipped due to cooking limit
[2026-03-28 19:41:00] 📋   [WARN]     压缩失败 [AhiDIaJek1NUFEkC4z7rTOxl_9be92ec7@ios]: Skipped due to cooking limit
[2026-03-28 19:41:00] 📋   [WARN]     压缩失败 [AhiDIaJek1NUFEkC4z7rTOxl_9be92ec7@android]: Skipped due to cooking limit
[2026-03-28 19:41:00] 📋   [WARN]     压缩失败 [AhiDIaJek1NUFEkC4z7rTOxl_9be92ec7@windows]: Skipped due to cooking limit
[2026-03-28 19:41:00] 📋   [WARN]     压缩失败 [E4_JSTnXsbNkrG69Ilv2yLMy_d868356d@ios]: Skipped due to cooking limit
[2026-03-28 19:41:00] 📋   [WARN]     压缩失败 [E4_JSTnXsbNkrG69Ilv2yLMy_d868356d@android]: Skipped due to cooking limit
[2026-03-28 19:41:00] 📋   [WARN]     压缩失败 [E4_JSTnXsbNkrG69Ilv2yLMy_d868356d@windows]: Skipped due to cooking limit
[2026-03-28 19:41:00] 📋   [WARN]     压缩失败 [CHXaUZMV21ANstl6tAggppg1_104d4f62@ios]: Skipped due to cooking limit
[2026-03-28 19:41:00] 📋   [WARN]     压缩失败 [CHXaUZMV21ANstl6tAggppg1_104d4f62@android]: Skipped due to cooking limit
[2026-03-28 19:41:00] 📋   [WARN]     压缩失败 [CHXaUZMV21ANstl6tAggppg1_104d4f62@windows]: Skipped due to cooking limit
[2026-03-28 19:41:00] 📋   [WARN]     压缩失败 [HZOj-XS44ki6QqAAzrmJoL8q_75c5c481@ios]: Skipped due to cooking limit
[2026-03-28 19:41:00] 📋   [WARN]     压缩失败 [HZOj-XS44ki6QqAAzrmJoL8q_75c5c481@android]: Skipped due to cooking limit
[2026-03-28 19:41:00] 📋   [WARN]     压缩失败 [HZOj-XS44ki6QqAAzrmJoL8q_75c5c481@windows]: Skipped due to cooking limit
[2026-03-28 19:41:00] 📋   [WARN]     压缩失败 [HYRLEVzWAnBWdNoG_sbiAcaP_3d9479bf@ios]: Skipped due to cooking limit
[2026-03-28 19:41:00] 📋   [WARN]     压缩失败 [HYRLEVzWAnBWdNoG_sbiAcaP_3d9479bf@android]: Skipped due to cooking limit
[2026-03-28 19:41:00] 📋   [WARN]     压缩失败 [HYRLEVzWAnBWdNoG_sbiAcaP_3d9479bf@windows]: Skipped due to cooking limit
[2026-03-28 19:41:00] 📋   [WARN]     压缩失败 [H0wrqTj2YIyTcic1unhBm2MY_1f27b16b@ios]: Skipped due to cooking limit
[2026-03-28 19:41:00] 📋   [WARN]     压缩失败 [H0wrqTj2YIyTcic1unhBm2MY_1f27b16b@android]: Skipped due to cooking limit
[2026-03-28 19:41:00] 📋   [WARN]     压缩失败 [H0wrqTj2YIyTcic1unhBm2MY_1f27b16b@windows]: Skipped due to cooking limit
[2026-03-28 19:41:00] 📋   [WARN]     压缩失败 [E4AqqSwS0gc7-g_LJrVN7rl8_ced16a8f@ios]: Skipped due to cooking limit
[2026-03-28 19:41:00] 📋   [WARN]     压缩失败 [E4AqqSwS0gc7-g_LJrVN7rl8_ced16a8f@android]: Skipped due to cooking limit
[2026-03-28 19:41:00] 📋   [WARN]     压缩失败 [E4AqqSwS0gc7-g_LJrVN7rl8_ced16a8f@windows]: Skipped due to cooking limit
[2026-03-28 19:41:00] 📋   [WARN]     压缩失败 [DkM0gcoXetjFJmpHmjl55tG1_5e59b5b6@ios]: Skipped due to cooking limit
[2026-03-28 19:41:00] 📋   [WARN]     压缩失败 [DkM0gcoXetjFJmpHmjl55tG1_5e59b5b6@android]: Skipped due to cooking limit
[2026-03-28 19:41:00] 📋   [WARN]     压缩失败 [DkM0gcoXetjFJmpHmjl55tG1_5e59b5b6@windows]: Skipped due to cooking limit
[2026-03-28 19:41:00] 📋   [WARN]     压缩失败 [Eqc58SwTgGq-MeYnbi316cwJ_f9de1323@ios]: Skipped due to cooking limit
[2026-03-28 19:41:00] 📋   [WARN]     压缩失败 [Eqc58SwTgGq-MeYnbi316cwJ_f9de1323@android]: Skipped due to cooking limit
[2026-03-28 19:41:00] 📋   [WARN]     压缩失败 [Eqc58SwTgGq-MeYnbi316cwJ_f9de1323@windows]: Skipped due to cooking limit
[2026-03-28 19:41:00] 📋   [WARN]     压缩失败 [ExfzMaan7pIEnfIqUrHD-dYY_81dcc997@ios]: Skipped due to cooking limit
[2026-03-28 19:41:00] 📋   [WARN]     压缩失败 [ExfzMaan7pIEnfIqUrHD-dYY_81dcc997@android]: Skipped due to cooking limit
[2026-03-28 19:41:00] 📋   [WARN]     压缩失败 [ExfzMaan7pIEnfIqUrHD-dYY_81dcc997@windows]: Skipped due to cooking limit
[2026-03-28 19:41:00] 📋   [WARN]     压缩失败 [DOkVoQ_P45GlWt7xIl1KknER_8ebcb3d7@ios]: Skipped due to cooking limit
[2026-03-28 19:41:00] 📋   [WARN]     压缩失败 [DOkVoQ_P45GlWt7xIl1KknER_8ebcb3d7@android]: Skipped due to cooking limit
[2026-03-28 19:41:00] 📋   [WARN]     压缩失败 [DOkVoQ_P45GlWt7xIl1KknER_8ebcb3d7@windows]: Skipped due to cooking limit
[2026-03-28 19:41:01] 📋   [WARN]     压缩失败 [GcLn0fuyDd1ofdaEfRtGsqkK_2760c72e@ios]: Skipped due to cooking limit
[2026-03-28 19:41:01] 📋   [WARN]     压缩失败 [GcLn0fuyDd1ofdaEfRtGsqkK_2760c72e@android]: Skipped due to cooking limit
[2026-03-28 19:41:01] 📋   [WARN]     压缩失败 [GcLn0fuyDd1ofdaEfRtGsqkK_2760c72e@windows]: Skipped due to cooking limit
[2026-03-28 19:41:01] 📋   [WARN]     压缩失败 [DN2ZkZA64F38wDYKuBw_YBVR_8162ee71@ios]: Skipped due to cooking limit
[2026-03-28 19:41:01] 📋   [WARN]     压缩失败 [DN2ZkZA64F38wDYKuBw_YBVR_8162ee71@android]: Skipped due to cooking limit
[2026-03-28 19:41:01] 📋   [WARN]     压缩失败 [DN2ZkZA64F38wDYKuBw_YBVR_8162ee71@windows]: Skipped due to cooking limit
[2026-03-28 19:41:01] 📋   [WARN]     压缩失败 [FWQRQdyRJ85f_5_yK13tmEce_9634665f@ios]: Skipped due to cooking limit
[2026-03-28 19:41:01] 📋   [WARN]     压缩失败 [FWQRQdyRJ85f_5_yK13tmEce_9634665f@android]: Skipped due to cooking limit
[2026-03-28 19:41:01] 📋   [WARN]     压缩失败 [FWQRQdyRJ85f_5_yK13tmEce_9634665f@windows]: Skipped due to cooking limit
[2026-03-28 19:41:01] 📋   [WARN]     压缩失败 [ENXiuTTv6FyioLoT7P4EKXxZ_1c3abd2c@ios]: Skipped due to cooking limit
[2026-03-28 19:41:01] 📋   [WARN]     压缩失败 [ENXiuTTv6FyioLoT7P4EKXxZ_1c3abd2c@android]: Skipped due to cooking limit
[2026-03-28 19:41:01] 📋   [WARN]     压缩失败 [ENXiuTTv6FyioLoT7P4EKXxZ_1c3abd2c@windows]: Skipped due to cooking limit
[2026-03-28 19:41:01] 📋   [WARN]     压缩失败 [DmgEiXUgD3vcYmQwDSaD_Gn9_159998e4@ios]: Skipped due to cooking limit
[2026-03-28 19:41:01] 📋   [WARN]     压缩失败 [DmgEiXUgD3vcYmQwDSaD_Gn9_159998e4@android]: Skipped due to cooking limit
[2026-03-28 19:41:01] 📋   [WARN]     压缩失败 [DmgEiXUgD3vcYmQwDSaD_Gn9_159998e4@windows]: Skipped due to cooking limit
[2026-03-28 19:41:01] 📋   [WARN]     压缩失败 [B3BS6Us8FKkvcXABKy-aR6ck_b4702c73@ios]: Skipped due to cooking limit
[2026-03-28 19:41:01] 📋   [WARN]     压缩失败 [B3BS6Us8FKkvcXABKy-aR6ck_b4702c73@android]: Skipped due to cooking limit
[2026-03-28 19:41:01] 📋   [WARN]     压缩失败 [B3BS6Us8FKkvcXABKy-aR6ck_b4702c73@windows]: Skipped due to cooking limit
[2026-03-28 19:41:01] 📋   [WARN]     压缩失败 [AIK1YWr8ezx3Xn4omgJ2uKTx_c47e26fc@ios]: Skipped due to cooking limit
[2026-03-28 19:41:01] 📋   [WARN]     压缩失败 [AIK1YWr8ezx3Xn4omgJ2uKTx_c47e26fc@android]: Skipped due to cooking limit
[2026-03-28 19:41:01] 📋   [WARN]     压缩失败 [AIK1YWr8ezx3Xn4omgJ2uKTx_c47e26fc@windows]: Skipped due to cooking limit
[2026-03-28 19:41:01] 📋   [WARN]     压缩失败 [EQAD-fPk6SeNOlq9755xx0N6_d9ef641d@ios]: Skipped due to cooking limit
[2026-03-28 19:41:01] 📋   [WARN]     压缩失败 [EQAD-fPk6SeNOlq9755xx0N6_d9ef641d@android]: Skipped due to cooking limit
[2026-03-28 19:41:01] 📋   [WARN]     压缩失败 [EQAD-fPk6SeNOlq9755xx0N6_d9ef641d@windows]: Skipped due to cooking limit
[2026-03-28 19:41:01] 📋   [WARN]     压缩失败 [GoJo8U4qwTTEFR2FZUDnedP8_dbda669a@ios]: Skipped due to cooking limit
[2026-03-28 19:41:01] 📋   [WARN]     压缩失败 [GoJo8U4qwTTEFR2FZUDnedP8_dbda669a@android]: Skipped due to cooking limit
[2026-03-28 19:41:01] 📋   [WARN]     压缩失败 [GoJo8U4qwTTEFR2FZUDnedP8_dbda669a@windows]: Skipped due to cooking limit
[2026-03-28 19:41:01] 📋   [WARN]     压缩失败 [EJCigRCMsWdGugMoXEeoOEfC_c304233c@ios]: Skipped due to cooking limit
[2026-03-28 19:41:01] 📋   [WARN]     压缩失败 [EJCigRCMsWdGugMoXEeoOEfC_c304233c@android]: Skipped due to cooking limit
[2026-03-28 19:41:01] 📋   [WARN]     压缩失败 [EJCigRCMsWdGugMoXEeoOEfC_c304233c@windows]: Skipped due to cooking limit
[2026-03-28 19:41:01] 📋   [WARN]     压缩失败 [AcBV8Ufa-KXLx54O20SzunDp_6bbc227a@ios]: Skipped due to cooking limit
[2026-03-28 19:41:01] 📋   [WARN]     压缩失败 [AcBV8Ufa-KXLx54O20SzunDp_6bbc227a@android]: Skipped due to cooking limit
[2026-03-28 19:41:01] 📋   [WARN]     压缩失败 [AcBV8Ufa-KXLx54O20SzunDp_6bbc227a@windows]: Skipped due to cooking limit
[2026-03-28 19:41:01] 📋   [WARN]     压缩失败 [F6ncGXff2-g-EPom610JxRUi_08e1a967@ios]: Skipped due to cooking limit
[2026-03-28 19:41:01] 📋   [WARN]     压缩失败 [F6ncGXff2-g-EPom610JxRUi_08e1a967@android]: Skipped due to cooking limit
[2026-03-28 19:41:01] 📋   [WARN]     压缩失败 [F6ncGXff2-g-EPom610JxRUi_08e1a967@windows]: Skipped due to cooking limit
[2026-03-28 19:41:01] 📋   [WARN]     压缩失败 [Cqk7yXy-f5RxJaH_tdKrxLdV_aa488f55@ios]: Skipped due to cooking limit
[2026-03-28 19:41:01] 📋   [WARN]     压缩失败 [Cqk7yXy-f5RxJaH_tdKrxLdV_aa488f55@android]: Skipped due to cooking limit
[2026-03-28 19:41:01] 📋   [WARN]     压缩失败 [Cqk7yXy-f5RxJaH_tdKrxLdV_aa488f55@windows]: Skipped due to cooking limit
[2026-03-28 19:41:01] 📋   [WARN]     压缩失败 [G3YA8Tk8Tcezhzq7XyurGB0Q_50a89719@ios]: Skipped due to cooking limit
[2026-03-28 19:41:01] 📋   [WARN]     压缩失败 [G3YA8Tk8Tcezhzq7XyurGB0Q_50a89719@android]: Skipped due to cooking limit
[2026-03-28 19:41:01] 📋   [WARN]     压缩失败 [G3YA8Tk8Tcezhzq7XyurGB0Q_50a89719@windows]: Skipped due to cooking limit
[2026-03-28 19:41:01] 📋   [WARN]     压缩失败 [B-0L0RJuneZ7IRsQW-L17P1X_f154c9bc@ios]: Skipped due to cooking limit
[2026-03-28 19:41:01] 📋   [WARN]     压缩失败 [B-0L0RJuneZ7IRsQW-L17P1X_f154c9bc@android]: Skipped due to cooking limit
[2026-03-28 19:41:01] 📋   [WARN]     压缩失败 [B-0L0RJuneZ7IRsQW-L17P1X_f154c9bc@windows]: Skipped due to cooking limit
[2026-03-28 19:41:01] 📋   [WARN]     压缩失败 [EfAZYd0yQt51wuQZp69wymUl_e79f9581@ios]: Skipped due to cooking limit
[2026-03-28 19:41:01] 📋   [WARN]     压缩失败 [EfAZYd0yQt51wuQZp69wymUl_e79f9581@android]: Skipped due to cooking limit
[2026-03-28 19:41:01] 📋   [WARN]     压缩失败 [EfAZYd0yQt51wuQZp69wymUl_e79f9581@windows]: Skipped due to cooking limit
[2026-03-28 19:41:01] 📋   [WARN]     压缩失败 [GLIISfICEI1pWfSlpXfy5lIx_cbbdb7f6@ios]: Skipped due to cooking limit
[2026-03-28 19:41:01] 📋   [WARN]     压缩失败 [GLIISfICEI1pWfSlpXfy5lIx_cbbdb7f6@android]: Skipped due to cooking limit
[2026-03-28 19:41:01] 📋   [WARN]     压缩失败 [GLIISfICEI1pWfSlpXfy5lIx_cbbdb7f6@windows]: Skipped due to cooking limit
[2026-03-28 19:41:01] 📋   [WARN]     压缩失败 [ADmimVPuzfsoDx_ofJrDKzxV_c417551d@ios]: Skipped due to cooking limit
[2026-03-28 19:41:01] 📋   [WARN]     压缩失败 [ADmimVPuzfsoDx_ofJrDKzxV_c417551d@android]: Skipped due to cooking limit
[2026-03-28 19:41:01] 📋   [WARN]     压缩失败 [ADmimVPuzfsoDx_ofJrDKzxV_c417551d@windows]: Skipped due to cooking limit
[2026-03-28 19:41:01] 📋   [WARN]     压缩失败 [CNdN8VzsKstG8vKgjcsMB_Oo_581c2f4f@ios]: Skipped due to cooking limit
[2026-03-28 19:41:01] 📋   [WARN]     压缩失败 [CNdN8VzsKstG8vKgjcsMB_Oo_581c2f4f@android]: Skipped due to cooking limit
[2026-03-28 19:41:01] 📋   [WARN]     压缩失败 [CNdN8VzsKstG8vKgjcsMB_Oo_581c2f4f@windows]: Skipped due to cooking limit
[2026-03-28 19:41:01] 📋   [WARN]     压缩失败 [DPbf2dw8G2bsim8v-fEUH5h-_3152f47a@ios]: Skipped due to cooking limit
[2026-03-28 19:41:01] 📋   [WARN]     压缩失败 [DPbf2dw8G2bsim8v-fEUH5h-_3152f47a@android]: Skipped due to cooking limit
[2026-03-28 19:41:01] 📋   [WARN]     压缩失败 [DPbf2dw8G2bsim8v-fEUH5h-_3152f47a@windows]: Skipped due to cooking limit
[2026-03-28 19:41:01] 📋   [WARN]     压缩失败 [EwRfQSf50YR-KBjw1LsENVsB_4c161b38@ios]: Skipped due to cooking limit
[2026-03-28 19:41:01] 📋   [WARN]     压缩失败 [EwRfQSf50YR-KBjw1LsENVsB_4c161b38@android]: Skipped due to cooking limit
[2026-03-28 19:41:01] 📋   [WARN]     压缩失败 [EwRfQSf50YR-KBjw1LsENVsB_4c161b38@windows]: Skipped due to cooking limit
[2026-03-28 19:41:01] 📋   [WARN]     压缩失败 [GaQYKXCVGmk3rUHEJKLGdxUV_8f332082@ios]: Skipped due to cooking limit
[2026-03-28 19:41:01] 📋   [WARN]     压缩失败 [GaQYKXCVGmk3rUHEJKLGdxUV_8f332082@android]: Skipped due to cooking limit
[2026-03-28 19:41:01] 📋   [WARN]     压缩失败 [GaQYKXCVGmk3rUHEJKLGdxUV_8f332082@windows]: Skipped due to cooking limit
[2026-03-28 19:41:01] 📋   [WARN]     压缩失败 [F5gIsQxsmzHjHj7MVSyx_D79_e8739426@ios]: Skipped due to cooking limit
[2026-03-28 19:41:01] 📋   [WARN]     压缩失败 [F5gIsQxsmzHjHj7MVSyx_D79_e8739426@android]: Skipped due to cooking limit
[2026-03-28 19:41:01] 📋   [WARN]     压缩失败 [F5gIsQxsmzHjHj7MVSyx_D79_e8739426@windows]: Skipped due to cooking limit
[2026-03-28 19:41:01] 📋   [WARN]     压缩失败 [BOo9KS52shGTJzsQg0be2hPB_0eecbcca@ios]: Skipped due to cooking limit
[2026-03-28 19:41:01] 📋   [WARN]     压缩失败 [BOo9KS52shGTJzsQg0be2hPB_0eecbcca@android]: Skipped due to cooking limit
[2026-03-28 19:41:01] 📋   [WARN]     压缩失败 [BOo9KS52shGTJzsQg0be2hPB_0eecbcca@windows]: Skipped due to cooking limit
[2026-03-28 19:41:01] 📋   [WARN]     压缩失败 [Desq4XEWmSLyA8_qSXsgXk2Y_a932cd36@ios]: Skipped due to cooking limit
[2026-03-28 19:41:01] 📋   [WARN]     压缩失败 [Desq4XEWmSLyA8_qSXsgXk2Y_a932cd36@android]: Skipped due to cooking limit
[2026-03-28 19:41:01] 📋   [WARN]     压缩失败 [Desq4XEWmSLyA8_qSXsgXk2Y_a932cd36@windows]: Skipped due to cooking limit
[2026-03-28 19:41:01] 📋   [WARN]     压缩失败 [AjtsWafzuq9VcBe7mTWgxgYF_933e1a09@ios]: Skipped due to cooking limit
[2026-03-28 19:41:01] 📋   [WARN]     压缩失败 [AjtsWafzuq9VcBe7mTWgxgYF_933e1a09@android]: Skipped due to cooking limit
[2026-03-28 19:41:01] 📋   [WARN]     压缩失败 [AjtsWafzuq9VcBe7mTWgxgYF_933e1a09@windows]: Skipped due to cooking limit
[2026-03-28 19:41:01] 📋   [WARN]     压缩失败 [H08TqXTh-sLk-kZxTCEYZsAl_25e0ae64@ios]: Skipped due to cooking limit
[2026-03-28 19:41:01] 📋   [WARN]     压缩失败 [H08TqXTh-sLk-kZxTCEYZsAl_25e0ae64@android]: Skipped due to cooking limit
[2026-03-28 19:41:01] 📋   [WARN]     压缩失败 [H08TqXTh-sLk-kZxTCEYZsAl_25e0ae64@windows]: Skipped due to cooking limit
[2026-03-28 19:41:01] 📋   [WARN]     压缩失败 [G47S6ajwIjQeU8Z78FYp1G7H_9d3a172c@ios]: Skipped due to cooking limit
[2026-03-28 19:41:01] 📋   [WARN]     压缩失败 [G47S6ajwIjQeU8Z78FYp1G7H_9d3a172c@android]: Skipped due to cooking limit
[2026-03-28 19:41:01] 📋   [WARN]     压缩失败 [G47S6ajwIjQeU8Z78FYp1G7H_9d3a172c@windows]: Skipped due to cooking limit
[2026-03-28 19:41:01] 📋   [WARN]     压缩失败 [Alfc0SuCBZKW8VuvxxDgJtf__4f51a1d5@ios]: Skipped due to cooking limit
[2026-03-28 19:41:01] 📋   [WARN]     压缩失败 [Alfc0SuCBZKW8VuvxxDgJtf__4f51a1d5@android]: Skipped due to cooking limit
[2026-03-28 19:41:01] 📋   [WARN]     压缩失败 [Alfc0SuCBZKW8VuvxxDgJtf__4f51a1d5@windows]: Skipped due to cooking limit
[2026-03-28 19:41:01] 📋   [WARN]     压缩失败 [C1Q4cSqA0bKsQXJpmxbJel7e_0f4b2def@ios]: Skipped due to cooking limit
[2026-03-28 19:41:01] 📋   [WARN]     压缩失败 [C1Q4cSqA0bKsQXJpmxbJel7e_0f4b2def@android]: Skipped due to cooking limit
[2026-03-28 19:41:01] 📋   [WARN]     压缩失败 [C1Q4cSqA0bKsQXJpmxbJel7e_0f4b2def@windows]: Skipped due to cooking limit
[2026-03-28 19:41:01] 📋   [WARN]     压缩失败 [Dy7UaXIL-kWzShHDw__PaMdM_b3e9d515@ios]: Skipped due to cooking limit
[2026-03-28 19:41:01] 📋   [WARN]     压缩失败 [Dy7UaXIL-kWzShHDw__PaMdM_b3e9d515@android]: Skipped due to cooking limit
[2026-03-28 19:41:01] 📋   [WARN]     压缩失败 [Dy7UaXIL-kWzShHDw__PaMdM_b3e9d515@windows]: Skipped due to cooking limit
[2026-03-28 19:41:01] 📋   [WARN]     压缩失败 [BJyA2XnvdsTOycfV0gYazzRR_4b64864b@ios]: Skipped due to cooking limit
[2026-03-28 19:41:01] 📋   [WARN]     压缩失败 [BJyA2XnvdsTOycfV0gYazzRR_4b64864b@android]: Skipped due to cooking limit
[2026-03-28 19:41:01] 📋   [WARN]     压缩失败 [BJyA2XnvdsTOycfV0gYazzRR_4b64864b@windows]: Skipped due to cooking limit
[2026-03-28 19:41:01] 📋   [WARN]     压缩失败 [GsbluS0BaU1-2OuksJkzXh_w_2ecc7511@ios]: Skipped due to cooking limit
[2026-03-28 19:41:01] 📋   [WARN]     压缩失败 [GsbluS0BaU1-2OuksJkzXh_w_2ecc7511@android]: Skipped due to cooking limit
[2026-03-28 19:41:01] 📋   [WARN]     压缩失败 [GsbluS0BaU1-2OuksJkzXh_w_2ecc7511@windows]: Skipped due to cooking limit
[2026-03-28 19:41:01] 📋   [WARN]     压缩失败 [Eg6scfEiq9jMJujaMejCDOZN_13e70f40@ios]: Skipped due to cooking limit
[2026-03-28 19:41:01] 📋   [WARN]     压缩失败 [Eg6scfEiq9jMJujaMejCDOZN_13e70f40@android]: Skipped due to cooking limit
[2026-03-28 19:41:01] 📋   [WARN]     压缩失败 [Eg6scfEiq9jMJujaMejCDOZN_13e70f40@windows]: Skipped due to cooking limit
[2026-03-28 19:41:01] 📋   [WARN]     压缩失败 [CSz0uWJ3VH5yB7ZrSCmwewQR_e4716cfc@ios]: Skipped due to cooking limit
[2026-03-28 19:41:01] 📋   [WARN]     压缩失败 [CSz0uWJ3VH5yB7ZrSCmwewQR_e4716cfc@android]: Skipped due to cooking limit
[2026-03-28 19:41:01] 📋   [WARN]     压缩失败 [CSz0uWJ3VH5yB7ZrSCmwewQR_e4716cfc@windows]: Skipped due to cooking limit
[2026-03-28 19:41:01] 📋   [WARN]     压缩失败 [Csn_CXRO4_t7aG33CJIc5qeo_b8f7115b@ios]: Skipped due to cooking limit
[2026-03-28 19:41:01] 📋   [WARN]     压缩失败 [Csn_CXRO4_t7aG33CJIc5qeo_b8f7115b@android]: Skipped due to cooking limit
[2026-03-28 19:41:01] 📋   [WARN]     压缩失败 [Csn_CXRO4_t7aG33CJIc5qeo_b8f7115b@windows]: Skipped due to cooking limit
[2026-03-28 19:41:01] 📋   [WARN]     压缩失败 [CqnaGffgK2NeJytGFzUDFE0L_28c75abd@ios]: Skipped due to cooking limit
[2026-03-28 19:41:01] 📋   [WARN]     压缩失败 [CqnaGffgK2NeJytGFzUDFE0L_28c75abd@android]: Skipped due to cooking limit
[2026-03-28 19:41:01] 📋   [WARN]     压缩失败 [CqnaGffgK2NeJytGFzUDFE0L_28c75abd@windows]: Skipped due to cooking limit
[2026-03-28 19:41:01] 📋   [WARN]     压缩失败 [CzbOId9n1anD4kRXsNx-x0xt_4608ff43@ios]: Skipped due to cooking limit
[2026-03-28 19:41:01] 📋   [WARN]     压缩失败 [CzbOId9n1anD4kRXsNx-x0xt_4608ff43@android]: Skipped due to cooking limit
[2026-03-28 19:41:01] 📋   [WARN]     压缩失败 [CzbOId9n1anD4kRXsNx-x0xt_4608ff43@windows]: Skipped due to cooking limit
[2026-03-28 19:41:01] 📋   [WARN]     压缩失败 [GaWaOXYJHS3XQUSpN6vsS1pq_8fcb9826@ios]: Skipped due to cooking limit
[2026-03-28 19:41:01] 📋   [WARN]     压缩失败 [GaWaOXYJHS3XQUSpN6vsS1pq_8fcb9826@android]: Skipped due to cooking limit
[2026-03-28 19:41:01] 📋   [WARN]     压缩失败 [GaWaOXYJHS3XQUSpN6vsS1pq_8fcb9826@windows]: Skipped due to cooking limit
[2026-03-28 19:41:01] 📋   [WARN]     压缩失败 [HJQoyWW5qjYhw8qmwwkLbEeR_28fe81e3@ios]: Skipped due to cooking limit
[2026-03-28 19:41:01] 📋   [WARN]     压缩失败 [HJQoyWW5qjYhw8qmwwkLbEeR_28fe81e3@android]: Skipped due to cooking limit
[2026-03-28 19:41:01] 📋   [WARN]     压缩失败 [HJQoyWW5qjYhw8qmwwkLbEeR_28fe81e3@windows]: Skipped due to cooking limit
[2026-03-28 19:41:01] 📋   [WARN]     压缩失败 [BaZ_gWMYqub4fLNo10Jn0kmw_c5b77069@ios]: Skipped due to cooking limit
[2026-03-28 19:41:01] 📋   [WARN]     压缩失败 [BaZ_gWMYqub4fLNo10Jn0kmw_c5b77069@android]: Skipped due to cooking limit
[2026-03-28 19:41:01] 📋   [WARN]     压缩失败 [BaZ_gWMYqub4fLNo10Jn0kmw_c5b77069@windows]: Skipped due to cooking limit
[2026-03-28 19:41:01] 📋   [WARN]     压缩失败 [FVyQaWZ_5hY_MHwJ6FrQFE1r_137d98e0@ios]: Skipped due to cooking limit
[2026-03-28 19:41:01] 📋   [WARN]     压缩失败 [FVyQaWZ_5hY_MHwJ6FrQFE1r_137d98e0@android]: Skipped due to cooking limit
[2026-03-28 19:41:01] 📋   [WARN]     压缩失败 [FVyQaWZ_5hY_MHwJ6FrQFE1r_137d98e0@windows]: Skipped due to cooking limit
[2026-03-28 19:41:01] 📋   [WARN]     压缩失败 [FaC6aVD6aj83mreIm88Eq0by_0c5d2c24@ios]: Skipped due to cooking limit
[2026-03-28 19:41:01] 📋   [WARN]     压缩失败 [FaC6aVD6aj83mreIm88Eq0by_0c5d2c24@android]: Skipped due to cooking limit
[2026-03-28 19:41:01] 📋   [WARN]     压缩失败 [FaC6aVD6aj83mreIm88Eq0by_0c5d2c24@windows]: Skipped due to cooking limit
[2026-03-28 19:41:01] 📋   [WARN]     压缩失败 [EwMpcQ0cw28sbeT3h61snVWv_ef624730@ios]: Skipped due to cooking limit
[2026-03-28 19:41:01] 📋   [WARN]     压缩失败 [EwMpcQ0cw28sbeT3h61snVWv_ef624730@android]: Skipped due to cooking limit
[2026-03-28 19:41:01] 📋   [WARN]     压缩失败 [EwMpcQ0cw28sbeT3h61snVWv_ef624730@windows]: Skipped due to cooking limit
[2026-03-28 19:41:01] 📋   [WARN]     压缩失败 [CYSdYcb-_PGdW5kDhtsFds-Q_903685f1@ios]: Skipped due to cooking limit
[2026-03-28 19:41:01] 📋   [WARN]     压缩失败 [CYSdYcb-_PGdW5kDhtsFds-Q_903685f1@android]: Skipped due to cooking limit
[2026-03-28 19:41:01] 📋   [WARN]     压缩失败 [CYSdYcb-_PGdW5kDhtsFds-Q_903685f1@windows]: Skipped due to cooking limit
[2026-03-28 19:41:01] 📋   [WARN]     压缩失败 [A7qwaaT_nVVEa9mLdeIbx42P_62fa28fb@ios]: Skipped due to cooking limit
[2026-03-28 19:41:01] 📋   [WARN]     压缩失败 [A7qwaaT_nVVEa9mLdeIbx42P_62fa28fb@android]: Skipped due to cooking limit
[2026-03-28 19:41:01] 📋   [WARN]     压缩失败 [A7qwaaT_nVVEa9mLdeIbx42P_62fa28fb@windows]: Skipped due to cooking limit
[2026-03-28 19:41:01] 📋   [WARN]     压缩失败 [HYA3EfQFVMRmlioQ9oVUmQ_B_b22e9b15@ios]: Skipped due to cooking limit
[2026-03-28 19:41:01] 📋   [WARN]     压缩失败 [HYA3EfQFVMRmlioQ9oVUmQ_B_b22e9b15@android]: Skipped due to cooking limit
[2026-03-28 19:41:01] 📋   [WARN]     压缩失败 [HYA3EfQFVMRmlioQ9oVUmQ_B_b22e9b15@windows]: Skipped due to cooking limit
[2026-03-28 19:41:01] 📋   [WARN]     压缩失败 [F_g_CYUQG8CScC2ZDKbUDHim_dd0be491@ios]: Skipped due to cooking limit
[2026-03-28 19:41:01] 📋   [WARN]     压缩失败 [F_g_CYUQG8CScC2ZDKbUDHim_dd0be491@android]: Skipped due to cooking limit
[2026-03-28 19:41:01] 📋   [WARN]     压缩失败 [F_g_CYUQG8CScC2ZDKbUDHim_dd0be491@windows]: Skipped due to cooking limit
[2026-03-28 19:41:02] 📋   [WARN]     压缩失败 [FomWUcc_qALotMcfMAQZaY8__f8df7408@ios]: Skipped due to cooking limit
[2026-03-28 19:41:02] 📋   [WARN]     压缩失败 [FomWUcc_qALotMcfMAQZaY8__f8df7408@android]: Skipped due to cooking limit
[2026-03-28 19:41:02] 📋   [WARN]     压缩失败 [FomWUcc_qALotMcfMAQZaY8__f8df7408@windows]: Skipped due to cooking limit
[2026-03-28 19:41:02] 📋   [WARN]     压缩失败 [F9QwEW9Zf65WKUJdF0ZDae96_85e88c05@ios]: Skipped due to cooking limit
[2026-03-28 19:41:02] 📋   [WARN]     压缩失败 [F9QwEW9Zf65WKUJdF0ZDae96_85e88c05@android]: Skipped due to cooking limit
[2026-03-28 19:41:02] 📋   [WARN]     压缩失败 [F9QwEW9Zf65WKUJdF0ZDae96_85e88c05@windows]: Skipped due to cooking limit
[2026-03-28 19:41:02] 📋   [WARN]     压缩失败 [GHAXWeJN7B9GDM2dV8k8Dyce_9acfc79c@ios]: Skipped due to cooking limit
[2026-03-28 19:41:02] 📋   [WARN]     压缩失败 [GHAXWeJN7B9GDM2dV8k8Dyce_9acfc79c@android]: Skipped due to cooking limit
[2026-03-28 19:41:02] 📋   [WARN]     压缩失败 [GHAXWeJN7B9GDM2dV8k8Dyce_9acfc79c@windows]: Skipped due to cooking limit
[2026-03-28 19:41:02] 📋   [WARN]     压缩失败 [EdIimTONhN0w5w8bXMsCNJ08_cf3df3f6@ios]: Skipped due to cooking limit
[2026-03-28 19:41:02] 📋   [WARN]     压缩失败 [EdIimTONhN0w5w8bXMsCNJ08_cf3df3f6@android]: Skipped due to cooking limit
[2026-03-28 19:41:02] 📋   [WARN]     压缩失败 [EdIimTONhN0w5w8bXMsCNJ08_cf3df3f6@windows]: Skipped due to cooking limit
[2026-03-28 19:41:02] 📋   [WARN]     压缩失败 [Bzkr0bn1h4jkqqPtSCY-qeMG_dff4010e@ios]: Skipped due to cooking limit
[2026-03-28 19:41:02] 📋   [WARN]     压缩失败 [Bzkr0bn1h4jkqqPtSCY-qeMG_dff4010e@android]: Skipped due to cooking limit
[2026-03-28 19:41:02] 📋   [WARN]     压缩失败 [Bzkr0bn1h4jkqqPtSCY-qeMG_dff4010e@windows]: Skipped due to cooking limit
[2026-03-28 19:41:02] 📋   [WARN]     压缩失败 [E-wB0Xmjl9z5j9hY00urMWpG_04fd22c1@ios]: Skipped due to cooking limit
[2026-03-28 19:41:02] 📋   [WARN]     压缩失败 [E-wB0Xmjl9z5j9hY00urMWpG_04fd22c1@android]: Skipped due to cooking limit
[2026-03-28 19:41:02] 📋   [WARN]     压缩失败 [E-wB0Xmjl9z5j9hY00urMWpG_04fd22c1@windows]: Skipped due to cooking limit
[2026-03-28 19:41:02] 📋   [WARN]     压缩失败 [HF4KIf7H0o2o4LLabQCQQxbA_4fdf5683@ios]: Skipped due to cooking limit
[2026-03-28 19:41:02] 📋   [WARN]     压缩失败 [HF4KIf7H0o2o4LLabQCQQxbA_4fdf5683@android]: Skipped due to cooking limit
[2026-03-28 19:41:02] 📋   [WARN]     压缩失败 [HF4KIf7H0o2o4LLabQCQQxbA_4fdf5683@windows]: Skipped due to cooking limit
[2026-03-28 19:41:02] 📋   [WARN]     压缩失败 [B8MBaYOtfDlaA0FT6OBcplXP_43c85c5a@ios]: Skipped due to cooking limit
[2026-03-28 19:41:02] 📋   [WARN]     压缩失败 [B8MBaYOtfDlaA0FT6OBcplXP_43c85c5a@android]: Skipped due to cooking limit
[2026-03-28 19:41:02] 📋   [WARN]     压缩失败 [B8MBaYOtfDlaA0FT6OBcplXP_43c85c5a@windows]: Skipped due to cooking limit
[2026-03-28 19:41:02] 📋   [WARN]     压缩失败 [G6Tboe_hXtuXztNVlb9_uJS1_432d6767@ios]: Skipped due to cooking limit
[2026-03-28 19:41:02] 📋   [WARN]     压缩失败 [G6Tboe_hXtuXztNVlb9_uJS1_432d6767@android]: Skipped due to cooking limit
[2026-03-28 19:41:02] 📋   [WARN]     压缩失败 [G6Tboe_hXtuXztNVlb9_uJS1_432d6767@windows]: Skipped due to cooking limit
[2026-03-28 19:41:02] 📋   [WARN]     压缩失败 [DTOLSfgUZCL6DET1r3ZbhtOv_4ad21b03@ios]: Skipped due to cooking limit
[2026-03-28 19:41:02] 📋   [WARN]     压缩失败 [DTOLSfgUZCL6DET1r3ZbhtOv_4ad21b03@android]: Skipped due to cooking limit
[2026-03-28 19:41:02] 📋   [WARN]     压缩失败 [DTOLSfgUZCL6DET1r3ZbhtOv_4ad21b03@windows]: Skipped due to cooking limit
[2026-03-28 19:41:02] 📋   [WARN]     压缩失败 [G_xdgVDtVHzVmV_hcvFXVPqN_3c737d37@ios]: Skipped due to cooking limit
[2026-03-28 19:41:02] 📋   [WARN]     压缩失败 [G_xdgVDtVHzVmV_hcvFXVPqN_3c737d37@android]: Skipped due to cooking limit
[2026-03-28 19:41:02] 📋   [WARN]     压缩失败 [G_xdgVDtVHzVmV_hcvFXVPqN_3c737d37@windows]: Skipped due to cooking limit
[2026-03-28 19:41:02] 📋   [WARN]     压缩失败 [C2vWCUysL4OsqaQKRU6-VJyp_611faa92@ios]: Skipped due to cooking limit
[2026-03-28 19:41:02] 📋   [WARN]     压缩失败 [C2vWCUysL4OsqaQKRU6-VJyp_611faa92@android]: Skipped due to cooking limit
[2026-03-28 19:41:02] 📋   [WARN]     压缩失败 [C2vWCUysL4OsqaQKRU6-VJyp_611faa92@windows]: Skipped due to cooking limit
[2026-03-28 19:41:02] 📋   [WARN]     压缩失败 [G1ue2bVg_F7hpWWU3rQOiHOl_814d47cc@ios]: Skipped due to cooking limit
[2026-03-28 19:41:02] 📋   [WARN]     压缩失败 [G1ue2bVg_F7hpWWU3rQOiHOl_814d47cc@android]: Skipped due to cooking limit
[2026-03-28 19:41:02] 📋   [WARN]     压缩失败 [G1ue2bVg_F7hpWWU3rQOiHOl_814d47cc@windows]: Skipped due to cooking limit
[2026-03-28 19:41:02] 📋   [WARN]     压缩失败 [A0eBkZ2jHDWNv3bmH3Jlce49_a27915b0@ios]: Skipped due to cooking limit
[2026-03-28 19:41:02] 📋   [WARN]     压缩失败 [A0eBkZ2jHDWNv3bmH3Jlce49_a27915b0@android]: Skipped due to cooking limit
[2026-03-28 19:41:02] 📋   [WARN]     压缩失败 [A0eBkZ2jHDWNv3bmH3Jlce49_a27915b0@windows]: Skipped due to cooking limit
[2026-03-28 19:41:02] 📋   [WARN]     压缩失败 [HHel2ccOnEzDajROLVehjmL0_1638b909@ios]: Skipped due to cooking limit
[2026-03-28 19:41:02] 📋   [WARN]     压缩失败 [HHel2ccOnEzDajROLVehjmL0_1638b909@android]: Skipped due to cooking limit
[2026-03-28 19:41:02] 📋   [WARN]     压缩失败 [HHel2ccOnEzDajROLVehjmL0_1638b909@windows]: Skipped due to cooking limit
[2026-03-28 19:41:02] 📋   [WARN]     压缩失败 [ErtfmeaHJpExttb7SVqeic7u_74dd6273@ios]: Skipped due to cooking limit
[2026-03-28 19:41:02] 📋   [WARN]     压缩失败 [ErtfmeaHJpExttb7SVqeic7u_74dd6273@android]: Skipped due to cooking limit
[2026-03-28 19:41:02] 📋   [WARN]     压缩失败 [ErtfmeaHJpExttb7SVqeic7u_74dd6273@windows]: Skipped due to cooking limit
[2026-03-28 19:41:02] 📋   [WARN]     压缩失败 [GTR1-bfIyb-xyC_Iy9G3ohL4_479e20d5@ios]: Skipped due to cooking limit
[2026-03-28 19:41:02] 📋   [WARN]     压缩失败 [GTR1-bfIyb-xyC_Iy9G3ohL4_479e20d5@android]: Skipped due to cooking limit
[2026-03-28 19:41:02] 📋   [WARN]     压缩失败 [GTR1-bfIyb-xyC_Iy9G3ohL4_479e20d5@windows]: Skipped due to cooking limit
[2026-03-28 19:41:02] 📋   [WARN]     压缩失败 [HjxrIdmqRdAk6n5WQOHtgjZ3_f1985907@ios]: Skipped due to cooking limit
[2026-03-28 19:41:02] 📋   [WARN]     压缩失败 [HjxrIdmqRdAk6n5WQOHtgjZ3_f1985907@android]: Skipped due to cooking limit
[2026-03-28 19:41:02] 📋   [WARN]     压缩失败 [HjxrIdmqRdAk6n5WQOHtgjZ3_f1985907@windows]: Skipped due to cooking limit
[2026-03-28 19:41:02] 📋   [WARN]     压缩失败 [A2XuUSMc3Q5zg02uxcfM9on6_a0c2f210@ios]: Skipped due to cooking limit
[2026-03-28 19:41:02] 📋   [WARN]     压缩失败 [A2XuUSMc3Q5zg02uxcfM9on6_a0c2f210@android]: Skipped due to cooking limit
[2026-03-28 19:41:02] 📋   [WARN]     压缩失败 [A2XuUSMc3Q5zg02uxcfM9on6_a0c2f210@windows]: Skipped due to cooking limit
[2026-03-28 19:41:02] 📋   [WARN]     压缩失败 [BUAJof3h0Rf2t14IZ4ZGMCU-_032b9b92@ios]: Skipped due to cooking limit
[2026-03-28 19:41:02] 📋   [WARN]     压缩失败 [BUAJof3h0Rf2t14IZ4ZGMCU-_032b9b92@android]: Skipped due to cooking limit
[2026-03-28 19:41:02] 📋   [WARN]     压缩失败 [BUAJof3h0Rf2t14IZ4ZGMCU-_032b9b92@windows]: Skipped due to cooking limit
[2026-03-28 19:41:02] 📋   [WARN]     压缩失败 [EJ6JWZuDizP5r52lNiSLNh-7_1e1b45d9@ios]: Skipped due to cooking limit
[2026-03-28 19:41:02] 📋   [WARN]     压缩失败 [EJ6JWZuDizP5r52lNiSLNh-7_1e1b45d9@android]: Skipped due to cooking limit
[2026-03-28 19:41:02] 📋   [WARN]     压缩失败 [EJ6JWZuDizP5r52lNiSLNh-7_1e1b45d9@windows]: Skipped due to cooking limit
[2026-03-28 19:41:02] 📋   [WARN]     压缩失败 [EmmbKVRSvlTLWNwNbVcNTrIM_dd2774d2@ios]: Skipped due to cooking limit
[2026-03-28 19:41:02] 📋   [WARN]     压缩失败 [EmmbKVRSvlTLWNwNbVcNTrIM_dd2774d2@android]: Skipped due to cooking limit
[2026-03-28 19:41:02] 📋   [WARN]     压缩失败 [EmmbKVRSvlTLWNwNbVcNTrIM_dd2774d2@windows]: Skipped due to cooking limit
[2026-03-28 19:41:02] 📋   [WARN]     压缩失败 [Aa3eMVqXWJ211LQp1mnFeUSS_952136b6@ios]: Skipped due to cooking limit
[2026-03-28 19:41:02] 📋   [WARN]     压缩失败 [Aa3eMVqXWJ211LQp1mnFeUSS_952136b6@android]: Skipped due to cooking limit
[2026-03-28 19:41:02] 📋   [WARN]     压缩失败 [Aa3eMVqXWJ211LQp1mnFeUSS_952136b6@windows]: Skipped due to cooking limit
[2026-03-28 19:41:02] 📋   [WARN]     压缩失败 [DIH0WSJWkMmeuf5r9GCeTX1e_a0cb263d@ios]: Skipped due to cooking limit
[2026-03-28 19:41:02] 📋   [WARN]     压缩失败 [DIH0WSJWkMmeuf5r9GCeTX1e_a0cb263d@android]: Skipped due to cooking limit
[2026-03-28 19:41:02] 📋   [WARN]     压缩失败 [DIH0WSJWkMmeuf5r9GCeTX1e_a0cb263d@windows]: Skipped due to cooking limit
[2026-03-28 19:41:02] 📋   [WARN]     压缩失败 [BmovyXDD01DaQcAbva-Q1AfA_76a71ea8@ios]: Skipped due to cooking limit
[2026-03-28 19:41:02] 📋   [WARN]     压缩失败 [BmovyXDD01DaQcAbva-Q1AfA_76a71ea8@android]: Skipped due to cooking limit
[2026-03-28 19:41:02] 📋   [WARN]     压缩失败 [BmovyXDD01DaQcAbva-Q1AfA_76a71ea8@windows]: Skipped due to cooking limit
[2026-03-28 19:41:02] 📋   [WARN]     压缩失败 [GdGcKY5tHwnqjJBMHZG5n9nR_dcf82585@ios]: Skipped due to cooking limit
[2026-03-28 19:41:02] 📋   [WARN]     压缩失败 [GdGcKY5tHwnqjJBMHZG5n9nR_dcf82585@android]: Skipped due to cooking limit
[2026-03-28 19:41:02] 📋   [WARN]     压缩失败 [GdGcKY5tHwnqjJBMHZG5n9nR_dcf82585@windows]: Skipped due to cooking limit
[2026-03-28 19:41:02] 📋   [WARN]     压缩失败 [A-5_qbjl1UW8CGYoVEIsKXh3_2ffa48f8@ios]: Skipped due to cooking limit
[2026-03-28 19:41:02] 📋   [WARN]     压缩失败 [A-5_qbjl1UW8CGYoVEIsKXh3_2ffa48f8@android]: Skipped due to cooking limit
[2026-03-28 19:41:02] 📋   [WARN]     压缩失败 [A-5_qbjl1UW8CGYoVEIsKXh3_2ffa48f8@windows]: Skipped due to cooking limit
[2026-03-28 19:41:02] 📋   [WARN]     压缩失败 [D0t1aUngwAfta8JS5W9i2yb1_36fde323@ios]: Skipped due to cooking limit
[2026-03-28 19:41:02] 📋   [WARN]     压缩失败 [D0t1aUngwAfta8JS5W9i2yb1_36fde323@android]: Skipped due to cooking limit
[2026-03-28 19:41:02] 📋   [WARN]     压缩失败 [D0t1aUngwAfta8JS5W9i2yb1_36fde323@windows]: Skipped due to cooking limit
[2026-03-28 19:41:02] 📋   [WARN]     压缩失败 [CV45EUGNh9TsiSx_lBY5Udp__f55f22d7@ios]: Skipped due to cooking limit
[2026-03-28 19:41:02] 📋   [WARN]     压缩失败 [CV45EUGNh9TsiSx_lBY5Udp__f55f22d7@android]: Skipped due to cooking limit
[2026-03-28 19:41:02] 📋   [WARN]     压缩失败 [CV45EUGNh9TsiSx_lBY5Udp__f55f22d7@windows]: Skipped due to cooking limit
[2026-03-28 19:41:02] 📋   [WARN]     压缩失败 [BhrH8Tubo5vEYx7CMDTUufgO_8e128747@ios]: Skipped due to cooking limit
[2026-03-28 19:41:02] 📋   [WARN]     压缩失败 [BhrH8Tubo5vEYx7CMDTUufgO_8e128747@android]: Skipped due to cooking limit
[2026-03-28 19:41:02] 📋   [WARN]     压缩失败 [BhrH8Tubo5vEYx7CMDTUufgO_8e128747@windows]: Skipped due to cooking limit
[2026-03-28 19:41:02] 📋   [WARN]     压缩失败 [AsSoGTkNK6FYk-1ogibLk4bd_2fb128ed@ios]: Skipped due to cooking limit
[2026-03-28 19:41:02] 📋   [WARN]     压缩失败 [AsSoGTkNK6FYk-1ogibLk4bd_2fb128ed@android]: Skipped due to cooking limit
[2026-03-28 19:41:02] 📋   [WARN]     压缩失败 [AsSoGTkNK6FYk-1ogibLk4bd_2fb128ed@windows]: Skipped due to cooking limit
[2026-03-28 19:41:02] 📋   [WARN]     压缩失败 [EKcOUYRv0_wcnMeLN-1raigW_dd8666b7@ios]: Skipped due to cooking limit
[2026-03-28 19:41:02] 📋   [WARN]     压缩失败 [EKcOUYRv0_wcnMeLN-1raigW_dd8666b7@android]: Skipped due to cooking limit
[2026-03-28 19:41:02] 📋   [WARN]     压缩失败 [EKcOUYRv0_wcnMeLN-1raigW_dd8666b7@windows]: Skipped due to cooking limit
[2026-03-28 19:41:02] 📋   [WARN]     压缩失败 [FY6dmVFGVP1jwhb5J8DJPSXC_19dd4d11@ios]: Skipped due to cooking limit
[2026-03-28 19:41:02] 📋   [WARN]     压缩失败 [FY6dmVFGVP1jwhb5J8DJPSXC_19dd4d11@android]: Skipped due to cooking limit
[2026-03-28 19:41:02] 📋   [WARN]     压缩失败 [FY6dmVFGVP1jwhb5J8DJPSXC_19dd4d11@windows]: Skipped due to cooking limit
[2026-03-28 19:41:02] 📋   [WARN]     压缩失败 [B0tRyT6a6fdjJSaglWY-StLg_c8603144@ios]: Skipped due to cooking limit
[2026-03-28 19:41:02] 📋   [WARN]     压缩失败 [B0tRyT6a6fdjJSaglWY-StLg_c8603144@android]: Skipped due to cooking limit
[2026-03-28 19:41:02] 📋   [WARN]     压缩失败 [B0tRyT6a6fdjJSaglWY-StLg_c8603144@windows]: Skipped due to cooking limit
[2026-03-28 19:41:02] 📋   [WARN]     压缩失败 [BF2fqR18c8USNns1qDsmDYs1_1f238a3d@ios]: Skipped due to cooking limit
[2026-03-28 19:41:02] 📋   [WARN]     压缩失败 [BF2fqR18c8USNns1qDsmDYs1_1f238a3d@android]: Skipped due to cooking limit
[2026-03-28 19:41:02] 📋   [WARN]     压缩失败 [BF2fqR18c8USNns1qDsmDYs1_1f238a3d@windows]: Skipped due to cooking limit
[2026-03-28 19:41:02] 📋   [WARN]     压缩失败 [GLgWOZwgl5GPtzDtB81-3KaP_de32a3f7@ios]: Skipped due to cooking limit
[2026-03-28 19:41:02] 📋   [WARN]     压缩失败 [GLgWOZwgl5GPtzDtB81-3KaP_de32a3f7@android]: Skipped due to cooking limit
[2026-03-28 19:41:02] 📋   [WARN]     压缩失败 [GLgWOZwgl5GPtzDtB81-3KaP_de32a3f7@windows]: Skipped due to cooking limit
[2026-03-28 19:41:02] 📋   [WARN]     压缩失败 [EeLQYb5ptP0Lqn4ZZM2BxUSG_2b6170a5@ios]: Skipped due to cooking limit
[2026-03-28 19:41:02] 📋   [WARN]     压缩失败 [EeLQYb5ptP0Lqn4ZZM2BxUSG_2b6170a5@android]: Skipped due to cooking limit
[2026-03-28 19:41:02] 📋   [WARN]     压缩失败 [EeLQYb5ptP0Lqn4ZZM2BxUSG_2b6170a5@windows]: Skipped due to cooking limit
[2026-03-28 19:41:02] 📋   [WARN]     压缩失败 [HtTeiQ9TLYuZpmH0KoSW9b0W_71fb1264@ios]: Skipped due to cooking limit
[2026-03-28 19:41:02] 📋   [WARN]     压缩失败 [HtTeiQ9TLYuZpmH0KoSW9b0W_71fb1264@android]: Skipped due to cooking limit
[2026-03-28 19:41:02] 📋   [WARN]     压缩失败 [HtTeiQ9TLYuZpmH0KoSW9b0W_71fb1264@windows]: Skipped due to cooking limit
[2026-03-28 19:41:02] 📋   [WARN]     压缩失败 [CkmQWfgqgxp1WA8nBVVPO4YO_9a704c8a@ios]: Skipped due to cooking limit
[2026-03-28 19:41:02] 📋   [WARN]     压缩失败 [CkmQWfgqgxp1WA8nBVVPO4YO_9a704c8a@android]: Skipped due to cooking limit
[2026-03-28 19:41:02] 📋   [WARN]     压缩失败 [CkmQWfgqgxp1WA8nBVVPO4YO_9a704c8a@windows]: Skipped due to cooking limit
[2026-03-28 19:41:02] 📋   [WARN]     压缩失败 [BUNNIdMLsNFI6hdnvTpsxuX4_7470a80b@ios]: Skipped due to cooking limit
[2026-03-28 19:41:02] 📋   [WARN]     压缩失败 [BUNNIdMLsNFI6hdnvTpsxuX4_7470a80b@android]: Skipped due to cooking limit
[2026-03-28 19:41:02] 📋   [WARN]     压缩失败 [BUNNIdMLsNFI6hdnvTpsxuX4_7470a80b@windows]: Skipped due to cooking limit
[2026-03-28 19:41:02] 📋   [WARN]     压缩失败 [BdIQYd5bNAH5m4mUPNAo62OQ_8f80e380@ios]: Skipped due to cooking limit
[2026-03-28 19:41:02] 📋   [WARN]     压缩失败 [BdIQYd5bNAH5m4mUPNAo62OQ_8f80e380@android]: Skipped due to cooking limit
[2026-03-28 19:41:02] 📋   [WARN]     压缩失败 [BdIQYd5bNAH5m4mUPNAo62OQ_8f80e380@windows]: Skipped due to cooking limit
[2026-03-28 19:41:02] 📋   [WARN]     压缩失败 [BdfEkagw3WeXH7kKOeTSTBeA_df80f91a@ios]: Skipped due to cooking limit
[2026-03-28 19:41:02] 📋   [WARN]     压缩失败 [BdfEkagw3WeXH7kKOeTSTBeA_df80f91a@android]: Skipped due to cooking limit
[2026-03-28 19:41:02] 📋   [WARN]     压缩失败 [BdfEkagw3WeXH7kKOeTSTBeA_df80f91a@windows]: Skipped due to cooking limit
[2026-03-28 19:41:02] 📋   [WARN]     压缩失败 [GKLQCQGcqkzrhNY7Ok0lTf5Y_8fe9dbbb@ios]: Skipped due to cooking limit
[2026-03-28 19:41:02] 📋   [WARN]     压缩失败 [GKLQCQGcqkzrhNY7Ok0lTf5Y_8fe9dbbb@android]: Skipped due to cooking limit
[2026-03-28 19:41:02] 📋   [WARN]     压缩失败 [GKLQCQGcqkzrhNY7Ok0lTf5Y_8fe9dbbb@windows]: Skipped due to cooking limit
[2026-03-28 19:41:02] 📋   [WARN]     压缩失败 [FS4IAShylMJsYPmRzctgtm9O_dc053cd1@ios]: Skipped due to cooking limit
[2026-03-28 19:41:02] 📋   [WARN]     压缩失败 [FS4IAShylMJsYPmRzctgtm9O_dc053cd1@android]: Skipped due to cooking limit
[2026-03-28 19:41:02] 📋   [WARN]     压缩失败 [FS4IAShylMJsYPmRzctgtm9O_dc053cd1@windows]: Skipped due to cooking limit
[2026-03-28 19:41:02] 📋   [WARN]     压缩失败 [FzJKKSVDSVcEZd5Wgdj9smnM_e55aabe7@ios]: Skipped due to cooking limit
[2026-03-28 19:41:02] 📋   [WARN]     压缩失败 [FzJKKSVDSVcEZd5Wgdj9smnM_e55aabe7@android]: Skipped due to cooking limit
[2026-03-28 19:41:02] 📋   [WARN]     压缩失败 [FzJKKSVDSVcEZd5Wgdj9smnM_e55aabe7@windows]: Skipped due to cooking limit
[2026-03-28 19:41:02] 📋   [WARN]     压缩失败 [CZHAUTpUtbsEE02JXWMv09b-_ae675cd5@ios]: Skipped due to cooking limit
[2026-03-28 19:41:02] 📋   [WARN]     压缩失败 [CZHAUTpUtbsEE02JXWMv09b-_ae675cd5@android]: Skipped due to cooking limit
[2026-03-28 19:41:02] 📋   [WARN]     压缩失败 [CZHAUTpUtbsEE02JXWMv09b-_ae675cd5@windows]: Skipped due to cooking limit
[2026-03-28 19:41:02] 📋   [WARN]     压缩失败 [HdkGGUCjAAjDUO5_ionpXgl3_75291bec@ios]: Skipped due to cooking limit
[2026-03-28 19:41:02] 📋   [WARN]     压缩失败 [HdkGGUCjAAjDUO5_ionpXgl3_75291bec@android]: Skipped due to cooking limit
[2026-03-28 19:41:02] 📋   [WARN]     压缩失败 [HdkGGUCjAAjDUO5_ionpXgl3_75291bec@windows]: Skipped due to cooking limit
[2026-03-28 19:41:02] 📋   [WARN]     压缩失败 [DwSnIf6Uk7U-3H42JrG0-dvu_b104f049@ios]: Skipped due to cooking limit
[2026-03-28 19:41:02] 📋   [WARN]     压缩失败 [DwSnIf6Uk7U-3H42JrG0-dvu_b104f049@android]: Skipped due to cooking limit
[2026-03-28 19:41:02] 📋   [WARN]     压缩失败 [DwSnIf6Uk7U-3H42JrG0-dvu_b104f049@windows]: Skipped due to cooking limit
[2026-03-28 19:41:02] 📋   [WARN]     压缩失败 [FbCcIQWRACNufTubOPzAVaHN_f18165bb@ios]: Skipped due to cooking limit
[2026-03-28 19:41:02] 📋   [WARN]     压缩失败 [FbCcIQWRACNufTubOPzAVaHN_f18165bb@android]: Skipped due to cooking limit
[2026-03-28 19:41:02] 📋   [WARN]     压缩失败 [FbCcIQWRACNufTubOPzAVaHN_f18165bb@windows]: Skipped due to cooking limit
[2026-03-28 19:41:02] 📋   [WARN]     压缩失败 [DHRIOaGLy1X4cwJs5ZcKX17u_f04c282a@ios]: Skipped due to cooking limit
[2026-03-28 19:41:02] 📋   [WARN]     压缩失败 [DHRIOaGLy1X4cwJs5ZcKX17u_f04c282a@android]: Skipped due to cooking limit
[2026-03-28 19:41:02] 📋   [WARN]     压缩失败 [DHRIOaGLy1X4cwJs5ZcKX17u_f04c282a@windows]: Skipped due to cooking limit
[2026-03-28 19:41:02] 📋   [WARN]     压缩失败 [CQ_RUU59sfYle0xZDF_1JrKj_2063d693@ios]: Skipped due to cooking limit
[2026-03-28 19:41:02] 📋   [WARN]     压缩失败 [CQ_RUU59sfYle0xZDF_1JrKj_2063d693@android]: Skipped due to cooking limit
[2026-03-28 19:41:02] 📋   [WARN]     压缩失败 [CQ_RUU59sfYle0xZDF_1JrKj_2063d693@windows]: Skipped due to cooking limit
[2026-03-28 19:41:02] 📋   [WARN]     压缩失败 [FzK6EUMlaCv0hLbyaGFCth92_fd95056f@ios]: Skipped due to cooking limit
[2026-03-28 19:41:02] 📋   [WARN]     压缩失败 [FzK6EUMlaCv0hLbyaGFCth92_fd95056f@android]: Skipped due to cooking limit
[2026-03-28 19:41:02] 📋   [WARN]     压缩失败 [FzK6EUMlaCv0hLbyaGFCth92_fd95056f@windows]: Skipped due to cooking limit
[2026-03-28 19:41:02] 📋   [WARN]     压缩失败 [CshnGSRhyvWpvsmlUju-oZdC_bea46ecf@ios]: Skipped due to cooking limit
[2026-03-28 19:41:02] 📋   [WARN]     压缩失败 [CshnGSRhyvWpvsmlUju-oZdC_bea46ecf@android]: Skipped due to cooking limit
[2026-03-28 19:41:02] 📋   [WARN]     压缩失败 [CshnGSRhyvWpvsmlUju-oZdC_bea46ecf@windows]: Skipped due to cooking limit
[2026-03-28 19:41:02] 📋   [WARN]     压缩失败 [DXkpoYsWSC1yB-mbIvDYV99A_ebfcc06b@ios]: Skipped due to cooking limit
[2026-03-28 19:41:02] 📋   [WARN]     压缩失败 [DXkpoYsWSC1yB-mbIvDYV99A_ebfcc06b@android]: Skipped due to cooking limit
[2026-03-28 19:41:02] 📋   [WARN]     压缩失败 [DXkpoYsWSC1yB-mbIvDYV99A_ebfcc06b@windows]: Skipped due to cooking limit
[2026-03-28 19:41:02] 📋   [WARN]     压缩失败 [HQJqaVnuw-0x8b0kMn4GYcS-_fcfd5fc4@ios]: Skipped due to cooking limit
[2026-03-28 19:41:02] 📋   [WARN]     压缩失败 [HQJqaVnuw-0x8b0kMn4GYcS-_fcfd5fc4@android]: Skipped due to cooking limit
[2026-03-28 19:41:02] 📋   [WARN]     压缩失败 [HQJqaVnuw-0x8b0kMn4GYcS-_fcfd5fc4@windows]: Skipped due to cooking limit
[2026-03-28 19:41:03] 📋   [WARN]     压缩失败 [Gc2TcSK4ubkzU6xvcuO2y_TE_1ec96746@ios]: Skipped due to cooking limit
[2026-03-28 19:41:03] 📋   [WARN]     压缩失败 [Gc2TcSK4ubkzU6xvcuO2y_TE_1ec96746@android]: Skipped due to cooking limit
[2026-03-28 19:41:03] 📋   [WARN]     压缩失败 [Gc2TcSK4ubkzU6xvcuO2y_TE_1ec96746@windows]: Skipped due to cooking limit
[2026-03-28 19:41:03] 📋   [WARN]     压缩失败 [C8OnyYFBCOdvkRFuNwwGh2MK_f6febb02@ios]: Skipped due to cooking limit
[2026-03-28 19:41:03] 📋   [WARN]     压缩失败 [C8OnyYFBCOdvkRFuNwwGh2MK_f6febb02@android]: Skipped due to cooking limit
[2026-03-28 19:41:03] 📋   [WARN]     压缩失败 [C8OnyYFBCOdvkRFuNwwGh2MK_f6febb02@windows]: Skipped due to cooking limit
[2026-03-28 19:41:03] 📋   [WARN]     压缩失败 [BoGsWciCKXyNOgemER_kcBuX_2e09490c@ios]: Skipped due to cooking limit
[2026-03-28 19:41:03] 📋   [WARN]     压缩失败 [BoGsWciCKXyNOgemER_kcBuX_2e09490c@android]: Skipped due to cooking limit
[2026-03-28 19:41:03] 📋   [WARN]     压缩失败 [BoGsWciCKXyNOgemER_kcBuX_2e09490c@windows]: Skipped due to cooking limit
[2026-03-28 19:41:03] 📋   [WARN]     压缩失败 [HoEcwbY2PX6BbIKnGBjwGRiB_4c0abb92@ios]: Skipped due to cooking limit
[2026-03-28 19:41:03] 📋   [WARN]     压缩失败 [HoEcwbY2PX6BbIKnGBjwGRiB_4c0abb92@android]: Skipped due to cooking limit
[2026-03-28 19:41:03] 📋   [WARN]     压缩失败 [HoEcwbY2PX6BbIKnGBjwGRiB_4c0abb92@windows]: Skipped due to cooking limit
[2026-03-28 19:41:03] 📋   [WARN]     压缩失败 [Coh1EUljfCeUMoB_qk3JAp95_e1e8539a@ios]: Skipped due to cooking limit
[2026-03-28 19:41:03] 📋   [WARN]     压缩失败 [Coh1EUljfCeUMoB_qk3JAp95_e1e8539a@android]: Skipped due to cooking limit
[2026-03-28 19:41:03] 📋   [WARN]     压缩失败 [Coh1EUljfCeUMoB_qk3JAp95_e1e8539a@windows]: Skipped due to cooking limit
[2026-03-28 19:41:03] 📋   [WARN]     压缩失败 [Arp_QRq47xV_t_fCVYnFRSqw_4b11d4ea@ios]: Skipped due to cooking limit
[2026-03-28 19:41:03] 📋   [WARN]     压缩失败 [Arp_QRq47xV_t_fCVYnFRSqw_4b11d4ea@android]: Skipped due to cooking limit
[2026-03-28 19:41:03] 📋   [WARN]     压缩失败 [Arp_QRq47xV_t_fCVYnFRSqw_4b11d4ea@windows]: Skipped due to cooking limit
[2026-03-28 19:41:03] 📋   [WARN]     压缩失败 [BPL6yX-31D4QlIJWYNSTM4S8_7ada317a@ios]: Skipped due to cooking limit
[2026-03-28 19:41:03] 📋   [WARN]     压缩失败 [BPL6yX-31D4QlIJWYNSTM4S8_7ada317a@android]: Skipped due to cooking limit
[2026-03-28 19:41:03] 📋   [WARN]     压缩失败 [BPL6yX-31D4QlIJWYNSTM4S8_7ada317a@windows]: Skipped due to cooking limit
[2026-03-28 19:41:03] 📋   [WARN]     压缩失败 [EWZneeIz8r2BscrMdl1rt4FY_15c1aa4f@ios]: Skipped due to cooking limit
[2026-03-28 19:41:03] 📋   [WARN]     压缩失败 [EWZneeIz8r2BscrMdl1rt4FY_15c1aa4f@android]: Skipped due to cooking limit
[2026-03-28 19:41:03] 📋   [WARN]     压缩失败 [EWZneeIz8r2BscrMdl1rt4FY_15c1aa4f@windows]: Skipped due to cooking limit
[2026-03-28 19:41:03] 📋   [WARN]     压缩失败 [F9a_ubqTlqLltTE0NRAQQLMQ_a3ab95ad@ios]: Skipped due to cooking limit
[2026-03-28 19:41:03] 📋   [WARN]     压缩失败 [F9a_ubqTlqLltTE0NRAQQLMQ_a3ab95ad@android]: Skipped due to cooking limit
[2026-03-28 19:41:03] 📋   [WARN]     压缩失败 [F9a_ubqTlqLltTE0NRAQQLMQ_a3ab95ad@windows]: Skipped due to cooking limit
[2026-03-28 19:41:03] 📋   [WARN]     压缩失败 [Ag0oSRvOFLs6E-GezG3a8ZuS_f9c96934@ios]: Skipped due to cooking limit
[2026-03-28 19:41:03] 📋   [WARN]     压缩失败 [Ag0oSRvOFLs6E-GezG3a8ZuS_f9c96934@android]: Skipped due to cooking limit
[2026-03-28 19:41:03] 📋   [WARN]     压缩失败 [Ag0oSRvOFLs6E-GezG3a8ZuS_f9c96934@windows]: Skipped due to cooking limit
[2026-03-28 19:41:03] 📋   [WARN]     压缩失败 [D3n9MXmjldR0vCtbH8VBhIpg_c2a3b7d6@ios]: Skipped due to cooking limit
[2026-03-28 19:41:03] 📋   [WARN]     压缩失败 [D3n9MXmjldR0vCtbH8VBhIpg_c2a3b7d6@android]: Skipped due to cooking limit
[2026-03-28 19:41:03] 📋   [WARN]     压缩失败 [D3n9MXmjldR0vCtbH8VBhIpg_c2a3b7d6@windows]: Skipped due to cooking limit
[2026-03-28 19:41:03] 📋   [WARN]     压缩失败 [HK6dKU6tVh9BkiSPsm35cCQI_4a437e4d@ios]: Skipped due to cooking limit
[2026-03-28 19:41:03] 📋   [WARN]     压缩失败 [HK6dKU6tVh9BkiSPsm35cCQI_4a437e4d@android]: Skipped due to cooking limit
[2026-03-28 19:41:03] 📋   [WARN]     压缩失败 [HK6dKU6tVh9BkiSPsm35cCQI_4a437e4d@windows]: Skipped due to cooking limit
[2026-03-28 19:41:03] 📋   [WARN]     压缩失败 [FQJ5qeigor6-CT4spH2whLrB_242eaa97@ios]: Skipped due to cooking limit
[2026-03-28 19:41:03] 📋   [WARN]     压缩失败 [FQJ5qeigor6-CT4spH2whLrB_242eaa97@android]: Skipped due to cooking limit
[2026-03-28 19:41:03] 📋   [WARN]     压缩失败 [FQJ5qeigor6-CT4spH2whLrB_242eaa97@windows]: Skipped due to cooking limit
[2026-03-28 19:41:03] 📋   [WARN]     压缩失败 [Ah3w6TkHyC4Cc29CqUVmkfaJ_c99fa1f4@ios]: Skipped due to cooking limit
[2026-03-28 19:41:03] 📋   [WARN]     压缩失败 [Ah3w6TkHyC4Cc29CqUVmkfaJ_c99fa1f4@android]: Skipped due to cooking limit
[2026-03-28 19:41:03] 📋   [WARN]     压缩失败 [Ah3w6TkHyC4Cc29CqUVmkfaJ_c99fa1f4@windows]: Skipped due to cooking limit
[2026-03-28 19:41:03] 📋   [WARN]     压缩失败 [BR_PIQoGeP8v9hS_CCq2RDJJ_fa1336f7@ios]: Skipped due to cooking limit
[2026-03-28 19:41:03] 📋   [WARN]     压缩失败 [BR_PIQoGeP8v9hS_CCq2RDJJ_fa1336f7@android]: Skipped due to cooking limit
[2026-03-28 19:41:03] 📋   [WARN]     压缩失败 [BR_PIQoGeP8v9hS_CCq2RDJJ_fa1336f7@windows]: Skipped due to cooking limit
[2026-03-28 19:41:03] 📋   [WARN]     压缩失败 [AMMCqd8IEUNERC7uEUbm55uw_7c8c916d@ios]: Skipped due to cooking limit
[2026-03-28 19:41:03] 📋   [WARN]     压缩失败 [AMMCqd8IEUNERC7uEUbm55uw_7c8c916d@android]: Skipped due to cooking limit
[2026-03-28 19:41:03] 📋   [WARN]     压缩失败 [AMMCqd8IEUNERC7uEUbm55uw_7c8c916d@windows]: Skipped due to cooking limit
[2026-03-28 19:41:03] 📋   [WARN]     压缩失败 [BQ0tGSWyDZuJvf22ix7JWKCa_4d9e4626@ios]: Skipped due to cooking limit
[2026-03-28 19:41:03] 📋   [WARN]     压缩失败 [BQ0tGSWyDZuJvf22ix7JWKCa_4d9e4626@android]: Skipped due to cooking limit
[2026-03-28 19:41:03] 📋   [WARN]     压缩失败 [BQ0tGSWyDZuJvf22ix7JWKCa_4d9e4626@windows]: Skipped due to cooking limit
[2026-03-28 19:41:03] 📋   [WARN]     压缩失败 [BmrvGXPTpR6EltsxtDLwRJvS_46e72773@ios]: Skipped due to cooking limit
[2026-03-28 19:41:03] 📋   [WARN]     压缩失败 [BmrvGXPTpR6EltsxtDLwRJvS_46e72773@android]: Skipped due to cooking limit
[2026-03-28 19:41:03] 📋   [WARN]     压缩失败 [BmrvGXPTpR6EltsxtDLwRJvS_46e72773@windows]: Skipped due to cooking limit
[2026-03-28 19:41:03] 📋   [WARN]     压缩失败 [AsQlcR1vGp7I91wpvRd5117v_1dfd1975@ios]: Skipped due to cooking limit
[2026-03-28 19:41:03] 📋   [WARN]     压缩失败 [AsQlcR1vGp7I91wpvRd5117v_1dfd1975@android]: Skipped due to cooking limit
[2026-03-28 19:41:03] 📋   [WARN]     压缩失败 [AsQlcR1vGp7I91wpvRd5117v_1dfd1975@windows]: Skipped due to cooking limit
[2026-03-28 19:41:03] 📋   [WARN]     压缩失败 [DDhkIalcufaLyjSe2m1YwlMh_0ea022e9@ios]: Skipped due to cooking limit
[2026-03-28 19:41:03] 📋   [WARN]     压缩失败 [DDhkIalcufaLyjSe2m1YwlMh_0ea022e9@android]: Skipped due to cooking limit
[2026-03-28 19:41:03] 📋   [WARN]     压缩失败 [DDhkIalcufaLyjSe2m1YwlMh_0ea022e9@windows]: Skipped due to cooking limit
[2026-03-28 19:41:03] 📋   [WARN]     压缩失败 [GmHWkWXDyM1_THoPyMUlO4eX_9c5f2433@ios]: Skipped due to cooking limit
[2026-03-28 19:41:03] 📋   [WARN]     压缩失败 [GmHWkWXDyM1_THoPyMUlO4eX_9c5f2433@android]: Skipped due to cooking limit
[2026-03-28 19:41:03] 📋   [WARN]     压缩失败 [GmHWkWXDyM1_THoPyMUlO4eX_9c5f2433@windows]: Skipped due to cooking limit
[2026-03-28 19:41:03] 📋   [WARN]     压缩失败 [BxjHeUcjKuXEl377tF4OeAA0_00589fa7@ios]: Skipped due to cooking limit
[2026-03-28 19:41:03] 📋   [WARN]     压缩失败 [BxjHeUcjKuXEl377tF4OeAA0_00589fa7@android]: Skipped due to cooking limit
[2026-03-28 19:41:03] 📋   [WARN]     压缩失败 [BxjHeUcjKuXEl377tF4OeAA0_00589fa7@windows]: Skipped due to cooking limit
[2026-03-28 19:41:03] 📋   [WARN]     压缩失败 [B4OrCf68yjfHtjmestJDnux-_6dc99d23@ios]: Skipped due to cooking limit
[2026-03-28 19:41:03] 📋   [WARN]     压缩失败 [B4OrCf68yjfHtjmestJDnux-_6dc99d23@android]: Skipped due to cooking limit
[2026-03-28 19:41:03] 📋   [WARN]     压缩失败 [B4OrCf68yjfHtjmestJDnux-_6dc99d23@windows]: Skipped due to cooking limit
[2026-03-28 19:41:03] 📋   [WARN]     压缩失败 [HU2m2VGGmiYPtxe4G9BXJqp__b8d84e82@ios]: Skipped due to cooking limit
[2026-03-28 19:41:03] 📋   [WARN]     压缩失败 [HU2m2VGGmiYPtxe4G9BXJqp__b8d84e82@android]: Skipped due to cooking limit
[2026-03-28 19:41:03] 📋   [WARN]     压缩失败 [HU2m2VGGmiYPtxe4G9BXJqp__b8d84e82@windows]: Skipped due to cooking limit
[2026-03-28 19:41:03] 📋   [WARN]     压缩失败 [DiRagSaDRttwCuPxQbP94tCx_a709a179@ios]: Skipped due to cooking limit
[2026-03-28 19:41:03] 📋   [WARN]     压缩失败 [DiRagSaDRttwCuPxQbP94tCx_a709a179@android]: Skipped due to cooking limit
[2026-03-28 19:41:03] 📋   [WARN]     压缩失败 [DiRagSaDRttwCuPxQbP94tCx_a709a179@windows]: Skipped due to cooking limit
[2026-03-28 19:41:03] 📋   [WARN]     压缩失败 [AxHR4X3fNIWtCUFmtZhwddPu_3c884a0f@ios]: Skipped due to cooking limit
[2026-03-28 19:41:03] 📋   [WARN]     压缩失败 [AxHR4X3fNIWtCUFmtZhwddPu_3c884a0f@android]: Skipped due to cooking limit
[2026-03-28 19:41:03] 📋   [WARN]     压缩失败 [AxHR4X3fNIWtCUFmtZhwddPu_3c884a0f@windows]: Skipped due to cooking limit
[2026-03-28 19:41:03] 📋   [WARN]     压缩失败 [FFR4wTAH5GNLft010jxXe3I-_239a7730@ios]: Skipped due to cooking limit
[2026-03-28 19:41:03] 📋   [WARN]     压缩失败 [FFR4wTAH5GNLft010jxXe3I-_239a7730@android]: Skipped due to cooking limit
[2026-03-28 19:41:03] 📋   [WARN]     压缩失败 [FFR4wTAH5GNLft010jxXe3I-_239a7730@windows]: Skipped due to cooking limit
[2026-03-28 19:41:03] 📋   [WARN]     压缩失败 [BOvjAfuJIPMaA1e7Rjr2PLob_4ebc2ab6@ios]: Skipped due to cooking limit
[2026-03-28 19:41:03] 📋   [WARN]     压缩失败 [BOvjAfuJIPMaA1e7Rjr2PLob_4ebc2ab6@android]: Skipped due to cooking limit
[2026-03-28 19:41:03] 📋   [WARN]     压缩失败 [BOvjAfuJIPMaA1e7Rjr2PLob_4ebc2ab6@windows]: Skipped due to cooking limit
[2026-03-28 19:41:03] 📋   [WARN]     压缩失败 [D_dquQyP3AyQ_nis4P_Gc67o_5dc4cde0@ios]: Skipped due to cooking limit
[2026-03-28 19:41:03] 📋   [WARN]     压缩失败 [D_dquQyP3AyQ_nis4P_Gc67o_5dc4cde0@android]: Skipped due to cooking limit
[2026-03-28 19:41:03] 📋   [WARN]     压缩失败 [D_dquQyP3AyQ_nis4P_Gc67o_5dc4cde0@windows]: Skipped due to cooking limit
[2026-03-28 19:41:03] 📋   [WARN]     压缩失败 [GYnYeWta6VALdNmI2SsFuZsK_84cf0802@ios]: Skipped due to cooking limit
[2026-03-28 19:41:03] 📋   [WARN]     压缩失败 [GYnYeWta6VALdNmI2SsFuZsK_84cf0802@android]: Skipped due to cooking limit
[2026-03-28 19:41:03] 📋   [WARN]     压缩失败 [GYnYeWta6VALdNmI2SsFuZsK_84cf0802@windows]: Skipped due to cooking limit
[2026-03-28 19:41:03] 📋   [WARN]     压缩失败 [E3nOSdrM5B4dq28NBNDxlq1i_d527b8dd@ios]: Skipped due to cooking limit
[2026-03-28 19:41:03] 📋   [WARN]     压缩失败 [E3nOSdrM5B4dq28NBNDxlq1i_d527b8dd@android]: Skipped due to cooking limit
[2026-03-28 19:41:03] 📋   [WARN]     压缩失败 [E3nOSdrM5B4dq28NBNDxlq1i_d527b8dd@windows]: Skipped due to cooking limit
[2026-03-28 19:41:03] 📋   [WARN]     压缩失败 [AuJl-doXsGJSoP6hJENcwO_p_43d36521@ios]: Skipped due to cooking limit
[2026-03-28 19:41:03] 📋   [WARN]     压缩失败 [AuJl-doXsGJSoP6hJENcwO_p_43d36521@android]: Skipped due to cooking limit
[2026-03-28 19:41:03] 📋   [WARN]     压缩失败 [AuJl-doXsGJSoP6hJENcwO_p_43d36521@windows]: Skipped due to cooking limit
[2026-03-28 19:41:03] 📋   [WARN]     压缩失败 [B1TbuaY8DfZbIOoofZT1ywCF_47d485eb@ios]: Skipped due to cooking limit
[2026-03-28 19:41:03] 📋   [WARN]     压缩失败 [B1TbuaY8DfZbIOoofZT1ywCF_47d485eb@android]: Skipped due to cooking limit
[2026-03-28 19:41:03] 📋   [WARN]     压缩失败 [B1TbuaY8DfZbIOoofZT1ywCF_47d485eb@windows]: Skipped due to cooking limit
[2026-03-28 19:41:03] 📋   [WARN]     压缩失败 [BwuPGYxNgzsA05AYxMJQ7XYm_032b4334@ios]: Skipped due to cooking limit
[2026-03-28 19:41:03] 📋   [WARN]     压缩失败 [BwuPGYxNgzsA05AYxMJQ7XYm_032b4334@android]: Skipped due to cooking limit
[2026-03-28 19:41:03] 📋   [WARN]     压缩失败 [BwuPGYxNgzsA05AYxMJQ7XYm_032b4334@windows]: Skipped due to cooking limit
[2026-03-28 19:41:03] 📋   [WARN]     压缩失败 [FInKWZ3c4Yr5EWy6DUEWOhqr_aa488f55@ios]: Skipped due to cooking limit
[2026-03-28 19:41:03] 📋   [WARN]     压缩失败 [FInKWZ3c4Yr5EWy6DUEWOhqr_aa488f55@android]: Skipped due to cooking limit
[2026-03-28 19:41:03] 📋   [WARN]     压缩失败 [FInKWZ3c4Yr5EWy6DUEWOhqr_aa488f55@windows]: Skipped due to cooking limit
[2026-03-28 19:41:03] 📋   [WARN]     压缩失败 [CMbfWZ2kDT4Ob1nN9s8nVJeb_a6a68070@ios]: Skipped due to cooking limit
[2026-03-28 19:41:03] 📋   [WARN]     压缩失败 [CMbfWZ2kDT4Ob1nN9s8nVJeb_a6a68070@android]: Skipped due to cooking limit
[2026-03-28 19:41:03] 📋   [WARN]     压缩失败 [CMbfWZ2kDT4Ob1nN9s8nVJeb_a6a68070@windows]: Skipped due to cooking limit
[2026-03-28 19:41:03] 📋   [WARN]     压缩失败 [Bpn14T_zqbIFGinQs_orhseM_473f7980@ios]: Skipped due to cooking limit
[2026-03-28 19:41:03] 📋   [WARN]     压缩失败 [Bpn14T_zqbIFGinQs_orhseM_473f7980@android]: Skipped due to cooking limit
[2026-03-28 19:41:03] 📋   [WARN]     压缩失败 [Bpn14T_zqbIFGinQs_orhseM_473f7980@windows]: Skipped due to cooking limit
[2026-03-28 19:41:03] 📋   [WARN]     压缩失败 [FUO6ic9clUTbLgOeZTIJ0l_S_923e277c@ios]: Skipped due to cooking limit
[2026-03-28 19:41:03] 📋   [WARN]     压缩失败 [FUO6ic9clUTbLgOeZTIJ0l_S_923e277c@android]: Skipped due to cooking limit
[2026-03-28 19:41:03] 📋   [WARN]     压缩失败 [FUO6ic9clUTbLgOeZTIJ0l_S_923e277c@windows]: Skipped due to cooking limit
[2026-03-28 19:41:03] 📋   [WARN]     压缩失败 [GYx4WQniwD0Sxp5i-BzcA8et_aed0d63d@ios]: Skipped due to cooking limit
[2026-03-28 19:41:03] 📋   [WARN]     压缩失败 [GYx4WQniwD0Sxp5i-BzcA8et_aed0d63d@android]: Skipped due to cooking limit
[2026-03-28 19:41:03] 📋   [WARN]     压缩失败 [GYx4WQniwD0Sxp5i-BzcA8et_aed0d63d@windows]: Skipped due to cooking limit
[2026-03-28 19:41:03] 📋   [WARN]     压缩失败 [DuArmZgtfx6GeIyvVcz6nbm6_845c9ed6@ios]: Skipped due to cooking limit
[2026-03-28 19:41:03] 📋   [WARN]     压缩失败 [DuArmZgtfx6GeIyvVcz6nbm6_845c9ed6@android]: Skipped due to cooking limit
[2026-03-28 19:41:03] 📋   [WARN]     压缩失败 [DuArmZgtfx6GeIyvVcz6nbm6_845c9ed6@windows]: Skipped due to cooking limit
[2026-03-28 19:41:03] 📋   [WARN]     压缩失败 [HKAlcV3h_ZoJU6vrAEw4Bnj2_b90f77e4@ios]: Skipped due to cooking limit
[2026-03-28 19:41:03] 📋   [WARN]     压缩失败 [HKAlcV3h_ZoJU6vrAEw4Bnj2_b90f77e4@android]: Skipped due to cooking limit
[2026-03-28 19:41:03] 📋   [WARN]     压缩失败 [HKAlcV3h_ZoJU6vrAEw4Bnj2_b90f77e4@windows]: Skipped due to cooking limit
[2026-03-28 19:41:03] 📋   [WARN]     压缩失败 [CXhxWdSBNohZhoCJWTMj0ZKA_e0452a1b@ios]: Skipped due to cooking limit
[2026-03-28 19:41:03] 📋   [WARN]     压缩失败 [CXhxWdSBNohZhoCJWTMj0ZKA_e0452a1b@android]: Skipped due to cooking limit
[2026-03-28 19:41:03] 📋   [WARN]     压缩失败 [CXhxWdSBNohZhoCJWTMj0ZKA_e0452a1b@windows]: Skipped due to cooking limit
[2026-03-28 19:41:03] 📋   [WARN]     压缩失败 [Elos8e9tw2xVespwgNvM2isa_81f86cd5@ios]: Skipped due to cooking limit
[2026-03-28 19:41:03] 📋   [WARN]     压缩失败 [Elos8e9tw2xVespwgNvM2isa_81f86cd5@android]: Skipped due to cooking limit
[2026-03-28 19:41:03] 📋   [WARN]     压缩失败 [Elos8e9tw2xVespwgNvM2isa_81f86cd5@windows]: Skipped due to cooking limit
[2026-03-28 19:41:03] 📋   [WARN]     压缩失败 [AolBqdq_ek5UMad1w0y7BznH_bd605ee2@ios]: Skipped due to cooking limit
[2026-03-28 19:41:03] 📋   [WARN]     压缩失败 [AolBqdq_ek5UMad1w0y7BznH_bd605ee2@android]: Skipped due to cooking limit
[2026-03-28 19:41:03] 📋   [WARN]     压缩失败 [AolBqdq_ek5UMad1w0y7BznH_bd605ee2@windows]: Skipped due to cooking limit
[2026-03-28 19:41:03] 📋   [WARN]     压缩失败 [CoMiuWg-GkKxhjvEnVvvAbzf_c8d43160@ios]: Skipped due to cooking limit
[2026-03-28 19:41:03] 📋   [WARN]     压缩失败 [CoMiuWg-GkKxhjvEnVvvAbzf_c8d43160@android]: Skipped due to cooking limit
[2026-03-28 19:41:03] 📋   [WARN]     压缩失败 [CoMiuWg-GkKxhjvEnVvvAbzf_c8d43160@windows]: Skipped due to cooking limit
[2026-03-28 19:41:03] 📋   [WARN]     压缩失败 [Drka6SbLUes85CLeOIdR1fhI_68b02b31@ios]: Skipped due to cooking limit
[2026-03-28 19:41:03] 📋   [WARN]     压缩失败 [Drka6SbLUes85CLeOIdR1fhI_68b02b31@android]: Skipped due to cooking limit
[2026-03-28 19:41:03] 📋   [WARN]     压缩失败 [Drka6SbLUes85CLeOIdR1fhI_68b02b31@windows]: Skipped due to cooking limit
[2026-03-28 19:41:03] 📋   [WARN]     压缩失败 [APlFGVQnGX4gScSGVhw41_iC_2a670f53@ios]: Skipped due to cooking limit
[2026-03-28 19:41:03] 📋   [WARN]     压缩失败 [APlFGVQnGX4gScSGVhw41_iC_2a670f53@android]: Skipped due to cooking limit
[2026-03-28 19:41:03] 📋   [WARN]     压缩失败 [APlFGVQnGX4gScSGVhw41_iC_2a670f53@windows]: Skipped due to cooking limit
[2026-03-28 19:41:03] 📋   [WARN]     压缩失败 [FsE6EWux_Ovf9GP899HYVH-V_bc45253d@ios]: Skipped due to cooking limit
[2026-03-28 19:41:03] 📋   [WARN]     压缩失败 [FsE6EWux_Ovf9GP899HYVH-V_bc45253d@android]: Skipped due to cooking limit
[2026-03-28 19:41:03] 📋   [WARN]     压缩失败 [FsE6EWux_Ovf9GP899HYVH-V_bc45253d@windows]: Skipped due to cooking limit
[2026-03-28 19:41:03] 📋   [WARN]     压缩失败 [DKgZsdhLM4_vLt1Y34SZ66zw_0fe225fc@ios]: Skipped due to cooking limit
[2026-03-28 19:41:03] 📋   [WARN]     压缩失败 [DKgZsdhLM4_vLt1Y34SZ66zw_0fe225fc@android]: Skipped due to cooking limit
[2026-03-28 19:41:03] 📋   [WARN]     压缩失败 [DKgZsdhLM4_vLt1Y34SZ66zw_0fe225fc@windows]: Skipped due to cooking limit
[2026-03-28 19:41:03] 📋   [WARN]     压缩失败 [DCEmiUofuciV7jQ_wF4mmEgN_82a41b59@ios]: Skipped due to cooking limit
[2026-03-28 19:41:03] 📋   [WARN]     压缩失败 [DCEmiUofuciV7jQ_wF4mmEgN_82a41b59@android]: Skipped due to cooking limit
[2026-03-28 19:41:03] 📋   [WARN]     压缩失败 [DCEmiUofuciV7jQ_wF4mmEgN_82a41b59@windows]: Skipped due to cooking limit
[2026-03-28 19:41:03] 📋   [WARN]     压缩失败 [Dj-j8b0SI1U1iMS2i6mTtd32_3374ccbb@ios]: Skipped due to cooking limit
[2026-03-28 19:41:03] 📋   [WARN]     压缩失败 [Dj-j8b0SI1U1iMS2i6mTtd32_3374ccbb@android]: Skipped due to cooking limit
[2026-03-28 19:41:03] 📋   [WARN]     压缩失败 [Dj-j8b0SI1U1iMS2i6mTtd32_3374ccbb@windows]: Skipped due to cooking limit
[2026-03-28 19:41:03] 📋   [WARN]     压缩失败 [CqOqiYWoSsza1W6kyp-sjz-V_4c161b38@ios]: Skipped due to cooking limit
[2026-03-28 19:41:03] 📋   [WARN]     压缩失败 [CqOqiYWoSsza1W6kyp-sjz-V_4c161b38@android]: Skipped due to cooking limit
[2026-03-28 19:41:03] 📋   [WARN]     压缩失败 [CqOqiYWoSsza1W6kyp-sjz-V_4c161b38@windows]: Skipped due to cooking limit
[2026-03-28 19:41:03] 📋   [WARN]     压缩失败 [FybwgRANIf9Z_rqD9JnpMNEX_8f332082@ios]: Skipped due to cooking limit
[2026-03-28 19:41:03] 📋   [WARN]     压缩失败 [FybwgRANIf9Z_rqD9JnpMNEX_8f332082@android]: Skipped due to cooking limit
[2026-03-28 19:41:03] 📋   [WARN]     压缩失败 [FybwgRANIf9Z_rqD9JnpMNEX_8f332082@windows]: Skipped due to cooking limit
[2026-03-28 19:41:03] 📋   [WARN]     压缩失败 [E_XLQW66P2Wu-Ma1oCy1LPeO_296d6ddd@ios]: Skipped due to cooking limit
[2026-03-28 19:41:03] 📋   [WARN]     压缩失败 [E_XLQW66P2Wu-Ma1oCy1LPeO_296d6ddd@android]: Skipped due to cooking limit
[2026-03-28 19:41:03] 📋   [WARN]     压缩失败 [E_XLQW66P2Wu-Ma1oCy1LPeO_296d6ddd@windows]: Skipped due to cooking limit
[2026-03-28 19:41:03] 📋   [WARN]     压缩失败 [GtATATZzfgKJKjerl9zYBhUD_de6764fd@ios]: Skipped due to cooking limit
[2026-03-28 19:41:03] 📋   [WARN]     压缩失败 [GtATATZzfgKJKjerl9zYBhUD_de6764fd@android]: Skipped due to cooking limit
[2026-03-28 19:41:03] 📋   [WARN]     压缩失败 [GtATATZzfgKJKjerl9zYBhUD_de6764fd@windows]: Skipped due to cooking limit
[2026-03-28 19:41:03] 📋   [WARN]     压缩失败 [GHeJSZ04NWSugR4x5sj9zVLv_4b85fbc5@ios]: Skipped due to cooking limit
[2026-03-28 19:41:03] 📋   [WARN]     压缩失败 [GHeJSZ04NWSugR4x5sj9zVLv_4b85fbc5@android]: Skipped due to cooking limit
[2026-03-28 19:41:03] 📋   [WARN]     压缩失败 [GHeJSZ04NWSugR4x5sj9zVLv_4b85fbc5@windows]: Skipped due to cooking limit
[2026-03-28 19:41:03] 📋   [WARN]     压缩失败 [B5cMyY-nDqhO8dxHb1QUK__r_ce7cf906@ios]: Skipped due to cooking limit
[2026-03-28 19:41:03] 📋   [WARN]     压缩失败 [B5cMyY-nDqhO8dxHb1QUK__r_ce7cf906@android]: Skipped due to cooking limit
[2026-03-28 19:41:03] 📋   [WARN]     压缩失败 [B5cMyY-nDqhO8dxHb1QUK__r_ce7cf906@windows]: Skipped due to cooking limit
[2026-03-28 19:41:03] 📋   [WARN]     压缩失败 [Gx-FeVRxTdIXs4TgM3PX1C3O_f1158dfa@ios]: Skipped due to cooking limit
[2026-03-28 19:41:03] 📋   [WARN]     压缩失败 [Gx-FeVRxTdIXs4TgM3PX1C3O_f1158dfa@android]: Skipped due to cooking limit
[2026-03-28 19:41:04] 📋   [WARN]     压缩失败 [Gx-FeVRxTdIXs4TgM3PX1C3O_f1158dfa@windows]: Skipped due to cooking limit
[2026-03-28 19:41:04] 📋   [WARN]     压缩失败 [DO4r2b561AD5rdot3-QkHcYD_e8b8d9e9@ios]: Skipped due to cooking limit
[2026-03-28 19:41:04] 📋   [WARN]     压缩失败 [DO4r2b561AD5rdot3-QkHcYD_e8b8d9e9@android]: Skipped due to cooking limit
[2026-03-28 19:41:04] 📋   [WARN]     压缩失败 [DO4r2b561AD5rdot3-QkHcYD_e8b8d9e9@windows]: Skipped due to cooking limit
[2026-03-28 19:41:04] 📋   [WARN]     压缩失败 [EhzjmZp_BZH_R5EMBd2ILet5_fdac701c@ios]: Skipped due to cooking limit
[2026-03-28 19:41:04] 📋   [WARN]     压缩失败 [EhzjmZp_BZH_R5EMBd2ILet5_fdac701c@android]: Skipped due to cooking limit
[2026-03-28 19:41:04] 📋   [WARN]     压缩失败 [EhzjmZp_BZH_R5EMBd2ILet5_fdac701c@windows]: Skipped due to cooking limit
[2026-03-28 19:41:04] 📋   [WARN]     压缩失败 [EZUO8UM2I8EUtucqLlYBWWN2_f695e6ce@ios]: Skipped due to cooking limit
[2026-03-28 19:41:04] 📋   [WARN]     压缩失败 [EZUO8UM2I8EUtucqLlYBWWN2_f695e6ce@android]: Skipped due to cooking limit
[2026-03-28 19:41:04] 📋   [WARN]     压缩失败 [EZUO8UM2I8EUtucqLlYBWWN2_f695e6ce@windows]: Skipped due to cooking limit
[2026-03-28 19:41:04] 📋   [WARN]     压缩失败 [BweC-bOGg8nZYnd7MNmPhHXd_a1a6ef64@ios]: Skipped due to cooking limit
[2026-03-28 19:41:04] 📋   [WARN]     压缩失败 [BweC-bOGg8nZYnd7MNmPhHXd_a1a6ef64@android]: Skipped due to cooking limit
[2026-03-28 19:41:04] 📋   [WARN]     压缩失败 [BweC-bOGg8nZYnd7MNmPhHXd_a1a6ef64@windows]: Skipped due to cooking limit
[2026-03-28 19:41:04] 📋   [WARN]     压缩失败 [G4EISUrcbQx857yP9LqBIGoM_3861c0f4@ios]: Skipped due to cooking limit
[2026-03-28 19:41:04] 📋   [WARN]     压缩失败 [G4EISUrcbQx857yP9LqBIGoM_3861c0f4@android]: Skipped due to cooking limit
[2026-03-28 19:41:04] 📋   [WARN]     压缩失败 [G4EISUrcbQx857yP9LqBIGoM_3861c0f4@windows]: Skipped due to cooking limit
[2026-03-28 19:41:04] 📋   [WARN]     压缩失败 [Hq6n8XSBX6ADq9va1sIW7xcV_0f4b2def@ios]: Skipped due to cooking limit
[2026-03-28 19:41:04] 📋   [WARN]     压缩失败 [Hq6n8XSBX6ADq9va1sIW7xcV_0f4b2def@android]: Skipped due to cooking limit
[2026-03-28 19:41:04] 📋   [WARN]     压缩失败 [Hq6n8XSBX6ADq9va1sIW7xcV_0f4b2def@windows]: Skipped due to cooking limit
[2026-03-28 19:41:04] 📋   [WARN]     压缩失败 [GJYWMZP5nZPSM75R9fPU9CZu_19242713@ios]: Skipped due to cooking limit
[2026-03-28 19:41:04] 📋   [WARN]     压缩失败 [GJYWMZP5nZPSM75R9fPU9CZu_19242713@android]: Skipped due to cooking limit
[2026-03-28 19:41:04] 📋   [WARN]     压缩失败 [GJYWMZP5nZPSM75R9fPU9CZu_19242713@windows]: Skipped due to cooking limit
[2026-03-28 19:41:04] 📋   [WARN]     压缩失败 [CFvNCWFmj9aHIxdduZX2ZG-G_04701482@ios]: Skipped due to cooking limit
[2026-03-28 19:41:04] 📋   [WARN]     压缩失败 [CFvNCWFmj9aHIxdduZX2ZG-G_04701482@android]: Skipped due to cooking limit
[2026-03-28 19:41:04] 📋   [WARN]     压缩失败 [CFvNCWFmj9aHIxdduZX2ZG-G_04701482@windows]: Skipped due to cooking limit
[2026-03-28 19:41:04] 📋   [WARN]     压缩失败 [GYjlKc563MYgU4p0GMRTQ5Oa_4608ff43@ios]: Skipped due to cooking limit
[2026-03-28 19:41:04] 📋   [WARN]     压缩失败 [GYjlKc563MYgU4p0GMRTQ5Oa_4608ff43@android]: Skipped due to cooking limit
[2026-03-28 19:41:04] 📋   [WARN]     压缩失败 [GYjlKc563MYgU4p0GMRTQ5Oa_4608ff43@windows]: Skipped due to cooking limit
[2026-03-28 19:41:04] 📋   [WARN]     压缩失败 [GzCMgWAKq5yrTaZMjWCZRn9N_72cad204@ios]: Skipped due to cooking limit
[2026-03-28 19:41:04] 📋   [WARN]     压缩失败 [GzCMgWAKq5yrTaZMjWCZRn9N_72cad204@android]: Skipped due to cooking limit
[2026-03-28 19:41:04] 📋   [WARN]     压缩失败 [GzCMgWAKq5yrTaZMjWCZRn9N_72cad204@windows]: Skipped due to cooking limit
[2026-03-28 19:41:04] 📋   [WARN]     压缩失败 [CIY1-Sp8FWJ1LsjgMobFU7Xr_f731449b@ios]: Skipped due to cooking limit
[2026-03-28 19:41:04] 📋   [WARN]     压缩失败 [CIY1-Sp8FWJ1LsjgMobFU7Xr_f731449b@android]: Skipped due to cooking limit
[2026-03-28 19:41:04] 📋   [WARN]     压缩失败 [CIY1-Sp8FWJ1LsjgMobFU7Xr_f731449b@windows]: Skipped due to cooking limit
[2026-03-28 19:41:04] 📋   [WARN]     压缩失败 [CrUL8ZknKaJ7943sg-hhxFnR_32e55c37@ios]: Skipped due to cooking limit
[2026-03-28 19:41:04] 📋   [WARN]     压缩失败 [CrUL8ZknKaJ7943sg-hhxFnR_32e55c37@android]: Skipped due to cooking limit
[2026-03-28 19:41:04] 📋   [WARN]     压缩失败 [CrUL8ZknKaJ7943sg-hhxFnR_32e55c37@windows]: Skipped due to cooking limit
[2026-03-28 19:41:04] 📋   [WARN]     压缩失败 [ERC2sfJuHWUH1VSdMvBQqPKk_6fc8d603@ios]: Skipped due to cooking limit
[2026-03-28 19:41:04] 📋   [WARN]     压缩失败 [ERC2sfJuHWUH1VSdMvBQqPKk_6fc8d603@android]: Skipped due to cooking limit
[2026-03-28 19:41:04] 📋   [WARN]     压缩失败 [ERC2sfJuHWUH1VSdMvBQqPKk_6fc8d603@windows]: Skipped due to cooking limit
[2026-03-28 19:41:04] 📋   [WARN]     压缩失败 [H-ycuQc6z3sFeQksSoEajgt5_14cdc518@ios]: Skipped due to cooking limit
[2026-03-28 19:41:04] 📋   [WARN]     压缩失败 [H-ycuQc6z3sFeQksSoEajgt5_14cdc518@android]: Skipped due to cooking limit
[2026-03-28 19:41:04] 📋   [WARN]     压缩失败 [H-ycuQc6z3sFeQksSoEajgt5_14cdc518@windows]: Skipped due to cooking limit
[2026-03-28 19:41:04] 📋   [WARN]     压缩失败 [AVeG2VUs9ODcaojejlIOhocz_4069f828@ios]: Skipped due to cooking limit
[2026-03-28 19:41:04] 📋   [WARN]     压缩失败 [AVeG2VUs9ODcaojejlIOhocz_4069f828@android]: Skipped due to cooking limit
[2026-03-28 19:41:04] 📋   [WARN]     压缩失败 [AVeG2VUs9ODcaojejlIOhocz_4069f828@windows]: Skipped due to cooking limit
[2026-03-28 19:41:04] 📋   [WARN]     压缩失败 [DKcLoSctzGxU16w4wlo1QAXH_3d5a7c42@ios]: Skipped due to cooking limit
[2026-03-28 19:41:04] 📋   [WARN]     压缩失败 [DKcLoSctzGxU16w4wlo1QAXH_3d5a7c42@android]: Skipped due to cooking limit
[2026-03-28 19:41:04] 📋   [WARN]     压缩失败 [DKcLoSctzGxU16w4wlo1QAXH_3d5a7c42@windows]: Skipped due to cooking limit
[2026-03-28 19:41:04] 📋   [WARN]     压缩失败 [HGEYsVR9ATEtV_GgoBt1TMAJ_02ad4a28@ios]: Skipped due to cooking limit
[2026-03-28 19:41:04] 📋   [WARN]     压缩失败 [HGEYsVR9ATEtV_GgoBt1TMAJ_02ad4a28@android]: Skipped due to cooking limit
[2026-03-28 19:41:04] 📋   [WARN]     压缩失败 [HGEYsVR9ATEtV_GgoBt1TMAJ_02ad4a28@windows]: Skipped due to cooking limit
[2026-03-28 19:41:04] 📋   [WARN]     压缩失败 [CJSpoSxMTvtUNzbq0wyy77ia_5fee5a9e@ios]: Skipped due to cooking limit
[2026-03-28 19:41:04] 📋   [WARN]     压缩失败 [CJSpoSxMTvtUNzbq0wyy77ia_5fee5a9e@android]: Skipped due to cooking limit
[2026-03-28 19:41:04] 📋   [WARN]     压缩失败 [CJSpoSxMTvtUNzbq0wyy77ia_5fee5a9e@windows]: Skipped due to cooking limit
[2026-03-28 19:41:04] 📋   [WARN]     压缩失败 [FJRF0SZXZoki-HSykmxThudp_0ddf263a@ios]: Skipped due to cooking limit
[2026-03-28 19:41:04] 📋   [WARN]     压缩失败 [FJRF0SZXZoki-HSykmxThudp_0ddf263a@android]: Skipped due to cooking limit
[2026-03-28 19:41:04] 📋   [WARN]     压缩失败 [FJRF0SZXZoki-HSykmxThudp_0ddf263a@windows]: Skipped due to cooking limit
[2026-03-28 19:41:04] 📋   [WARN]     压缩失败 [FWI2YUxtv-u4AeLieQVfxtQq_4226a5f0@ios]: Skipped due to cooking limit
[2026-03-28 19:41:04] 📋   [WARN]     压缩失败 [FWI2YUxtv-u4AeLieQVfxtQq_4226a5f0@android]: Skipped due to cooking limit
[2026-03-28 19:41:04] 📋   [WARN]     压缩失败 [FWI2YUxtv-u4AeLieQVfxtQq_4226a5f0@windows]: Skipped due to cooking limit
[2026-03-28 19:41:04] 📋   [WARN]     压缩失败 [FA76GS1MfhNuJz6QORAQuVm__eeefd2a5@ios]: Skipped due to cooking limit
[2026-03-28 19:41:04] 📋   [WARN]     压缩失败 [FA76GS1MfhNuJz6QORAQuVm__eeefd2a5@android]: Skipped due to cooking limit
[2026-03-28 19:41:04] 📋   [WARN]     压缩失败 [FA76GS1MfhNuJz6QORAQuVm__eeefd2a5@windows]: Skipped due to cooking limit
[2026-03-28 19:41:04] 📋   [WARN]     压缩失败 [EKepuTHBBidbg_NgfA2VDtEh_bdc21e57@ios]: Skipped due to cooking limit
[2026-03-28 19:41:04] 📋   [WARN]     压缩失败 [EKepuTHBBidbg_NgfA2VDtEh_bdc21e57@android]: Skipped due to cooking limit
[2026-03-28 19:41:04] 📋   [WARN]     压缩失败 [EKepuTHBBidbg_NgfA2VDtEh_bdc21e57@windows]: Skipped due to cooking limit
[2026-03-28 19:41:04] 📋   [WARN]     压缩失败 [CLOR2QaD91gGxQbrmGKBjj8n_9b11aad0@ios]: Skipped due to cooking limit
[2026-03-28 19:41:04] 📋   [WARN]     压缩失败 [CLOR2QaD91gGxQbrmGKBjj8n_9b11aad0@android]: Skipped due to cooking limit
[2026-03-28 19:41:04] 📋   [WARN]     压缩失败 [CLOR2QaD91gGxQbrmGKBjj8n_9b11aad0@windows]: Skipped due to cooking limit
[2026-03-28 19:41:04] 📋   [WARN]     压缩失败 [AJsciUiZboBlZymiGqLSJBdi_f63fcee2@ios]: Skipped due to cooking limit
[2026-03-28 19:41:04] 📋   [WARN]     压缩失败 [AJsciUiZboBlZymiGqLSJBdi_f63fcee2@android]: Skipped due to cooking limit
[2026-03-28 19:41:04] 📋   [WARN]     压缩失败 [AJsciUiZboBlZymiGqLSJBdi_f63fcee2@windows]: Skipped due to cooking limit
[2026-03-28 19:41:04] 📋   [WARN]     压缩失败 [CSiWURrs2WLVr-kZGvalYZTj_5d8835af@ios]: Skipped due to cooking limit
[2026-03-28 19:41:04] 📋   [WARN]     压缩失败 [CSiWURrs2WLVr-kZGvalYZTj_5d8835af@android]: Skipped due to cooking limit
[2026-03-28 19:41:04] 📋   [WARN]     压缩失败 [CSiWURrs2WLVr-kZGvalYZTj_5d8835af@windows]: Skipped due to cooking limit
[2026-03-28 19:41:04] 📋   [WARN]     压缩失败 [Hl3NmS7lBrgC0T4DIsuAGM14_3900aa25@ios]: Skipped due to cooking limit
[2026-03-28 19:41:04] 📋   [WARN]     压缩失败 [Hl3NmS7lBrgC0T4DIsuAGM14_3900aa25@android]: Skipped due to cooking limit
[2026-03-28 19:41:04] 📋   [WARN]     压缩失败 [Hl3NmS7lBrgC0T4DIsuAGM14_3900aa25@windows]: Skipped due to cooking limit
[2026-03-28 19:41:04] 📋   [WARN]     压缩失败 [BVJKsTSncs44V7nsdIFmrlNj_b43cb443@ios]: Skipped due to cooking limit
[2026-03-28 19:41:04] 📋   [WARN]     压缩失败 [BVJKsTSncs44V7nsdIFmrlNj_b43cb443@android]: Skipped due to cooking limit
[2026-03-28 19:41:04] 📋   [WARN]     压缩失败 [BVJKsTSncs44V7nsdIFmrlNj_b43cb443@windows]: Skipped due to cooking limit
[2026-03-28 19:41:04] 📋   [WARN]     压缩失败 [Cs2SSZlNb8hJ49Fn1TvbGC74_d16158b0@ios]: Skipped due to cooking limit
[2026-03-28 19:41:04] 📋   [WARN]     压缩失败 [Cs2SSZlNb8hJ49Fn1TvbGC74_d16158b0@android]: Skipped due to cooking limit
[2026-03-28 19:41:04] 📋   [WARN]     压缩失败 [Cs2SSZlNb8hJ49Fn1TvbGC74_d16158b0@windows]: Skipped due to cooking limit
[2026-03-28 19:41:04] 📋   [WARN]     压缩失败 [C6XJiZpDJnEBP61vCTTVX_6H_36d7aa70@ios]: Skipped due to cooking limit
[2026-03-28 19:41:04] 📋   [WARN]     压缩失败 [C6XJiZpDJnEBP61vCTTVX_6H_36d7aa70@android]: Skipped due to cooking limit
[2026-03-28 19:41:04] 📋   [WARN]     压缩失败 [C6XJiZpDJnEBP61vCTTVX_6H_36d7aa70@windows]: Skipped due to cooking limit
[2026-03-28 19:41:04] 📋   [WARN]     压缩失败 [DPFAOfuNHKlnzu4rMrDh1bTC_480f2d9d@ios]: Skipped due to cooking limit
[2026-03-28 19:41:04] 📋   [WARN]     压缩失败 [DPFAOfuNHKlnzu4rMrDh1bTC_480f2d9d@android]: Skipped due to cooking limit
[2026-03-28 19:41:04] 📋   [WARN]     压缩失败 [DPFAOfuNHKlnzu4rMrDh1bTC_480f2d9d@windows]: Skipped due to cooking limit
[2026-03-28 19:41:04] 📋   [WARN]     压缩失败 [FbB8Kf9ulQHG0-OwuPTBBjrz_95a7844c@ios]: Skipped due to cooking limit
[2026-03-28 19:41:04] 📋   [WARN]     压缩失败 [FbB8Kf9ulQHG0-OwuPTBBjrz_95a7844c@android]: Skipped due to cooking limit
[2026-03-28 19:41:04] 📋   [WARN]     压缩失败 [FbB8Kf9ulQHG0-OwuPTBBjrz_95a7844c@windows]: Skipped due to cooking limit
[2026-03-28 19:41:04] 📋   [WARN]     压缩失败 [A8F-UY1h_AA09paMO5VJ2wbi_a2e450ef@ios]: Skipped due to cooking limit
[2026-03-28 19:41:04] 📋   [WARN]     压缩失败 [A8F-UY1h_AA09paMO5VJ2wbi_a2e450ef@android]: Skipped due to cooking limit
[2026-03-28 19:41:04] 📋   [WARN]     压缩失败 [A8F-UY1h_AA09paMO5VJ2wbi_a2e450ef@windows]: Skipped due to cooking limit
[2026-03-28 19:41:04] 📋   [WARN]     压缩失败 [D_ZhyUvVobgqQT46UXzLmF-s_425d16c9@ios]: Skipped due to cooking limit
[2026-03-28 19:41:04] 📋   [WARN]     压缩失败 [D_ZhyUvVobgqQT46UXzLmF-s_425d16c9@android]: Skipped due to cooking limit
[2026-03-28 19:41:04] 📋   [WARN]     压缩失败 [D_ZhyUvVobgqQT46UXzLmF-s_425d16c9@windows]: Skipped due to cooking limit
[2026-03-28 19:41:04] 📋   [WARN]     压缩失败 [G7s74bdKBNw61qiWl1nUr_sW_9fa5e046@ios]: Skipped due to cooking limit
[2026-03-28 19:41:04] 📋   [WARN]     压缩失败 [G7s74bdKBNw61qiWl1nUr_sW_9fa5e046@android]: Skipped due to cooking limit
[2026-03-28 19:41:04] 📋   [WARN]     压缩失败 [G7s74bdKBNw61qiWl1nUr_sW_9fa5e046@windows]: Skipped due to cooking limit
[2026-03-28 19:41:04] 📋   [WARN]     压缩失败 [FnkeyV2KR5Zh56VFQxUImzTo_3e4c557e@ios]: Skipped due to cooking limit
[2026-03-28 19:41:04] 📋   [WARN]     压缩失败 [FnkeyV2KR5Zh56VFQxUImzTo_3e4c557e@android]: Skipped due to cooking limit
[2026-03-28 19:41:04] 📋   [WARN]     压缩失败 [FnkeyV2KR5Zh56VFQxUImzTo_3e4c557e@windows]: Skipped due to cooking limit
[2026-03-28 19:41:04] 📋   [WARN]     压缩失败 [BrzuIZpWaAlB25eT3vqi-CkF_f1f8a613@ios]: Skipped due to cooking limit
[2026-03-28 19:41:04] 📋   [WARN]     压缩失败 [BrzuIZpWaAlB25eT3vqi-CkF_f1f8a613@android]: Skipped due to cooking limit
[2026-03-28 19:41:04] 📋   [WARN]     压缩失败 [BrzuIZpWaAlB25eT3vqi-CkF_f1f8a613@windows]: Skipped due to cooking limit
[2026-03-28 19:41:04] 📋   [WARN]     压缩失败 [F5C3KfQUsUZYDo5febouZKbA_debc7fe0@ios]: Skipped due to cooking limit
[2026-03-28 19:41:04] 📋   [WARN]     压缩失败 [F5C3KfQUsUZYDo5febouZKbA_debc7fe0@android]: Skipped due to cooking limit
[2026-03-28 19:41:04] 📋   [WARN]     压缩失败 [F5C3KfQUsUZYDo5febouZKbA_debc7fe0@windows]: Skipped due to cooking limit
[2026-03-28 19:41:04] 📋   [WARN]     压缩失败 [ASWq-fBbzPtsiROJifxtMUuy_782fae44@ios]: Skipped due to cooking limit
[2026-03-28 19:41:04] 📋   [WARN]     压缩失败 [ASWq-fBbzPtsiROJifxtMUuy_782fae44@android]: Skipped due to cooking limit
[2026-03-28 19:41:04] 📋   [WARN]     压缩失败 [ASWq-fBbzPtsiROJifxtMUuy_782fae44@windows]: Skipped due to cooking limit
[2026-03-28 19:41:04] 📋   [WARN]     压缩失败 [FK07gdnC3Jh-sZmKYXWS9VxX_30b3b495@ios]: Skipped due to cooking limit
[2026-03-28 19:41:04] 📋   [WARN]     压缩失败 [FK07gdnC3Jh-sZmKYXWS9VxX_30b3b495@android]: Skipped due to cooking limit
[2026-03-28 19:41:04] 📋   [WARN]     压缩失败 [FK07gdnC3Jh-sZmKYXWS9VxX_30b3b495@windows]: Skipped due to cooking limit
[2026-03-28 19:41:04] 📋   [WARN]     压缩失败 [Are8WRrhMZGXqasBp4Ssb1gV_16052486@ios]: Skipped due to cooking limit
[2026-03-28 19:41:04] 📋   [WARN]     压缩失败 [Are8WRrhMZGXqasBp4Ssb1gV_16052486@android]: Skipped due to cooking limit
[2026-03-28 19:41:04] 📋   [WARN]     压缩失败 [Are8WRrhMZGXqasBp4Ssb1gV_16052486@windows]: Skipped due to cooking limit
[2026-03-28 19:41:04] 📋   [WARN]     压缩失败 [CgctqQgaBHo6nY7ic5-Lg_1r_818b6907@ios]: Skipped due to cooking limit
[2026-03-28 19:41:04] 📋   [WARN]     压缩失败 [CgctqQgaBHo6nY7ic5-Lg_1r_818b6907@android]: Skipped due to cooking limit
[2026-03-28 19:41:04] 📋   [WARN]     压缩失败 [CgctqQgaBHo6nY7ic5-Lg_1r_818b6907@windows]: Skipped due to cooking limit
[2026-03-28 19:41:04] 📋   [WARN]     压缩失败 [EGwX8XrOJ-iCAAScvrVF5VH5_16df1936@ios]: Skipped due to cooking limit
[2026-03-28 19:41:04] 📋   [WARN]     压缩失败 [EGwX8XrOJ-iCAAScvrVF5VH5_16df1936@android]: Skipped due to cooking limit
[2026-03-28 19:41:04] 📋   [WARN]     压缩失败 [EGwX8XrOJ-iCAAScvrVF5VH5_16df1936@windows]: Skipped due to cooking limit
[2026-03-28 19:41:04] 📋   [WARN]     压缩失败 [HmTVmZzrwerjWQ9ldFJ_o1-T_576c8d6c@ios]: Skipped due to cooking limit
[2026-03-28 19:41:04] 📋   [WARN]     压缩失败 [HmTVmZzrwerjWQ9ldFJ_o1-T_576c8d6c@android]: Skipped due to cooking limit
[2026-03-28 19:41:04] 📋   [WARN]     压缩失败 [HmTVmZzrwerjWQ9ldFJ_o1-T_576c8d6c@windows]: Skipped due to cooking limit
[2026-03-28 19:41:04] 📋   [WARN]     压缩失败 [AFRkye82KNfEQHu-De9G4Rn9_d11e3ba7@ios]: Skipped due to cooking limit
[2026-03-28 19:41:04] 📋   [WARN]     压缩失败 [AFRkye82KNfEQHu-De9G4Rn9_d11e3ba7@android]: Skipped due to cooking limit
[2026-03-28 19:41:04] 📋   [WARN]     压缩失败 [AFRkye82KNfEQHu-De9G4Rn9_d11e3ba7@windows]: Skipped due to cooking limit
[2026-03-28 19:41:04] 📋   [WARN]     压缩失败 [H2ph2Vs8tT1X26-GXNiYBPx2_84ab094c@ios]: Skipped due to cooking limit
[2026-03-28 19:41:04] 📋   [WARN]     压缩失败 [H2ph2Vs8tT1X26-GXNiYBPx2_84ab094c@android]: Skipped due to cooking limit
[2026-03-28 19:41:04] 📋   [WARN]     压缩失败 [H2ph2Vs8tT1X26-GXNiYBPx2_84ab094c@windows]: Skipped due to cooking limit
[2026-03-28 19:41:04] 📋   [WARN]     压缩失败 [Bt9Fic7OsJK5qrVmrjby2YwM_efe53883@ios]: Skipped due to cooking limit
[2026-03-28 19:41:04] 📋   [WARN]     压缩失败 [Bt9Fic7OsJK5qrVmrjby2YwM_efe53883@android]: Skipped due to cooking limit
[2026-03-28 19:41:04] 📋   [WARN]     压缩失败 [Bt9Fic7OsJK5qrVmrjby2YwM_efe53883@windows]: Skipped due to cooking limit
[2026-03-28 19:41:04] 📋   [WARN]     压缩失败 [BGqp2fjVsJ1eCJ9gjLWAOOBe_8e29aa30@ios]: Skipped due to cooking limit
[2026-03-28 19:41:04] 📋   [WARN]     压缩失败 [BGqp2fjVsJ1eCJ9gjLWAOOBe_8e29aa30@android]: Skipped due to cooking limit
[2026-03-28 19:41:04] 📋   [WARN]     压缩失败 [BGqp2fjVsJ1eCJ9gjLWAOOBe_8e29aa30@windows]: Skipped due to cooking limit
[2026-03-28 19:41:04] 📋   [WARN]     压缩失败 [E2zn2cC5HYVcT2UlzR0ittMV_edc12add@ios]: Skipped due to cooking limit
[2026-03-28 19:41:04] 📋   [WARN]     压缩失败 [E2zn2cC5HYVcT2UlzR0ittMV_edc12add@android]: Skipped due to cooking limit
[2026-03-28 19:41:04] 📋   [WARN]     压缩失败 [E2zn2cC5HYVcT2UlzR0ittMV_edc12add@windows]: Skipped due to cooking limit
[2026-03-28 19:41:04] 📋   [WARN]     压缩失败 [AkEPia3HYHSVbx5qHb_K3r19_dc6a105d@ios]: Skipped due to cooking limit
[2026-03-28 19:41:04] 📋   [WARN]     压缩失败 [AkEPia3HYHSVbx5qHb_K3r19_dc6a105d@android]: Skipped due to cooking limit
[2026-03-28 19:41:04] 📋   [WARN]     压缩失败 [AkEPia3HYHSVbx5qHb_K3r19_dc6a105d@windows]: Skipped due to cooking limit
[2026-03-28 19:41:04] 📋   [WARN]     压缩失败 [E9kjsaAuZvRZTKzLCWEDsNaC_c1c4fb70@ios]: Skipped due to cooking limit
[2026-03-28 19:41:04] 📋   [WARN]     压缩失败 [E9kjsaAuZvRZTKzLCWEDsNaC_c1c4fb70@android]: Skipped due to cooking limit
[2026-03-28 19:41:04] 📋   [WARN]     压缩失败 [E9kjsaAuZvRZTKzLCWEDsNaC_c1c4fb70@windows]: Skipped due to cooking limit
[2026-03-28 19:41:04] 📋   [WARN]     压缩失败 [FfkhQVweegB5ydD9Eda98dZi_34c0a6c1@ios]: Skipped due to cooking limit
[2026-03-28 19:41:04] 📋   [WARN]     压缩失败 [FfkhQVweegB5ydD9Eda98dZi_34c0a6c1@android]: Skipped due to cooking limit
[2026-03-28 19:41:04] 📋   [WARN]     压缩失败 [FfkhQVweegB5ydD9Eda98dZi_34c0a6c1@windows]: Skipped due to cooking limit
[2026-03-28 19:41:04] 📋   [WARN]     压缩失败 [F2Hgiai-0LsxJBSZlfzakyRU_0cb6892e@ios]: Skipped due to cooking limit
[2026-03-28 19:41:04] 📋   [WARN]     压缩失败 [F2Hgiai-0LsxJBSZlfzakyRU_0cb6892e@android]: Skipped due to cooking limit
[2026-03-28 19:41:04] 📋   [WARN]     压缩失败 [F2Hgiai-0LsxJBSZlfzakyRU_0cb6892e@windows]: Skipped due to cooking limit
[2026-03-28 19:41:05] 📋   [WARN]     压缩失败 [GM0PGRyYCbyx10OnmiQKZR3B_7170cc37@ios]: Skipped due to cooking limit
[2026-03-28 19:41:05] 📋   [WARN]     压缩失败 [GM0PGRyYCbyx10OnmiQKZR3B_7170cc37@android]: Skipped due to cooking limit
[2026-03-28 19:41:05] 📋   [WARN]     压缩失败 [GM0PGRyYCbyx10OnmiQKZR3B_7170cc37@windows]: Skipped due to cooking limit
[2026-03-28 19:41:05] 📋   [WARN]     压缩失败 [Fffaif0gAGe6W3gcBMmtdO-t_62fa28fb@ios]: Skipped due to cooking limit
[2026-03-28 19:41:05] 📋   [WARN]     压缩失败 [Fffaif0gAGe6W3gcBMmtdO-t_62fa28fb@android]: Skipped due to cooking limit
[2026-03-28 19:41:05] 📋   [WARN]     压缩失败 [Fffaif0gAGe6W3gcBMmtdO-t_62fa28fb@windows]: Skipped due to cooking limit
[2026-03-28 19:41:05] 📋   [WARN]     压缩失败 [B-kuCeN5oIqLkiXXDWn_QBqp_5c707952@ios]: Skipped due to cooking limit
[2026-03-28 19:41:05] 📋   [WARN]     压缩失败 [B-kuCeN5oIqLkiXXDWn_QBqp_5c707952@android]: Skipped due to cooking limit
[2026-03-28 19:41:05] 📋   [WARN]     压缩失败 [B-kuCeN5oIqLkiXXDWn_QBqp_5c707952@windows]: Skipped due to cooking limit
[2026-03-28 19:41:05] 📋   [WARN]     压缩失败 [Ht5dYYhj_Oj92V_aVJ5D90uW_acc245c0@ios]: Skipped due to cooking limit
[2026-03-28 19:41:05] 📋   [WARN]     压缩失败 [Ht5dYYhj_Oj92V_aVJ5D90uW_acc245c0@android]: Skipped due to cooking limit
[2026-03-28 19:41:05] 📋   [WARN]     压缩失败 [Ht5dYYhj_Oj92V_aVJ5D90uW_acc245c0@windows]: Skipped due to cooking limit
[2026-03-28 19:41:05] 📋   [WARN]     压缩失败 [BG4Syd5tdfyS_KqpsOnDRMIq_893f2050@ios]: Skipped due to cooking limit
[2026-03-28 19:41:05] 📋   [WARN]     压缩失败 [BG4Syd5tdfyS_KqpsOnDRMIq_893f2050@android]: Skipped due to cooking limit
[2026-03-28 19:41:05] 📋   [WARN]     压缩失败 [BG4Syd5tdfyS_KqpsOnDRMIq_893f2050@windows]: Skipped due to cooking limit
[2026-03-28 19:41:05] 📋   [WARN]     压缩失败 [BLnQGWBb1DOnkQTqssVCXn4F_a6961fdf@ios]: Skipped due to cooking limit
[2026-03-28 19:41:05] 📋   [WARN]     压缩失败 [BLnQGWBb1DOnkQTqssVCXn4F_a6961fdf@android]: Skipped due to cooking limit
[2026-03-28 19:41:05] 📋   [WARN]     压缩失败 [BLnQGWBb1DOnkQTqssVCXn4F_a6961fdf@windows]: Skipped due to cooking limit
[2026-03-28 19:41:05] 📋   [WARN]     压缩失败 [FNQmgb_04OPnRQa5vES0-vO9_2a9826f9@ios]: Skipped due to cooking limit
[2026-03-28 19:41:05] 📋   [WARN]     压缩失败 [FNQmgb_04OPnRQa5vES0-vO9_2a9826f9@android]: Skipped due to cooking limit
[2026-03-28 19:41:05] 📋   [WARN]     压缩失败 [FNQmgb_04OPnRQa5vES0-vO9_2a9826f9@windows]: Skipped due to cooking limit
[2026-03-28 19:41:05] 📋   [WARN]     压缩失败 [EwmAWXRmEkboxiKoQkFSRCJA_59e18149@ios]: Skipped due to cooking limit
[2026-03-28 19:41:05] 📋   [WARN]     压缩失败 [EwmAWXRmEkboxiKoQkFSRCJA_59e18149@android]: Skipped due to cooking limit
[2026-03-28 19:41:05] 📋   [WARN]     压缩失败 [EwmAWXRmEkboxiKoQkFSRCJA_59e18149@windows]: Skipped due to cooking limit
[2026-03-28 19:41:05] 📋   [WARN]     压缩失败 [AJ5sIVTH0E8Xr0BWS9Zhagam_8d61a885@ios]: Skipped due to cooking limit
[2026-03-28 19:41:05] 📋   [WARN]     压缩失败 [AJ5sIVTH0E8Xr0BWS9Zhagam_8d61a885@android]: Skipped due to cooking limit
[2026-03-28 19:41:05] 📋   [WARN]     压缩失败 [AJ5sIVTH0E8Xr0BWS9Zhagam_8d61a885@windows]: Skipped due to cooking limit
[2026-03-28 19:41:05] 📋   [WARN]     压缩失败 [DZFreRNFT4KPIRf7TDVcdHPY_405e519a@ios]: Skipped due to cooking limit
[2026-03-28 19:41:05] 📋   [WARN]     压缩失败 [DZFreRNFT4KPIRf7TDVcdHPY_405e519a@android]: Skipped due to cooking limit
[2026-03-28 19:41:05] 📋   [WARN]     压缩失败 [DZFreRNFT4KPIRf7TDVcdHPY_405e519a@windows]: Skipped due to cooking limit
[2026-03-28 19:41:05] 📋   [WARN]     压缩失败 [BTWhWav4oZQ1vlEpHrb4CnIq_d03782e0@ios]: Skipped due to cooking limit
[2026-03-28 19:41:05] 📋   [WARN]     压缩失败 [BTWhWav4oZQ1vlEpHrb4CnIq_d03782e0@android]: Skipped due to cooking limit
[2026-03-28 19:41:05] 📋   [WARN]     压缩失败 [BTWhWav4oZQ1vlEpHrb4CnIq_d03782e0@windows]: Skipped due to cooking limit
[2026-03-28 19:41:05] 📋   [WARN]     压缩失败 [HP4dScOoUneGaTzb5zFptg4k_219ad1e1@ios]: Skipped due to cooking limit
[2026-03-28 19:41:05] 📋   [WARN]     压缩失败 [HP4dScOoUneGaTzb5zFptg4k_219ad1e1@android]: Skipped due to cooking limit
[2026-03-28 19:41:05] 📋   [WARN]     压缩失败 [HP4dScOoUneGaTzb5zFptg4k_219ad1e1@windows]: Skipped due to cooking limit
[2026-03-28 19:41:05] 📋   [WARN]     压缩失败 [Ahd1GZuCJM0KAFnfo6Ge9WfW_1cab4e30@ios]: Skipped due to cooking limit
[2026-03-28 19:41:05] 📋   [WARN]     压缩失败 [Ahd1GZuCJM0KAFnfo6Ge9WfW_1cab4e30@android]: Skipped due to cooking limit
[2026-03-28 19:41:05] 📋   [WARN]     压缩失败 [Ahd1GZuCJM0KAFnfo6Ge9WfW_1cab4e30@windows]: Skipped due to cooking limit
[2026-03-28 19:41:05] 📋   [WARN]     压缩失败 [GP18KXSlYFU1ul7a48-6XQc4_097b9e6e@ios]: Skipped due to cooking limit
[2026-03-28 19:41:05] 📋   [WARN]     压缩失败 [GP18KXSlYFU1ul7a48-6XQc4_097b9e6e@android]: Skipped due to cooking limit
[2026-03-28 19:41:05] 📋   [WARN]     压缩失败 [GP18KXSlYFU1ul7a48-6XQc4_097b9e6e@windows]: Skipped due to cooking limit
[2026-03-28 19:41:05] 📋   [WARN]     压缩失败 [Gw5twR-YciLcOXvRXDU7K3vA_0c29c1f0@ios]: Skipped due to cooking limit
[2026-03-28 19:41:05] 📋   [WARN]     压缩失败 [Gw5twR-YciLcOXvRXDU7K3vA_0c29c1f0@android]: Skipped due to cooking limit
[2026-03-28 19:41:05] 📋   [WARN]     压缩失败 [Gw5twR-YciLcOXvRXDU7K3vA_0c29c1f0@windows]: Skipped due to cooking limit
[2026-03-28 19:41:05] 📋   [WARN]     压缩失败 [CsPTMb-1gXV5JqFBQBNYhV-8_35ac64ac@ios]: Skipped due to cooking limit
[2026-03-28 19:41:05] 📋   [WARN]     压缩失败 [CsPTMb-1gXV5JqFBQBNYhV-8_35ac64ac@android]: Skipped due to cooking limit
[2026-03-28 19:41:05] 📋   [WARN]     压缩失败 [CsPTMb-1gXV5JqFBQBNYhV-8_35ac64ac@windows]: Skipped due to cooking limit
[2026-03-28 19:41:05] 📋   [WARN]     压缩失败 [FD9-WXk_RDQhW12vtNm_e4VK_a6b714f4@ios]: Skipped due to cooking limit
[2026-03-28 19:41:05] 📋   [WARN]     压缩失败 [FD9-WXk_RDQhW12vtNm_e4VK_a6b714f4@android]: Skipped due to cooking limit
[2026-03-28 19:41:05] 📋   [WARN]     压缩失败 [FD9-WXk_RDQhW12vtNm_e4VK_a6b714f4@windows]: Skipped due to cooking limit
[2026-03-28 19:41:05] 📋   [WARN]     压缩失败 [H51a2QxRZCkw9MjjI0WBIDot_bf7bafaf@ios]: Skipped due to cooking limit
[2026-03-28 19:41:05] 📋   [WARN]     压缩失败 [H51a2QxRZCkw9MjjI0WBIDot_bf7bafaf@android]: Skipped due to cooking limit
[2026-03-28 19:41:05] 📋   [WARN]     压缩失败 [H51a2QxRZCkw9MjjI0WBIDot_bf7bafaf@windows]: Skipped due to cooking limit
[2026-03-28 19:41:05] 📋   [WARN]     压缩失败 [CoyfcfZ3AcwOraO6F_u_FfGJ_d082a151@ios]: Skipped due to cooking limit
[2026-03-28 19:41:05] 📋   [WARN]     压缩失败 [CoyfcfZ3AcwOraO6F_u_FfGJ_d082a151@android]: Skipped due to cooking limit
[2026-03-28 19:41:05] 📋   [WARN]     压缩失败 [CoyfcfZ3AcwOraO6F_u_FfGJ_d082a151@windows]: Skipped due to cooking limit
[2026-03-28 19:41:05] 📋   [WARN]     压缩失败 [FEu2mX_HeV98Wro2c6_qb9JO_52fcb131@ios]: Skipped due to cooking limit
[2026-03-28 19:41:05] 📋   [WARN]     压缩失败 [FEu2mX_HeV98Wro2c6_qb9JO_52fcb131@android]: Skipped due to cooking limit
[2026-03-28 19:41:05] 📋   [WARN]     压缩失败 [FEu2mX_HeV98Wro2c6_qb9JO_52fcb131@windows]: Skipped due to cooking limit
[2026-03-28 19:41:05] 📋   [WARN]     压缩失败 [ClCxsU-r21f0Qh5rCUh0qr8M_45eb8698@ios]: Skipped due to cooking limit
[2026-03-28 19:41:05] 📋   [WARN]     压缩失败 [ClCxsU-r21f0Qh5rCUh0qr8M_45eb8698@android]: Skipped due to cooking limit
[2026-03-28 19:41:05] 📋   [WARN]     压缩失败 [ClCxsU-r21f0Qh5rCUh0qr8M_45eb8698@windows]: Skipped due to cooking limit
[2026-03-28 19:41:05] 📋   [WARN]     压缩失败 [B37c6Vi3EeG_aD4uGWOzx6_Q_ab42ab1b@ios]: Skipped due to cooking limit
[2026-03-28 19:41:05] 📋   [WARN]     压缩失败 [B37c6Vi3EeG_aD4uGWOzx6_Q_ab42ab1b@android]: Skipped due to cooking limit
[2026-03-28 19:41:05] 📋   [WARN]     压缩失败 [B37c6Vi3EeG_aD4uGWOzx6_Q_ab42ab1b@windows]: Skipped due to cooking limit
[2026-03-28 19:41:05] 📋   [WARN]     压缩失败 [FR1QGZ3E_G_zUmVF7LP1-I-g_5df210a2@ios]: Skipped due to cooking limit
[2026-03-28 19:41:05] 📋   [WARN]     压缩失败 [FR1QGZ3E_G_zUmVF7LP1-I-g_5df210a2@android]: Skipped due to cooking limit
[2026-03-28 19:41:05] 📋   [WARN]     压缩失败 [FR1QGZ3E_G_zUmVF7LP1-I-g_5df210a2@windows]: Skipped due to cooking limit
[2026-03-28 19:41:05] 📋   [WARN]     压缩失败 [CAVGkWu-c1tPCPMPOBm9paak_9c419432@ios]: Skipped due to cooking limit
[2026-03-28 19:41:05] 📋   [WARN]     压缩失败 [CAVGkWu-c1tPCPMPOBm9paak_9c419432@android]: Skipped due to cooking limit
[2026-03-28 19:41:05] 📋   [WARN]     压缩失败 [CAVGkWu-c1tPCPMPOBm9paak_9c419432@windows]: Skipped due to cooking limit
[2026-03-28 19:41:05] 📋   [WARN]     压缩失败 [DIG4mTQKENLbfJnkrV2V2e97_63cbca35@ios]: Skipped due to cooking limit
[2026-03-28 19:41:05] 📋   [WARN]     压缩失败 [DIG4mTQKENLbfJnkrV2V2e97_63cbca35@android]: Skipped due to cooking limit
[2026-03-28 19:41:05] 📋   [WARN]     压缩失败 [DIG4mTQKENLbfJnkrV2V2e97_63cbca35@windows]: Skipped due to cooking limit
[2026-03-28 19:41:05] 📋   [WARN]     压缩失败 [Bn9nWRX-YkvzrT3Kcw3DUCj4_99c50bfa@ios]: Skipped due to cooking limit
[2026-03-28 19:41:05] 📋   [WARN]     压缩失败 [Bn9nWRX-YkvzrT3Kcw3DUCj4_99c50bfa@android]: Skipped due to cooking limit
[2026-03-28 19:41:05] 📋   [WARN]     压缩失败 [Bn9nWRX-YkvzrT3Kcw3DUCj4_99c50bfa@windows]: Skipped due to cooking limit
[2026-03-28 19:41:05] 📋   [WARN]     压缩失败 [HwPpEVWFxySX6DzBmPHSr3qb_94cfb4ba@ios]: Skipped due to cooking limit
[2026-03-28 19:41:05] 📋   [WARN]     压缩失败 [HwPpEVWFxySX6DzBmPHSr3qb_94cfb4ba@android]: Skipped due to cooking limit
[2026-03-28 19:41:05] 📋   [WARN]     压缩失败 [HwPpEVWFxySX6DzBmPHSr3qb_94cfb4ba@windows]: Skipped due to cooking limit
[2026-03-28 19:41:05] 📋   [WARN]     压缩失败 [H_qIWTeXRebktTw1M00WJtZv_ad361a9a@ios]: Skipped due to cooking limit
[2026-03-28 19:41:05] 📋   [WARN]     压缩失败 [H_qIWTeXRebktTw1M00WJtZv_ad361a9a@android]: Skipped due to cooking limit
[2026-03-28 19:41:05] 📋   [WARN]     压缩失败 [H_qIWTeXRebktTw1M00WJtZv_ad361a9a@windows]: Skipped due to cooking limit
[2026-03-28 19:41:05] 📋   [WARN]     压缩失败 [GDIAGWTKW-L5jKSXyvVkk9ER_2881857c@ios]: Skipped due to cooking limit
[2026-03-28 19:41:05] 📋   [WARN]     压缩失败 [GDIAGWTKW-L5jKSXyvVkk9ER_2881857c@android]: Skipped due to cooking limit
[2026-03-28 19:41:05] 📋   [WARN]     压缩失败 [GDIAGWTKW-L5jKSXyvVkk9ER_2881857c@windows]: Skipped due to cooking limit
[2026-03-28 19:41:05] 📋   [WARN]     压缩失败 [FcUN0VND2eOKi_ninnZxJMgt_ea5dcc36@ios]: Skipped due to cooking limit
[2026-03-28 19:41:05] 📋   [WARN]     压缩失败 [FcUN0VND2eOKi_ninnZxJMgt_ea5dcc36@android]: Skipped due to cooking limit
[2026-03-28 19:41:05] 📋   [WARN]     压缩失败 [FcUN0VND2eOKi_ninnZxJMgt_ea5dcc36@windows]: Skipped due to cooking limit
[2026-03-28 19:41:05] 📋   [WARN]     压缩失败 [A0tq0ZtT5fl7m017n3ymV8zo_95848777@ios]: Skipped due to cooking limit
[2026-03-28 19:41:05] 📋   [WARN]     压缩失败 [A0tq0ZtT5fl7m017n3ymV8zo_95848777@android]: Skipped due to cooking limit
[2026-03-28 19:41:05] 📋   [WARN]     压缩失败 [A0tq0ZtT5fl7m017n3ymV8zo_95848777@windows]: Skipped due to cooking limit
[2026-03-28 19:41:05] 📋   [WARN]     压缩失败 [BTZNGTN0GhmKHjkiL8OsNAi6_5fdedb89@ios]: Skipped due to cooking limit
[2026-03-28 19:41:05] 📋   [WARN]     压缩失败 [BTZNGTN0GhmKHjkiL8OsNAi6_5fdedb89@android]: Skipped due to cooking limit
[2026-03-28 19:41:05] 📋   [WARN]     压缩失败 [BTZNGTN0GhmKHjkiL8OsNAi6_5fdedb89@windows]: Skipped due to cooking limit
[2026-03-28 19:41:05] 📋   [WARN]     压缩失败 [BwmjebFoc-2z2Ia8AySLSrTj_183ed5d7@ios]: Skipped due to cooking limit
[2026-03-28 19:41:05] 📋   [WARN]     压缩失败 [BwmjebFoc-2z2Ia8AySLSrTj_183ed5d7@android]: Skipped due to cooking limit
[2026-03-28 19:41:05] 📋   [WARN]     压缩失败 [BwmjebFoc-2z2Ia8AySLSrTj_183ed5d7@windows]: Skipped due to cooking limit
[2026-03-28 19:41:05] 📋   [WARN]     压缩失败 [CKw94e39bzg44kLwhF57IQHh_db173dc8@ios]: Skipped due to cooking limit
[2026-03-28 19:41:05] 📋   [WARN]     压缩失败 [CKw94e39bzg44kLwhF57IQHh_db173dc8@android]: Skipped due to cooking limit
[2026-03-28 19:41:05] 📋   [WARN]     压缩失败 [CKw94e39bzg44kLwhF57IQHh_db173dc8@windows]: Skipped due to cooking limit
[2026-03-28 19:41:05] 📋   [WARN]     压缩失败 [Bv_OiYXwFH6P0DTQgmj1IdwR_64061d2e@ios]: Skipped due to cooking limit
[2026-03-28 19:41:05] 📋   [WARN]     压缩失败 [Bv_OiYXwFH6P0DTQgmj1IdwR_64061d2e@android]: Skipped due to cooking limit
[2026-03-28 19:41:05] 📋   [WARN]     压缩失败 [Bv_OiYXwFH6P0DTQgmj1IdwR_64061d2e@windows]: Skipped due to cooking limit
[2026-03-28 19:41:05] 📋   [WARN]     压缩失败 [AjwzSZjK3F9fcfl-MpSguSQR_5afa30a6@ios]: Skipped due to cooking limit
[2026-03-28 19:41:05] 📋   [WARN]     压缩失败 [AjwzSZjK3F9fcfl-MpSguSQR_5afa30a6@android]: Skipped due to cooking limit
[2026-03-28 19:41:05] 📋   [WARN]     压缩失败 [AjwzSZjK3F9fcfl-MpSguSQR_5afa30a6@windows]: Skipped due to cooking limit
[2026-03-28 19:41:05] 📋   [WARN]     压缩失败 [Be1o-dCnbZifgNMcJ2EhtKvM_0198f772@ios]: Skipped due to cooking limit
[2026-03-28 19:41:05] 📋   [WARN]     压缩失败 [Be1o-dCnbZifgNMcJ2EhtKvM_0198f772@android]: Skipped due to cooking limit
[2026-03-28 19:41:05] 📋   [WARN]     压缩失败 [Be1o-dCnbZifgNMcJ2EhtKvM_0198f772@windows]: Skipped due to cooking limit
[2026-03-28 19:41:05] 📋   [WARN]     压缩失败 [D42QkRanZnYfqGuhPiTxiwuI_793550d0@ios]: Skipped due to cooking limit
[2026-03-28 19:41:05] 📋   [WARN]     压缩失败 [D42QkRanZnYfqGuhPiTxiwuI_793550d0@android]: Skipped due to cooking limit
[2026-03-28 19:41:05] 📋   [WARN]     压缩失败 [D42QkRanZnYfqGuhPiTxiwuI_793550d0@windows]: Skipped due to cooking limit
[2026-03-28 19:41:05] 📋   [WARN]     压缩失败 [FuRFSeLtHlMmaUsSuUdvdnMY_fdd6b8d7@ios]: Skipped due to cooking limit
[2026-03-28 19:41:05] 📋   [WARN]     压缩失败 [FuRFSeLtHlMmaUsSuUdvdnMY_fdd6b8d7@android]: Skipped due to cooking limit
[2026-03-28 19:41:05] 📋   [WARN]     压缩失败 [FuRFSeLtHlMmaUsSuUdvdnMY_fdd6b8d7@windows]: Skipped due to cooking limit
[2026-03-28 19:41:05] 📋   [WARN]     压缩失败 [EnDHuStZra5Yd7-2dArs2BU7_14e611ae@ios]: Skipped due to cooking limit
[2026-03-28 19:41:05] 📋   [WARN]     压缩失败 [EnDHuStZra5Yd7-2dArs2BU7_14e611ae@android]: Skipped due to cooking limit
[2026-03-28 19:41:05] 📋   [WARN]     压缩失败 [EnDHuStZra5Yd7-2dArs2BU7_14e611ae@windows]: Skipped due to cooking limit
[2026-03-28 19:41:05] 📋   [WARN]     压缩失败 [AhY-8bn7eVf_qV4_d0sLkoPH_ec506e86@ios]: Skipped due to cooking limit
[2026-03-28 19:41:05] 📋   [WARN]     压缩失败 [AhY-8bn7eVf_qV4_d0sLkoPH_ec506e86@android]: Skipped due to cooking limit
[2026-03-28 19:41:05] 📋   [WARN]     压缩失败 [AhY-8bn7eVf_qV4_d0sLkoPH_ec506e86@windows]: Skipped due to cooking limit
[2026-03-28 19:41:05] 📋   [WARN]     压缩失败 [Afv-gSPJh13M7mtCdmFQjW7J_7238cf36@ios]: Skipped due to cooking limit
[2026-03-28 19:41:05] 📋   [WARN]     压缩失败 [Afv-gSPJh13M7mtCdmFQjW7J_7238cf36@android]: Skipped due to cooking limit
[2026-03-28 19:41:05] 📋   [WARN]     压缩失败 [Afv-gSPJh13M7mtCdmFQjW7J_7238cf36@windows]: Skipped due to cooking limit
[2026-03-28 19:41:05] 📋   [WARN]     压缩失败 [Egl5MU59rzxYjtPD7saGqSC0_91c2f24f@ios]: Skipped due to cooking limit
[2026-03-28 19:41:05] 📋   [WARN]     压缩失败 [Egl5MU59rzxYjtPD7saGqSC0_91c2f24f@android]: Skipped due to cooking limit
[2026-03-28 19:41:05] 📋   [WARN]     压缩失败 [Egl5MU59rzxYjtPD7saGqSC0_91c2f24f@windows]: Skipped due to cooking limit
[2026-03-28 19:41:05] 📋   [WARN]     压缩失败 [FxyI6djFLWNCcqam5JJF--rT_db54b386@ios]: Skipped due to cooking limit
[2026-03-28 19:41:05] 📋   [WARN]     压缩失败 [FxyI6djFLWNCcqam5JJF--rT_db54b386@android]: Skipped due to cooking limit
[2026-03-28 19:41:05] 📋   [WARN]     压缩失败 [FxyI6djFLWNCcqam5JJF--rT_db54b386@windows]: Skipped due to cooking limit
[2026-03-28 19:41:05] 📋   [WARN]     压缩失败 [A6pQ0W7F6P8msclyGWiKalfC_94d4d2ae@ios]: Skipped due to cooking limit
[2026-03-28 19:41:05] 📋   [WARN]     压缩失败 [A6pQ0W7F6P8msclyGWiKalfC_94d4d2ae@android]: Skipped due to cooking limit
[2026-03-28 19:41:05] 📋   [WARN]     压缩失败 [A6pQ0W7F6P8msclyGWiKalfC_94d4d2ae@windows]: Skipped due to cooking limit
[2026-03-28 19:41:05] 📋   [WARN]     压缩失败 [HWr3sQ-l_4fEu08uoTbRGTgp_99207e96@ios]: Skipped due to cooking limit
[2026-03-28 19:41:05] 📋   [WARN]     压缩失败 [HWr3sQ-l_4fEu08uoTbRGTgp_99207e96@android]: Skipped due to cooking limit
[2026-03-28 19:41:05] 📋   [WARN]     压缩失败 [HWr3sQ-l_4fEu08uoTbRGTgp_99207e96@windows]: Skipped due to cooking limit
[2026-03-28 19:41:05] 📋   [WARN]     压缩失败 [GcbnMTwqcYzh5oDNBr5bzegg_804b22b7@ios]: Skipped due to cooking limit
[2026-03-28 19:41:05] 📋   [WARN]     压缩失败 [GcbnMTwqcYzh5oDNBr5bzegg_804b22b7@android]: Skipped due to cooking limit
[2026-03-28 19:41:05] 📋   [WARN]     压缩失败 [GcbnMTwqcYzh5oDNBr5bzegg_804b22b7@windows]: Skipped due to cooking limit
[2026-03-28 19:41:05] 📋   [WARN]     压缩失败 [Ep3kURhPk7JucabKLzpfPdxI_e94421c2@ios]: Skipped due to cooking limit
[2026-03-28 19:41:05] 📋   [WARN]     压缩失败 [Ep3kURhPk7JucabKLzpfPdxI_e94421c2@android]: Skipped due to cooking limit
[2026-03-28 19:41:05] 📋   [WARN]     压缩失败 [Ep3kURhPk7JucabKLzpfPdxI_e94421c2@windows]: Skipped due to cooking limit
[2026-03-28 19:41:05] 📋   [WARN]     压缩失败 [HN_K6ewy1EXhDi6icrVuL3DA_df1f2b9f@ios]: Skipped due to cooking limit
[2026-03-28 19:41:05] 📋   [WARN]     压缩失败 [HN_K6ewy1EXhDi6icrVuL3DA_df1f2b9f@android]: Skipped due to cooking limit
[2026-03-28 19:41:05] 📋   [WARN]     压缩失败 [HN_K6ewy1EXhDi6icrVuL3DA_df1f2b9f@windows]: Skipped due to cooking limit
[2026-03-28 19:41:05] 📋   [WARN]     压缩失败 [D2LIaafmTrqeSeHfyBVIblmj_57242db4@ios]: Skipped due to cooking limit
[2026-03-28 19:41:05] 📋   [WARN]     压缩失败 [D2LIaafmTrqeSeHfyBVIblmj_57242db4@android]: Skipped due to cooking limit
[2026-03-28 19:41:05] 📋   [WARN]     压缩失败 [D2LIaafmTrqeSeHfyBVIblmj_57242db4@windows]: Skipped due to cooking limit
[2026-03-28 19:41:05] 📋   [WARN]     压缩失败 [DaIYQfkLN0Cvk7SnICBGQ88Y_c980ebed@ios]: Skipped due to cooking limit
[2026-03-28 19:41:05] 📋   [WARN]     压缩失败 [DaIYQfkLN0Cvk7SnICBGQ88Y_c980ebed@android]: Skipped due to cooking limit
[2026-03-28 19:41:05] 📋   [WARN]     压缩失败 [DaIYQfkLN0Cvk7SnICBGQ88Y_c980ebed@windows]: Skipped due to cooking limit
[2026-03-28 19:41:05] 📋   [WARN]     压缩失败 [AhWd0e1G7V_eKOCK26ZfKVe7_b0681e45@ios]: Skipped due to cooking limit
[2026-03-28 19:41:05] 📋   [WARN]     压缩失败 [AhWd0e1G7V_eKOCK26ZfKVe7_b0681e45@android]: Skipped due to cooking limit
[2026-03-28 19:41:05] 📋   [WARN]     压缩失败 [AhWd0e1G7V_eKOCK26ZfKVe7_b0681e45@windows]: Skipped due to cooking limit
[2026-03-28 19:41:05] 📋   [WARN]     压缩失败 [DdKeoUcU2O6Wn3gOsEEKxTN6_286d0512@ios]: Skipped due to cooking limit
[2026-03-28 19:41:05] 📋   [WARN]     压缩失败 [DdKeoUcU2O6Wn3gOsEEKxTN6_286d0512@android]: Skipped due to cooking limit
[2026-03-28 19:41:05] 📋   [WARN]     压缩失败 [DdKeoUcU2O6Wn3gOsEEKxTN6_286d0512@windows]: Skipped due to cooking limit
[2026-03-28 19:41:05] 📋   [WARN]     压缩失败 [Fw8lAdDfUKLnhgLq1oryjA4J_bf64d0ab@ios]: Skipped due to cooking limit
[2026-03-28 19:41:05] 📋   [WARN]     压缩失败 [Fw8lAdDfUKLnhgLq1oryjA4J_bf64d0ab@android]: Skipped due to cooking limit
[2026-03-28 19:41:05] 📋   [WARN]     压缩失败 [Fw8lAdDfUKLnhgLq1oryjA4J_bf64d0ab@windows]: Skipped due to cooking limit
[2026-03-28 19:41:05] 📋   [WARN]     压缩失败 [BxZbWXaWvZ-F_7xb3aSt7YDE_11c0ada2@ios]: Skipped due to cooking limit
[2026-03-28 19:41:05] 📋   [WARN]     压缩失败 [BxZbWXaWvZ-F_7xb3aSt7YDE_11c0ada2@android]: Skipped due to cooking limit
[2026-03-28 19:41:05] 📋   [WARN]     压缩失败 [BxZbWXaWvZ-F_7xb3aSt7YDE_11c0ada2@windows]: Skipped due to cooking limit
[2026-03-28 19:41:05] 📋   [WARN]     压缩失败 [DNneWQub_OOMJ-b5kj50pM0R_dc19ca96@ios]: Skipped due to cooking limit
[2026-03-28 19:41:05] 📋   [WARN]     压缩失败 [DNneWQub_OOMJ-b5kj50pM0R_dc19ca96@android]: Skipped due to cooking limit
[2026-03-28 19:41:06] 📋   [WARN]     压缩失败 [DNneWQub_OOMJ-b5kj50pM0R_dc19ca96@windows]: Skipped due to cooking limit
[2026-03-28 19:41:06] 📋   [WARN]     压缩失败 [DYfoQeKGL8K-sYEwVzKR4df0_6aadfbdd@ios]: Skipped due to cooking limit
[2026-03-28 19:41:06] 📋   [WARN]     压缩失败 [DYfoQeKGL8K-sYEwVzKR4df0_6aadfbdd@android]: Skipped due to cooking limit
[2026-03-28 19:41:06] 📋   [WARN]     压缩失败 [DYfoQeKGL8K-sYEwVzKR4df0_6aadfbdd@windows]: Skipped due to cooking limit
[2026-03-28 19:41:06] 📋   [WARN]     压缩失败 [EBlvUSMwxkYymcFxrWqHWays_aa8b4dd5@ios]: Skipped due to cooking limit
[2026-03-28 19:41:06] 📋   [WARN]     压缩失败 [EBlvUSMwxkYymcFxrWqHWays_aa8b4dd5@android]: Skipped due to cooking limit
[2026-03-28 19:41:06] 📋   [WARN]     压缩失败 [EBlvUSMwxkYymcFxrWqHWays_aa8b4dd5@windows]: Skipped due to cooking limit
[2026-03-28 19:41:06] 📋   [WARN]     压缩失败 [DAw48WyGUjE2Tl1yzfYtpts2_028cc7a1@ios]: Skipped due to cooking limit
[2026-03-28 19:41:06] 📋   [WARN]     压缩失败 [DAw48WyGUjE2Tl1yzfYtpts2_028cc7a1@android]: Skipped due to cooking limit
[2026-03-28 19:41:06] 📋   [WARN]     压缩失败 [DAw48WyGUjE2Tl1yzfYtpts2_028cc7a1@windows]: Skipped due to cooking limit
[2026-03-28 19:41:06] 📋   [WARN]     压缩失败 [FvxDSQO80wKePJZWyXHFAW4v_1ee3670c@ios]: Skipped due to cooking limit
[2026-03-28 19:41:06] 📋   [WARN]     压缩失败 [FvxDSQO80wKePJZWyXHFAW4v_1ee3670c@android]: Skipped due to cooking limit
[2026-03-28 19:41:06] 📋   [WARN]     压缩失败 [FvxDSQO80wKePJZWyXHFAW4v_1ee3670c@windows]: Skipped due to cooking limit
[2026-03-28 19:41:06] 📋   [WARN]     压缩失败 [GGhh8Wkp2NUz55wl0Z6j0K43_cf3df3f6@ios]: Skipped due to cooking limit
[2026-03-28 19:41:06] 📋   [WARN]     压缩失败 [GGhh8Wkp2NUz55wl0Z6j0K43_cf3df3f6@android]: Skipped due to cooking limit
[2026-03-28 19:41:06] 📋   [WARN]     压缩失败 [GGhh8Wkp2NUz55wl0Z6j0K43_cf3df3f6@windows]: Skipped due to cooking limit
[2026-03-28 19:41:06] 📋   [WARN]     压缩失败 [CSuEYdYJasWomzZ3KLfRmnUj_85dc7b79@ios]: Skipped due to cooking limit
[2026-03-28 19:41:06] 📋   [WARN]     压缩失败 [CSuEYdYJasWomzZ3KLfRmnUj_85dc7b79@android]: Skipped due to cooking limit
[2026-03-28 19:41:06] 📋   [WARN]     压缩失败 [CSuEYdYJasWomzZ3KLfRmnUj_85dc7b79@windows]: Skipped due to cooking limit
[2026-03-28 19:41:06] 📋   [WARN]     压缩失败 [C2vVQV1sgYYBWC8ZfXd-Tjrw_51edb26d@ios]: Skipped due to cooking limit
[2026-03-28 19:41:06] 📋   [WARN]     压缩失败 [C2vVQV1sgYYBWC8ZfXd-Tjrw_51edb26d@android]: Skipped due to cooking limit
[2026-03-28 19:41:06] 📋   [WARN]     压缩失败 [C2vVQV1sgYYBWC8ZfXd-Tjrw_51edb26d@windows]: Skipped due to cooking limit
[2026-03-28 19:41:06] 📋   [WARN]     压缩失败 [CDxR6XM6jjvDPp3LtTSijcTj_1db565ef@ios]: Skipped due to cooking limit
[2026-03-28 19:41:06] 📋   [WARN]     压缩失败 [CDxR6XM6jjvDPp3LtTSijcTj_1db565ef@android]: Skipped due to cooking limit
[2026-03-28 19:41:06] 📋   [WARN]     压缩失败 [CDxR6XM6jjvDPp3LtTSijcTj_1db565ef@windows]: Skipped due to cooking limit
[2026-03-28 19:41:06] 📋   [WARN]     压缩失败 [E397WWJjJIYrxtOsfFimLOJj_618d687e@ios]: Skipped due to cooking limit
[2026-03-28 19:41:06] 📋   [WARN]     压缩失败 [E397WWJjJIYrxtOsfFimLOJj_618d687e@android]: Skipped due to cooking limit
[2026-03-28 19:41:06] 📋   [WARN]     压缩失败 [E397WWJjJIYrxtOsfFimLOJj_618d687e@windows]: Skipped due to cooking limit
[2026-03-28 19:41:06] 📋   [WARN]     压缩失败 [DzDnEcnHdcsQfeWR_nzxUwLB_1d61b61a@ios]: Skipped due to cooking limit
[2026-03-28 19:41:06] 📋   [WARN]     压缩失败 [DzDnEcnHdcsQfeWR_nzxUwLB_1d61b61a@android]: Skipped due to cooking limit
[2026-03-28 19:41:06] 📋   [WARN]     压缩失败 [DzDnEcnHdcsQfeWR_nzxUwLB_1d61b61a@windows]: Skipped due to cooking limit
[2026-03-28 19:41:06] 📋   [WARN]     压缩失败 [E6j8Ia42PHH6tXsWx_53YL_-_7856bc22@ios]: Skipped due to cooking limit
[2026-03-28 19:41:06] 📋   [WARN]     压缩失败 [E6j8Ia42PHH6tXsWx_53YL_-_7856bc22@android]: Skipped due to cooking limit
[2026-03-28 19:41:06] 📋   [WARN]     压缩失败 [E6j8Ia42PHH6tXsWx_53YL_-_7856bc22@windows]: Skipped due to cooking limit
[2026-03-28 19:41:06] 📋   [WARN]     压缩失败 [B3CGceJtx2nDWhmCINpoMZQr_3a778822@ios]: Skipped due to cooking limit
[2026-03-28 19:41:06] 📋   [WARN]     压缩失败 [B3CGceJtx2nDWhmCINpoMZQr_3a778822@android]: Skipped due to cooking limit
[2026-03-28 19:41:06] 📋   [WARN]     压缩失败 [B3CGceJtx2nDWhmCINpoMZQr_3a778822@windows]: Skipped due to cooking limit
[2026-03-28 19:41:06] 📋   [WARN]     压缩失败 [DOco2QgoOBWhCIBaAD2E9xI9_f4462c8d@ios]: Skipped due to cooking limit
[2026-03-28 19:41:06] 📋   [WARN]     压缩失败 [DOco2QgoOBWhCIBaAD2E9xI9_f4462c8d@android]: Skipped due to cooking limit
[2026-03-28 19:41:06] 📋   [WARN]     压缩失败 [DOco2QgoOBWhCIBaAD2E9xI9_f4462c8d@windows]: Skipped due to cooking limit
[2026-03-28 19:41:06] 📋   [WARN]     压缩失败 [AomWgcYZ45QTzKrtG2KcnM_i_e7ccd084@ios]: Skipped due to cooking limit
[2026-03-28 19:41:06] 📋   [WARN]     压缩失败 [AomWgcYZ45QTzKrtG2KcnM_i_e7ccd084@android]: Skipped due to cooking limit
[2026-03-28 19:41:06] 📋   [WARN]     压缩失败 [AomWgcYZ45QTzKrtG2KcnM_i_e7ccd084@windows]: Skipped due to cooking limit
[2026-03-28 19:41:06] 📋   [WARN]     压缩失败 [Gfn6KZotYUGUnsOdbdpWlWYz_eea293be@ios]: Skipped due to cooking limit
[2026-03-28 19:41:06] 📋   [WARN]     压缩失败 [Gfn6KZotYUGUnsOdbdpWlWYz_eea293be@android]: Skipped due to cooking limit
[2026-03-28 19:41:06] 📋   [WARN]     压缩失败 [Gfn6KZotYUGUnsOdbdpWlWYz_eea293be@windows]: Skipped due to cooking limit
[2026-03-28 19:41:06] 📋   [WARN]     压缩失败 [CfjzyZ4aMk6L17p1eqDwLPk9_4fdf5683@ios]: Skipped due to cooking limit
[2026-03-28 19:41:06] 📋   [WARN]     压缩失败 [CfjzyZ4aMk6L17p1eqDwLPk9_4fdf5683@android]: Skipped due to cooking limit
[2026-03-28 19:41:06] 📋   [WARN]     压缩失败 [CfjzyZ4aMk6L17p1eqDwLPk9_4fdf5683@windows]: Skipped due to cooking limit
[2026-03-28 19:41:06] 📋   [WARN]     压缩失败 [DlxdKcRujKSsGFektMHcVcmh_1b12dbac@ios]: Skipped due to cooking limit
[2026-03-28 19:41:06] 📋   [WARN]     压缩失败 [DlxdKcRujKSsGFektMHcVcmh_1b12dbac@android]: Skipped due to cooking limit
[2026-03-28 19:41:06] 📋   [WARN]     压缩失败 [DlxdKcRujKSsGFektMHcVcmh_1b12dbac@windows]: Skipped due to cooking limit
[2026-03-28 19:41:06] 📋   [WARN]     压缩失败 [D-d_kXWiSw6sHFzjaiOoYJBK_f1b190b0@ios]: Skipped due to cooking limit
[2026-03-28 19:41:06] 📋   [WARN]     压缩失败 [D-d_kXWiSw6sHFzjaiOoYJBK_f1b190b0@android]: Skipped due to cooking limit
[2026-03-28 19:41:06] 📋   [WARN]     压缩失败 [D-d_kXWiSw6sHFzjaiOoYJBK_f1b190b0@windows]: Skipped due to cooking limit
[2026-03-28 19:41:06] 📋   [WARN]     压缩失败 [AfOzWQ7jFtjMINa7cFs7mPMP_c8ebbbb0@ios]: Skipped due to cooking limit
[2026-03-28 19:41:06] 📋   [WARN]     压缩失败 [AfOzWQ7jFtjMINa7cFs7mPMP_c8ebbbb0@android]: Skipped due to cooking limit
[2026-03-28 19:41:06] 📋   [WARN]     压缩失败 [AfOzWQ7jFtjMINa7cFs7mPMP_c8ebbbb0@windows]: Skipped due to cooking limit
[2026-03-28 19:41:06] 📋   [WARN]     压缩失败 [BOTKKQU-gSX3IV4edOfk5Y1k_4ae3e4d3@ios]: Skipped due to cooking limit
[2026-03-28 19:41:06] 📋   [WARN]     压缩失败 [BOTKKQU-gSX3IV4edOfk5Y1k_4ae3e4d3@android]: Skipped due to cooking limit
[2026-03-28 19:41:06] 📋   [WARN]     压缩失败 [BOTKKQU-gSX3IV4edOfk5Y1k_4ae3e4d3@windows]: Skipped due to cooking limit
[2026-03-28 19:41:06] 📋   [WARN]     压缩失败 [Bs3WCe6BPNDV_fWdVNj3AzrB_6ee84a3a@ios]: Skipped due to cooking limit
[2026-03-28 19:41:06] 📋   [WARN]     压缩失败 [Bs3WCe6BPNDV_fWdVNj3AzrB_6ee84a3a@android]: Skipped due to cooking limit
[2026-03-28 19:41:06] 📋   [WARN]     压缩失败 [Bs3WCe6BPNDV_fWdVNj3AzrB_6ee84a3a@windows]: Skipped due to cooking limit
[2026-03-28 19:41:06] 📋   [WARN]     压缩失败 [G2cT2cuQ5YDd_GcFZxcUqcQX_4505a018@ios]: Skipped due to cooking limit
[2026-03-28 19:41:06] 📋   [WARN]     压缩失败 [G2cT2cuQ5YDd_GcFZxcUqcQX_4505a018@android]: Skipped due to cooking limit
[2026-03-28 19:41:06] 📋   [WARN]     压缩失败 [G2cT2cuQ5YDd_GcFZxcUqcQX_4505a018@windows]: Skipped due to cooking limit
[2026-03-28 19:41:06] 📋   [WARN]     压缩失败 [E5gDyd-Flwu5MV8cVFdp1Rrd_5be5bf6b@ios]: Skipped due to cooking limit
[2026-03-28 19:41:06] 📋   [WARN]     压缩失败 [E5gDyd-Flwu5MV8cVFdp1Rrd_5be5bf6b@android]: Skipped due to cooking limit
[2026-03-28 19:41:06] 📋   [WARN]     压缩失败 [E5gDyd-Flwu5MV8cVFdp1Rrd_5be5bf6b@windows]: Skipped due to cooking limit
[2026-03-28 19:41:06] 📋   [WARN]     压缩失败 [A7NiaXewaO5nif4A8P_XDEr4_77cc1cf2@ios]: Skipped due to cooking limit
[2026-03-28 19:41:06] 📋   [WARN]     压缩失败 [A7NiaXewaO5nif4A8P_XDEr4_77cc1cf2@android]: Skipped due to cooking limit
[2026-03-28 19:41:06] 📋   [WARN]     压缩失败 [A7NiaXewaO5nif4A8P_XDEr4_77cc1cf2@windows]: Skipped due to cooking limit
[2026-03-28 19:41:06] 📋   [WARN]     压缩失败 [Gco2Ad6W0ztD2R5bW74IjfAH_d46496dd@ios]: Skipped due to cooking limit
[2026-03-28 19:41:06] 📋   [WARN]     压缩失败 [Gco2Ad6W0ztD2R5bW74IjfAH_d46496dd@android]: Skipped due to cooking limit
[2026-03-28 19:41:06] 📋   [WARN]     压缩失败 [Gco2Ad6W0ztD2R5bW74IjfAH_d46496dd@windows]: Skipped due to cooking limit
[2026-03-28 19:41:06] 📋   [WARN]     压缩失败 [DcRDoVixUxlx14PuxBs8eYB-_9333efa1@ios]: Skipped due to cooking limit
[2026-03-28 19:41:06] 📋   [WARN]     压缩失败 [DcRDoVixUxlx14PuxBs8eYB-_9333efa1@android]: Skipped due to cooking limit
[2026-03-28 19:41:06] 📋   [WARN]     压缩失败 [DcRDoVixUxlx14PuxBs8eYB-_9333efa1@windows]: Skipped due to cooking limit
[2026-03-28 19:41:06] 📋   [WARN]     压缩失败 [CE66ocO-Sd8uI_9jKkahR16h_54a8a3b7@ios]: Skipped due to cooking limit
[2026-03-28 19:41:06] 📋   [WARN]     压缩失败 [CE66ocO-Sd8uI_9jKkahR16h_54a8a3b7@android]: Skipped due to cooking limit
[2026-03-28 19:41:06] 📋   [WARN]     压缩失败 [CE66ocO-Sd8uI_9jKkahR16h_54a8a3b7@windows]: Skipped due to cooking limit
[2026-03-28 19:41:06] 📋   [WARN]     压缩失败 [CbJDURmDDIuhPiQ296xkuTVN_f717bca8@ios]: Skipped due to cooking limit
[2026-03-28 19:41:06] 📋   [WARN]     压缩失败 [CbJDURmDDIuhPiQ296xkuTVN_f717bca8@android]: Skipped due to cooking limit
[2026-03-28 19:41:06] 📋   [WARN]     压缩失败 [CbJDURmDDIuhPiQ296xkuTVN_f717bca8@windows]: Skipped due to cooking limit
[2026-03-28 19:41:06] 📋   [WARN]     压缩失败 [Aon4SR1ZZ9WOVvdTtBGT9cny_fef771f4@ios]: Skipped due to cooking limit
[2026-03-28 19:41:06] 📋   [WARN]     压缩失败 [Aon4SR1ZZ9WOVvdTtBGT9cny_fef771f4@android]: Skipped due to cooking limit
[2026-03-28 19:41:06] 📋   [WARN]     压缩失败 [Aon4SR1ZZ9WOVvdTtBGT9cny_fef771f4@windows]: Skipped due to cooking limit
[2026-03-28 19:41:06] 📋   [WARN]     压缩失败 [CF4WgZnSjXP7vMo6saomjvyR_ad32fedf@ios]: Skipped due to cooking limit
[2026-03-28 19:41:06] 📋   [WARN]     压缩失败 [CF4WgZnSjXP7vMo6saomjvyR_ad32fedf@android]: Skipped due to cooking limit
[2026-03-28 19:41:06] 📋   [WARN]     压缩失败 [CF4WgZnSjXP7vMo6saomjvyR_ad32fedf@windows]: Skipped due to cooking limit
[2026-03-28 19:41:06] 📋   [WARN]     压缩失败 [ClGR2aN7hSiey03WSQPXguyO_213db245@ios]: Skipped due to cooking limit
[2026-03-28 19:41:06] 📋   [WARN]     压缩失败 [ClGR2aN7hSiey03WSQPXguyO_213db245@android]: Skipped due to cooking limit
[2026-03-28 19:41:06] 📋   [WARN]     压缩失败 [ClGR2aN7hSiey03WSQPXguyO_213db245@windows]: Skipped due to cooking limit
[2026-03-28 19:41:06] 📋   [WARN]     压缩失败 [FRjhOdBm7Jh_59a9Kq2-32AQ_0823cd76@ios]: Skipped due to cooking limit
[2026-03-28 19:41:06] 📋   [WARN]     压缩失败 [FRjhOdBm7Jh_59a9Kq2-32AQ_0823cd76@android]: Skipped due to cooking limit
[2026-03-28 19:41:06] 📋   [WARN]     压缩失败 [FRjhOdBm7Jh_59a9Kq2-32AQ_0823cd76@windows]: Skipped due to cooking limit
[2026-03-28 19:41:06] 📋   [WARN]     压缩失败 [EEYXwaXzk9HBtOdD5uOgoTC6_925af328@ios]: Skipped due to cooking limit
[2026-03-28 19:41:06] 📋   [WARN]     压缩失败 [EEYXwaXzk9HBtOdD5uOgoTC6_925af328@android]: Skipped due to cooking limit
[2026-03-28 19:41:06] 📋   [WARN]     压缩失败 [EEYXwaXzk9HBtOdD5uOgoTC6_925af328@windows]: Skipped due to cooking limit
[2026-03-28 19:41:06] 📋   [WARN]     压缩失败 [EUqI2RTDDlW_FwDZcU2P8LPY_3474181c@ios]: Skipped due to cooking limit
[2026-03-28 19:41:06] 📋   [WARN]     压缩失败 [EUqI2RTDDlW_FwDZcU2P8LPY_3474181c@android]: Skipped due to cooking limit
[2026-03-28 19:41:06] 📋   [WARN]     压缩失败 [EUqI2RTDDlW_FwDZcU2P8LPY_3474181c@windows]: Skipped due to cooking limit
[2026-03-28 19:41:06] 📋   [WARN]     压缩失败 [AFZPcUldK4Q41pfq030e89gW_05c82507@ios]: Skipped due to cooking limit
[2026-03-28 19:41:06] 📋   [WARN]     压缩失败 [AFZPcUldK4Q41pfq030e89gW_05c82507@android]: Skipped due to cooking limit
[2026-03-28 19:41:06] 📋   [WARN]     压缩失败 [AFZPcUldK4Q41pfq030e89gW_05c82507@windows]: Skipped due to cooking limit
[2026-03-28 19:41:06] 📋   [WARN]     压缩失败 [DYFC0RMO6LCRgGJUcjJ-8CdI_1a5d2c8c@ios]: Skipped due to cooking limit
[2026-03-28 19:41:06] 📋   [WARN]     压缩失败 [DYFC0RMO6LCRgGJUcjJ-8CdI_1a5d2c8c@android]: Skipped due to cooking limit
[2026-03-28 19:41:06] 📋   [WARN]     压缩失败 [DYFC0RMO6LCRgGJUcjJ-8CdI_1a5d2c8c@windows]: Skipped due to cooking limit
[2026-03-28 19:41:06] 📋   [WARN]     压缩失败 [AJBH6dubSUdazLQfDRqog2zq_df599594@ios]: Skipped due to cooking limit
[2026-03-28 19:41:06] 📋   [WARN]     压缩失败 [AJBH6dubSUdazLQfDRqog2zq_df599594@android]: Skipped due to cooking limit
[2026-03-28 19:41:06] 📋   [WARN]     压缩失败 [AJBH6dubSUdazLQfDRqog2zq_df599594@windows]: Skipped due to cooking limit
[2026-03-28 19:41:06] 📋   [WARN]     压缩失败 [HBXM-efZqI0e_k6_jdDkPEAb_3502872d@ios]: Skipped due to cooking limit
[2026-03-28 19:41:06] 📋   [WARN]     压缩失败 [HBXM-efZqI0e_k6_jdDkPEAb_3502872d@android]: Skipped due to cooking limit
[2026-03-28 19:41:06] 📋   [WARN]     压缩失败 [HBXM-efZqI0e_k6_jdDkPEAb_3502872d@windows]: Skipped due to cooking limit
[2026-03-28 19:41:06] 📋   [WARN]     压缩失败 [HCZ98exTqNIcMiW4tTiFq8mx_cb2f9421@ios]: Skipped due to cooking limit
[2026-03-28 19:41:06] 📋   [WARN]     压缩失败 [HCZ98exTqNIcMiW4tTiFq8mx_cb2f9421@android]: Skipped due to cooking limit
[2026-03-28 19:41:06] 📋   [WARN]     压缩失败 [HCZ98exTqNIcMiW4tTiFq8mx_cb2f9421@windows]: Skipped due to cooking limit
[2026-03-28 19:41:06] 📋   [WARN]     压缩失败 [Cr2rEQXx0JU15d0g0M1Gv7ji_55e64894@ios]: Skipped due to cooking limit
[2026-03-28 19:41:06] 📋   [WARN]     压缩失败 [Cr2rEQXx0JU15d0g0M1Gv7ji_55e64894@android]: Skipped due to cooking limit
[2026-03-28 19:41:06] 📋   [WARN]     压缩失败 [Cr2rEQXx0JU15d0g0M1Gv7ji_55e64894@windows]: Skipped due to cooking limit
[2026-03-28 19:41:06] 📋   [WARN]     压缩失败 [A9comV0Ch5cR9T8VBemp1yNu_2a8477b7@ios]: Skipped due to cooking limit
[2026-03-28 19:41:06] 📋   [WARN]     压缩失败 [A9comV0Ch5cR9T8VBemp1yNu_2a8477b7@android]: Skipped due to cooking limit
[2026-03-28 19:41:06] 📋   [WARN]     压缩失败 [A9comV0Ch5cR9T8VBemp1yNu_2a8477b7@windows]: Skipped due to cooking limit
[2026-03-28 19:41:06] 📋   [WARN]     压缩失败 [ByxxcdKc7d2NNrf4EGpspUiw_62f73e14@ios]: Skipped due to cooking limit
[2026-03-28 19:41:06] 📋   [WARN]     压缩失败 [ByxxcdKc7d2NNrf4EGpspUiw_62f73e14@android]: Skipped due to cooking limit
[2026-03-28 19:41:06] 📋   [WARN]     压缩失败 [ByxxcdKc7d2NNrf4EGpspUiw_62f73e14@windows]: Skipped due to cooking limit
[2026-03-28 19:41:06] 📋   [WARN]     压缩失败 [FE6NeX38KL1TyTkambW4ams__e082f882@ios]: Skipped due to cooking limit
[2026-03-28 19:41:06] 📋   [WARN]     压缩失败 [FE6NeX38KL1TyTkambW4ams__e082f882@android]: Skipped due to cooking limit
[2026-03-28 19:41:06] 📋   [WARN]     压缩失败 [FE6NeX38KL1TyTkambW4ams__e082f882@windows]: Skipped due to cooking limit
[2026-03-28 19:41:06] 📋   [WARN]     压缩失败 [G8Y9cZNYM2bDs5iaEXoIvB2P_b9a9f8df@ios]: Skipped due to cooking limit
[2026-03-28 19:41:06] 📋   [WARN]     压缩失败 [G8Y9cZNYM2bDs5iaEXoIvB2P_b9a9f8df@android]: Skipped due to cooking limit
[2026-03-28 19:41:06] 📋   [WARN]     压缩失败 [G8Y9cZNYM2bDs5iaEXoIvB2P_b9a9f8df@windows]: Skipped due to cooking limit
[2026-03-28 19:41:06] 📋   [WARN]     压缩失败 [CsiSmRgG1okwLqDb7KZIc3bJ_bc09d85f@ios]: Skipped due to cooking limit
[2026-03-28 19:41:06] 📋   [WARN]     压缩失败 [CsiSmRgG1okwLqDb7KZIc3bJ_bc09d85f@android]: Skipped due to cooking limit
[2026-03-28 19:41:06] 📋   [WARN]     压缩失败 [CsiSmRgG1okwLqDb7KZIc3bJ_bc09d85f@windows]: Skipped due to cooking limit
[2026-03-28 19:41:06] 📋   [WARN]     压缩失败 [EN8z4e6QkhmxP4PVjWMDE4DR_5c2f2ebc@ios]: Skipped due to cooking limit
[2026-03-28 19:41:06] 📋   [WARN]     压缩失败 [EN8z4e6QkhmxP4PVjWMDE4DR_5c2f2ebc@android]: Skipped due to cooking limit
[2026-03-28 19:41:06] 📋   [WARN]     压缩失败 [EN8z4e6QkhmxP4PVjWMDE4DR_5c2f2ebc@windows]: Skipped due to cooking limit
[2026-03-28 19:41:06] 📋   [WARN]     压缩失败 [CvaLMU9K6VWAYPRakgJlRbdP_afc2a177@ios]: Skipped due to cooking limit
[2026-03-28 19:41:06] 📋   [WARN]     压缩失败 [CvaLMU9K6VWAYPRakgJlRbdP_afc2a177@android]: Skipped due to cooking limit
[2026-03-28 19:41:06] 📋   [WARN]     压缩失败 [CvaLMU9K6VWAYPRakgJlRbdP_afc2a177@windows]: Skipped due to cooking limit
[2026-03-28 19:41:06] 📋   [WARN]     压缩失败 [EOUfuTlJ6iS-4t88m3dRNlad_5a06f7b0@ios]: Skipped due to cooking limit
[2026-03-28 19:41:06] 📋   [WARN]     压缩失败 [EOUfuTlJ6iS-4t88m3dRNlad_5a06f7b0@android]: Skipped due to cooking limit
[2026-03-28 19:41:06] 📋   [WARN]     压缩失败 [EOUfuTlJ6iS-4t88m3dRNlad_5a06f7b0@windows]: Skipped due to cooking limit
[2026-03-28 19:41:06] 📋   [WARN]     压缩失败 [BvFsYfEhvILEWaTxyAjNdITl_8236c009@ios]: Skipped due to cooking limit
[2026-03-28 19:41:06] 📋   [WARN]     压缩失败 [BvFsYfEhvILEWaTxyAjNdITl_8236c009@android]: Skipped due to cooking limit
[2026-03-28 19:41:06] 📋   [WARN]     压缩失败 [BvFsYfEhvILEWaTxyAjNdITl_8236c009@windows]: Skipped due to cooking limit
[2026-03-28 19:41:06] 📋   [WARN]     压缩失败 [GqY6CeSfsiMFx1jA_u2XRosO_b120dce7@ios]: Skipped due to cooking limit
[2026-03-28 19:41:06] 📋   [WARN]     压缩失败 [GqY6CeSfsiMFx1jA_u2XRosO_b120dce7@android]: Skipped due to cooking limit
[2026-03-28 19:41:06] 📋   [WARN]     压缩失败 [GqY6CeSfsiMFx1jA_u2XRosO_b120dce7@windows]: Skipped due to cooking limit
[2026-03-28 19:41:06] 📋   [WARN]     压缩失败 [DBDPiV0LdDLPmOYOOSlBWxGQ_bc6e6c97@ios]: Skipped due to cooking limit
[2026-03-28 19:41:06] 📋   [WARN]     压缩失败 [DBDPiV0LdDLPmOYOOSlBWxGQ_bc6e6c97@android]: Skipped due to cooking limit
[2026-03-28 19:41:06] 📋   [WARN]     压缩失败 [DBDPiV0LdDLPmOYOOSlBWxGQ_bc6e6c97@windows]: Skipped due to cooking limit
[2026-03-28 19:41:06] 📋   [WARN]     压缩失败 [ACh94UMXaia50kbtAPDfCPT3_b5fdc83a@ios]: Skipped due to cooking limit
[2026-03-28 19:41:06] 📋   [WARN]     压缩失败 [ACh94UMXaia50kbtAPDfCPT3_b5fdc83a@android]: Skipped due to cooking limit
[2026-03-28 19:41:06] 📋   [WARN]     压缩失败 [ACh94UMXaia50kbtAPDfCPT3_b5fdc83a@windows]: Skipped due to cooking limit
[2026-03-28 19:41:06] 📋   [WARN]     压缩失败 [GVqu0b4z_csJzi4CItCnyqyg_fe32735d@ios]: Skipped due to cooking limit
[2026-03-28 19:41:06] 📋   [WARN]     压缩失败 [GVqu0b4z_csJzi4CItCnyqyg_fe32735d@android]: Skipped due to cooking limit
[2026-03-28 19:41:06] 📋   [WARN]     压缩失败 [GVqu0b4z_csJzi4CItCnyqyg_fe32735d@windows]: Skipped due to cooking limit
[2026-03-28 19:41:07] 📋   [WARN]     压缩失败 [BdZ8kX_BdGrzYiHwekjPrzn6_7ab1a4c3@ios]: Skipped due to cooking limit
[2026-03-28 19:41:07] 📋   [WARN]     压缩失败 [BdZ8kX_BdGrzYiHwekjPrzn6_7ab1a4c3@android]: Skipped due to cooking limit
[2026-03-28 19:41:07] 📋   [WARN]     压缩失败 [BdZ8kX_BdGrzYiHwekjPrzn6_7ab1a4c3@windows]: Skipped due to cooking limit
[2026-03-28 19:41:07] 📋   [WARN]     压缩失败 [BauvWciz6i6Dfz61HoRXuTed_3495b8c8@ios]: Skipped due to cooking limit
[2026-03-28 19:41:07] 📋   [WARN]     压缩失败 [BauvWciz6i6Dfz61HoRXuTed_3495b8c8@android]: Skipped due to cooking limit
[2026-03-28 19:41:07] 📋   [WARN]     压缩失败 [BauvWciz6i6Dfz61HoRXuTed_3495b8c8@windows]: Skipped due to cooking limit
[2026-03-28 19:41:07] 📋   [WARN]     压缩失败 [F3RvYZMVUtmBAXRvN0dIuLZH_3601beb4@ios]: Skipped due to cooking limit
[2026-03-28 19:41:07] 📋   [WARN]     压缩失败 [F3RvYZMVUtmBAXRvN0dIuLZH_3601beb4@android]: Skipped due to cooking limit
[2026-03-28 19:41:07] 📋   [WARN]     压缩失败 [F3RvYZMVUtmBAXRvN0dIuLZH_3601beb4@windows]: Skipped due to cooking limit
[2026-03-28 19:41:07] 📋   [WARN]     压缩失败 [F54SaS3q-SkOi8tTKx8U6B3Q_e88af318@ios]: Skipped due to cooking limit
[2026-03-28 19:41:07] 📋   [WARN]     压缩失败 [F54SaS3q-SkOi8tTKx8U6B3Q_e88af318@android]: Skipped due to cooking limit
[2026-03-28 19:41:07] 📋   [WARN]     压缩失败 [F54SaS3q-SkOi8tTKx8U6B3Q_e88af318@windows]: Skipped due to cooking limit
[2026-03-28 19:41:07] 📋   [WARN]     压缩失败 [AwO1KTGQaEaz5UcEPa3-qPnH_9be92ec7@ios]: Skipped due to cooking limit
[2026-03-28 19:41:07] 📋   [WARN]     压缩失败 [AwO1KTGQaEaz5UcEPa3-qPnH_9be92ec7@android]: Skipped due to cooking limit
[2026-03-28 19:41:07] 📋   [WARN]     压缩失败 [AwO1KTGQaEaz5UcEPa3-qPnH_9be92ec7@windows]: Skipped due to cooking limit
[2026-03-28 19:41:07] 📋   [WARN]     压缩失败 [Ds43gdxJ251ogGHPFFWzTzP4_104d4f62@ios]: Skipped due to cooking limit
[2026-03-28 19:41:07] 📋   [WARN]     压缩失败 [Ds43gdxJ251ogGHPFFWzTzP4_104d4f62@android]: Skipped due to cooking limit
[2026-03-28 19:41:07] 📋   [WARN]     压缩失败 [Ds43gdxJ251ogGHPFFWzTzP4_104d4f62@windows]: Skipped due to cooking limit
[2026-03-28 19:41:07] 📋   [WARN]     压缩失败 [Fbo46bxLj4svHq0J6MsC5Q48_08bf696c@ios]: Skipped due to cooking limit
[2026-03-28 19:41:07] 📋   [WARN]     压缩失败 [Fbo46bxLj4svHq0J6MsC5Q48_08bf696c@android]: Skipped due to cooking limit
[2026-03-28 19:41:07] 📋   [WARN]     压缩失败 [Fbo46bxLj4svHq0J6MsC5Q48_08bf696c@windows]: Skipped due to cooking limit
[2026-03-28 19:41:07] 📋   [WARN]     压缩失败 [A8ZQyXbCN5RWOyuMvBnpAEL3_3d9479bf@ios]: Skipped due to cooking limit
[2026-03-28 19:41:07] 📋   [WARN]     压缩失败 [A8ZQyXbCN5RWOyuMvBnpAEL3_3d9479bf@android]: Skipped due to cooking limit
[2026-03-28 19:41:07] 📋   [WARN]     压缩失败 [A8ZQyXbCN5RWOyuMvBnpAEL3_3d9479bf@windows]: Skipped due to cooking limit
[2026-03-28 19:41:07] 📋   [WARN]     压缩失败 [FPX42W8tRNuoiI0SA_gcxUwy_f9de1323@ios]: Skipped due to cooking limit
[2026-03-28 19:41:07] 📋   [WARN]     压缩失败 [FPX42W8tRNuoiI0SA_gcxUwy_f9de1323@android]: Skipped due to cooking limit
[2026-03-28 19:41:07] 📋   [WARN]     压缩失败 [FPX42W8tRNuoiI0SA_gcxUwy_f9de1323@windows]: Skipped due to cooking limit
[2026-03-28 19:41:07] 📋   [WARN]     压缩失败 [EJKiWdNOLGspBc4TVOvOHbil_81dcc997@ios]: Skipped due to cooking limit
[2026-03-28 19:41:07] 📋   [WARN]     压缩失败 [EJKiWdNOLGspBc4TVOvOHbil_81dcc997@android]: Skipped due to cooking limit
[2026-03-28 19:41:07] 📋   [WARN]     压缩失败 [EJKiWdNOLGspBc4TVOvOHbil_81dcc997@windows]: Skipped due to cooking limit
[2026-03-28 19:41:07] 📋   [WARN]     压缩失败 [FWCBIXMPVqKhvQHRJrNLIC2w_8ebcb3d7@ios]: Skipped due to cooking limit
[2026-03-28 19:41:07] 📋   [WARN]     压缩失败 [FWCBIXMPVqKhvQHRJrNLIC2w_8ebcb3d7@android]: Skipped due to cooking limit
[2026-03-28 19:41:07] 📋   [WARN]     压缩失败 [FWCBIXMPVqKhvQHRJrNLIC2w_8ebcb3d7@windows]: Skipped due to cooking limit
[2026-03-28 19:41:07] 📋   [WARN]     压缩失败 [BtAMMfAUBATN0tKNFS7LNyWT_d68fe079@ios]: Skipped due to cooking limit
[2026-03-28 19:41:07] 📋   [WARN]     压缩失败 [BtAMMfAUBATN0tKNFS7LNyWT_d68fe079@android]: Skipped due to cooking limit
[2026-03-28 19:41:07] 📋   [WARN]     压缩失败 [BtAMMfAUBATN0tKNFS7LNyWT_d68fe079@windows]: Skipped due to cooking limit
[2026-03-28 19:41:07] 📋   [WARN]     压缩失败 [A5mxQbjeRUZ4owpbL-oCjolK_44aa96d7@ios]: Skipped due to cooking limit
[2026-03-28 19:41:07] 📋   [WARN]     压缩失败 [A5mxQbjeRUZ4owpbL-oCjolK_44aa96d7@android]: Skipped due to cooking limit
[2026-03-28 19:41:07] 📋   [WARN]     压缩失败 [A5mxQbjeRUZ4owpbL-oCjolK_44aa96d7@windows]: Skipped due to cooking limit
[2026-03-28 19:41:07] 📋   [WARN]     压缩失败 [EJYkyW6gfwtLpKuc54p5K4FM_ac70640b@ios]: Skipped due to cooking limit
[2026-03-28 19:41:07] 📋   [WARN]     压缩失败 [EJYkyW6gfwtLpKuc54p5K4FM_ac70640b@android]: Skipped due to cooking limit
[2026-03-28 19:41:07] 📋   [WARN]     压缩失败 [EJYkyW6gfwtLpKuc54p5K4FM_ac70640b@windows]: Skipped due to cooking limit
[2026-03-28 19:41:07] 📋   [WARN]     压缩失败 [Gv8jmXm4WAlrvYCPPJGE0VZo_8162ee71@ios]: Skipped due to cooking limit
[2026-03-28 19:41:07] 📋   [WARN]     压缩失败 [Gv8jmXm4WAlrvYCPPJGE0VZo_8162ee71@android]: Skipped due to cooking limit
[2026-03-28 19:41:07] 📋   [WARN]     压缩失败 [Gv8jmXm4WAlrvYCPPJGE0VZo_8162ee71@windows]: Skipped due to cooking limit
[2026-03-28 19:41:07] 📋   [WARN]     压缩失败 [EoZL4bsjZYBZaDtcfjIQtQ5f_b4702c73@ios]: Skipped due to cooking limit
[2026-03-28 19:41:07] 📋   [WARN]     压缩失败 [EoZL4bsjZYBZaDtcfjIQtQ5f_b4702c73@android]: Skipped due to cooking limit
[2026-03-28 19:41:07] 📋   [WARN]     压缩失败 [EoZL4bsjZYBZaDtcfjIQtQ5f_b4702c73@windows]: Skipped due to cooking limit
[2026-03-28 19:41:07] 📋   [WARN]     压缩失败 [GvY-ce3QhQCyDM4YhhrAF2fY_dbda669a@ios]: Skipped due to cooking limit
[2026-03-28 19:41:07] 📋   [WARN]     压缩失败 [GvY-ce3QhQCyDM4YhhrAF2fY_dbda669a@android]: Skipped due to cooking limit
[2026-03-28 19:41:07] 📋   [WARN]     压缩失败 [GvY-ce3QhQCyDM4YhhrAF2fY_dbda669a@windows]: Skipped due to cooking limit
[2026-03-28 19:41:07] 📋   [WARN]     压缩失败 [F-VHKVJwx--iFfCdGRUCQ0c3_f92b1f2b@ios]: Skipped due to cooking limit
[2026-03-28 19:41:07] 📋   [WARN]     压缩失败 [F-VHKVJwx--iFfCdGRUCQ0c3_f92b1f2b@android]: Skipped due to cooking limit
[2026-03-28 19:41:07] 📋   [WARN]     压缩失败 [F-VHKVJwx--iFfCdGRUCQ0c3_f92b1f2b@windows]: Skipped due to cooking limit
[2026-03-28 19:41:07] 📋   [WARN]     压缩失败 [HgWu8dgRlr5dVDSysEHmcd-Q_6bbc227a@ios]: Skipped due to cooking limit
[2026-03-28 19:41:07] 📋   [WARN]     压缩失败 [HgWu8dgRlr5dVDSysEHmcd-Q_6bbc227a@android]: Skipped due to cooking limit
[2026-03-28 19:41:07] 📋   [WARN]     压缩失败 [HgWu8dgRlr5dVDSysEHmcd-Q_6bbc227a@windows]: Skipped due to cooking limit
[2026-03-28 19:41:07] 📋   [WARN]     压缩失败 [HM4eYY7lP92OMIDLXATjEBHE_6c8b332f@ios]: Skipped due to cooking limit
[2026-03-28 19:41:07] 📋   [WARN]     压缩失败 [HM4eYY7lP92OMIDLXATjEBHE_6c8b332f@android]: Skipped due to cooking limit
[2026-03-28 19:41:07] 📋   [WARN]     压缩失败 [HM4eYY7lP92OMIDLXATjEBHE_6c8b332f@windows]: Skipped due to cooking limit
[2026-03-28 19:41:07] 📋   [WARN]     压缩失败 [HQRNQVGY1PxrFHljsgZMLGm__08e1a967@ios]: Skipped due to cooking limit
[2026-03-28 19:41:07] 📋   [WARN]     压缩失败 [HQRNQVGY1PxrFHljsgZMLGm__08e1a967@android]: Skipped due to cooking limit
[2026-03-28 19:41:07] 📋   [WARN]     压缩失败 [HQRNQVGY1PxrFHljsgZMLGm__08e1a967@windows]: Skipped due to cooking limit
[2026-03-28 19:41:07] 📋   [WARN]     压缩失败 [CTTb4VSPUkDUBWIUT3ssH50Q_50a89719@ios]: Skipped due to cooking limit
[2026-03-28 19:41:07] 📋   [WARN]     压缩失败 [CTTb4VSPUkDUBWIUT3ssH50Q_50a89719@android]: Skipped due to cooking limit
[2026-03-28 19:41:07] 📋   [WARN]     压缩失败 [CTTb4VSPUkDUBWIUT3ssH50Q_50a89719@windows]: Skipped due to cooking limit
[2026-03-28 19:41:07] 📋   [WARN]     压缩失败 [DFZ64URLQDHOAHkGIcNc76VU_f154c9bc@ios]: Skipped due to cooking limit
[2026-03-28 19:41:07] 📋   [WARN]     压缩失败 [DFZ64URLQDHOAHkGIcNc76VU_f154c9bc@android]: Skipped due to cooking limit
[2026-03-28 19:41:07] 📋   [WARN]     压缩失败 [DFZ64URLQDHOAHkGIcNc76VU_f154c9bc@windows]: Skipped due to cooking limit
[2026-03-28 19:41:07] 📋   [WARN]     压缩失败 [C-r7SWaBG7R8bLuY66JdF7Zc_e79f9581@ios]: Skipped due to cooking limit
[2026-03-28 19:41:07] 📋   [WARN]     压缩失败 [C-r7SWaBG7R8bLuY66JdF7Zc_e79f9581@android]: Skipped due to cooking limit
[2026-03-28 19:41:07] 📋   [WARN]     压缩失败 [C-r7SWaBG7R8bLuY66JdF7Zc_e79f9581@windows]: Skipped due to cooking limit
[2026-03-28 19:41:07] 📋   [WARN]     压缩失败 [BoAxyRG1Rw8dinJJSS12QJ9a_ef535740@ios]: Skipped due to cooking limit
[2026-03-28 19:41:07] 📋   [WARN]     压缩失败 [BoAxyRG1Rw8dinJJSS12QJ9a_ef535740@android]: Skipped due to cooking limit
[2026-03-28 19:41:07] 📋   [WARN]     压缩失败 [BoAxyRG1Rw8dinJJSS12QJ9a_ef535740@windows]: Skipped due to cooking limit
[2026-03-28 19:41:07] 📋   [WARN]     压缩失败 [GIZ2mVkOTkFWGmgFeMVtrvl0_581c2f4f@ios]: Skipped due to cooking limit
[2026-03-28 19:41:07] 📋   [WARN]     压缩失败 [GIZ2mVkOTkFWGmgFeMVtrvl0_581c2f4f@android]: Skipped due to cooking limit
[2026-03-28 19:41:07] 📋   [WARN]     压缩失败 [GIZ2mVkOTkFWGmgFeMVtrvl0_581c2f4f@windows]: Skipped due to cooking limit
[2026-03-28 19:41:07] 📋   [WARN]     压缩失败 [CKbfidkgTg-oTimDxpt44Gfq_3152f47a@ios]: Skipped due to cooking limit
[2026-03-28 19:41:07] 📋   [WARN]     压缩失败 [CKbfidkgTg-oTimDxpt44Gfq_3152f47a@android]: Skipped due to cooking limit
[2026-03-28 19:41:07] 📋   [WARN]     压缩失败 [CKbfidkgTg-oTimDxpt44Gfq_3152f47a@windows]: Skipped due to cooking limit
[2026-03-28 19:41:07] 📋   [WARN]     压缩失败 [AsW-efKUoCYzNghoXD8IzizD_db8b8cd9@ios]: Skipped due to cooking limit
[2026-03-28 19:41:07] 📋   [WARN]     压缩失败 [AsW-efKUoCYzNghoXD8IzizD_db8b8cd9@android]: Skipped due to cooking limit
[2026-03-28 19:41:07] 📋   [WARN]     压缩失败 [AsW-efKUoCYzNghoXD8IzizD_db8b8cd9@windows]: Skipped due to cooking limit
[2026-03-28 19:41:07] 📋   [WARN]     压缩失败 [BF_5EeVjlSZZ4xIxT7H_hNIh_e8739426@ios]: Skipped due to cooking limit
[2026-03-28 19:41:07] 📋   [WARN]     压缩失败 [BF_5EeVjlSZZ4xIxT7H_hNIh_e8739426@android]: Skipped due to cooking limit
[2026-03-28 19:41:07] 📋   [WARN]     压缩失败 [BF_5EeVjlSZZ4xIxT7H_hNIh_e8739426@windows]: Skipped due to cooking limit
[2026-03-28 19:41:07] 📋   [WARN]     压缩失败 [FyKp2fMTYQpS3pbZhKHRoFt6_43263bd2@ios]: Skipped due to cooking limit
[2026-03-28 19:41:07] 📋   [WARN]     压缩失败 [FyKp2fMTYQpS3pbZhKHRoFt6_43263bd2@android]: Skipped due to cooking limit
[2026-03-28 19:41:07] 📋   [WARN]     压缩失败 [FyKp2fMTYQpS3pbZhKHRoFt6_43263bd2@windows]: Skipped due to cooking limit
[2026-03-28 19:41:07] 📋   [WARN]     压缩失败 [E7PqAcLqEctJcFzhI6HqY94W_0eecbcca@ios]: Skipped due to cooking limit
[2026-03-28 19:41:07] 📋   [WARN]     压缩失败 [E7PqAcLqEctJcFzhI6HqY94W_0eecbcca@android]: Skipped due to cooking limit
[2026-03-28 19:41:07] 📋   [WARN]     压缩失败 [E7PqAcLqEctJcFzhI6HqY94W_0eecbcca@windows]: Skipped due to cooking limit
[2026-03-28 19:41:07] 📋   [WARN]     压缩失败 [FdCOoRWeILRkozwuiim7uCwm_25e0ae64@ios]: Skipped due to cooking limit
[2026-03-28 19:41:07] 📋   [WARN]     压缩失败 [FdCOoRWeILRkozwuiim7uCwm_25e0ae64@android]: Skipped due to cooking limit
[2026-03-28 19:41:07] 📋   [WARN]     压缩失败 [FdCOoRWeILRkozwuiim7uCwm_25e0ae64@windows]: Skipped due to cooking limit
[2026-03-28 19:41:07] 📋   [WARN]     压缩失败 [G3r7GaAzQN3ZJznAVBMGRuje_4f51a1d5@ios]: Skipped due to cooking limit
[2026-03-28 19:41:07] 📋   [WARN]     压缩失败 [G3r7GaAzQN3ZJznAVBMGRuje_4f51a1d5@android]: Skipped due to cooking limit
[2026-03-28 19:41:07] 📋   [WARN]     压缩失败 [G3r7GaAzQN3ZJznAVBMGRuje_4f51a1d5@windows]: Skipped due to cooking limit
[2026-03-28 19:41:07] 📋   [WARN]     压缩失败 [DVk1aQbJbIwh61N1I0T5nxbm_e4716cfc@ios]: Skipped due to cooking limit
[2026-03-28 19:41:07] 📋   [WARN]     压缩失败 [DVk1aQbJbIwh61N1I0T5nxbm_e4716cfc@android]: Skipped due to cooking limit
[2026-03-28 19:41:07] 📋   [WARN]     压缩失败 [DVk1aQbJbIwh61N1I0T5nxbm_e4716cfc@windows]: Skipped due to cooking limit
[2026-03-28 19:41:07] 📋   [WARN]     压缩失败 [FI6owV_TkMGltdZCQG1J6Y3r_07e27171@ios]: Skipped due to cooking limit
[2026-03-28 19:41:07] 📋   [WARN]     压缩失败 [FI6owV_TkMGltdZCQG1J6Y3r_07e27171@android]: Skipped due to cooking limit
[2026-03-28 19:41:07] 📋   [WARN]     压缩失败 [FI6owV_TkMGltdZCQG1J6Y3r_07e27171@windows]: Skipped due to cooking limit
[2026-03-28 19:41:07] 📋   [WARN]     压缩失败 [HzEgEcJ8F044VCDgBeg6DYUt_b8f7115b@ios]: Skipped due to cooking limit
[2026-03-28 19:41:07] 📋   [WARN]     压缩失败 [HzEgEcJ8F044VCDgBeg6DYUt_b8f7115b@android]: Skipped due to cooking limit
[2026-03-28 19:41:07] 📋   [WARN]     压缩失败 [HzEgEcJ8F044VCDgBeg6DYUt_b8f7115b@windows]: Skipped due to cooking limit
[2026-03-28 19:41:07] 📋   [WARN]     压缩失败 [FLyuATG0x_MDInxYTbz9jgi6_180ff1e2@ios]: Skipped due to cooking limit
[2026-03-28 19:41:07] 📋   [WARN]     压缩失败 [FLyuATG0x_MDInxYTbz9jgi6_180ff1e2@android]: Skipped due to cooking limit
[2026-03-28 19:41:07] 📋   [WARN]     压缩失败 [FLyuATG0x_MDInxYTbz9jgi6_180ff1e2@windows]: Skipped due to cooking limit
[2026-03-28 19:41:07] 📋   [WARN]     压缩失败 [FOX4sW4j3BO1bIy4IYWD88TZ_c5b77069@ios]: Skipped due to cooking limit
[2026-03-28 19:41:07] 📋   [WARN]     压缩失败 [FOX4sW4j3BO1bIy4IYWD88TZ_c5b77069@android]: Skipped due to cooking limit
[2026-03-28 19:41:07] 📋   [WARN]     压缩失败 [FOX4sW4j3BO1bIy4IYWD88TZ_c5b77069@windows]: Skipped due to cooking limit
[2026-03-28 19:41:07] 📋   [WARN]     压缩失败 [C8HOwWsiQoRnmdPeL0BFAUre_3c56a856@ios]: Skipped due to cooking limit
[2026-03-28 19:41:07] 📋   [WARN]     压缩失败 [C8HOwWsiQoRnmdPeL0BFAUre_3c56a856@android]: Skipped due to cooking limit
[2026-03-28 19:41:07] 📋   [WARN]     压缩失败 [C8HOwWsiQoRnmdPeL0BFAUre_3c56a856@windows]: Skipped due to cooking limit
[2026-03-28 19:41:07] 📋   [WARN]     压缩失败 [C_jemRDkKIaiduONSltGvBy9_ef624730@ios]: Skipped due to cooking limit
[2026-03-28 19:41:07] 📋   [WARN]     压缩失败 [C_jemRDkKIaiduONSltGvBy9_ef624730@android]: Skipped due to cooking limit
[2026-03-28 19:41:07] 📋   [WARN]     压缩失败 [C_jemRDkKIaiduONSltGvBy9_ef624730@windows]: Skipped due to cooking limit
[2026-03-28 19:41:07] 📋   [WARN]     压缩失败 [G8jYadIR_PXY6R-WZ2pJqY-k_811b7dea@ios]: Skipped due to cooking limit
[2026-03-28 19:41:07] 📋   [WARN]     压缩失败 [G8jYadIR_PXY6R-WZ2pJqY-k_811b7dea@android]: Skipped due to cooking limit
[2026-03-28 19:41:07] 📋   [WARN]     压缩失败 [G8jYadIR_PXY6R-WZ2pJqY-k_811b7dea@windows]: Skipped due to cooking limit
[2026-03-28 19:41:07] 📋   [WARN]     压缩失败 [Fi42KeWjSJERdtuWOin5NNrJ_903685f1@ios]: Skipped due to cooking limit
[2026-03-28 19:41:07] 📋   [WARN]     压缩失败 [Fi42KeWjSJERdtuWOin5NNrJ_903685f1@android]: Skipped due to cooking limit
[2026-03-28 19:41:07] 📋   [WARN]     压缩失败 [Fi42KeWjSJERdtuWOin5NNrJ_903685f1@windows]: Skipped due to cooking limit
[2026-03-28 19:41:07] 📋   [WARN]     压缩失败 [CaQucVxxupvGJiohezQAMTqu_dd0be491@ios]: Skipped due to cooking limit
[2026-03-28 19:41:07] 📋   [WARN]     压缩失败 [CaQucVxxupvGJiohezQAMTqu_dd0be491@android]: Skipped due to cooking limit
[2026-03-28 19:41:07] 📋   [WARN]     压缩失败 [CaQucVxxupvGJiohezQAMTqu_dd0be491@windows]: Skipped due to cooking limit
[2026-03-28 19:41:07] 📋   [WARN]     压缩失败 [AMjNqTkQMWjenl1vKidQY9TA_85e88c05@ios]: Skipped due to cooking limit
[2026-03-28 19:41:07] 📋   [WARN]     压缩失败 [AMjNqTkQMWjenl1vKidQY9TA_85e88c05@android]: Skipped due to cooking limit
[2026-03-28 19:41:07] 📋   [WARN]     压缩失败 [AMjNqTkQMWjenl1vKidQY9TA_85e88c05@windows]: Skipped due to cooking limit
[2026-03-28 19:41:07] 📋   [WARN]     压缩失败 [DA1fEZih9tEj5zG-ndiPjlPi_dff4010e@ios]: Skipped due to cooking limit
[2026-03-28 19:41:07] 📋   [WARN]     压缩失败 [DA1fEZih9tEj5zG-ndiPjlPi_dff4010e@android]: Skipped due to cooking limit
[2026-03-28 19:41:07] 📋   [WARN]     压缩失败 [DA1fEZih9tEj5zG-ndiPjlPi_dff4010e@windows]: Skipped due to cooking limit
[2026-03-28 19:41:07] 📋   [WARN]     压缩失败 [DaDYAXi_7IMLSy1RNrlHSLxb_04fd22c1@ios]: Skipped due to cooking limit
[2026-03-28 19:41:07] 📋   [WARN]     压缩失败 [DaDYAXi_7IMLSy1RNrlHSLxb_04fd22c1@android]: Skipped due to cooking limit
[2026-03-28 19:41:07] 📋   [WARN]     压缩失败 [DaDYAXi_7IMLSy1RNrlHSLxb_04fd22c1@windows]: Skipped due to cooking limit
[2026-03-28 19:41:07] 📋   [WARN]     压缩失败 [Fkza0evIuOSFtNpwQkz4vaI2_43c85c5a@ios]: Skipped due to cooking limit
[2026-03-28 19:41:07] 📋   [WARN]     压缩失败 [Fkza0evIuOSFtNpwQkz4vaI2_43c85c5a@android]: Skipped due to cooking limit
[2026-03-28 19:41:07] 📋   [WARN]     压缩失败 [Fkza0evIuOSFtNpwQkz4vaI2_43c85c5a@windows]: Skipped due to cooking limit
[2026-03-28 19:41:07] 📋   [WARN]     压缩失败 [D_vrwWJnBYMWrk-9vo-HUwwa_fc3c6a5d@ios]: Skipped due to cooking limit
[2026-03-28 19:41:07] 📋   [WARN]     压缩失败 [D_vrwWJnBYMWrk-9vo-HUwwa_fc3c6a5d@android]: Skipped due to cooking limit
[2026-03-28 19:41:07] 📋   [WARN]     压缩失败 [D_vrwWJnBYMWrk-9vo-HUwwa_fc3c6a5d@windows]: Skipped due to cooking limit
[2026-03-28 19:41:07] 📋   [WARN]     压缩失败 [E6YaqeHxC4-q-DvSQ5ZELDGP_3c737d37@ios]: Skipped due to cooking limit
[2026-03-28 19:41:07] 📋   [WARN]     压缩失败 [E6YaqeHxC4-q-DvSQ5ZELDGP_3c737d37@android]: Skipped due to cooking limit
[2026-03-28 19:41:07] 📋   [WARN]     压缩失败 [E6YaqeHxC4-q-DvSQ5ZELDGP_3c737d37@windows]: Skipped due to cooking limit
[2026-03-28 19:41:07] 📋   [WARN]     压缩失败 [HzIJ8Xnp_eCvBhORNP8ZWHZt_a27915b0@ios]: Skipped due to cooking limit
[2026-03-28 19:41:07] 📋   [WARN]     压缩失败 [HzIJ8Xnp_eCvBhORNP8ZWHZt_a27915b0@android]: Skipped due to cooking limit
[2026-03-28 19:41:07] 📋   [WARN]     压缩失败 [HzIJ8Xnp_eCvBhORNP8ZWHZt_a27915b0@windows]: Skipped due to cooking limit
[2026-03-28 19:41:07] 📋   [WARN]     压缩失败 [Fr6F0aXmcF7dM93zAgwpNJsf_479e20d5@ios]: Skipped due to cooking limit
[2026-03-28 19:41:07] 📋   [WARN]     压缩失败 [Fr6F0aXmcF7dM93zAgwpNJsf_479e20d5@android]: Skipped due to cooking limit
[2026-03-28 19:41:07] 📋   [WARN]     压缩失败 [Fr6F0aXmcF7dM93zAgwpNJsf_479e20d5@windows]: Skipped due to cooking limit
[2026-03-28 19:41:07] 📋   [WARN]     压缩失败 [EH608Y_wkA1xsul-aSUo3Uit_f1985907@ios]: Skipped due to cooking limit
[2026-03-28 19:41:07] 📋   [WARN]     压缩失败 [EH608Y_wkA1xsul-aSUo3Uit_f1985907@android]: Skipped due to cooking limit
[2026-03-28 19:41:07] 📋   [WARN]     压缩失败 [EH608Y_wkA1xsul-aSUo3Uit_f1985907@windows]: Skipped due to cooking limit
[2026-03-28 19:41:07] 📋   [WARN]     压缩失败 [C8HI2WFqt39DCHobboYZssx2_a0c2f210@ios]: Skipped due to cooking limit
[2026-03-28 19:41:07] 📋   [WARN]     压缩失败 [C8HI2WFqt39DCHobboYZssx2_a0c2f210@android]: Skipped due to cooking limit
[2026-03-28 19:41:07] 📋   [WARN]     压缩失败 [C8HI2WFqt39DCHobboYZssx2_a0c2f210@windows]: Skipped due to cooking limit
[2026-03-28 19:41:07] 📋   [WARN]     压缩失败 [EXi1ufexzzq6a0JzFc-zqzh8_4ad21b03@ios]: Skipped due to cooking limit
[2026-03-28 19:41:07] 📋   [WARN]     压缩失败 [EXi1ufexzzq6a0JzFc-zqzh8_4ad21b03@android]: Skipped due to cooking limit
[2026-03-28 19:41:07] 📋   [WARN]     压缩失败 [EXi1ufexzzq6a0JzFc-zqzh8_4ad21b03@windows]: Skipped due to cooking limit
[2026-03-28 19:41:07] 📋   [WARN]     压缩失败 [GcUCmTruo9n9lao50JTMA_Cw_1e33e640@ios]: Skipped due to cooking limit
[2026-03-28 19:41:07] 📋   [WARN]     压缩失败 [GcUCmTruo9n9lao50JTMA_Cw_1e33e640@android]: Skipped due to cooking limit
[2026-03-28 19:41:07] 📋   [WARN]     压缩失败 [GcUCmTruo9n9lao50JTMA_Cw_1e33e640@windows]: Skipped due to cooking limit
[2026-03-28 19:41:07] 📋   [WARN]     压缩失败 [FXlIubKqMF3QEW6ICBKsHRON_ed35b129@ios]: Skipped due to cooking limit
[2026-03-28 19:41:07] 📋   [WARN]     压缩失败 [FXlIubKqMF3QEW6ICBKsHRON_ed35b129@android]: Skipped due to cooking limit
[2026-03-28 19:41:07] 📋   [WARN]     压缩失败 [FXlIubKqMF3QEW6ICBKsHRON_ed35b129@windows]: Skipped due to cooking limit
[2026-03-28 19:41:07] 📋   [WARN]     压缩失败 [CEKWSZEl3gUa8vu7Inu2r2IV_4d2d7477@ios]: Skipped due to cooking limit
[2026-03-28 19:41:07] 📋   [WARN]     压缩失败 [CEKWSZEl3gUa8vu7Inu2r2IV_4d2d7477@android]: Skipped due to cooking limit
[2026-03-28 19:41:07] 📋   [WARN]     压缩失败 [CEKWSZEl3gUa8vu7Inu2r2IV_4d2d7477@windows]: Skipped due to cooking limit
[2026-03-28 19:41:07] 📋   [WARN]     压缩失败 [BGideQmuusgr8jDBwwjgUZ91_60caaf27@ios]: Skipped due to cooking limit
[2026-03-28 19:41:07] 📋   [WARN]     压缩失败 [BGideQmuusgr8jDBwwjgUZ91_60caaf27@android]: Skipped due to cooking limit
[2026-03-28 19:41:07] 📋   [WARN]     压缩失败 [BGideQmuusgr8jDBwwjgUZ91_60caaf27@windows]: Skipped due to cooking limit
[2026-03-28 19:41:07] 📋   [WARN]     压缩失败 [CkLzKXAKtYy6J1HJ1phJkBpM_20f8495b@ios]: Skipped due to cooking limit
[2026-03-28 19:41:07] 📋   [WARN]     压缩失败 [CkLzKXAKtYy6J1HJ1phJkBpM_20f8495b@android]: Skipped due to cooking limit
[2026-03-28 19:41:07] 📋   [WARN]     压缩失败 [CkLzKXAKtYy6J1HJ1phJkBpM_20f8495b@windows]: Skipped due to cooking limit
[2026-03-28 19:41:07] 📋   [WARN]     压缩失败 [FQnrcYPU22kNd8SoEfD4Ka2F_1638b909@ios]: Skipped due to cooking limit
[2026-03-28 19:41:07] 📋   [WARN]     压缩失败 [FQnrcYPU22kNd8SoEfD4Ka2F_1638b909@android]: Skipped due to cooking limit
[2026-03-28 19:41:07] 📋   [WARN]     压缩失败 [FQnrcYPU22kNd8SoEfD4Ka2F_1638b909@windows]: Skipped due to cooking limit
[2026-03-28 19:41:07] 📋   [WARN]     压缩失败 [G2obSfUwE6iBQAen0aeWgPWX_18a9fa38@ios]: Skipped due to cooking limit
[2026-03-28 19:41:07] 📋   [WARN]     压缩失败 [G2obSfUwE6iBQAen0aeWgPWX_18a9fa38@android]: Skipped due to cooking limit
[2026-03-28 19:41:07] 📋   [WARN]     压缩失败 [G2obSfUwE6iBQAen0aeWgPWX_18a9fa38@windows]: Skipped due to cooking limit
[2026-03-28 19:41:07] 📋   [WARN]     压缩失败 [D7dUUWYdPpH8ALJUR-FtxifH_aaf6bfd0@ios]: Skipped due to cooking limit
[2026-03-28 19:41:08] 📋   [WARN]     压缩失败 [D7dUUWYdPpH8ALJUR-FtxifH_aaf6bfd0@android]: Skipped due to cooking limit
[2026-03-28 19:41:08] 📋   [WARN]     压缩失败 [D7dUUWYdPpH8ALJUR-FtxifH_aaf6bfd0@windows]: Skipped due to cooking limit
[2026-03-28 19:41:08] 📋   [WARN]     压缩失败 [BozhWdZh4PO-nyLHlZ3I6LYb_53c765a6@ios]: Skipped due to cooking limit
[2026-03-28 19:41:08] 📋   [WARN]     压缩失败 [BozhWdZh4PO-nyLHlZ3I6LYb_53c765a6@android]: Skipped due to cooking limit
[2026-03-28 19:41:08] 📋   [WARN]     压缩失败 [BozhWdZh4PO-nyLHlZ3I6LYb_53c765a6@windows]: Skipped due to cooking limit
[2026-03-28 19:41:08] 📋   [WARN]     压缩失败 [CpaNyW-dMDMfwC1yxeh0P_Vg_2d005198@ios]: Skipped due to cooking limit
[2026-03-28 19:41:08] 📋   [WARN]     压缩失败 [CpaNyW-dMDMfwC1yxeh0P_Vg_2d005198@android]: Skipped due to cooking limit
[2026-03-28 19:41:08] 📋   [WARN]     压缩失败 [CpaNyW-dMDMfwC1yxeh0P_Vg_2d005198@windows]: Skipped due to cooking limit
[2026-03-28 19:41:08] 📋   [WARN]     压缩失败 [AhGOEb-Lpc9Qq_rMT_-9lBFY_871012bb@ios]: Skipped due to cooking limit
[2026-03-28 19:41:08] 📋   [WARN]     压缩失败 [AhGOEb-Lpc9Qq_rMT_-9lBFY_871012bb@android]: Skipped due to cooking limit
[2026-03-28 19:41:08] 📋   [WARN]     压缩失败 [AhGOEb-Lpc9Qq_rMT_-9lBFY_871012bb@windows]: Skipped due to cooking limit
[2026-03-28 19:41:08] 📋   [WARN]     压缩失败 [FS_2sZ5D6O0jsGyQT-RfrvdD_2d8ee904@ios]: Skipped due to cooking limit
[2026-03-28 19:41:08] 📋   [WARN]     压缩失败 [FS_2sZ5D6O0jsGyQT-RfrvdD_2d8ee904@android]: Skipped due to cooking limit
[2026-03-28 19:41:08] 📋   [WARN]     压缩失败 [FS_2sZ5D6O0jsGyQT-RfrvdD_2d8ee904@windows]: Skipped due to cooking limit
[2026-03-28 19:41:08] 📋   [WARN]     压缩失败 [BnhMEUYpzhzeUuf1B0N4q-V3_eaa67a7c@ios]: Skipped due to cooking limit
[2026-03-28 19:41:08] 📋   [WARN]     压缩失败 [BnhMEUYpzhzeUuf1B0N4q-V3_eaa67a7c@android]: Skipped due to cooking limit
[2026-03-28 19:41:08] 📋   [WARN]     压缩失败 [BnhMEUYpzhzeUuf1B0N4q-V3_eaa67a7c@windows]: Skipped due to cooking limit
[2026-03-28 19:41:08] 📋   [WARN]     压缩失败 [Fswf-d6ybEK2EAWlvzauv7i3_46deaa7b@ios]: Skipped due to cooking limit
[2026-03-28 19:41:08] 📋   [WARN]     压缩失败 [Fswf-d6ybEK2EAWlvzauv7i3_46deaa7b@android]: Skipped due to cooking limit
[2026-03-28 19:41:08] 📋   [WARN]     压缩失败 [Fswf-d6ybEK2EAWlvzauv7i3_46deaa7b@windows]: Skipped due to cooking limit
[2026-03-28 19:41:08] 📋   [WARN]     压缩失败 [HZVroTMFSmgRXzh9IYCH5FWY_605d6d2c@ios]: Skipped due to cooking limit
[2026-03-28 19:41:08] 📋   [WARN]     压缩失败 [HZVroTMFSmgRXzh9IYCH5FWY_605d6d2c@android]: Skipped due to cooking limit
[2026-03-28 19:41:08] 📋   [WARN]     压缩失败 [HZVroTMFSmgRXzh9IYCH5FWY_605d6d2c@windows]: Skipped due to cooking limit
[2026-03-28 19:41:08] 📋   [WARN]     压缩失败 [HgnGOYvmbrX3AL4yyP_UrLWj_b048fc87@ios]: Skipped due to cooking limit
[2026-03-28 19:41:08] 📋   [WARN]     压缩失败 [HgnGOYvmbrX3AL4yyP_UrLWj_b048fc87@android]: Skipped due to cooking limit
[2026-03-28 19:41:08] 📋   [WARN]     压缩失败 [HgnGOYvmbrX3AL4yyP_UrLWj_b048fc87@windows]: Skipped due to cooking limit
[2026-03-28 19:41:08] 📋   [WARN]     压缩失败 [BN0DabJPhpLW3wRvmo0bpwMk_839a3925@ios]: Skipped due to cooking limit
[2026-03-28 19:41:08] 📋   [WARN]     压缩失败 [BN0DabJPhpLW3wRvmo0bpwMk_839a3925@android]: Skipped due to cooking limit
[2026-03-28 19:41:08] 📋   [WARN]     压缩失败 [BN0DabJPhpLW3wRvmo0bpwMk_839a3925@windows]: Skipped due to cooking limit
[2026-03-28 19:41:08] 📋   [WARN]     压缩失败 [FR98ubNfS8K0_LYE2T-WwCHv_1f27b16b@ios]: Skipped due to cooking limit
[2026-03-28 19:41:08] 📋   [WARN]     压缩失败 [FR98ubNfS8K0_LYE2T-WwCHv_1f27b16b@android]: Skipped due to cooking limit
[2026-03-28 19:41:08] 📋   [WARN]     压缩失败 [FR98ubNfS8K0_LYE2T-WwCHv_1f27b16b@windows]: Skipped due to cooking limit
[2026-03-28 19:41:08] 📋   [WARN]     压缩失败 [AVKmydKa0q0n6EWRLs8Xm0RE_e6cd381f@ios]: Skipped due to cooking limit
[2026-03-28 19:41:08] 📋   [WARN]     压缩失败 [AVKmydKa0q0n6EWRLs8Xm0RE_e6cd381f@android]: Skipped due to cooking limit
[2026-03-28 19:41:08] 📋   [WARN]     压缩失败 [AVKmydKa0q0n6EWRLs8Xm0RE_e6cd381f@windows]: Skipped due to cooking limit
[2026-03-28 19:41:08] 📋   [WARN]     压缩失败 [DN4HeYkLvqXItV2tDM0s-ExY_8e27a602@ios]: Skipped due to cooking limit
[2026-03-28 19:41:08] 📋   [WARN]     压缩失败 [DN4HeYkLvqXItV2tDM0s-ExY_8e27a602@android]: Skipped due to cooking limit
[2026-03-28 19:41:08] 📋   [WARN]     压缩失败 [DN4HeYkLvqXItV2tDM0s-ExY_8e27a602@windows]: Skipped due to cooking limit
[2026-03-28 19:41:08] 📋   [WARN]     压缩失败 [F9u8gXP4Ln_65yFZY4GQrsr-_ca18a5c6@ios]: Skipped due to cooking limit
[2026-03-28 19:41:08] 📋   [WARN]     压缩失败 [F9u8gXP4Ln_65yFZY4GQrsr-_ca18a5c6@android]: Skipped due to cooking limit
[2026-03-28 19:41:08] 📋   [WARN]     压缩失败 [F9u8gXP4Ln_65yFZY4GQrsr-_ca18a5c6@windows]: Skipped due to cooking limit
[2026-03-28 19:41:08] 📋   [WARN]     压缩失败 [BDJfMaZWXxwQnt0CndVtbM5I_7b904003@ios]: Skipped due to cooking limit
[2026-03-28 19:41:08] 📋   [WARN]     压缩失败 [BDJfMaZWXxwQnt0CndVtbM5I_7b904003@android]: Skipped due to cooking limit
[2026-03-28 19:41:08] 📋   [WARN]     压缩失败 [BDJfMaZWXxwQnt0CndVtbM5I_7b904003@windows]: Skipped due to cooking limit
[2026-03-28 19:41:08] 📋   [WARN]     压缩失败 [D2znCeTi8uT4QRIRfN25hg5o_203285d8@ios]: Skipped due to cooking limit
[2026-03-28 19:41:08] 📋   [WARN]     压缩失败 [D2znCeTi8uT4QRIRfN25hg5o_203285d8@android]: Skipped due to cooking limit
[2026-03-28 19:41:08] 📋   [WARN]     压缩失败 [D2znCeTi8uT4QRIRfN25hg5o_203285d8@windows]: Skipped due to cooking limit
[2026-03-28 19:41:08] 📋   [WARN]     压缩失败 [EFB80cks8hF_m_0fbwVmvq9Y_1d5a48a8@ios]: Skipped due to cooking limit
[2026-03-28 19:41:08] 📋   [WARN]     压缩失败 [EFB80cks8hF_m_0fbwVmvq9Y_1d5a48a8@android]: Skipped due to cooking limit
[2026-03-28 19:41:08] 📋   [WARN]     压缩失败 [EFB80cks8hF_m_0fbwVmvq9Y_1d5a48a8@windows]: Skipped due to cooking limit
[2026-03-28 19:41:08] 📋   [WARN]     压缩失败 [G-e_meeffhtWwavr7fB2igcO_f55d1063@ios]: Skipped due to cooking limit
[2026-03-28 19:41:08] 📋   [WARN]     压缩失败 [G-e_meeffhtWwavr7fB2igcO_f55d1063@android]: Skipped due to cooking limit
[2026-03-28 19:41:08] 📋   [WARN]     压缩失败 [G-e_meeffhtWwavr7fB2igcO_f55d1063@windows]: Skipped due to cooking limit
[2026-03-28 19:41:08] 📋   [WARN]     压缩失败 [BofiQccgtqjnU59s77yFPowD_dc1d23c6@ios]: Skipped due to cooking limit
[2026-03-28 19:41:08] 📋   [WARN]     压缩失败 [BofiQccgtqjnU59s77yFPowD_dc1d23c6@android]: Skipped due to cooking limit
[2026-03-28 19:41:08] 📋   [WARN]     压缩失败 [BofiQccgtqjnU59s77yFPowD_dc1d23c6@windows]: Skipped due to cooking limit
[2026-03-28 19:41:08] 📋   [WARN]     压缩失败 [CcPPWfXgtFminLkj6G_CKT8s_44d363fe@ios]: Skipped due to cooking limit
[2026-03-28 19:41:08] 📋   [WARN]     压缩失败 [CcPPWfXgtFminLkj6G_CKT8s_44d363fe@android]: Skipped due to cooking limit
[2026-03-28 19:41:08] 📋   [WARN]     压缩失败 [CcPPWfXgtFminLkj6G_CKT8s_44d363fe@windows]: Skipped due to cooking limit
[2026-03-28 19:41:08] 📋   [WARN]     压缩失败 [Cys_Ucljr4P29uOT9Oybpksy_16d495e7@ios]: Skipped due to cooking limit
[2026-03-28 19:41:08] 📋   [WARN]     压缩失败 [Cys_Ucljr4P29uOT9Oybpksy_16d495e7@android]: Skipped due to cooking limit
[2026-03-28 19:41:08] 📋   [WARN]     压缩失败 [Cys_Ucljr4P29uOT9Oybpksy_16d495e7@windows]: Skipped due to cooking limit
[2026-03-28 19:41:08] 📋   [WARN]     压缩失败 [EA5XAe3tM9SvNj7C561wlJLU_b6bcde18@ios]: Skipped due to cooking limit
[2026-03-28 19:41:08] 📋   [WARN]     压缩失败 [EA5XAe3tM9SvNj7C561wlJLU_b6bcde18@android]: Skipped due to cooking limit
[2026-03-28 19:41:08] 📋   [WARN]     压缩失败 [EA5XAe3tM9SvNj7C561wlJLU_b6bcde18@windows]: Skipped due to cooking limit
[2026-03-28 19:41:08] 📋   [WARN]     压缩失败 [DpNcCZJOxe5hyPu0Zc2iZKvj_c1f94859@ios]: Skipped due to cooking limit
[2026-03-28 19:41:08] 📋   [WARN]     压缩失败 [DpNcCZJOxe5hyPu0Zc2iZKvj_c1f94859@android]: Skipped due to cooking limit
[2026-03-28 19:41:08] 📋   [WARN]     压缩失败 [DpNcCZJOxe5hyPu0Zc2iZKvj_c1f94859@windows]: Skipped due to cooking limit
[2026-03-28 19:41:08] 📋   [INFO]   批量压缩完成: 总计 4446, 成功 15, 缓存命中 5 (0.1%), 错误 4431
[2026-03-28 19:41:08] 📋   [INFO]   完成 (18.12s)
[2026-03-28 19:41:08] 📋   [INFO] [11/15] 国际化处理...
[2026-03-28 19:41:08] 📋   [WARN]   跳过（前置条件不满足） (0.00s)
[2026-03-28 19:41:08] 📋   [INFO] [12/15] 生成产物...
[2026-03-28 19:41:08] 📋   [INFO]   清空版本目录: /workspace/.project/../dist/1.0.30
[2026-03-28 19:41:08] 📋   [INFO]   生成: manifest-0e691966.json (client)
[2026-03-28 19:41:08] 📋   [INFO]   生成: manifest-364154ad.json (server)
[2026-03-28 19:41:08] 📋   [INFO]   生成: engine-ef9e23e2.json
[2026-03-28 19:41:08] 📋   [INFO]   生成: version.json
[2026-03-28 19:41:08] 📋   [INFO]   生成: project.json
[2026-03-28 19:41:08] 📋   [INFO]   生成: dist/project.json
[2026-03-28 19:41:08] 📋   [INFO]   生成 tag: latest.json (默认)
[2026-03-28 19:41:08] 📋   [INFO]   生成 tag: 1.x.x.json (默认)
[2026-03-28 19:41:08] 📋   [INFO]   完成 (3.09s)
[2026-03-28 19:41:08] 📋   [INFO] [13/15] 复制资产...
[2026-03-28 19:41:08] 📋   [INFO]   复制资源到: /workspace/.project/../dist/assets
[2026-03-28 19:41:08] 📋   [INFO]   已复制: 1661 个文件
[2026-03-28 19:41:08] 📋   [INFO]   完成 (36.22s)
[2026-03-28 19:41:08] 📋   [INFO] [14/15] 清理旧版本...
[2026-03-28 19:41:08] 📋   [INFO]   无需清理
[2026-03-28 19:41:08] 📋   [INFO]   完成 (9.33s)
[2026-03-28 19:41:08] 📋   [INFO] [15/15] 输出统计...
[2026-03-28 19:41:08] 📋   
[2026-03-28 19:41:08] 📋   === 构建统计 ===
[2026-03-28 19:41:08] 📋   项目根目录: /workspace
[2026-03-28 19:41:08] 📋   目标平台: all
[2026-03-28 19:41:08] 📋   资产目录: ../assets, ../scripts
[2026-03-28 19:41:08] 📋   
[2026-03-28 19:41:08] 📋   资源统计:
[2026-03-28 19:41:08] 📋     扫描文件: 1655
[2026-03-28 19:41:08] 📋     发现资源: 2881
[2026-03-28 19:41:08] 📋     忽略文件: 0
[2026-03-28 19:41:08] 📋     生成 meta: 1656
[2026-03-28 19:41:08] 📋     Client 资源: 2881
[2026-03-28 19:41:08] 📋     Server 资源: 1
[2026-03-28 19:41:08] 📋     复制资源: 1661
[2026-03-28 19:41:08] 📋     纹理压缩: 5
[2026-03-28 19:41:08] 📋   
[2026-03-28 19:41:08] 📋   Meta 缓存:
[2026-03-28 19:41:08] 📋   
[2026-03-28 19:41:08] 📋   === Meta 缓存统计 ===
[2026-03-28 19:41:08] 📋   本地缓存: 1655 条目
[2026-03-28 19:41:08] 📋   命中次数: 0
[2026-03-28 19:41:08] 📋   未命中次数: 1655
[2026-03-28 19:41:08] 📋   命中率: 0.0%
[2026-03-28 19:41:08] 📋   加载次数: 1655
[2026-03-28 19:41:08] 📋   刷新次数: 0
[2026-03-28 19:41:08] 📋   
[2026-03-28 19:41:08] 📋   远端来源: 3 个
[2026-03-28 19:41:08] 📋     - engine: 4 个文件
[2026-03-28 19:41:08] 📋     - engine-res: 1226 个文件
[2026-03-28 19:41:08] 📋     - official-res: 25358 个文件
[2026-03-28 19:41:08] 📋   
[2026-03-28 19:41:08] 📋   构建完成!
[2026-03-28 19:41:08] 📋     版本: 1.0.30
[2026-03-28 19:41:08] 📋     输出: /workspace/.project/../dist/1.0.30
[2026-03-28 19:41:08] 📋     Client: manifest-0e691966.json
[2026-03-28 19:41:08] 📋     Server: manifest-364154ad.json
[2026-03-28 19:41:08] 📋   [INFO]   完成 (0.00s)
[2026-03-28 19:41:08] 📋   [INFO] 总耗时: 107.28s
[2026-03-28 19:41:08] 📋   [INFO] 构建完成!
[2026-03-28 19:41:08] 📋 设置目录权限...
[2026-03-28 19:41:08] 📋 设置 dist 目录权限: /workspace/dist
[2026-03-28 19:42:03] ✅ dist 目录权限已设置 (root:root, 755/644)
[2026-03-28 19:42:03] 📋 设置目录权限: /workspace/logs
[2026-03-28 19:42:05] 📋 设置目录权限: /workspace/.project
[2026-03-28 19:42:05] 📋 设置目录权限: /workspace/.build
[2026-03-28 19:42:18] ✅ 非 dist 目录权限已设置 (1000:1000)
[2026-03-28 19:42:18] 📋 ⏱️  耗时: 217.75s
[2026-03-28 19:42:18] ✅ ==================================================
[2026-03-28 19:42:18] ✅ 构建完成！总耗时: 218.22s
[2026-03-28 19:42:18] ✅ ==================================================
