[2026-03-18 22:46:03] 📋 ==================================================
[2026-03-18 22:46:03] 📋 构建开始
[2026-03-18 22:46:03] 📋 ==================================================
[2026-03-18 22:46:03] 📋 日志文件: /workspace/logs/build/build_20260318_224603.log
[2026-03-18 22:46:03] 📋 入口文件: /workspace/scripts/main.lua
[2026-03-18 22:46:03] 📋 脚本目录: /workspace/scripts
[2026-03-18 22:46:03] 📋 工作目录: /workspace
[2026-03-18 22:46:03] 📋 MCP 环境: production
[2026-03-18 22:46:03] 📋 纹理压缩限制: 每次最多 10 张
[2026-03-18 22:46:03] 📋 步骤 1: 验证入口 Lua 文件存在
[2026-03-18 22:46:03] ✅ 入口文件存在
[2026-03-18 22:46:03] 📋 ⏱️  耗时: 0.05s
[2026-03-18 22:46:03] 📋 步骤 2: 验证 Lua 文件包含 Start() 函数
[2026-03-18 22:46:03] ✅ Start() 函数验证通过
[2026-03-18 22:46:03] 📋 ⏱️  耗时: 0.07s
[2026-03-18 22:46:03] 📋 步骤 3: 验证 scripts 目录存在
[2026-03-18 22:46:03] ✅ scripts 目录存在
[2026-03-18 22:46:03] 📋 ⏱️  耗时: 0.19s
[2026-03-18 22:46:03] 📋 步骤 4: 启动 Lua LSP watch 模式
[2026-03-18 22:46:03] 📋 LSP watch 已运行 (PID: 555)
[2026-03-18 22:46:03] ✅ Lua LSP 检查通过: 0 个错误
[2026-03-18 22:46:03] 📋 ⏱️  耗时: 0.07s
[2026-03-18 22:46:03] 📋 步骤 5: 检查并初始化 .project 目录
[2026-03-18 22:46:03] ✅ .project 目录已正确初始化
[2026-03-18 22:46:03] 📋 ⏱️  耗时: 0.03s
[2026-03-18 22:46:03] 📋 步骤 5.6: 检查/更新 multiplayer 配置
[2026-03-18 22:46:03] ✅ 使用本地已有的 multiplayer 配置
[2026-03-18 22:46:03] 📋 ⏱️  耗时: 0.03s
[2026-03-18 22:46:03] 📋 步骤 6: 更新 project.json 的 entry
[2026-03-18 22:46:03] 📋 更新 project.json: /workspace/.project/project.json
[2026-03-18 22:46:03] 📋   设置 entry: main.lua
[2026-03-18 22:46:04] ✅ project.json 更新完成
[2026-03-18 22:46:04] 📋 步骤 6.1: 检查 project_id 一致性
[2026-03-18 22:46:04] ✅ project_id 一致性检查通过: p_70vd
[2026-03-18 22:46:04] 📋 ⏱️  耗时: 0.13s
[2026-03-18 22:46:04] 📋 步骤 7: 调用 project_builder.py 进行构建
[2026-03-18 22:46:04] 📋 已设置 AssetsCooking 可执行权限: /home/Maker/.sce/build/AssetsCooking
[2026-03-18 22:46:04] 📋 执行脚本: /home/Maker/.sce/build/project_builder.py
[2026-03-18 22:46:04] 📋 参数: --project /workspace --platform all --cooking /home/Maker/.sce/build/AssetsCooking --cooking-limit 10 --no-7z
[2026-03-18 22:46:04] 📋 Python: python3
[2026-03-18 22:46:46] 📋 project_builder.py stdout:
[2026-03-18 22:46:46] 📋   [INFO] 开始构建项目: /workspace [平台: all]
[2026-03-18 22:46:46] 📋   [INFO] [1/13] 初始化构建目录...
[2026-03-18 22:46:46] 📋   [INFO]   完成 (0.07s)
[2026-03-18 22:46:46] 📋   [INFO] [2/13] 加载配置...
[2026-03-18 22:46:46] 📋   [INFO]   解析平台配置: all
[2026-03-18 22:46:46] 📋   [INFO]   项目: p_70vd v1.0.0
[2026-03-18 22:46:46] 📋   [INFO]   入口: main.lua
[2026-03-18 22:46:46] 📋   [INFO]   输出: /workspace/.project/../dist/1.0.0
[2026-03-18 22:46:46] 📋   [INFO]   构建号: 87
[2026-03-18 22:46:46] 📋   [INFO]   完成 (0.08s)
[2026-03-18 22:46:46] 📋   [INFO] [3/13] 加载远程资源...
[2026-03-18 22:46:46] 📋   [INFO]   加载远端来源: engine (tag: stable)
[2026-03-18 22:46:46] 📋   [INFO]     导入 4 个远端资源: engine
[2026-03-18 22:46:46] 📋   [INFO]   加载远端来源: engine-res (tag: stable)
[2026-03-18 22:46:46] 📋   [INFO]     导入 1223 个远端资源: engine-res
[2026-03-18 22:46:46] 📋   [INFO]   加载远端来源: official-res (tag: stable)
[2026-03-18 22:46:46] 📋   [INFO]     导入 25358 个远端资源: official-res
[2026-03-18 22:46:46] 📋   [INFO]   完成 (3.03s)
[2026-03-18 22:46:46] 📋   [INFO] [4/13] 扫描本地资源...
[2026-03-18 22:46:46] 📋   [INFO]   扫描目录: ../assets (prefix: ../assets)
[2026-03-18 22:46:46] 📋   [INFO]   生成 meta: 元青花大罐.png -> Gm5eSemm...
[2026-03-18 22:46:46] 📋   [INFO]   生成 meta: 宣德小香炉.png -> DTetgULi...
[2026-03-18 22:46:46] 📋   [INFO]   生成 meta: 旧太师椅.png -> Hm-EAY8i...
[2026-03-18 22:46:46] 📋   [INFO]   生成 meta: 旧木箱.png -> DYDfgSyG...
[2026-03-18 22:46:46] 📋   [INFO]   生成 meta: 旧条案.png -> FMVauRnU...
[2026-03-18 22:46:46] 📋   [INFO]   生成 meta: 旧烟斗.png -> ASjw6a_G...
[2026-03-18 22:46:46] 📋   [INFO]   生成 meta: 旧算盘.png -> GjB5kf84...
[2026-03-18 22:46:46] 📋   [INFO]   生成 meta: 瓷碎片.png -> F6nFyXA8...
[2026-03-18 22:46:46] 📋   [INFO]   生成 meta: 田黄冻印章.png -> G3P8IfyM...
[2026-03-18 22:46:46] 📋   [INFO]   生成 meta: 石砚台.png -> H2pUMZ1t...
[2026-03-18 22:46:46] 📋   [INFO]   生成 meta: 破铜铃.png -> B8I3iaV-...
[2026-03-18 22:46:46] 📋   [INFO]   生成 meta: 碎石磨.png -> CFkq-aj3...
[2026-03-18 22:46:46] 📋   [INFO]   生成 meta: 竹书签.png -> Exy_ATpm...
[2026-03-18 22:46:46] 📋   [INFO]   生成 meta: 紫砂小壶.png -> GUTqkRY_...
[2026-03-18 22:46:46] 📋   [INFO]   生成 meta: 老杆秤.png -> HmQKWdVf...
[2026-03-18 22:46:46] 📋   [INFO]   生成 meta: 老樟木柜.png -> GqAbaYaC...
[2026-03-18 22:46:46] 📋   [INFO]   生成 meta: 老玉扳指.png -> FfZVOSvi...
[2026-03-18 22:46:46] 📋   [INFO]   生成 meta: 老秤砣.png -> FAWgScSN...
[2026-03-18 22:46:46] 📋   [INFO]   生成 meta: 老铜尺.png -> CSRh8TdW...
[2026-03-18 22:46:46] 📋   [INFO]   生成 meta: 老铜扣.png -> EX1poc6s...
[2026-03-18 22:46:46] 📋   [INFO]   生成 meta: 老铜锁.png -> AA-wYdKF...
[2026-03-18 22:46:46] 📋   [INFO]   生成 meta: 铁如意.png -> DM2-8WGd...
[2026-03-18 22:46:46] 📋   [INFO]   生成 meta: 铜佛像.png -> AeF_mYk3...
[2026-03-18 22:46:46] 📋   [INFO]   生成 meta: 铜墨盒.png -> Fga6OdrO...
[2026-03-18 22:46:46] 📋   [INFO]   生成 meta: 铜钱.png -> AuFfaTVD...
[2026-03-18 22:46:46] 📋   [INFO]   生成 meta: 铜镇尺.png -> Glvxmabc...
[2026-03-18 22:46:46] 📋   [INFO]   生成 meta: 陶碗.png -> Gzr6YVyX...
[2026-03-18 22:46:46] 📋   [INFO]   生成 meta: 青花瓷片.png -> DPKfoWSQ...
[2026-03-18 22:46:46] 📋   [INFO]   生成 meta: 鼻烟壶.png -> Bs4qEX1n...
[2026-03-18 22:46:46] 📋   [INFO]   生成 meta: 假珍珠.png -> DJrkgabf...
[2026-03-18 22:46:46] 📋   [INFO]   生成 meta: 南红玛瑙挂件.png -> HAgdMe7M...
[2026-03-18 22:46:46] 📋   [INFO]   生成 meta: 和田玉牌.png -> EzLyOREu...
[2026-03-18 22:46:46] 📋   [INFO]   生成 meta: 帝王绿翡翠珠.png -> H5Vr0RmV...
[2026-03-18 22:46:46] 📋   [INFO]   生成 meta: 断链子.png -> GCU90Ug8...
[2026-03-18 22:46:46] 📋   [INFO]   生成 meta: 旧发卡.png -> HBjo6coG...
[2026-03-18 22:46:46] 📋   [INFO]   生成 meta: 旧玛瑙珠.png -> E6_DSViW...
[2026-03-18 22:46:46] 📋   [INFO]   生成 meta: 旧珠宝匣.png -> F9d-YQY0...
[2026-03-18 22:46:46] 📋   [INFO]   生成 meta: 旧胸针.png -> Am2_kQOx...
[2026-03-18 22:46:46] 📋   [INFO]   生成 meta: 旧袖扣.png -> HaYh4UbA...
[2026-03-18 22:46:46] 📋   [INFO]   生成 meta: 旧首饰盒.png -> GyUciWlP...
[2026-03-18 22:46:46] 📋   [INFO]   生成 meta: 清代金耳环.png -> ECl8CXsX...
[2026-03-18 22:46:46] 📋   [INFO]   生成 meta: 玉坠子.png -> ADR2wWn4...
[2026-03-18 22:46:46] 📋   [INFO]   生成 meta: 玻璃珠.png -> CarFkcZ0...
[2026-03-18 22:46:46] 📋   [INFO]   生成 meta: 珊瑚珠.png -> DUBQoRDC...
[2026-03-18 22:46:46] 📋   [INFO]   生成 meta: 琥珀小块.png -> HQx-ubga...
[2026-03-18 22:46:46] 📋   [INFO]   生成 meta: 碎珠子堆.png -> DRt9UTaN...
[2026-03-18 22:46:46] 📋   [INFO]   生成 meta: 绿松石珠串.png -> GyE7oXso...
[2026-03-18 22:46:46] 📋   [INFO]   生成 meta: 老翡翠扳指.png -> F0BhyZCh...
[2026-03-18 22:46:46] 📋   [INFO]   生成 meta: 老翡翠片.png -> FD8qYemw...
[2026-03-18 22:46:46] 📋   [INFO]   生成 meta: 老蜜蜡珠串.png -> GC6SWYdK...
[2026-03-18 22:46:46] 📋   [INFO]   生成 meta: 老银簪.png -> AKnB8SYu...
[2026-03-18 22:46:46] 📋   [INFO]   生成 meta: 老银锁.png -> Cf_Yqefi...
[2026-03-18 22:46:46] 📋   [INFO]   生成 meta: 铁戒指.png -> F3HuySo9...
[2026-03-18 22:46:46] 📋   [INFO]   生成 meta: 铜手镯.png -> CehBMZ5e...
[2026-03-18 22:46:46] 📋   [INFO]   生成 meta: 铜鎏金戒指.png -> GXcq6fhl...
[2026-03-18 22:46:46] 📋   [INFO]   生成 meta: 银指环.png -> Fy5dibia...
[2026-03-18 22:46:46] 📋   [INFO]   生成 meta: 银耳环.png -> B3aJaRQV...
[2026-03-18 22:46:46] 📋   [INFO]   生成 meta: 银鎏金耳坠.png -> BdsSKcra...
[2026-03-18 22:46:46] 📋   [INFO]   生成 meta: 初代随身听原型.png -> GT1-cdEC...
[2026-03-18 22:46:47] 📋   [INFO]   生成 meta: 坏石英表.png -> DDF4MQno...
[2026-03-18 22:46:47] 📋   [INFO]   生成 meta: 坏闹钟.png -> Ced6Sfb6...
[2026-03-18 22:46:47] 📋   [INFO]   生成 meta: 坏鼠标.png -> EC9QodeC...
[2026-03-18 22:46:47] 📋   [INFO]   生成 meta: 恩尼格玛密码机零件.png -> FJYmAW0L...
[2026-03-18 22:46:47] 📋   [INFO]   生成 meta: 断线耳机.png -> G5sgIRjq...
[2026-03-18 22:46:47] 📋   [INFO]   生成 meta: 旧万用表.png -> BJlaqeH7...
[2026-03-18 22:46:47] 📋   [INFO]   生成 meta: 旧传真机.png -> F7TIyd2x...
[2026-03-18 22:46:47] 📋   [INFO]   生成 meta: 旧打印机.png -> GhcyIcLH...
[2026-03-18 22:46:47] 📋   [INFO]   生成 meta: 旧收音机.png -> BpQyQYsP...
[2026-03-18 22:46:47] 📋   [INFO]   生成 meta: 旧显示器.png -> GbSI0cg3...
[2026-03-18 22:46:47] 📋   [INFO]   生成 meta: 旧温度计.png -> DFPeac4E...
[2026-03-18 22:46:47] 📋   [INFO]   生成 meta: 旧游戏卡带.png -> DXK_YUd3...
[2026-03-18 22:46:47] 📋   [INFO]   生成 meta: 旧磁带.png -> CB6MaWXJ...
[2026-03-18 22:46:47] 📋   [INFO]   生成 meta: 旧计算器.png -> Ank6oWxb...
[2026-03-18 22:46:47] 📋   [INFO]   生成 meta: 旧软盘.png -> HxntUf2T...
[2026-03-18 22:46:47] 📋   [INFO]   生成 meta: 旧遥控器.png -> D3mHqXyO...
[2026-03-18 22:46:47] 📋   [INFO]   生成 meta: 机械计算机.png -> HqpAMaRA...
[2026-03-18 22:46:47] 📋   [INFO]   生成 meta: 电报机.png -> Cp5AuaVM...
[2026-03-18 22:46:47] 📋   [INFO]   生成 meta: 真空管收音机.png -> EV6uyUYT...
[2026-03-18 22:46:47] 📋   [INFO]   生成 meta: 红白机.png -> G9ReofsW...
[2026-03-18 22:46:47] 📋   [INFO]   生成 meta: 老天文望远镜.png -> HVOd4aXx...
[2026-03-18 22:46:47] 📋   [INFO]   生成 meta: 老式BP机.png -> Fo5zQUrf...
[2026-03-18 22:46:47] 📋   [INFO]   生成 meta: 老式电话.png -> B8r-AcKP...
[2026-03-18 22:46:47] 📋   [INFO]   生成 meta: 老打字机.png -> Gz3oyULN...
[2026-03-18 22:46:47] 📋   [INFO]   生成 meta: 老示波器.png -> AxLEOc2u...
[2026-03-18 22:46:47] 📋   [INFO]   生成 meta: 老胶片相机.png -> Gv116VMr...
[2026-03-18 22:46:47] 📋   [INFO]   生成 meta: 老街机框体.png -> DWd3kW_U...
[2026-03-18 22:46:47] 📋   [INFO]   生成 meta: 老键盘.png -> C4n34W_3...
[2026-03-18 22:46:47] 📋   [INFO]   生成 meta: 军用手摇发电机.png -> DejqmWiR...
[2026-03-18 22:46:47] 📋   [INFO]   生成 meta: 半截蜡烛.png -> AhWf0XGK...
[2026-03-18 22:46:47] 📋   [INFO]   生成 meta: 废旧电池.png -> E7D0SVi8...
[2026-03-18 22:46:47] 📋   [INFO]   生成 meta: 旧变压器.png -> C52wQY6L...
[2026-03-18 22:46:47] 📋   [INFO]   生成 meta: 旧插排.png -> Fli2OZbx...
[2026-03-18 22:46:47] 📋   [INFO]   生成 meta: 旧火柴盒.png -> Gotm6b0k...
[2026-03-18 22:46:47] 📋   [INFO]   生成 meta: 旧灯泡.png -> AvQEGVQS...
[2026-03-18 22:46:47] 📋   [INFO]   生成 meta: 旧灯笼.png -> AOufAZE2...
[2026-03-18 22:46:47] 📋   [INFO]   生成 meta: 旧煤炉.png -> BtcdEXkV...
[2026-03-18 22:46:47] 📋   [INFO]   生成 meta: 旧蓄电池.png -> FlxyudOf...
[2026-03-18 22:46:47] 📋   [INFO]   生成 meta: 煤油灯.png -> Fa1o4Qne...
[2026-03-18 22:46:47] 📋   [INFO]   生成 meta: 爱迪生灯泡复刻.png -> Er_IycJS...
[2026-03-18 22:46:47] 📋   [INFO]   生成 meta: 特斯拉线圈模型.png -> FAyn0f6Q...
[2026-03-18 22:46:47] 📋   [INFO]   生成 meta: 电线团.png -> BUTbiffq...
[2026-03-18 22:46:47] 📋   [INFO]   生成 meta: 碎灯罩.png -> Fop_EQxk...
[2026-03-18 22:46:47] 📋   [INFO]   生成 meta: 老取暖炉.png -> FdGB-cUV...
[2026-03-18 22:46:47] 📋   [INFO]   生成 meta: 老式手电筒.png -> CAtyeWJV...
[2026-03-18 22:46:47] 📋   [INFO]   生成 meta: 老式电表.png -> D04M8df-...
[2026-03-18 22:46:47] 📋   [INFO]   生成 meta: 老油灯.png -> A01QieR-...
[2026-03-18 22:46:47] 📋   [INFO]   生成 meta: 老矿灯.png -> BLmnIdRr...
[2026-03-18 22:46:47] 📋   [INFO]   生成 meta: 老航标灯.png -> D8_e-W4d...
[2026-03-18 22:46:47] 📋   [INFO]   生成 meta: 老船灯.png -> AhvNwZ9R...
[2026-03-18 22:46:47] 📋   [INFO]   生成 meta: 蒂芙尼台灯.png -> A315sWQY...
[2026-03-18 22:46:47] 📋   [INFO]   生成 meta: 铁壳电扇.png -> GNRsSeFg...
[2026-03-18 22:46:47] 📋   [INFO]   生成 meta: 铜灯座.png -> EOafYb3A...
[2026-03-18 22:46:47] 📋   [INFO]   生成 meta: 铜烛台.png -> HiB6MdYU...
[2026-03-18 22:46:47] 📋   [INFO]   生成 meta: 锈打火机.png -> AyGysVNW...
[2026-03-18 22:46:47] 📋   [INFO]   生成 meta: 马灯.png -> E-_vwSYh...
[2026-03-18 22:46:47] 📋   [INFO]   生成 meta: 黄铜台灯.png -> DU2dYVj5...
[2026-03-18 22:46:47] 📋   [INFO]   生成 meta: 名家印章.png -> GRrRCed1...
[2026-03-18 22:46:47] 📋   [INFO]   生成 meta: 宋拓碑帖残页.png -> DH9aMWIb...
[2026-03-18 22:46:47] 📋   [INFO]   生成 meta: 微雕核桃.png -> F4OgUZb-...
[2026-03-18 22:46:47] 📋   [INFO]   生成 meta: 旧中国结.png -> HoJ5gV8R...
[2026-03-18 22:46:47] 📋   [INFO]   生成 meta: 旧剪纸.png -> H5gTEdSZ...
[2026-03-18 22:46:47] 📋   [INFO]   生成 meta: 旧年历画.png -> BtjbAQN3...
[2026-03-18 22:46:48] 📋   [INFO]   生成 meta: 旧折扇.png -> DUdNgfCr...
[2026-03-18 22:46:48] 📋   [INFO]   生成 meta: 旧木屏风.png -> HRDAOcV2...
[2026-03-18 22:46:48] 📋   [INFO]   生成 meta: 旧皮影.png -> CkfKUeeJ...
[2026-03-18 22:46:48] 📋   [INFO]   生成 meta: 旧竹帘.png -> AA-dMUaX...
[2026-03-18 22:46:48] 📋   [INFO]   生成 meta: 旧蒲扇.png -> Azt4WSKo...
[2026-03-18 22:46:48] 📋   [INFO]   生成 meta: 旧风筝.png -> CpEBuQn2...
[2026-03-18 22:46:48] 📋   [INFO]   生成 meta: 景泰蓝小瓶.png -> F6j5QTMY...
[2026-03-18 22:46:48] 📋   [INFO]   生成 meta: 木雕小鱼.png -> AKMYSYTc...
[2026-03-18 22:46:48] 📋   [INFO]   生成 meta: 泥人.png -> AtSv4Rxj...
[2026-03-18 22:46:48] 📋   [INFO]   生成 meta: 泥哨子.png -> EADA8Soy...
[2026-03-18 22:46:48] 📋   [INFO]   生成 meta: 石膏像.png -> EdaAUeJN...
[2026-03-18 22:46:48] 📋   [INFO]   生成 meta: 破草编篮.png -> F9dlCSeB...
[2026-03-18 22:46:48] 📋   [INFO]   生成 meta: 碎刺绣.png -> ElsSGf1B...
[2026-03-18 22:46:48] 📋   [INFO]   生成 meta: 竹雕笔筒.png -> Asem4YfE...
[2026-03-18 22:46:48] 📋   [INFO]   生成 meta: 绣花鞋垫.png -> EziJSeHr...
[2026-03-18 22:46:48] 📋   [INFO]   生成 meta: 老烙画.png -> GRqRYUaM...
[2026-03-18 22:46:48] 📋   [INFO]   生成 meta: 老紫砂壶.png -> BOVEyU8i...
[2026-03-18 22:46:48] 📋   [INFO]   生成 meta: 老邮票.png -> GcDLCf82...
[2026-03-18 22:46:48] 📋   [INFO]   生成 meta: 褪色年画.png -> FRlJqS11...
[2026-03-18 22:46:48] 📋   [INFO]   生成 meta: 象牙果雕件.png -> EAfqcbnd...
[2026-03-18 22:46:48] 📋   [INFO]   生成 meta: 铜风铃.png -> B_uhwX3I...
[2026-03-18 22:46:48] 📋   [INFO]   生成 meta: 陶笛.png -> B3cPYeii...
[2026-03-18 22:46:48] 📋   [INFO]   生成 meta: 青铜小兽.png -> AuJqgZUj...
[2026-03-18 22:46:48] 📋   [INFO]   扫描目录: ../scripts (prefix: ../scripts)
[2026-03-18 22:46:48] 📋   [INFO]   生成 meta: Grocery.lua -> A2yYGft4...
[2026-03-18 22:46:48] 📋   [INFO]   发现资源: 358 个
[2026-03-18 22:46:48] 📋   [INFO]   完成 (13.83s)
[2026-03-18 22:46:48] 📋   [INFO] [5/13] 处理配置文件运行时变体...
[2026-03-18 22:46:48] 📋   [INFO]   处理配置文件运行时变体: settings.json
[2026-03-18 22:46:48] 📋   [INFO]     UUID: FiU5KSoyQiGlA6fMBhu0kw, hash: 82e0a33f
[2026-03-18 22:46:48] 📋   [INFO]     自动添加 #config 到 preload_groups
[2026-03-18 22:46:48] 📋   [INFO]   完成 (0.07s)
[2026-03-18 22:46:48] 📋   [INFO] [6/13] 解析别名...
[2026-03-18 22:46:48] 📋   [INFO]   解析别名: 0 个
[2026-03-18 22:46:48] 📋   [INFO]   完成 (0.00s)
[2026-03-18 22:46:48] 📋   [INFO] [7/13] 分配分组...
[2026-03-18 22:46:48] 📋   [INFO]   添加远端资源: 1223 个
[2026-03-18 22:46:48] 📋   [INFO]   分组完成，总资源: 1582 个
[2026-03-18 22:46:48] 📋   [INFO]   完成 (0.01s)
[2026-03-18 22:46:48] 📋   [INFO] [8/13] 展开引用...
[2026-03-18 22:46:48] 📋   [INFO]   递归收集 uuid:// 和 alias:// 引用...（全量模式（兼容旧二进制））
[2026-03-18 22:46:48] 📋   [INFO]   #blocking 组: 894 个阻塞类型资源
[2026-03-18 22:46:48] 📋   [INFO]   完成 (0.09s)
[2026-03-18 22:46:48] 📋   [INFO] [9/13] 资产烘焙...
[2026-03-18 22:46:48] 📋   [INFO]   使用 AssetsCooking: /home/Maker/.sce/build/AssetsCooking
[2026-03-18 22:46:48] 📋   [INFO]   发现 331 个纹理文件
[2026-03-18 22:46:48] 📋   [INFO]   生成 tasks.json: 331 个任务
[2026-03-18 22:46:48] 📋   [WARN]     压缩失败 [ASjw6a_G8oIoCsYpoNQXSK7I_ae675cd5@ios]: Skipped due to cooking limit
[2026-03-18 22:46:48] 📋   [WARN]     压缩失败 [ASjw6a_G8oIoCsYpoNQXSK7I_ae675cd5@android]: Skipped due to cooking limit
[2026-03-18 22:46:48] 📋   [WARN]     压缩失败 [ASjw6a_G8oIoCsYpoNQXSK7I_ae675cd5@windows]: Skipped due to cooking limit
[2026-03-18 22:46:48] 📋   [WARN]     压缩失败 [GjB5kf844HokYjRqnEXBGBLO_75291bec@ios]: Skipped due to cooking limit
[2026-03-18 22:46:48] 📋   [WARN]     压缩失败 [GjB5kf844HokYjRqnEXBGBLO_75291bec@android]: Skipped due to cooking limit
[2026-03-18 22:46:48] 📋   [WARN]     压缩失败 [GjB5kf844HokYjRqnEXBGBLO_75291bec@windows]: Skipped due to cooking limit
[2026-03-18 22:46:48] 📋   [WARN]     压缩失败 [F6nFyXA8rvoHV6BVLS6ik1Io_b104f049@ios]: Skipped due to cooking limit
[2026-03-18 22:46:48] 📋   [WARN]     压缩失败 [F6nFyXA8rvoHV6BVLS6ik1Io_b104f049@android]: Skipped due to cooking limit
[2026-03-18 22:46:48] 📋   [WARN]     压缩失败 [F6nFyXA8rvoHV6BVLS6ik1Io_b104f049@windows]: Skipped due to cooking limit
[2026-03-18 22:46:48] 📋   [WARN]     压缩失败 [G3P8IfyMlKzd5C3cXvPcpRns_f18165bb@ios]: Skipped due to cooking limit
[2026-03-18 22:46:48] 📋   [WARN]     压缩失败 [G3P8IfyMlKzd5C3cXvPcpRns_f18165bb@android]: Skipped due to cooking limit
[2026-03-18 22:46:48] 📋   [WARN]     压缩失败 [G3P8IfyMlKzd5C3cXvPcpRns_f18165bb@windows]: Skipped due to cooking limit
[2026-03-18 22:46:48] 📋   [WARN]     压缩失败 [H2pUMZ1t0nG9vhzWOuBeyRUI_f04c282a@ios]: Skipped due to cooking limit
[2026-03-18 22:46:48] 📋   [WARN]     压缩失败 [H2pUMZ1t0nG9vhzWOuBeyRUI_f04c282a@android]: Skipped due to cooking limit
[2026-03-18 22:46:48] 📋   [WARN]     压缩失败 [H2pUMZ1t0nG9vhzWOuBeyRUI_f04c282a@windows]: Skipped due to cooking limit
[2026-03-18 22:46:48] 📋   [WARN]     压缩失败 [B8I3iaV-p19n-CmKhffd4IE2_2063d693@ios]: Skipped due to cooking limit
[2026-03-18 22:46:48] 📋   [WARN]     压缩失败 [B8I3iaV-p19n-CmKhffd4IE2_2063d693@android]: Skipped due to cooking limit
[2026-03-18 22:46:48] 📋   [WARN]     压缩失败 [B8I3iaV-p19n-CmKhffd4IE2_2063d693@windows]: Skipped due to cooking limit
[2026-03-18 22:46:48] 📋   [WARN]     压缩失败 [CFkq-aj3FXuFy5Xo-ktS3xg8_fd95056f@ios]: Skipped due to cooking limit
[2026-03-18 22:46:48] 📋   [WARN]     压缩失败 [CFkq-aj3FXuFy5Xo-ktS3xg8_fd95056f@android]: Skipped due to cooking limit
[2026-03-18 22:46:48] 📋   [WARN]     压缩失败 [CFkq-aj3FXuFy5Xo-ktS3xg8_fd95056f@windows]: Skipped due to cooking limit
[2026-03-18 22:46:48] 📋   [WARN]     压缩失败 [Exy_ATpmnTDFhDHV1WnyAYwa_bea46ecf@ios]: Skipped due to cooking limit
[2026-03-18 22:46:48] 📋   [WARN]     压缩失败 [Exy_ATpmnTDFhDHV1WnyAYwa_bea46ecf@android]: Skipped due to cooking limit
[2026-03-18 22:46:48] 📋   [WARN]     压缩失败 [Exy_ATpmnTDFhDHV1WnyAYwa_bea46ecf@windows]: Skipped due to cooking limit
[2026-03-18 22:46:48] 📋   [WARN]     压缩失败 [GUTqkRY_647KyaIlPiTpacIs_ebfcc06b@ios]: Skipped due to cooking limit
[2026-03-18 22:46:48] 📋   [WARN]     压缩失败 [GUTqkRY_647KyaIlPiTpacIs_ebfcc06b@android]: Skipped due to cooking limit
[2026-03-18 22:46:48] 📋   [WARN]     压缩失败 [GUTqkRY_647KyaIlPiTpacIs_ebfcc06b@windows]: Skipped due to cooking limit
[2026-03-18 22:46:48] 📋   [WARN]     压缩失败 [HmQKWdVftBzRjnbx_JcntA3U_fcfd5fc4@ios]: Skipped due to cooking limit
[2026-03-18 22:46:49] 📋   [WARN]     压缩失败 [HmQKWdVftBzRjnbx_JcntA3U_fcfd5fc4@android]: Skipped due to cooking limit
[2026-03-18 22:46:49] 📋   [WARN]     压缩失败 [HmQKWdVftBzRjnbx_JcntA3U_fcfd5fc4@windows]: Skipped due to cooking limit
[2026-03-18 22:46:49] 📋   [WARN]     压缩失败 [GqAbaYaCI-G6-NDp478e5KGa_f6febb02@ios]: Skipped due to cooking limit
[2026-03-18 22:46:49] 📋   [WARN]     压缩失败 [GqAbaYaCI-G6-NDp478e5KGa_f6febb02@android]: Skipped due to cooking limit
[2026-03-18 22:46:49] 📋   [WARN]     压缩失败 [GqAbaYaCI-G6-NDp478e5KGa_f6febb02@windows]: Skipped due to cooking limit
[2026-03-18 22:46:49] 📋   [WARN]     压缩失败 [FfZVOSviRdPcwerbLkOn8Crn_2e09490c@ios]: Skipped due to cooking limit
[2026-03-18 22:46:49] 📋   [WARN]     压缩失败 [FfZVOSviRdPcwerbLkOn8Crn_2e09490c@android]: Skipped due to cooking limit
[2026-03-18 22:46:49] 📋   [WARN]     压缩失败 [FfZVOSviRdPcwerbLkOn8Crn_2e09490c@windows]: Skipped due to cooking limit
[2026-03-18 22:46:49] 📋   [WARN]     压缩失败 [FAWgScSNUp2IAuSF7gwTqRty_4c0abb92@ios]: Skipped due to cooking limit
[2026-03-18 22:46:49] 📋   [WARN]     压缩失败 [FAWgScSNUp2IAuSF7gwTqRty_4c0abb92@android]: Skipped due to cooking limit
[2026-03-18 22:46:49] 📋   [WARN]     压缩失败 [FAWgScSNUp2IAuSF7gwTqRty_4c0abb92@windows]: Skipped due to cooking limit
[2026-03-18 22:46:49] 📋   [WARN]     压缩失败 [CSRh8TdWadkTADAAoFqmPJ7q_e1e8539a@ios]: Skipped due to cooking limit
[2026-03-18 22:46:49] 📋   [WARN]     压缩失败 [CSRh8TdWadkTADAAoFqmPJ7q_e1e8539a@android]: Skipped due to cooking limit
[2026-03-18 22:46:49] 📋   [WARN]     压缩失败 [CSRh8TdWadkTADAAoFqmPJ7q_e1e8539a@windows]: Skipped due to cooking limit
[2026-03-18 22:46:49] 📋   [WARN]     压缩失败 [EX1poc6sie6oOr8NhKVtP0Oj_4b11d4ea@ios]: Skipped due to cooking limit
[2026-03-18 22:46:49] 📋   [WARN]     压缩失败 [EX1poc6sie6oOr8NhKVtP0Oj_4b11d4ea@android]: Skipped due to cooking limit
[2026-03-18 22:46:49] 📋   [WARN]     压缩失败 [EX1poc6sie6oOr8NhKVtP0Oj_4b11d4ea@windows]: Skipped due to cooking limit
[2026-03-18 22:46:49] 📋   [WARN]     压缩失败 [AA-wYdKFp9D-6hcXF7x2LDQn_7ada317a@ios]: Skipped due to cooking limit
[2026-03-18 22:46:49] 📋   [WARN]     压缩失败 [AA-wYdKFp9D-6hcXF7x2LDQn_7ada317a@android]: Skipped due to cooking limit
[2026-03-18 22:46:49] 📋   [WARN]     压缩失败 [AA-wYdKFp9D-6hcXF7x2LDQn_7ada317a@windows]: Skipped due to cooking limit
[2026-03-18 22:46:49] 📋   [WARN]     压缩失败 [DM2-8WGdaJZgcVTiWm25K8tj_15c1aa4f@ios]: Skipped due to cooking limit
[2026-03-18 22:46:49] 📋   [WARN]     压缩失败 [DM2-8WGdaJZgcVTiWm25K8tj_15c1aa4f@android]: Skipped due to cooking limit
[2026-03-18 22:46:49] 📋   [WARN]     压缩失败 [DM2-8WGdaJZgcVTiWm25K8tj_15c1aa4f@windows]: Skipped due to cooking limit
[2026-03-18 22:46:49] 📋   [WARN]     压缩失败 [AeF_mYk3Bw-VGnQHw9wHosHz_a3ab95ad@ios]: Skipped due to cooking limit
[2026-03-18 22:46:49] 📋   [WARN]     压缩失败 [AeF_mYk3Bw-VGnQHw9wHosHz_a3ab95ad@android]: Skipped due to cooking limit
[2026-03-18 22:46:49] 📋   [WARN]     压缩失败 [AeF_mYk3Bw-VGnQHw9wHosHz_a3ab95ad@windows]: Skipped due to cooking limit
[2026-03-18 22:46:49] 📋   [WARN]     压缩失败 [Fga6OdrOECBDuYYDYSEItPCf_f9c96934@ios]: Skipped due to cooking limit
[2026-03-18 22:46:49] 📋   [WARN]     压缩失败 [Fga6OdrOECBDuYYDYSEItPCf_f9c96934@android]: Skipped due to cooking limit
[2026-03-18 22:46:49] 📋   [WARN]     压缩失败 [Fga6OdrOECBDuYYDYSEItPCf_f9c96934@windows]: Skipped due to cooking limit
[2026-03-18 22:46:49] 📋   [WARN]     压缩失败 [AuFfaTVDxgvpF508-Bip6_xz_c2a3b7d6@ios]: Skipped due to cooking limit
[2026-03-18 22:46:49] 📋   [WARN]     压缩失败 [AuFfaTVDxgvpF508-Bip6_xz_c2a3b7d6@android]: Skipped due to cooking limit
[2026-03-18 22:46:49] 📋   [WARN]     压缩失败 [AuFfaTVDxgvpF508-Bip6_xz_c2a3b7d6@windows]: Skipped due to cooking limit
[2026-03-18 22:46:49] 📋   [WARN]     压缩失败 [GlvxmabceXP3hhSjawSygcJU_4a437e4d@ios]: Skipped due to cooking limit
[2026-03-18 22:46:49] 📋   [WARN]     压缩失败 [GlvxmabceXP3hhSjawSygcJU_4a437e4d@android]: Skipped due to cooking limit
[2026-03-18 22:46:49] 📋   [WARN]     压缩失败 [GlvxmabceXP3hhSjawSygcJU_4a437e4d@windows]: Skipped due to cooking limit
[2026-03-18 22:46:49] 📋   [WARN]     压缩失败 [Gzr6YVyXgLRjjLFVW1ENlmd-_242eaa97@ios]: Skipped due to cooking limit
[2026-03-18 22:46:49] 📋   [WARN]     压缩失败 [Gzr6YVyXgLRjjLFVW1ENlmd-_242eaa97@android]: Skipped due to cooking limit
[2026-03-18 22:46:49] 📋   [WARN]     压缩失败 [Gzr6YVyXgLRjjLFVW1ENlmd-_242eaa97@windows]: Skipped due to cooking limit
[2026-03-18 22:46:49] 📋   [WARN]     压缩失败 [DPKfoWSQDKeYCqoYQ-yhtZGm_c99fa1f4@ios]: Skipped due to cooking limit
[2026-03-18 22:46:49] 📋   [WARN]     压缩失败 [DPKfoWSQDKeYCqoYQ-yhtZGm_c99fa1f4@android]: Skipped due to cooking limit
[2026-03-18 22:46:49] 📋   [WARN]     压缩失败 [DPKfoWSQDKeYCqoYQ-yhtZGm_c99fa1f4@windows]: Skipped due to cooking limit
[2026-03-18 22:46:49] 📋   [WARN]     压缩失败 [Bs4qEX1n5Giurv8Ww-noT9KR_fa1336f7@ios]: Skipped due to cooking limit
[2026-03-18 22:46:49] 📋   [WARN]     压缩失败 [Bs4qEX1n5Giurv8Ww-noT9KR_fa1336f7@android]: Skipped due to cooking limit
[2026-03-18 22:46:49] 📋   [WARN]     压缩失败 [Bs4qEX1n5Giurv8Ww-noT9KR_fa1336f7@windows]: Skipped due to cooking limit
[2026-03-18 22:46:49] 📋   [WARN]     压缩失败 [DJrkgabfveSs_buBV0HZmY4W_6fc8d603@ios]: Skipped due to cooking limit
[2026-03-18 22:46:49] 📋   [WARN]     压缩失败 [DJrkgabfveSs_buBV0HZmY4W_6fc8d603@android]: Skipped due to cooking limit
[2026-03-18 22:46:49] 📋   [WARN]     压缩失败 [DJrkgabfveSs_buBV0HZmY4W_6fc8d603@windows]: Skipped due to cooking limit
[2026-03-18 22:46:49] 📋   [WARN]     压缩失败 [HAgdMe7MqMAaYG_6z8eO3fB5_14cdc518@ios]: Skipped due to cooking limit
[2026-03-18 22:46:49] 📋   [WARN]     压缩失败 [HAgdMe7MqMAaYG_6z8eO3fB5_14cdc518@android]: Skipped due to cooking limit
[2026-03-18 22:46:49] 📋   [WARN]     压缩失败 [HAgdMe7MqMAaYG_6z8eO3fB5_14cdc518@windows]: Skipped due to cooking limit
[2026-03-18 22:46:49] 📋   [WARN]     压缩失败 [EzLyOREuRj9yrdtIwnsDtxRN_4069f828@ios]: Skipped due to cooking limit
[2026-03-18 22:46:49] 📋   [WARN]     压缩失败 [EzLyOREuRj9yrdtIwnsDtxRN_4069f828@android]: Skipped due to cooking limit
[2026-03-18 22:46:49] 📋   [WARN]     压缩失败 [EzLyOREuRj9yrdtIwnsDtxRN_4069f828@windows]: Skipped due to cooking limit
[2026-03-18 22:46:49] 📋   [WARN]     压缩失败 [H5Vr0RmV56pGF9XN6hsRt1C1_3d5a7c42@ios]: Skipped due to cooking limit
[2026-03-18 22:46:49] 📋   [WARN]     压缩失败 [H5Vr0RmV56pGF9XN6hsRt1C1_3d5a7c42@android]: Skipped due to cooking limit
[2026-03-18 22:46:49] 📋   [WARN]     压缩失败 [H5Vr0RmV56pGF9XN6hsRt1C1_3d5a7c42@windows]: Skipped due to cooking limit
[2026-03-18 22:46:49] 📋   [WARN]     压缩失败 [GCU90Ug8Weric4rkSaCKwWgd_02ad4a28@ios]: Skipped due to cooking limit
[2026-03-18 22:46:49] 📋   [WARN]     压缩失败 [GCU90Ug8Weric4rkSaCKwWgd_02ad4a28@android]: Skipped due to cooking limit
[2026-03-18 22:46:49] 📋   [WARN]     压缩失败 [GCU90Ug8Weric4rkSaCKwWgd_02ad4a28@windows]: Skipped due to cooking limit
[2026-03-18 22:46:49] 📋   [WARN]     压缩失败 [HBjo6coGPYa2zXJylebnqPrK_5fee5a9e@ios]: Skipped due to cooking limit
[2026-03-18 22:46:49] 📋   [WARN]     压缩失败 [HBjo6coGPYa2zXJylebnqPrK_5fee5a9e@android]: Skipped due to cooking limit
[2026-03-18 22:46:49] 📋   [WARN]     压缩失败 [HBjo6coGPYa2zXJylebnqPrK_5fee5a9e@windows]: Skipped due to cooking limit
[2026-03-18 22:46:49] 📋   [WARN]     压缩失败 [E6_DSViW-hOcoZqralVnSLiD_4226a5f0@ios]: Skipped due to cooking limit
[2026-03-18 22:46:49] 📋   [WARN]     压缩失败 [E6_DSViW-hOcoZqralVnSLiD_4226a5f0@android]: Skipped due to cooking limit
[2026-03-18 22:46:49] 📋   [WARN]     压缩失败 [E6_DSViW-hOcoZqralVnSLiD_4226a5f0@windows]: Skipped due to cooking limit
[2026-03-18 22:46:49] 📋   [WARN]     压缩失败 [F9d-YQY0usjH4m6VDbFauzAy_bdc21e57@ios]: Skipped due to cooking limit
[2026-03-18 22:46:50] 📋   [WARN]     压缩失败 [F9d-YQY0usjH4m6VDbFauzAy_bdc21e57@android]: Skipped due to cooking limit
[2026-03-18 22:46:50] 📋   [WARN]     压缩失败 [F9d-YQY0usjH4m6VDbFauzAy_bdc21e57@windows]: Skipped due to cooking limit
[2026-03-18 22:46:50] 📋   [WARN]     压缩失败 [Am2_kQOxCMxtNO3grAAIhdUN_9b11aad0@ios]: Skipped due to cooking limit
[2026-03-18 22:46:50] 📋   [WARN]     压缩失败 [Am2_kQOxCMxtNO3grAAIhdUN_9b11aad0@android]: Skipped due to cooking limit
[2026-03-18 22:46:50] 📋   [WARN]     压缩失败 [Am2_kQOxCMxtNO3grAAIhdUN_9b11aad0@windows]: Skipped due to cooking limit
[2026-03-18 22:46:50] 📋   [WARN]     压缩失败 [HaYh4UbAQU1otyREhDDIRpCa_f63fcee2@ios]: Skipped due to cooking limit
[2026-03-18 22:46:50] 📋   [WARN]     压缩失败 [HaYh4UbAQU1otyREhDDIRpCa_f63fcee2@android]: Skipped due to cooking limit
[2026-03-18 22:46:50] 📋   [WARN]     压缩失败 [HaYh4UbAQU1otyREhDDIRpCa_f63fcee2@windows]: Skipped due to cooking limit
[2026-03-18 22:46:50] 📋   [WARN]     压缩失败 [GyUciWlPictSVWGBba9YDvxs_5d8835af@ios]: Skipped due to cooking limit
[2026-03-18 22:46:50] 📋   [WARN]     压缩失败 [GyUciWlPictSVWGBba9YDvxs_5d8835af@android]: Skipped due to cooking limit
[2026-03-18 22:46:50] 📋   [WARN]     压缩失败 [GyUciWlPictSVWGBba9YDvxs_5d8835af@windows]: Skipped due to cooking limit
[2026-03-18 22:46:50] 📋   [WARN]     压缩失败 [ECl8CXsX_Q3Yja5TW0hrsF0y_3900aa25@ios]: Skipped due to cooking limit
[2026-03-18 22:46:50] 📋   [WARN]     压缩失败 [ECl8CXsX_Q3Yja5TW0hrsF0y_3900aa25@android]: Skipped due to cooking limit
[2026-03-18 22:46:50] 📋   [WARN]     压缩失败 [ECl8CXsX_Q3Yja5TW0hrsF0y_3900aa25@windows]: Skipped due to cooking limit
[2026-03-18 22:46:50] 📋   [WARN]     压缩失败 [ADR2wWn4jqBnmE2-6RfX0NME_d16158b0@ios]: Skipped due to cooking limit
[2026-03-18 22:46:50] 📋   [WARN]     压缩失败 [ADR2wWn4jqBnmE2-6RfX0NME_d16158b0@android]: Skipped due to cooking limit
[2026-03-18 22:46:50] 📋   [WARN]     压缩失败 [ADR2wWn4jqBnmE2-6RfX0NME_d16158b0@windows]: Skipped due to cooking limit
[2026-03-18 22:46:50] 📋   [WARN]     压缩失败 [CarFkcZ08LdBJoAnKLq_ocTH_36d7aa70@ios]: Skipped due to cooking limit
[2026-03-18 22:46:50] 📋   [WARN]     压缩失败 [CarFkcZ08LdBJoAnKLq_ocTH_36d7aa70@android]: Skipped due to cooking limit
[2026-03-18 22:46:50] 📋   [WARN]     压缩失败 [CarFkcZ08LdBJoAnKLq_ocTH_36d7aa70@windows]: Skipped due to cooking limit
[2026-03-18 22:46:50] 📋   [WARN]     压缩失败 [DUBQoRDC8aaRoMUTTczmBjtU_95a7844c@ios]: Skipped due to cooking limit
[2026-03-18 22:46:50] 📋   [WARN]     压缩失败 [DUBQoRDC8aaRoMUTTczmBjtU_95a7844c@android]: Skipped due to cooking limit
[2026-03-18 22:46:50] 📋   [WARN]     压缩失败 [DUBQoRDC8aaRoMUTTczmBjtU_95a7844c@windows]: Skipped due to cooking limit
[2026-03-18 22:46:50] 📋   [WARN]     压缩失败 [HQx-ubgaXjQvDHL1Ascfeifg_425d16c9@ios]: Skipped due to cooking limit
[2026-03-18 22:46:50] 📋   [WARN]     压缩失败 [HQx-ubgaXjQvDHL1Ascfeifg_425d16c9@android]: Skipped due to cooking limit
[2026-03-18 22:46:50] 📋   [WARN]     压缩失败 [HQx-ubgaXjQvDHL1Ascfeifg_425d16c9@windows]: Skipped due to cooking limit
[2026-03-18 22:46:50] 📋   [WARN]     压缩失败 [DRt9UTaNIjv9BjbLzWY0zokg_9fa5e046@ios]: Skipped due to cooking limit
[2026-03-18 22:46:50] 📋   [WARN]     压缩失败 [DRt9UTaNIjv9BjbLzWY0zokg_9fa5e046@android]: Skipped due to cooking limit
[2026-03-18 22:46:50] 📋   [WARN]     压缩失败 [DRt9UTaNIjv9BjbLzWY0zokg_9fa5e046@windows]: Skipped due to cooking limit
[2026-03-18 22:46:50] 📋   [WARN]     压缩失败 [GyE7oXsozLSA9BecBBLmz4H7_3e4c557e@ios]: Skipped due to cooking limit
[2026-03-18 22:46:50] 📋   [WARN]     压缩失败 [GyE7oXsozLSA9BecBBLmz4H7_3e4c557e@android]: Skipped due to cooking limit
[2026-03-18 22:46:50] 📋   [WARN]     压缩失败 [GyE7oXsozLSA9BecBBLmz4H7_3e4c557e@windows]: Skipped due to cooking limit
[2026-03-18 22:46:50] 📋   [WARN]     压缩失败 [F0BhyZChcT9M2L94mi5Fxv2M_f1f8a613@ios]: Skipped due to cooking limit
[2026-03-18 22:46:51] 📋   [WARN]     压缩失败 [F0BhyZChcT9M2L94mi5Fxv2M_f1f8a613@android]: Skipped due to cooking limit
[2026-03-18 22:46:51] 📋   [WARN]     压缩失败 [F0BhyZChcT9M2L94mi5Fxv2M_f1f8a613@windows]: Skipped due to cooking limit
[2026-03-18 22:46:51] 📋   [WARN]     压缩失败 [FD8qYemw8-Lyb_vcFtZL7D80_debc7fe0@ios]: Skipped due to cooking limit
[2026-03-18 22:46:51] 📋   [WARN]     压缩失败 [FD8qYemw8-Lyb_vcFtZL7D80_debc7fe0@android]: Skipped due to cooking limit
[2026-03-18 22:46:51] 📋   [WARN]     压缩失败 [FD8qYemw8-Lyb_vcFtZL7D80_debc7fe0@windows]: Skipped due to cooking limit
[2026-03-18 22:46:51] 📋   [WARN]     压缩失败 [GC6SWYdKi9OIHk41m3HfLz56_782fae44@ios]: Skipped due to cooking limit
[2026-03-18 22:46:51] 📋   [WARN]     压缩失败 [GC6SWYdKi9OIHk41m3HfLz56_782fae44@android]: Skipped due to cooking limit
[2026-03-18 22:46:51] 📋   [WARN]     压缩失败 [GC6SWYdKi9OIHk41m3HfLz56_782fae44@windows]: Skipped due to cooking limit
[2026-03-18 22:46:51] 📋   [WARN]     压缩失败 [AKnB8SYuyxrRcXXRjleB7dXQ_16052486@ios]: Skipped due to cooking limit
[2026-03-18 22:46:51] 📋   [WARN]     压缩失败 [AKnB8SYuyxrRcXXRjleB7dXQ_16052486@android]: Skipped due to cooking limit
[2026-03-18 22:46:51] 📋   [WARN]     压缩失败 [AKnB8SYuyxrRcXXRjleB7dXQ_16052486@windows]: Skipped due to cooking limit
[2026-03-18 22:46:51] 📋   [WARN]     压缩失败 [Cf_YqefiYtzjOf4p4CgVV92y_16df1936@ios]: Skipped due to cooking limit
[2026-03-18 22:46:51] 📋   [WARN]     压缩失败 [Cf_YqefiYtzjOf4p4CgVV92y_16df1936@android]: Skipped due to cooking limit
[2026-03-18 22:46:51] 📋   [WARN]     压缩失败 [Cf_YqefiYtzjOf4p4CgVV92y_16df1936@windows]: Skipped due to cooking limit
[2026-03-18 22:46:51] 📋   [WARN]     压缩失败 [F3HuySo9sNiERqKg8Bqypjdu_576c8d6c@ios]: Skipped due to cooking limit
[2026-03-18 22:46:51] 📋   [WARN]     压缩失败 [F3HuySo9sNiERqKg8Bqypjdu_576c8d6c@android]: Skipped due to cooking limit
[2026-03-18 22:46:51] 📋   [WARN]     压缩失败 [F3HuySo9sNiERqKg8Bqypjdu_576c8d6c@windows]: Skipped due to cooking limit
[2026-03-18 22:46:51] 📋   [WARN]     压缩失败 [CehBMZ5eh4tv3AYoVTExo9Z4_d11e3ba7@ios]: Skipped due to cooking limit
[2026-03-18 22:46:51] 📋   [WARN]     压缩失败 [CehBMZ5eh4tv3AYoVTExo9Z4_d11e3ba7@android]: Skipped due to cooking limit
[2026-03-18 22:46:51] 📋   [WARN]     压缩失败 [CehBMZ5eh4tv3AYoVTExo9Z4_d11e3ba7@windows]: Skipped due to cooking limit
[2026-03-18 22:46:51] 📋   [WARN]     压缩失败 [GXcq6fhlltwiPLpH4fDEIEeA_efe53883@ios]: Skipped due to cooking limit
[2026-03-18 22:46:51] 📋   [WARN]     压缩失败 [GXcq6fhlltwiPLpH4fDEIEeA_efe53883@android]: Skipped due to cooking limit
[2026-03-18 22:46:51] 📋   [WARN]     压缩失败 [GXcq6fhlltwiPLpH4fDEIEeA_efe53883@windows]: Skipped due to cooking limit
[2026-03-18 22:46:51] 📋   [WARN]     压缩失败 [Fy5dibiaFMn3PdW-BbMJ-KhJ_edc12add@ios]: Skipped due to cooking limit
[2026-03-18 22:46:51] 📋   [WARN]     压缩失败 [Fy5dibiaFMn3PdW-BbMJ-KhJ_edc12add@android]: Skipped due to cooking limit
[2026-03-18 22:46:51] 📋   [WARN]     压缩失败 [Fy5dibiaFMn3PdW-BbMJ-KhJ_edc12add@windows]: Skipped due to cooking limit
[2026-03-18 22:46:51] 📋   [WARN]     压缩失败 [B3aJaRQViPEVyGUTTY1wWgPT_c1c4fb70@ios]: Skipped due to cooking limit
[2026-03-18 22:46:51] 📋   [WARN]     压缩失败 [B3aJaRQViPEVyGUTTY1wWgPT_c1c4fb70@android]: Skipped due to cooking limit
[2026-03-18 22:46:51] 📋   [WARN]     压缩失败 [B3aJaRQViPEVyGUTTY1wWgPT_c1c4fb70@windows]: Skipped due to cooking limit
[2026-03-18 22:46:51] 📋   [WARN]     压缩失败 [BdsSKcraE99Me_OmyOpx2KuI_34c0a6c1@ios]: Skipped due to cooking limit
[2026-03-18 22:46:51] 📋   [WARN]     压缩失败 [BdsSKcraE99Me_OmyOpx2KuI_34c0a6c1@android]: Skipped due to cooking limit
[2026-03-18 22:46:51] 📋   [WARN]     压缩失败 [BdsSKcraE99Me_OmyOpx2KuI_34c0a6c1@windows]: Skipped due to cooking limit
[2026-03-18 22:46:51] 📋   [WARN]     压缩失败 [GT1-cdECo0OZctJUM_xCog0V_893f2050@ios]: Skipped due to cooking limit
[2026-03-18 22:46:51] 📋   [WARN]     压缩失败 [GT1-cdECo0OZctJUM_xCog0V_893f2050@android]: Skipped due to cooking limit
[2026-03-18 22:46:51] 📋   [WARN]     压缩失败 [GT1-cdECo0OZctJUM_xCog0V_893f2050@windows]: Skipped due to cooking limit
[2026-03-18 22:46:51] 📋   [WARN]     压缩失败 [DDF4MQnotr2ttd4QuQwvMU09_a6961fdf@ios]: Skipped due to cooking limit
[2026-03-18 22:46:51] 📋   [WARN]     压缩失败 [DDF4MQnotr2ttd4QuQwvMU09_a6961fdf@android]: Skipped due to cooking limit
[2026-03-18 22:46:51] 📋   [WARN]     压缩失败 [DDF4MQnotr2ttd4QuQwvMU09_a6961fdf@windows]: Skipped due to cooking limit
[2026-03-18 22:46:51] 📋   [WARN]     压缩失败 [Ced6Sfb6r2-mXJdXmK0MgXmW_2a9826f9@ios]: Skipped due to cooking limit
[2026-03-18 22:46:51] 📋   [WARN]     压缩失败 [Ced6Sfb6r2-mXJdXmK0MgXmW_2a9826f9@android]: Skipped due to cooking limit
[2026-03-18 22:46:51] 📋   [WARN]     压缩失败 [Ced6Sfb6r2-mXJdXmK0MgXmW_2a9826f9@windows]: Skipped due to cooking limit
[2026-03-18 22:46:51] 📋   [WARN]     压缩失败 [EC9QodeCp4FAbi8VoPj6OCxD_59e18149@ios]: Skipped due to cooking limit
[2026-03-18 22:46:51] 📋   [WARN]     压缩失败 [EC9QodeCp4FAbi8VoPj6OCxD_59e18149@android]: Skipped due to cooking limit
[2026-03-18 22:46:51] 📋   [WARN]     压缩失败 [EC9QodeCp4FAbi8VoPj6OCxD_59e18149@windows]: Skipped due to cooking limit
[2026-03-18 22:46:51] 📋   [WARN]     压缩失败 [FJYmAW0LJHPChgoNTKDYn7hL_8d61a885@ios]: Skipped due to cooking limit
[2026-03-18 22:46:51] 📋   [WARN]     压缩失败 [FJYmAW0LJHPChgoNTKDYn7hL_8d61a885@android]: Skipped due to cooking limit
[2026-03-18 22:46:51] 📋   [WARN]     压缩失败 [FJYmAW0LJHPChgoNTKDYn7hL_8d61a885@windows]: Skipped due to cooking limit
[2026-03-18 22:46:51] 📋   [WARN]     压缩失败 [G5sgIRjqu-ntKaLSJ2urHbEh_405e519a@ios]: Skipped due to cooking limit
[2026-03-18 22:46:51] 📋   [WARN]     压缩失败 [G5sgIRjqu-ntKaLSJ2urHbEh_405e519a@android]: Skipped due to cooking limit
[2026-03-18 22:46:51] 📋   [WARN]     压缩失败 [G5sgIRjqu-ntKaLSJ2urHbEh_405e519a@windows]: Skipped due to cooking limit
[2026-03-18 22:46:51] 📋   [WARN]     压缩失败 [BJlaqeH75EnJbSpSENj7Y67y_219ad1e1@ios]: Skipped due to cooking limit
[2026-03-18 22:46:51] 📋   [WARN]     压缩失败 [BJlaqeH75EnJbSpSENj7Y67y_219ad1e1@android]: Skipped due to cooking limit
[2026-03-18 22:46:51] 📋   [WARN]     压缩失败 [BJlaqeH75EnJbSpSENj7Y67y_219ad1e1@windows]: Skipped due to cooking limit
[2026-03-18 22:46:51] 📋   [WARN]     压缩失败 [F7TIyd2x-8hOdayDA3e5GAuZ_097b9e6e@ios]: Skipped due to cooking limit
[2026-03-18 22:46:51] 📋   [WARN]     压缩失败 [F7TIyd2x-8hOdayDA3e5GAuZ_097b9e6e@android]: Skipped due to cooking limit
[2026-03-18 22:46:51] 📋   [WARN]     压缩失败 [F7TIyd2x-8hOdayDA3e5GAuZ_097b9e6e@windows]: Skipped due to cooking limit
[2026-03-18 22:46:51] 📋   [WARN]     压缩失败 [GhcyIcLHn4j0jsb_dInOul72_0c29c1f0@ios]: Skipped due to cooking limit
[2026-03-18 22:46:51] 📋   [WARN]     压缩失败 [GhcyIcLHn4j0jsb_dInOul72_0c29c1f0@android]: Skipped due to cooking limit
[2026-03-18 22:46:51] 📋   [WARN]     压缩失败 [GhcyIcLHn4j0jsb_dInOul72_0c29c1f0@windows]: Skipped due to cooking limit
[2026-03-18 22:46:51] 📋   [WARN]     压缩失败 [BpQyQYsP8etHItkla2AE5vlI_a6b714f4@ios]: Skipped due to cooking limit
[2026-03-18 22:46:51] 📋   [WARN]     压缩失败 [BpQyQYsP8etHItkla2AE5vlI_a6b714f4@android]: Skipped due to cooking limit
[2026-03-18 22:46:51] 📋   [WARN]     压缩失败 [BpQyQYsP8etHItkla2AE5vlI_a6b714f4@windows]: Skipped due to cooking limit
[2026-03-18 22:46:51] 📋   [WARN]     压缩失败 [GbSI0cg3p_qLqs6MgtlIv7dt_bf7bafaf@ios]: Skipped due to cooking limit
[2026-03-18 22:46:51] 📋   [WARN]     压缩失败 [GbSI0cg3p_qLqs6MgtlIv7dt_bf7bafaf@android]: Skipped due to cooking limit
[2026-03-18 22:46:51] 📋   [WARN]     压缩失败 [GbSI0cg3p_qLqs6MgtlIv7dt_bf7bafaf@windows]: Skipped due to cooking limit
[2026-03-18 22:46:51] 📋   [WARN]     压缩失败 [DFPeac4EwcZ1PmZVtW3sVXiB_52fcb131@ios]: Skipped due to cooking limit
[2026-03-18 22:46:51] 📋   [WARN]     压缩失败 [DFPeac4EwcZ1PmZVtW3sVXiB_52fcb131@android]: Skipped due to cooking limit
[2026-03-18 22:46:51] 📋   [WARN]     压缩失败 [DFPeac4EwcZ1PmZVtW3sVXiB_52fcb131@windows]: Skipped due to cooking limit
[2026-03-18 22:46:51] 📋   [WARN]     压缩失败 [DXK_YUd3Nr_xV47I24w9wQ8y_ab42ab1b@ios]: Skipped due to cooking limit
[2026-03-18 22:46:51] 📋   [WARN]     压缩失败 [DXK_YUd3Nr_xV47I24w9wQ8y_ab42ab1b@android]: Skipped due to cooking limit
[2026-03-18 22:46:51] 📋   [WARN]     压缩失败 [DXK_YUd3Nr_xV47I24w9wQ8y_ab42ab1b@windows]: Skipped due to cooking limit
[2026-03-18 22:46:51] 📋   [WARN]     压缩失败 [CB6MaWXJpeKLtmz1SEJCPKvu_5df210a2@ios]: Skipped due to cooking limit
[2026-03-18 22:46:51] 📋   [WARN]     压缩失败 [CB6MaWXJpeKLtmz1SEJCPKvu_5df210a2@android]: Skipped due to cooking limit
[2026-03-18 22:46:51] 📋   [WARN]     压缩失败 [CB6MaWXJpeKLtmz1SEJCPKvu_5df210a2@windows]: Skipped due to cooking limit
[2026-03-18 22:46:51] 📋   [WARN]     压缩失败 [Ank6oWxbxYOKJhon0GhOjZWm_9c419432@ios]: Skipped due to cooking limit
[2026-03-18 22:46:51] 📋   [WARN]     压缩失败 [Ank6oWxbxYOKJhon0GhOjZWm_9c419432@android]: Skipped due to cooking limit
[2026-03-18 22:46:51] 📋   [WARN]     压缩失败 [Ank6oWxbxYOKJhon0GhOjZWm_9c419432@windows]: Skipped due to cooking limit
[2026-03-18 22:46:52] 📋   [WARN]     压缩失败 [HxntUf2TlCsmititNYGCv9su_63cbca35@ios]: Skipped due to cooking limit
[2026-03-18 22:46:52] 📋   [WARN]     压缩失败 [HxntUf2TlCsmititNYGCv9su_63cbca35@android]: Skipped due to cooking limit
[2026-03-18 22:46:52] 📋   [WARN]     压缩失败 [HxntUf2TlCsmititNYGCv9su_63cbca35@windows]: Skipped due to cooking limit
[2026-03-18 22:46:52] 📋   [WARN]     压缩失败 [D3mHqXyOKexEQ5GsQlmSUW3L_99c50bfa@ios]: Skipped due to cooking limit
[2026-03-18 22:46:52] 📋   [WARN]     压缩失败 [D3mHqXyOKexEQ5GsQlmSUW3L_99c50bfa@android]: Skipped due to cooking limit
[2026-03-18 22:46:52] 📋   [WARN]     压缩失败 [D3mHqXyOKexEQ5GsQlmSUW3L_99c50bfa@windows]: Skipped due to cooking limit
[2026-03-18 22:46:52] 📋   [WARN]     压缩失败 [HqpAMaRAc_OLxibUL4BqnCM1_94cfb4ba@ios]: Skipped due to cooking limit
[2026-03-18 22:46:52] 📋   [WARN]     压缩失败 [HqpAMaRAc_OLxibUL4BqnCM1_94cfb4ba@android]: Skipped due to cooking limit
[2026-03-18 22:46:52] 📋   [WARN]     压缩失败 [HqpAMaRAc_OLxibUL4BqnCM1_94cfb4ba@windows]: Skipped due to cooking limit
[2026-03-18 22:46:52] 📋   [WARN]     压缩失败 [Cp5AuaVMiB84jlknn8qQH4HK_ad361a9a@ios]: Skipped due to cooking limit
[2026-03-18 22:46:52] 📋   [WARN]     压缩失败 [Cp5AuaVMiB84jlknn8qQH4HK_ad361a9a@android]: Skipped due to cooking limit
[2026-03-18 22:46:52] 📋   [WARN]     压缩失败 [Cp5AuaVMiB84jlknn8qQH4HK_ad361a9a@windows]: Skipped due to cooking limit
[2026-03-18 22:46:52] 📋   [WARN]     压缩失败 [EV6uyUYT1_-Qu6EPJ_CLv_92_2881857c@ios]: Skipped due to cooking limit
[2026-03-18 22:46:52] 📋   [WARN]     压缩失败 [EV6uyUYT1_-Qu6EPJ_CLv_92_2881857c@android]: Skipped due to cooking limit
[2026-03-18 22:46:52] 📋   [WARN]     压缩失败 [EV6uyUYT1_-Qu6EPJ_CLv_92_2881857c@windows]: Skipped due to cooking limit
[2026-03-18 22:46:52] 📋   [WARN]     压缩失败 [G9ReofsWxZndDUDTuYbxAFqp_ea5dcc36@ios]: Skipped due to cooking limit
[2026-03-18 22:46:52] 📋   [WARN]     压缩失败 [G9ReofsWxZndDUDTuYbxAFqp_ea5dcc36@android]: Skipped due to cooking limit
[2026-03-18 22:46:52] 📋   [WARN]     压缩失败 [G9ReofsWxZndDUDTuYbxAFqp_ea5dcc36@windows]: Skipped due to cooking limit
[2026-03-18 22:46:52] 📋   [WARN]     压缩失败 [HVOd4aXxtNTuqTlCg0oP77kO_95848777@ios]: Skipped due to cooking limit
[2026-03-18 22:46:52] 📋   [WARN]     压缩失败 [HVOd4aXxtNTuqTlCg0oP77kO_95848777@android]: Skipped due to cooking limit
[2026-03-18 22:46:52] 📋   [WARN]     压缩失败 [HVOd4aXxtNTuqTlCg0oP77kO_95848777@windows]: Skipped due to cooking limit
[2026-03-18 22:46:52] 📋   [WARN]     压缩失败 [Fo5zQUrfqWWQuh-ECMbQYvPd_183ed5d7@ios]: Skipped due to cooking limit
[2026-03-18 22:46:52] 📋   [WARN]     压缩失败 [Fo5zQUrfqWWQuh-ECMbQYvPd_183ed5d7@android]: Skipped due to cooking limit
[2026-03-18 22:46:52] 📋   [WARN]     压缩失败 [Fo5zQUrfqWWQuh-ECMbQYvPd_183ed5d7@windows]: Skipped due to cooking limit
[2026-03-18 22:46:52] 📋   [WARN]     压缩失败 [B8r-AcKPAPoDFHhW4nu42PbR_64061d2e@ios]: Skipped due to cooking limit
[2026-03-18 22:46:52] 📋   [WARN]     压缩失败 [B8r-AcKPAPoDFHhW4nu42PbR_64061d2e@android]: Skipped due to cooking limit
[2026-03-18 22:46:52] 📋   [WARN]     压缩失败 [B8r-AcKPAPoDFHhW4nu42PbR_64061d2e@windows]: Skipped due to cooking limit
[2026-03-18 22:46:52] 📋   [WARN]     压缩失败 [Gz3oyULNVwFuV5IAxFLJ8iAB_5afa30a6@ios]: Skipped due to cooking limit
[2026-03-18 22:46:52] 📋   [WARN]     压缩失败 [Gz3oyULNVwFuV5IAxFLJ8iAB_5afa30a6@android]: Skipped due to cooking limit
[2026-03-18 22:46:52] 📋   [WARN]     压缩失败 [Gz3oyULNVwFuV5IAxFLJ8iAB_5afa30a6@windows]: Skipped due to cooking limit
[2026-03-18 22:46:52] 📋   [WARN]     压缩失败 [AxLEOc2uPnjOv8TPxZI9nLAo_0198f772@ios]: Skipped due to cooking limit
[2026-03-18 22:46:52] 📋   [WARN]     压缩失败 [AxLEOc2uPnjOv8TPxZI9nLAo_0198f772@android]: Skipped due to cooking limit
[2026-03-18 22:46:52] 📋   [WARN]     压缩失败 [AxLEOc2uPnjOv8TPxZI9nLAo_0198f772@windows]: Skipped due to cooking limit
[2026-03-18 22:46:52] 📋   [WARN]     压缩失败 [Gv116VMr7XLC6xHZ_zKv3ibz_793550d0@ios]: Skipped due to cooking limit
[2026-03-18 22:46:52] 📋   [WARN]     压缩失败 [Gv116VMr7XLC6xHZ_zKv3ibz_793550d0@android]: Skipped due to cooking limit
[2026-03-18 22:46:52] 📋   [WARN]     压缩失败 [Gv116VMr7XLC6xHZ_zKv3ibz_793550d0@windows]: Skipped due to cooking limit
[2026-03-18 22:46:52] 📋   [WARN]     压缩失败 [DWd3kW_Ut7jiiINjnAeJcAtN_fdd6b8d7@ios]: Skipped due to cooking limit
[2026-03-18 22:46:52] 📋   [WARN]     压缩失败 [DWd3kW_Ut7jiiINjnAeJcAtN_fdd6b8d7@android]: Skipped due to cooking limit
[2026-03-18 22:46:52] 📋   [WARN]     压缩失败 [DWd3kW_Ut7jiiINjnAeJcAtN_fdd6b8d7@windows]: Skipped due to cooking limit
[2026-03-18 22:46:52] 📋   [WARN]     压缩失败 [C4n34W_3G8z84zR0r757lpH5_ec506e86@ios]: Skipped due to cooking limit
[2026-03-18 22:46:52] 📋   [WARN]     压缩失败 [C4n34W_3G8z84zR0r757lpH5_ec506e86@android]: Skipped due to cooking limit
[2026-03-18 22:46:52] 📋   [WARN]     压缩失败 [C4n34W_3G8z84zR0r757lpH5_ec506e86@windows]: Skipped due to cooking limit
[2026-03-18 22:46:52] 📋   [WARN]     压缩失败 [DejqmWiRLA1Je9YevVRFdgxC_f717bca8@ios]: Skipped due to cooking limit
[2026-03-18 22:46:52] 📋   [WARN]     压缩失败 [DejqmWiRLA1Je9YevVRFdgxC_f717bca8@android]: Skipped due to cooking limit
[2026-03-18 22:46:52] 📋   [WARN]     压缩失败 [DejqmWiRLA1Je9YevVRFdgxC_f717bca8@windows]: Skipped due to cooking limit
[2026-03-18 22:46:52] 📋   [WARN]     压缩失败 [AhWf0XGKfk5Wvo51wnOs6fXU_fef771f4@ios]: Skipped due to cooking limit
[2026-03-18 22:46:52] 📋   [WARN]     压缩失败 [AhWf0XGKfk5Wvo51wnOs6fXU_fef771f4@android]: Skipped due to cooking limit
[2026-03-18 22:46:52] 📋   [WARN]     压缩失败 [AhWf0XGKfk5Wvo51wnOs6fXU_fef771f4@windows]: Skipped due to cooking limit
[2026-03-18 22:46:52] 📋   [WARN]     压缩失败 [E7D0SVi8BooBYzeBgNanKYmQ_ad32fedf@ios]: Skipped due to cooking limit
[2026-03-18 22:46:52] 📋   [WARN]     压缩失败 [E7D0SVi8BooBYzeBgNanKYmQ_ad32fedf@android]: Skipped due to cooking limit
[2026-03-18 22:46:52] 📋   [WARN]     压缩失败 [E7D0SVi8BooBYzeBgNanKYmQ_ad32fedf@windows]: Skipped due to cooking limit
[2026-03-18 22:46:52] 📋   [WARN]     压缩失败 [C52wQY6LQqTAq5cTq4i8Uh0F_213db245@ios]: Skipped due to cooking limit
[2026-03-18 22:46:52] 📋   [WARN]     压缩失败 [C52wQY6LQqTAq5cTq4i8Uh0F_213db245@android]: Skipped due to cooking limit
[2026-03-18 22:46:52] 📋   [WARN]     压缩失败 [C52wQY6LQqTAq5cTq4i8Uh0F_213db245@windows]: Skipped due to cooking limit
[2026-03-18 22:46:52] 📋   [WARN]     压缩失败 [Fli2OZbxGh_EcTdqp8f46ABe_0823cd76@ios]: Skipped due to cooking limit
[2026-03-18 22:46:52] 📋   [WARN]     压缩失败 [Fli2OZbxGh_EcTdqp8f46ABe_0823cd76@android]: Skipped due to cooking limit
[2026-03-18 22:46:52] 📋   [WARN]     压缩失败 [Fli2OZbxGh_EcTdqp8f46ABe_0823cd76@windows]: Skipped due to cooking limit
[2026-03-18 22:46:52] 📋   [WARN]     压缩失败 [Gotm6b0kV3tPQUgQGsLoGla7_925af328@ios]: Skipped due to cooking limit
[2026-03-18 22:46:52] 📋   [WARN]     压缩失败 [Gotm6b0kV3tPQUgQGsLoGla7_925af328@android]: Skipped due to cooking limit
[2026-03-18 22:46:52] 📋   [WARN]     压缩失败 [Gotm6b0kV3tPQUgQGsLoGla7_925af328@windows]: Skipped due to cooking limit
[2026-03-18 22:46:52] 📋   [WARN]     压缩失败 [AvQEGVQSv0NogTLN_dXnsnwV_3474181c@ios]: Skipped due to cooking limit
[2026-03-18 22:46:52] 📋   [WARN]     压缩失败 [AvQEGVQSv0NogTLN_dXnsnwV_3474181c@android]: Skipped due to cooking limit
[2026-03-18 22:46:52] 📋   [WARN]     压缩失败 [AvQEGVQSv0NogTLN_dXnsnwV_3474181c@windows]: Skipped due to cooking limit
[2026-03-18 22:46:53] 📋   [WARN]     压缩失败 [AOufAZE2eU37SyQWi6_QO4jo_05c82507@ios]: Skipped due to cooking limit
[2026-03-18 22:46:53] 📋   [WARN]     压缩失败 [AOufAZE2eU37SyQWi6_QO4jo_05c82507@android]: Skipped due to cooking limit
[2026-03-18 22:46:53] 📋   [WARN]     压缩失败 [AOufAZE2eU37SyQWi6_QO4jo_05c82507@windows]: Skipped due to cooking limit
[2026-03-18 22:46:53] 📋   [WARN]     压缩失败 [BtcdEXkVVvGCvzYHX5fVd7S9_1a5d2c8c@ios]: Skipped due to cooking limit
[2026-03-18 22:46:53] 📋   [WARN]     压缩失败 [BtcdEXkVVvGCvzYHX5fVd7S9_1a5d2c8c@android]: Skipped due to cooking limit
[2026-03-18 22:46:53] 📋   [WARN]     压缩失败 [BtcdEXkVVvGCvzYHX5fVd7S9_1a5d2c8c@windows]: Skipped due to cooking limit
[2026-03-18 22:46:53] 📋   [WARN]     压缩失败 [FlxyudOfQpQ7Pi2Inb5Dn7aD_df599594@ios]: Skipped due to cooking limit
[2026-03-18 22:46:53] 📋   [WARN]     压缩失败 [FlxyudOfQpQ7Pi2Inb5Dn7aD_df599594@android]: Skipped due to cooking limit
[2026-03-18 22:46:53] 📋   [WARN]     压缩失败 [FlxyudOfQpQ7Pi2Inb5Dn7aD_df599594@windows]: Skipped due to cooking limit
[2026-03-18 22:46:53] 📋   [WARN]     压缩失败 [Fa1o4QneWknOmYKwZSFmh8lE_3502872d@ios]: Skipped due to cooking limit
[2026-03-18 22:46:53] 📋   [WARN]     压缩失败 [Fa1o4QneWknOmYKwZSFmh8lE_3502872d@android]: Skipped due to cooking limit
[2026-03-18 22:46:53] 📋   [WARN]     压缩失败 [Fa1o4QneWknOmYKwZSFmh8lE_3502872d@windows]: Skipped due to cooking limit
[2026-03-18 22:46:53] 📋   [WARN]     压缩失败 [Er_IycJSCl4HE5Z24jDnCxlk_55e64894@ios]: Skipped due to cooking limit
[2026-03-18 22:46:53] 📋   [WARN]     压缩失败 [Er_IycJSCl4HE5Z24jDnCxlk_55e64894@android]: Skipped due to cooking limit
[2026-03-18 22:46:53] 📋   [WARN]     压缩失败 [Er_IycJSCl4HE5Z24jDnCxlk_55e64894@windows]: Skipped due to cooking limit
[2026-03-18 22:46:53] 📋   [WARN]     压缩失败 [FAyn0f6Ql25xuMxqfMVFhWOO_62f73e14@ios]: Skipped due to cooking limit
[2026-03-18 22:46:53] 📋   [WARN]     压缩失败 [FAyn0f6Ql25xuMxqfMVFhWOO_62f73e14@android]: Skipped due to cooking limit
[2026-03-18 22:46:53] 📋   [WARN]     压缩失败 [FAyn0f6Ql25xuMxqfMVFhWOO_62f73e14@windows]: Skipped due to cooking limit
[2026-03-18 22:46:53] 📋   [WARN]     压缩失败 [BUTbiffqIvkJrOpNEqmqLwfZ_e082f882@ios]: Skipped due to cooking limit
[2026-03-18 22:46:53] 📋   [WARN]     压缩失败 [BUTbiffqIvkJrOpNEqmqLwfZ_e082f882@android]: Skipped due to cooking limit
[2026-03-18 22:46:53] 📋   [WARN]     压缩失败 [BUTbiffqIvkJrOpNEqmqLwfZ_e082f882@windows]: Skipped due to cooking limit
[2026-03-18 22:46:53] 📋   [WARN]     压缩失败 [Fop_EQxkYX0t0B_yULm_Geyu_b9a9f8df@ios]: Skipped due to cooking limit
[2026-03-18 22:46:53] 📋   [WARN]     压缩失败 [Fop_EQxkYX0t0B_yULm_Geyu_b9a9f8df@android]: Skipped due to cooking limit
[2026-03-18 22:46:53] 📋   [WARN]     压缩失败 [Fop_EQxkYX0t0B_yULm_Geyu_b9a9f8df@windows]: Skipped due to cooking limit
[2026-03-18 22:46:53] 📋   [WARN]     压缩失败 [FdGB-cUVsPhoyDxSGmwTJq8t_bc09d85f@ios]: Skipped due to cooking limit
[2026-03-18 22:46:53] 📋   [WARN]     压缩失败 [FdGB-cUVsPhoyDxSGmwTJq8t_bc09d85f@android]: Skipped due to cooking limit
[2026-03-18 22:46:53] 📋   [WARN]     压缩失败 [FdGB-cUVsPhoyDxSGmwTJq8t_bc09d85f@windows]: Skipped due to cooking limit
[2026-03-18 22:46:53] 📋   [WARN]     压缩失败 [CAtyeWJVTP1U6_NAQWFgLpVx_5c2f2ebc@ios]: Skipped due to cooking limit
[2026-03-18 22:46:53] 📋   [WARN]     压缩失败 [CAtyeWJVTP1U6_NAQWFgLpVx_5c2f2ebc@android]: Skipped due to cooking limit
[2026-03-18 22:46:53] 📋   [WARN]     压缩失败 [CAtyeWJVTP1U6_NAQWFgLpVx_5c2f2ebc@windows]: Skipped due to cooking limit
[2026-03-18 22:46:53] 📋   [WARN]     压缩失败 [D04M8df-lXj_aOicRMajlJKg_5a06f7b0@ios]: Skipped due to cooking limit
[2026-03-18 22:46:53] 📋   [WARN]     压缩失败 [D04M8df-lXj_aOicRMajlJKg_5a06f7b0@android]: Skipped due to cooking limit
[2026-03-18 22:46:53] 📋   [WARN]     压缩失败 [D04M8df-lXj_aOicRMajlJKg_5a06f7b0@windows]: Skipped due to cooking limit
[2026-03-18 22:46:53] 📋   [WARN]     压缩失败 [A01QieR-Mq_2Jz8jrkHt_T3b_8236c009@ios]: Skipped due to cooking limit
[2026-03-18 22:46:53] 📋   [WARN]     压缩失败 [A01QieR-Mq_2Jz8jrkHt_T3b_8236c009@android]: Skipped due to cooking limit
[2026-03-18 22:46:53] 📋   [WARN]     压缩失败 [A01QieR-Mq_2Jz8jrkHt_T3b_8236c009@windows]: Skipped due to cooking limit
[2026-03-18 22:46:53] 📋   [WARN]     压缩失败 [BLmnIdRrxGMAHQENKDbnWf7O_bc6e6c97@ios]: Skipped due to cooking limit
[2026-03-18 22:46:53] 📋   [WARN]     压缩失败 [BLmnIdRrxGMAHQENKDbnWf7O_bc6e6c97@android]: Skipped due to cooking limit
[2026-03-18 22:46:53] 📋   [WARN]     压缩失败 [BLmnIdRrxGMAHQENKDbnWf7O_bc6e6c97@windows]: Skipped due to cooking limit
[2026-03-18 22:46:53] 📋   [WARN]     压缩失败 [D8_e-W4d-Kk_6BphR0bAJEhq_fe32735d@ios]: Skipped due to cooking limit
[2026-03-18 22:46:53] 📋   [WARN]     压缩失败 [D8_e-W4d-Kk_6BphR0bAJEhq_fe32735d@android]: Skipped due to cooking limit
[2026-03-18 22:46:53] 📋   [WARN]     压缩失败 [D8_e-W4d-Kk_6BphR0bAJEhq_fe32735d@windows]: Skipped due to cooking limit
[2026-03-18 22:46:53] 📋   [WARN]     压缩失败 [AhvNwZ9RjZYPxep3ItFCIiHB_3495b8c8@ios]: Skipped due to cooking limit
[2026-03-18 22:46:53] 📋   [WARN]     压缩失败 [AhvNwZ9RjZYPxep3ItFCIiHB_3495b8c8@android]: Skipped due to cooking limit
[2026-03-18 22:46:53] 📋   [WARN]     压缩失败 [AhvNwZ9RjZYPxep3ItFCIiHB_3495b8c8@windows]: Skipped due to cooking limit
[2026-03-18 22:46:53] 📋   [WARN]     压缩失败 [A315sWQYbGzfmHD91jrKvFyZ_e88af318@ios]: Skipped due to cooking limit
[2026-03-18 22:46:53] 📋   [WARN]     压缩失败 [A315sWQYbGzfmHD91jrKvFyZ_e88af318@android]: Skipped due to cooking limit
[2026-03-18 22:46:53] 📋   [WARN]     压缩失败 [A315sWQYbGzfmHD91jrKvFyZ_e88af318@windows]: Skipped due to cooking limit
[2026-03-18 22:46:53] 📋   [WARN]     压缩失败 [GNRsSeFg4Q2DPZy2CE3Aw9jX_9be92ec7@ios]: Skipped due to cooking limit
[2026-03-18 22:46:53] 📋   [WARN]     压缩失败 [GNRsSeFg4Q2DPZy2CE3Aw9jX_9be92ec7@android]: Skipped due to cooking limit
[2026-03-18 22:46:53] 📋   [WARN]     压缩失败 [GNRsSeFg4Q2DPZy2CE3Aw9jX_9be92ec7@windows]: Skipped due to cooking limit
[2026-03-18 22:46:53] 📋   [WARN]     压缩失败 [EOafYb3AukapUzVDZgALMZ5E_104d4f62@ios]: Skipped due to cooking limit
[2026-03-18 22:46:53] 📋   [WARN]     压缩失败 [EOafYb3AukapUzVDZgALMZ5E_104d4f62@android]: Skipped due to cooking limit
[2026-03-18 22:46:53] 📋   [WARN]     压缩失败 [EOafYb3AukapUzVDZgALMZ5E_104d4f62@windows]: Skipped due to cooking limit
[2026-03-18 22:46:53] 📋   [WARN]     压缩失败 [HiB6MdYUC9LZt2QZ9oVouO0m_3d9479bf@ios]: Skipped due to cooking limit
[2026-03-18 22:46:53] 📋   [WARN]     压缩失败 [HiB6MdYUC9LZt2QZ9oVouO0m_3d9479bf@android]: Skipped due to cooking limit
[2026-03-18 22:46:53] 📋   [WARN]     压缩失败 [HiB6MdYUC9LZt2QZ9oVouO0m_3d9479bf@windows]: Skipped due to cooking limit
[2026-03-18 22:46:53] 📋   [WARN]     压缩失败 [AyGysVNWDLgDyJGWHSDgVFAK_f9de1323@ios]: Skipped due to cooking limit
[2026-03-18 22:46:53] 📋   [WARN]     压缩失败 [AyGysVNWDLgDyJGWHSDgVFAK_f9de1323@android]: Skipped due to cooking limit
[2026-03-18 22:46:53] 📋   [WARN]     压缩失败 [AyGysVNWDLgDyJGWHSDgVFAK_f9de1323@windows]: Skipped due to cooking limit
[2026-03-18 22:46:53] 📋   [WARN]     压缩失败 [E-_vwSYhzRX25Ej_unmiGeTD_81dcc997@ios]: Skipped due to cooking limit
[2026-03-18 22:46:53] 📋   [WARN]     压缩失败 [E-_vwSYhzRX25Ej_unmiGeTD_81dcc997@android]: Skipped due to cooking limit
[2026-03-18 22:46:53] 📋   [WARN]     压缩失败 [E-_vwSYhzRX25Ej_unmiGeTD_81dcc997@windows]: Skipped due to cooking limit
[2026-03-18 22:46:53] 📋   [WARN]     压缩失败 [DU2dYVj5-TlHEVdN1j1K19SP_8ebcb3d7@ios]: Skipped due to cooking limit
[2026-03-18 22:46:53] 📋   [WARN]     压缩失败 [DU2dYVj5-TlHEVdN1j1K19SP_8ebcb3d7@android]: Skipped due to cooking limit
[2026-03-18 22:46:53] 📋   [WARN]     压缩失败 [DU2dYVj5-TlHEVdN1j1K19SP_8ebcb3d7@windows]: Skipped due to cooking limit
[2026-03-18 22:46:53] 📋   [WARN]     压缩失败 [GRrRCed1PPIn_o-Zwd4Ow186_8162ee71@ios]: Skipped due to cooking limit
[2026-03-18 22:46:53] 📋   [WARN]     压缩失败 [GRrRCed1PPIn_o-Zwd4Ow186_8162ee71@android]: Skipped due to cooking limit
[2026-03-18 22:46:53] 📋   [WARN]     压缩失败 [GRrRCed1PPIn_o-Zwd4Ow186_8162ee71@windows]: Skipped due to cooking limit
[2026-03-18 22:46:53] 📋   [WARN]     压缩失败 [DH9aMWIbfs0S8m05SmPTiKpu_b4702c73@ios]: Skipped due to cooking limit
[2026-03-18 22:46:53] 📋   [WARN]     压缩失败 [DH9aMWIbfs0S8m05SmPTiKpu_b4702c73@android]: Skipped due to cooking limit
[2026-03-18 22:46:53] 📋   [WARN]     压缩失败 [DH9aMWIbfs0S8m05SmPTiKpu_b4702c73@windows]: Skipped due to cooking limit
[2026-03-18 22:46:53] 📋   [WARN]     压缩失败 [F4OgUZb-cHv62N9FucdD2eJn_dbda669a@ios]: Skipped due to cooking limit
[2026-03-18 22:46:53] 📋   [WARN]     压缩失败 [F4OgUZb-cHv62N9FucdD2eJn_dbda669a@android]: Skipped due to cooking limit
[2026-03-18 22:46:53] 📋   [WARN]     压缩失败 [F4OgUZb-cHv62N9FucdD2eJn_dbda669a@windows]: Skipped due to cooking limit
[2026-03-18 22:46:53] 📋   [WARN]     压缩失败 [HoJ5gV8RrQofcTc5MzpXeROt_6bbc227a@ios]: Skipped due to cooking limit
[2026-03-18 22:46:53] 📋   [WARN]     压缩失败 [HoJ5gV8RrQofcTc5MzpXeROt_6bbc227a@android]: Skipped due to cooking limit
[2026-03-18 22:46:53] 📋   [WARN]     压缩失败 [HoJ5gV8RrQofcTc5MzpXeROt_6bbc227a@windows]: Skipped due to cooking limit
[2026-03-18 22:46:54] 📋   [WARN]     压缩失败 [H5gTEdSZ2feO-oeEiNdNUsKu_08e1a967@ios]: Skipped due to cooking limit
[2026-03-18 22:46:54] 📋   [WARN]     压缩失败 [H5gTEdSZ2feO-oeEiNdNUsKu_08e1a967@android]: Skipped due to cooking limit
[2026-03-18 22:46:54] 📋   [WARN]     压缩失败 [H5gTEdSZ2feO-oeEiNdNUsKu_08e1a967@windows]: Skipped due to cooking limit
[2026-03-18 22:46:54] 📋   [WARN]     压缩失败 [BtjbAQN3diTzr1jYtxBRMLI-_50a89719@ios]: Skipped due to cooking limit
[2026-03-18 22:46:54] 📋   [WARN]     压缩失败 [BtjbAQN3diTzr1jYtxBRMLI-_50a89719@android]: Skipped due to cooking limit
[2026-03-18 22:46:54] 📋   [WARN]     压缩失败 [BtjbAQN3diTzr1jYtxBRMLI-_50a89719@windows]: Skipped due to cooking limit
[2026-03-18 22:46:54] 📋   [WARN]     压缩失败 [DUdNgfCr7RK3TmFnFSrdcEDU_f154c9bc@ios]: Skipped due to cooking limit
[2026-03-18 22:46:54] 📋   [WARN]     压缩失败 [DUdNgfCr7RK3TmFnFSrdcEDU_f154c9bc@android]: Skipped due to cooking limit
[2026-03-18 22:46:54] 📋   [WARN]     压缩失败 [DUdNgfCr7RK3TmFnFSrdcEDU_f154c9bc@windows]: Skipped due to cooking limit
[2026-03-18 22:46:54] 📋   [WARN]     压缩失败 [HRDAOcV2HZzQ-f7Bzd5cfegO_e79f9581@ios]: Skipped due to cooking limit
[2026-03-18 22:46:54] 📋   [WARN]     压缩失败 [HRDAOcV2HZzQ-f7Bzd5cfegO_e79f9581@android]: Skipped due to cooking limit
[2026-03-18 22:46:54] 📋   [WARN]     压缩失败 [HRDAOcV2HZzQ-f7Bzd5cfegO_e79f9581@windows]: Skipped due to cooking limit
[2026-03-18 22:46:54] 📋   [WARN]     压缩失败 [CkfKUeeJDmbDWiJxTt-RwZTA_581c2f4f@ios]: Skipped due to cooking limit
[2026-03-18 22:46:54] 📋   [WARN]     压缩失败 [CkfKUeeJDmbDWiJxTt-RwZTA_581c2f4f@android]: Skipped due to cooking limit
[2026-03-18 22:46:54] 📋   [WARN]     压缩失败 [CkfKUeeJDmbDWiJxTt-RwZTA_581c2f4f@windows]: Skipped due to cooking limit
[2026-03-18 22:46:54] 📋   [WARN]     压缩失败 [AA-dMUaXY2YWHhVvkmCs17fU_3152f47a@ios]: Skipped due to cooking limit
[2026-03-18 22:46:54] 📋   [WARN]     压缩失败 [AA-dMUaXY2YWHhVvkmCs17fU_3152f47a@android]: Skipped due to cooking limit
[2026-03-18 22:46:54] 📋   [WARN]     压缩失败 [AA-dMUaXY2YWHhVvkmCs17fU_3152f47a@windows]: Skipped due to cooking limit
[2026-03-18 22:46:54] 📋   [WARN]     压缩失败 [Azt4WSKox-On2sbtlu0bBnza_e8739426@ios]: Skipped due to cooking limit
[2026-03-18 22:46:54] 📋   [WARN]     压缩失败 [Azt4WSKox-On2sbtlu0bBnza_e8739426@android]: Skipped due to cooking limit
[2026-03-18 22:46:54] 📋   [WARN]     压缩失败 [Azt4WSKox-On2sbtlu0bBnza_e8739426@windows]: Skipped due to cooking limit
[2026-03-18 22:46:54] 📋   [WARN]     压缩失败 [CpEBuQn254LM92tm2mGCWt7n_0eecbcca@ios]: Skipped due to cooking limit
[2026-03-18 22:46:54] 📋   [WARN]     压缩失败 [CpEBuQn254LM92tm2mGCWt7n_0eecbcca@android]: Skipped due to cooking limit
[2026-03-18 22:46:54] 📋   [WARN]     压缩失败 [CpEBuQn254LM92tm2mGCWt7n_0eecbcca@windows]: Skipped due to cooking limit
[2026-03-18 22:46:54] 📋   [WARN]     压缩失败 [F6j5QTMY3rqnGL5fNmFb1Hb4_25e0ae64@ios]: Skipped due to cooking limit
[2026-03-18 22:46:54] 📋   [WARN]     压缩失败 [F6j5QTMY3rqnGL5fNmFb1Hb4_25e0ae64@android]: Skipped due to cooking limit
[2026-03-18 22:46:54] 📋   [WARN]     压缩失败 [F6j5QTMY3rqnGL5fNmFb1Hb4_25e0ae64@windows]: Skipped due to cooking limit
[2026-03-18 22:46:54] 📋   [WARN]     压缩失败 [AKMYSYTcsCjV4-6cHoY8kBoU_4f51a1d5@ios]: Skipped due to cooking limit
[2026-03-18 22:46:54] 📋   [WARN]     压缩失败 [AKMYSYTcsCjV4-6cHoY8kBoU_4f51a1d5@android]: Skipped due to cooking limit
[2026-03-18 22:46:54] 📋   [WARN]     压缩失败 [AKMYSYTcsCjV4-6cHoY8kBoU_4f51a1d5@windows]: Skipped due to cooking limit
[2026-03-18 22:46:54] 📋   [WARN]     压缩失败 [AtSv4RxjcJwSg7RDDKmrmFyb_e4716cfc@ios]: Skipped due to cooking limit
[2026-03-18 22:46:54] 📋   [WARN]     压缩失败 [AtSv4RxjcJwSg7RDDKmrmFyb_e4716cfc@android]: Skipped due to cooking limit
[2026-03-18 22:46:54] 📋   [WARN]     压缩失败 [AtSv4RxjcJwSg7RDDKmrmFyb_e4716cfc@windows]: Skipped due to cooking limit
[2026-03-18 22:46:54] 📋   [WARN]     压缩失败 [EADA8Soy-2egEuketIPXRtIf_b8f7115b@ios]: Skipped due to cooking limit
[2026-03-18 22:46:54] 📋   [WARN]     压缩失败 [EADA8Soy-2egEuketIPXRtIf_b8f7115b@android]: Skipped due to cooking limit
[2026-03-18 22:46:54] 📋   [WARN]     压缩失败 [EADA8Soy-2egEuketIPXRtIf_b8f7115b@windows]: Skipped due to cooking limit
[2026-03-18 22:46:54] 📋   [WARN]     压缩失败 [EdaAUeJNZuPJ9QnHmZLJWvCh_c5b77069@ios]: Skipped due to cooking limit
[2026-03-18 22:46:54] 📋   [WARN]     压缩失败 [EdaAUeJNZuPJ9QnHmZLJWvCh_c5b77069@android]: Skipped due to cooking limit
[2026-03-18 22:46:54] 📋   [WARN]     压缩失败 [EdaAUeJNZuPJ9QnHmZLJWvCh_c5b77069@windows]: Skipped due to cooking limit
[2026-03-18 22:46:54] 📋   [WARN]     压缩失败 [F9dlCSeB6ElE46CkBHcgIxXb_ef624730@ios]: Skipped due to cooking limit
[2026-03-18 22:46:54] 📋   [WARN]     压缩失败 [F9dlCSeB6ElE46CkBHcgIxXb_ef624730@android]: Skipped due to cooking limit
[2026-03-18 22:46:54] 📋   [WARN]     压缩失败 [F9dlCSeB6ElE46CkBHcgIxXb_ef624730@windows]: Skipped due to cooking limit
[2026-03-18 22:46:54] 📋   [WARN]     压缩失败 [ElsSGf1BTSskLtVoVYxs7vdO_903685f1@ios]: Skipped due to cooking limit
[2026-03-18 22:46:54] 📋   [WARN]     压缩失败 [ElsSGf1BTSskLtVoVYxs7vdO_903685f1@android]: Skipped due to cooking limit
[2026-03-18 22:46:54] 📋   [WARN]     压缩失败 [ElsSGf1BTSskLtVoVYxs7vdO_903685f1@windows]: Skipped due to cooking limit
[2026-03-18 22:46:54] 📋   [WARN]     压缩失败 [Asem4YfEcabozLzJlFUDr8CC_dd0be491@ios]: Skipped due to cooking limit
[2026-03-18 22:46:54] 📋   [WARN]     压缩失败 [Asem4YfEcabozLzJlFUDr8CC_dd0be491@android]: Skipped due to cooking limit
[2026-03-18 22:46:54] 📋   [WARN]     压缩失败 [Asem4YfEcabozLzJlFUDr8CC_dd0be491@windows]: Skipped due to cooking limit
[2026-03-18 22:46:54] 📋   [WARN]     压缩失败 [EziJSeHrrkmFWr49mqFk4xlD_85e88c05@ios]: Skipped due to cooking limit
[2026-03-18 22:46:54] 📋   [WARN]     压缩失败 [EziJSeHrrkmFWr49mqFk4xlD_85e88c05@android]: Skipped due to cooking limit
[2026-03-18 22:46:54] 📋   [WARN]     压缩失败 [EziJSeHrrkmFWr49mqFk4xlD_85e88c05@windows]: Skipped due to cooking limit
[2026-03-18 22:46:54] 📋   [WARN]     压缩失败 [GRqRYUaMnPoVKEd-9er3cKgt_dff4010e@ios]: Skipped due to cooking limit
[2026-03-18 22:46:54] 📋   [WARN]     压缩失败 [GRqRYUaMnPoVKEd-9er3cKgt_dff4010e@android]: Skipped due to cooking limit
[2026-03-18 22:46:54] 📋   [WARN]     压缩失败 [GRqRYUaMnPoVKEd-9er3cKgt_dff4010e@windows]: Skipped due to cooking limit
[2026-03-18 22:46:54] 📋   [WARN]     压缩失败 [BOVEyU8ix6tAWAkKRfIx-dsL_04fd22c1@ios]: Skipped due to cooking limit
[2026-03-18 22:46:54] 📋   [WARN]     压缩失败 [BOVEyU8ix6tAWAkKRfIx-dsL_04fd22c1@android]: Skipped due to cooking limit
[2026-03-18 22:46:54] 📋   [WARN]     压缩失败 [BOVEyU8ix6tAWAkKRfIx-dsL_04fd22c1@windows]: Skipped due to cooking limit
[2026-03-18 22:46:54] 📋   [WARN]     压缩失败 [GcDLCf82bTjmO8FS80bSJVD5_43c85c5a@ios]: Skipped due to cooking limit
[2026-03-18 22:46:54] 📋   [WARN]     压缩失败 [GcDLCf82bTjmO8FS80bSJVD5_43c85c5a@android]: Skipped due to cooking limit
[2026-03-18 22:46:54] 📋   [WARN]     压缩失败 [GcDLCf82bTjmO8FS80bSJVD5_43c85c5a@windows]: Skipped due to cooking limit
[2026-03-18 22:46:54] 📋   [WARN]     压缩失败 [FRlJqS11EXKtgNbPMz5E_Wnc_3c737d37@ios]: Skipped due to cooking limit
[2026-03-18 22:46:54] 📋   [WARN]     压缩失败 [FRlJqS11EXKtgNbPMz5E_Wnc_3c737d37@android]: Skipped due to cooking limit
[2026-03-18 22:46:54] 📋   [WARN]     压缩失败 [FRlJqS11EXKtgNbPMz5E_Wnc_3c737d37@windows]: Skipped due to cooking limit
[2026-03-18 22:46:54] 📋   [WARN]     压缩失败 [EAfqcbnd1UW6iJDxAcmpo5Sx_a27915b0@ios]: Skipped due to cooking limit
[2026-03-18 22:46:54] 📋   [WARN]     压缩失败 [EAfqcbnd1UW6iJDxAcmpo5Sx_a27915b0@android]: Skipped due to cooking limit
[2026-03-18 22:46:54] 📋   [WARN]     压缩失败 [EAfqcbnd1UW6iJDxAcmpo5Sx_a27915b0@windows]: Skipped due to cooking limit
[2026-03-18 22:46:54] 📋   [WARN]     压缩失败 [B_uhwX3IStEV68AIrARG7gH4_479e20d5@ios]: Skipped due to cooking limit
[2026-03-18 22:46:54] 📋   [WARN]     压缩失败 [B_uhwX3IStEV68AIrARG7gH4_479e20d5@android]: Skipped due to cooking limit
[2026-03-18 22:46:54] 📋   [WARN]     压缩失败 [B_uhwX3IStEV68AIrARG7gH4_479e20d5@windows]: Skipped due to cooking limit
[2026-03-18 22:46:54] 📋   [WARN]     压缩失败 [B3cPYeiiorXAUe8khGB4yXEs_f1985907@ios]: Skipped due to cooking limit
[2026-03-18 22:46:54] 📋   [WARN]     压缩失败 [B3cPYeiiorXAUe8khGB4yXEs_f1985907@android]: Skipped due to cooking limit
[2026-03-18 22:46:54] 📋   [WARN]     压缩失败 [B3cPYeiiorXAUe8khGB4yXEs_f1985907@windows]: Skipped due to cooking limit
[2026-03-18 22:46:54] 📋   [WARN]     压缩失败 [AuJqgZUjzF90xlHpSUy83UsS_a0c2f210@ios]: Skipped due to cooking limit
[2026-03-18 22:46:54] 📋   [WARN]     压缩失败 [AuJqgZUjzF90xlHpSUy83UsS_a0c2f210@android]: Skipped due to cooking limit
[2026-03-18 22:46:54] 📋   [WARN]     压缩失败 [AuJqgZUjzF90xlHpSUy83UsS_a0c2f210@windows]: Skipped due to cooking limit
[2026-03-18 22:46:54] 📋   [WARN]     压缩失败 [C_OhEUQKdj8zywpFPoN11uwz_ae675cd5@ios]: Skipped due to cooking limit
[2026-03-18 22:46:54] 📋   [WARN]     压缩失败 [C_OhEUQKdj8zywpFPoN11uwz_ae675cd5@android]: Skipped due to cooking limit
[2026-03-18 22:46:54] 📋   [WARN]     压缩失败 [C_OhEUQKdj8zywpFPoN11uwz_ae675cd5@windows]: Skipped due to cooking limit
[2026-03-18 22:46:54] 📋   [WARN]     压缩失败 [FRQHcRr47zS7JFtM9eo2-LcY_75291bec@ios]: Skipped due to cooking limit
[2026-03-18 22:46:54] 📋   [WARN]     压缩失败 [FRQHcRr47zS7JFtM9eo2-LcY_75291bec@android]: Skipped due to cooking limit
[2026-03-18 22:46:54] 📋   [WARN]     压缩失败 [FRQHcRr47zS7JFtM9eo2-LcY_75291bec@windows]: Skipped due to cooking limit
[2026-03-18 22:46:54] 📋   [WARN]     压缩失败 [B8pJIVHY1SfIH2f3696AZKnh_b104f049@ios]: Skipped due to cooking limit
[2026-03-18 22:46:54] 📋   [WARN]     压缩失败 [B8pJIVHY1SfIH2f3696AZKnh_b104f049@android]: Skipped due to cooking limit
[2026-03-18 22:46:54] 📋   [WARN]     压缩失败 [B8pJIVHY1SfIH2f3696AZKnh_b104f049@windows]: Skipped due to cooking limit
[2026-03-18 22:46:54] 📋   [WARN]     压缩失败 [BZibUWi4-77xbqFSVdjvPzfc_f18165bb@ios]: Skipped due to cooking limit
[2026-03-18 22:46:54] 📋   [WARN]     压缩失败 [BZibUWi4-77xbqFSVdjvPzfc_f18165bb@android]: Skipped due to cooking limit
[2026-03-18 22:46:54] 📋   [WARN]     压缩失败 [BZibUWi4-77xbqFSVdjvPzfc_f18165bb@windows]: Skipped due to cooking limit
[2026-03-18 22:46:54] 📋   [WARN]     压缩失败 [BfcuuZe-S-yxYfBABZpaW66A_f04c282a@ios]: Skipped due to cooking limit
[2026-03-18 22:46:54] 📋   [WARN]     压缩失败 [BfcuuZe-S-yxYfBABZpaW66A_f04c282a@android]: Skipped due to cooking limit
[2026-03-18 22:46:54] 📋   [WARN]     压缩失败 [BfcuuZe-S-yxYfBABZpaW66A_f04c282a@windows]: Skipped due to cooking limit
[2026-03-18 22:46:54] 📋   [WARN]     压缩失败 [G8zd2at3h9CLyV921wY2mrMC_2063d693@ios]: Skipped due to cooking limit
[2026-03-18 22:46:54] 📋   [WARN]     压缩失败 [G8zd2at3h9CLyV921wY2mrMC_2063d693@android]: Skipped due to cooking limit
[2026-03-18 22:46:54] 📋   [WARN]     压缩失败 [G8zd2at3h9CLyV921wY2mrMC_2063d693@windows]: Skipped due to cooking limit
[2026-03-18 22:46:54] 📋   [WARN]     压缩失败 [A24wOYXF4FVhgU7lws-YZYpa_fd95056f@ios]: Skipped due to cooking limit
[2026-03-18 22:46:54] 📋   [WARN]     压缩失败 [A24wOYXF4FVhgU7lws-YZYpa_fd95056f@android]: Skipped due to cooking limit
[2026-03-18 22:46:54] 📋   [WARN]     压缩失败 [A24wOYXF4FVhgU7lws-YZYpa_fd95056f@windows]: Skipped due to cooking limit
[2026-03-18 22:46:54] 📋   [WARN]     压缩失败 [DRZAcWU5IGvhYBfRCDK4NeHM_bea46ecf@ios]: Skipped due to cooking limit
[2026-03-18 22:46:54] 📋   [WARN]     压缩失败 [DRZAcWU5IGvhYBfRCDK4NeHM_bea46ecf@android]: Skipped due to cooking limit
[2026-03-18 22:46:54] 📋   [WARN]     压缩失败 [DRZAcWU5IGvhYBfRCDK4NeHM_bea46ecf@windows]: Skipped due to cooking limit
[2026-03-18 22:46:54] 📋   [WARN]     压缩失败 [BVOaQSgZ9ZOMVaPBZR-dIC24_ebfcc06b@ios]: Skipped due to cooking limit
[2026-03-18 22:46:54] 📋   [WARN]     压缩失败 [BVOaQSgZ9ZOMVaPBZR-dIC24_ebfcc06b@android]: Skipped due to cooking limit
[2026-03-18 22:46:54] 📋   [WARN]     压缩失败 [BVOaQSgZ9ZOMVaPBZR-dIC24_ebfcc06b@windows]: Skipped due to cooking limit
[2026-03-18 22:46:54] 📋   [WARN]     压缩失败 [G44aETh5899FG_HCHmRAaSjY_fcfd5fc4@ios]: Skipped due to cooking limit
[2026-03-18 22:46:54] 📋   [WARN]     压缩失败 [G44aETh5899FG_HCHmRAaSjY_fcfd5fc4@android]: Skipped due to cooking limit
[2026-03-18 22:46:54] 📋   [WARN]     压缩失败 [G44aETh5899FG_HCHmRAaSjY_fcfd5fc4@windows]: Skipped due to cooking limit
[2026-03-18 22:46:54] 📋   [WARN]     压缩失败 [DmyT2ctgAohb7c7BoNlGKgh3_1ec96746@ios]: Skipped due to cooking limit
[2026-03-18 22:46:54] 📋   [WARN]     压缩失败 [DmyT2ctgAohb7c7BoNlGKgh3_1ec96746@android]: Skipped due to cooking limit
[2026-03-18 22:46:54] 📋   [WARN]     压缩失败 [DmyT2ctgAohb7c7BoNlGKgh3_1ec96746@windows]: Skipped due to cooking limit
[2026-03-18 22:46:54] 📋   [WARN]     压缩失败 [A7X6OU4oBzEUmFG_T5Z2G3Am_f6febb02@ios]: Skipped due to cooking limit
[2026-03-18 22:46:54] 📋   [WARN]     压缩失败 [A7X6OU4oBzEUmFG_T5Z2G3Am_f6febb02@android]: Skipped due to cooking limit
[2026-03-18 22:46:54] 📋   [WARN]     压缩失败 [A7X6OU4oBzEUmFG_T5Z2G3Am_f6febb02@windows]: Skipped due to cooking limit
[2026-03-18 22:46:54] 📋   [WARN]     压缩失败 [HZDxKcOkDI0nkseTrEISoU9V_2e09490c@ios]: Skipped due to cooking limit
[2026-03-18 22:46:54] 📋   [WARN]     压缩失败 [HZDxKcOkDI0nkseTrEISoU9V_2e09490c@android]: Skipped due to cooking limit
[2026-03-18 22:46:54] 📋   [WARN]     压缩失败 [HZDxKcOkDI0nkseTrEISoU9V_2e09490c@windows]: Skipped due to cooking limit
[2026-03-18 22:46:54] 📋   [WARN]     压缩失败 [A79_kdREvaITcl8-UOH44HLT_4c0abb92@ios]: Skipped due to cooking limit
[2026-03-18 22:46:54] 📋   [WARN]     压缩失败 [A79_kdREvaITcl8-UOH44HLT_4c0abb92@android]: Skipped due to cooking limit
[2026-03-18 22:46:54] 📋   [WARN]     压缩失败 [A79_kdREvaITcl8-UOH44HLT_4c0abb92@windows]: Skipped due to cooking limit
[2026-03-18 22:46:55] 📋   [WARN]     压缩失败 [G-NlucnjaeSJg3AT0bCkvJr4_e1e8539a@ios]: Skipped due to cooking limit
[2026-03-18 22:46:55] 📋   [WARN]     压缩失败 [G-NlucnjaeSJg3AT0bCkvJr4_e1e8539a@android]: Skipped due to cooking limit
[2026-03-18 22:46:55] 📋   [WARN]     压缩失败 [G-NlucnjaeSJg3AT0bCkvJr4_e1e8539a@windows]: Skipped due to cooking limit
[2026-03-18 22:46:55] 📋   [WARN]     压缩失败 [EbPYiYbej3cWHWuryTWCQuC8_4b11d4ea@ios]: Skipped due to cooking limit
[2026-03-18 22:46:55] 📋   [WARN]     压缩失败 [EbPYiYbej3cWHWuryTWCQuC8_4b11d4ea@android]: Skipped due to cooking limit
[2026-03-18 22:46:55] 📋   [WARN]     压缩失败 [EbPYiYbej3cWHWuryTWCQuC8_4b11d4ea@windows]: Skipped due to cooking limit
[2026-03-18 22:46:55] 📋   [WARN]     压缩失败 [HX1dsVLAjOaHJwg2LhjwkClp_7ada317a@ios]: Skipped due to cooking limit
[2026-03-18 22:46:55] 📋   [WARN]     压缩失败 [HX1dsVLAjOaHJwg2LhjwkClp_7ada317a@android]: Skipped due to cooking limit
[2026-03-18 22:46:55] 📋   [WARN]     压缩失败 [HX1dsVLAjOaHJwg2LhjwkClp_7ada317a@windows]: Skipped due to cooking limit
[2026-03-18 22:46:55] 📋   [WARN]     压缩失败 [CBhNoZA2z_KbTrkkBIoFVSRN_15c1aa4f@ios]: Skipped due to cooking limit
[2026-03-18 22:46:55] 📋   [WARN]     压缩失败 [CBhNoZA2z_KbTrkkBIoFVSRN_15c1aa4f@android]: Skipped due to cooking limit
[2026-03-18 22:46:55] 📋   [WARN]     压缩失败 [CBhNoZA2z_KbTrkkBIoFVSRN_15c1aa4f@windows]: Skipped due to cooking limit
[2026-03-18 22:46:55] 📋   [WARN]     压缩失败 [GXYAGXmpuiiVvMelfrl8cimy_a3ab95ad@ios]: Skipped due to cooking limit
[2026-03-18 22:46:55] 📋   [WARN]     压缩失败 [GXYAGXmpuiiVvMelfrl8cimy_a3ab95ad@android]: Skipped due to cooking limit
[2026-03-18 22:46:55] 📋   [WARN]     压缩失败 [GXYAGXmpuiiVvMelfrl8cimy_a3ab95ad@windows]: Skipped due to cooking limit
[2026-03-18 22:46:55] 📋   [WARN]     压缩失败 [CHEewdQfcsEglGBupJp_Bwsh_f9c96934@ios]: Skipped due to cooking limit
[2026-03-18 22:46:55] 📋   [WARN]     压缩失败 [CHEewdQfcsEglGBupJp_Bwsh_f9c96934@android]: Skipped due to cooking limit
[2026-03-18 22:46:55] 📋   [WARN]     压缩失败 [CHEewdQfcsEglGBupJp_Bwsh_f9c96934@windows]: Skipped due to cooking limit
[2026-03-18 22:46:55] 📋   [WARN]     压缩失败 [A4Phof0GWUIXxtsNMYlmAJTo_c2a3b7d6@ios]: Skipped due to cooking limit
[2026-03-18 22:46:55] 📋   [WARN]     压缩失败 [A4Phof0GWUIXxtsNMYlmAJTo_c2a3b7d6@android]: Skipped due to cooking limit
[2026-03-18 22:46:55] 📋   [WARN]     压缩失败 [A4Phof0GWUIXxtsNMYlmAJTo_c2a3b7d6@windows]: Skipped due to cooking limit
[2026-03-18 22:46:55] 📋   [WARN]     压缩失败 [G02RuSApUOFPakjaDoJa9nER_4a437e4d@ios]: Skipped due to cooking limit
[2026-03-18 22:46:55] 📋   [WARN]     压缩失败 [G02RuSApUOFPakjaDoJa9nER_4a437e4d@android]: Skipped due to cooking limit
[2026-03-18 22:46:55] 📋   [WARN]     压缩失败 [G02RuSApUOFPakjaDoJa9nER_4a437e4d@windows]: Skipped due to cooking limit
[2026-03-18 22:46:55] 📋   [WARN]     压缩失败 [E5TVOSkzun3OkON0I95evH36_242eaa97@ios]: Skipped due to cooking limit
[2026-03-18 22:46:55] 📋   [WARN]     压缩失败 [E5TVOSkzun3OkON0I95evH36_242eaa97@android]: Skipped due to cooking limit
[2026-03-18 22:46:55] 📋   [WARN]     压缩失败 [E5TVOSkzun3OkON0I95evH36_242eaa97@windows]: Skipped due to cooking limit
[2026-03-18 22:46:55] 📋   [WARN]     压缩失败 [A6YWgVkU_tr-prig0ABfhbfi_c99fa1f4@ios]: Skipped due to cooking limit
[2026-03-18 22:46:55] 📋   [WARN]     压缩失败 [A6YWgVkU_tr-prig0ABfhbfi_c99fa1f4@android]: Skipped due to cooking limit
[2026-03-18 22:46:55] 📋   [WARN]     压缩失败 [A6YWgVkU_tr-prig0ABfhbfi_c99fa1f4@windows]: Skipped due to cooking limit
[2026-03-18 22:46:55] 📋   [WARN]     压缩失败 [Dzc-0Xa7e39HtN_B3poFeDfJ_fa1336f7@ios]: Skipped due to cooking limit
[2026-03-18 22:46:55] 📋   [WARN]     压缩失败 [Dzc-0Xa7e39HtN_B3poFeDfJ_fa1336f7@android]: Skipped due to cooking limit
[2026-03-18 22:46:55] 📋   [WARN]     压缩失败 [Dzc-0Xa7e39HtN_B3poFeDfJ_fa1336f7@windows]: Skipped due to cooking limit
[2026-03-18 22:46:55] 📋   [WARN]     压缩失败 [BvuV0aqqPJiGqrHQKb1IsDz7_6fc8d603@ios]: Skipped due to cooking limit
[2026-03-18 22:46:55] 📋   [WARN]     压缩失败 [BvuV0aqqPJiGqrHQKb1IsDz7_6fc8d603@android]: Skipped due to cooking limit
[2026-03-18 22:46:55] 📋   [WARN]     压缩失败 [BvuV0aqqPJiGqrHQKb1IsDz7_6fc8d603@windows]: Skipped due to cooking limit
[2026-03-18 22:46:55] 📋   [WARN]     压缩失败 [FiCriWgeeN_e2b-8Vx3_04Oj_14cdc518@ios]: Skipped due to cooking limit
[2026-03-18 22:46:55] 📋   [WARN]     压缩失败 [FiCriWgeeN_e2b-8Vx3_04Oj_14cdc518@android]: Skipped due to cooking limit
[2026-03-18 22:46:55] 📋   [WARN]     压缩失败 [FiCriWgeeN_e2b-8Vx3_04Oj_14cdc518@windows]: Skipped due to cooking limit
[2026-03-18 22:46:55] 📋   [WARN]     压缩失败 [DHtRqd_J3doKXi77VK1FiMt9_4069f828@ios]: Skipped due to cooking limit
[2026-03-18 22:46:55] 📋   [WARN]     压缩失败 [DHtRqd_J3doKXi77VK1FiMt9_4069f828@android]: Skipped due to cooking limit
[2026-03-18 22:46:55] 📋   [WARN]     压缩失败 [DHtRqd_J3doKXi77VK1FiMt9_4069f828@windows]: Skipped due to cooking limit
[2026-03-18 22:46:55] 📋   [WARN]     压缩失败 [Ar44yZ1bHJBXVbyN8sL4r6gh_3d5a7c42@ios]: Skipped due to cooking limit
[2026-03-18 22:46:55] 📋   [WARN]     压缩失败 [Ar44yZ1bHJBXVbyN8sL4r6gh_3d5a7c42@android]: Skipped due to cooking limit
[2026-03-18 22:46:55] 📋   [WARN]     压缩失败 [Ar44yZ1bHJBXVbyN8sL4r6gh_3d5a7c42@windows]: Skipped due to cooking limit
[2026-03-18 22:46:55] 📋   [WARN]     压缩失败 [Atn4wVAv3cwmOAfFvm4uNDSk_02ad4a28@ios]: Skipped due to cooking limit
[2026-03-18 22:46:55] 📋   [WARN]     压缩失败 [Atn4wVAv3cwmOAfFvm4uNDSk_02ad4a28@android]: Skipped due to cooking limit
[2026-03-18 22:46:55] 📋   [WARN]     压缩失败 [Atn4wVAv3cwmOAfFvm4uNDSk_02ad4a28@windows]: Skipped due to cooking limit
[2026-03-18 22:46:55] 📋   [WARN]     压缩失败 [AHIXwTDP1vosaFjBE2otFvTd_5fee5a9e@ios]: Skipped due to cooking limit
[2026-03-18 22:46:55] 📋   [WARN]     压缩失败 [AHIXwTDP1vosaFjBE2otFvTd_5fee5a9e@android]: Skipped due to cooking limit
[2026-03-18 22:46:55] 📋   [WARN]     压缩失败 [AHIXwTDP1vosaFjBE2otFvTd_5fee5a9e@windows]: Skipped due to cooking limit
[2026-03-18 22:46:55] 📋   [WARN]     压缩失败 [EwEnWbVweJEpMzokTmDQFv5I_0ddf263a@ios]: Skipped due to cooking limit
[2026-03-18 22:46:55] 📋   [WARN]     压缩失败 [EwEnWbVweJEpMzokTmDQFv5I_0ddf263a@android]: Skipped due to cooking limit
[2026-03-18 22:46:55] 📋   [WARN]     压缩失败 [EwEnWbVweJEpMzokTmDQFv5I_0ddf263a@windows]: Skipped due to cooking limit
[2026-03-18 22:46:55] 📋   [WARN]     压缩失败 [FcH5mRCusol61RRZj8INiRDA_4226a5f0@ios]: Skipped due to cooking limit
[2026-03-18 22:46:55] 📋   [WARN]     压缩失败 [FcH5mRCusol61RRZj8INiRDA_4226a5f0@android]: Skipped due to cooking limit
[2026-03-18 22:46:55] 📋   [WARN]     压缩失败 [FcH5mRCusol61RRZj8INiRDA_4226a5f0@windows]: Skipped due to cooking limit
[2026-03-18 22:46:55] 📋   [WARN]     压缩失败 [E2fpUZRugxRMZtyzoMOhfBTp_eeefd2a5@ios]: Skipped due to cooking limit
[2026-03-18 22:46:55] 📋   [WARN]     压缩失败 [E2fpUZRugxRMZtyzoMOhfBTp_eeefd2a5@android]: Skipped due to cooking limit
[2026-03-18 22:46:55] 📋   [WARN]     压缩失败 [E2fpUZRugxRMZtyzoMOhfBTp_eeefd2a5@windows]: Skipped due to cooking limit
[2026-03-18 22:46:55] 📋   [WARN]     压缩失败 [HUinodFsEKb2DZ3bThy2J7Ye_bdc21e57@ios]: Skipped due to cooking limit
[2026-03-18 22:46:55] 📋   [WARN]     压缩失败 [HUinodFsEKb2DZ3bThy2J7Ye_bdc21e57@android]: Skipped due to cooking limit
[2026-03-18 22:46:55] 📋   [WARN]     压缩失败 [HUinodFsEKb2DZ3bThy2J7Ye_bdc21e57@windows]: Skipped due to cooking limit
[2026-03-18 22:46:55] 📋   [WARN]     压缩失败 [HiqO2ZhCNqAl9m1kdlF8rPo9_9b11aad0@ios]: Skipped due to cooking limit
[2026-03-18 22:46:55] 📋   [WARN]     压缩失败 [HiqO2ZhCNqAl9m1kdlF8rPo9_9b11aad0@android]: Skipped due to cooking limit
[2026-03-18 22:46:55] 📋   [WARN]     压缩失败 [HiqO2ZhCNqAl9m1kdlF8rPo9_9b11aad0@windows]: Skipped due to cooking limit
[2026-03-18 22:46:55] 📋   [WARN]     压缩失败 [E6fdiW3n9ZK7o5DEBdvwx7-q_f63fcee2@ios]: Skipped due to cooking limit
[2026-03-18 22:46:55] 📋   [WARN]     压缩失败 [E6fdiW3n9ZK7o5DEBdvwx7-q_f63fcee2@android]: Skipped due to cooking limit
[2026-03-18 22:46:55] 📋   [WARN]     压缩失败 [E6fdiW3n9ZK7o5DEBdvwx7-q_f63fcee2@windows]: Skipped due to cooking limit
[2026-03-18 22:46:55] 📋   [WARN]     压缩失败 [Cc86KWYPnAzjNfRv01iAbBDh_5d8835af@ios]: Skipped due to cooking limit
[2026-03-18 22:46:55] 📋   [WARN]     压缩失败 [Cc86KWYPnAzjNfRv01iAbBDh_5d8835af@android]: Skipped due to cooking limit
[2026-03-18 22:46:55] 📋   [WARN]     压缩失败 [Cc86KWYPnAzjNfRv01iAbBDh_5d8835af@windows]: Skipped due to cooking limit
[2026-03-18 22:46:55] 📋   [WARN]     压缩失败 [FGQYmdF3GpZXN3uZ6z0_e8nm_3900aa25@ios]: Skipped due to cooking limit
[2026-03-18 22:46:55] 📋   [WARN]     压缩失败 [FGQYmdF3GpZXN3uZ6z0_e8nm_3900aa25@android]: Skipped due to cooking limit
[2026-03-18 22:46:55] 📋   [WARN]     压缩失败 [FGQYmdF3GpZXN3uZ6z0_e8nm_3900aa25@windows]: Skipped due to cooking limit
[2026-03-18 22:46:55] 📋   [WARN]     压缩失败 [Hs2vEWCdxDekbelPshVy2CFq_b43cb443@ios]: Skipped due to cooking limit
[2026-03-18 22:46:55] 📋   [WARN]     压缩失败 [Hs2vEWCdxDekbelPshVy2CFq_b43cb443@android]: Skipped due to cooking limit
[2026-03-18 22:46:55] 📋   [WARN]     压缩失败 [Hs2vEWCdxDekbelPshVy2CFq_b43cb443@windows]: Skipped due to cooking limit
[2026-03-18 22:46:55] 📋   [WARN]     压缩失败 [B7W5SU2iehldH2dT68BYjWh6_d16158b0@ios]: Skipped due to cooking limit
[2026-03-18 22:46:55] 📋   [WARN]     压缩失败 [B7W5SU2iehldH2dT68BYjWh6_d16158b0@android]: Skipped due to cooking limit
[2026-03-18 22:46:55] 📋   [WARN]     压缩失败 [B7W5SU2iehldH2dT68BYjWh6_d16158b0@windows]: Skipped due to cooking limit
[2026-03-18 22:46:55] 📋   [WARN]     压缩失败 [GJaIWVwkl5zwcKLXJjHNGBx7_36d7aa70@ios]: Skipped due to cooking limit
[2026-03-18 22:46:55] 📋   [WARN]     压缩失败 [GJaIWVwkl5zwcKLXJjHNGBx7_36d7aa70@android]: Skipped due to cooking limit
[2026-03-18 22:46:55] 📋   [WARN]     压缩失败 [GJaIWVwkl5zwcKLXJjHNGBx7_36d7aa70@windows]: Skipped due to cooking limit
[2026-03-18 22:46:55] 📋   [WARN]     压缩失败 [Ehr48fSYhm8dF4RpNB-ufRPH_480f2d9d@ios]: Skipped due to cooking limit
[2026-03-18 22:46:56] 📋   [WARN]     压缩失败 [Ehr48fSYhm8dF4RpNB-ufRPH_480f2d9d@android]: Skipped due to cooking limit
[2026-03-18 22:46:56] 📋   [WARN]     压缩失败 [Ehr48fSYhm8dF4RpNB-ufRPH_480f2d9d@windows]: Skipped due to cooking limit
[2026-03-18 22:46:56] 📋   [WARN]     压缩失败 [CVDxIY7eBIrJoMGj_pEa-fou_95a7844c@ios]: Skipped due to cooking limit
[2026-03-18 22:46:56] 📋   [WARN]     压缩失败 [CVDxIY7eBIrJoMGj_pEa-fou_95a7844c@android]: Skipped due to cooking limit
[2026-03-18 22:46:56] 📋   [WARN]     压缩失败 [CVDxIY7eBIrJoMGj_pEa-fou_95a7844c@windows]: Skipped due to cooking limit
[2026-03-18 22:46:56] 📋   [WARN]     压缩失败 [BSAN6QvfgMSUbQBBoj0Zrn87_a2e450ef@ios]: Skipped due to cooking limit
[2026-03-18 22:46:56] 📋   [WARN]     压缩失败 [BSAN6QvfgMSUbQBBoj0Zrn87_a2e450ef@android]: Skipped due to cooking limit
[2026-03-18 22:46:56] 📋   [WARN]     压缩失败 [BSAN6QvfgMSUbQBBoj0Zrn87_a2e450ef@windows]: Skipped due to cooking limit
[2026-03-18 22:46:56] 📋   [WARN]     压缩失败 [DhLwef8_p6ViewCUue8--Wwf_425d16c9@ios]: Skipped due to cooking limit
[2026-03-18 22:46:56] 📋   [WARN]     压缩失败 [DhLwef8_p6ViewCUue8--Wwf_425d16c9@android]: Skipped due to cooking limit
[2026-03-18 22:46:56] 📋   [WARN]     压缩失败 [DhLwef8_p6ViewCUue8--Wwf_425d16c9@windows]: Skipped due to cooking limit
[2026-03-18 22:46:56] 📋   [WARN]     压缩失败 [GlVW8VV3iT5CgHOE18JS542a_9fa5e046@ios]: Skipped due to cooking limit
[2026-03-18 22:46:56] 📋   [WARN]     压缩失败 [GlVW8VV3iT5CgHOE18JS542a_9fa5e046@android]: Skipped due to cooking limit
[2026-03-18 22:46:56] 📋   [WARN]     压缩失败 [GlVW8VV3iT5CgHOE18JS542a_9fa5e046@windows]: Skipped due to cooking limit
[2026-03-18 22:46:56] 📋   [WARN]     压缩失败 [CSg6UX63zQYTy0EkuK5zmp_t_3e4c557e@ios]: Skipped due to cooking limit
[2026-03-18 22:46:56] 📋   [WARN]     压缩失败 [CSg6UX63zQYTy0EkuK5zmp_t_3e4c557e@android]: Skipped due to cooking limit
[2026-03-18 22:46:56] 📋   [WARN]     压缩失败 [CSg6UX63zQYTy0EkuK5zmp_t_3e4c557e@windows]: Skipped due to cooking limit
[2026-03-18 22:46:56] 📋   [WARN]     压缩失败 [EF5SAZcyt530kJYTOVL5DwJo_f1f8a613@ios]: Skipped due to cooking limit
[2026-03-18 22:46:56] 📋   [WARN]     压缩失败 [EF5SAZcyt530kJYTOVL5DwJo_f1f8a613@android]: Skipped due to cooking limit
[2026-03-18 22:46:56] 📋   [WARN]     压缩失败 [EF5SAZcyt530kJYTOVL5DwJo_f1f8a613@windows]: Skipped due to cooking limit
[2026-03-18 22:46:56] 📋   [WARN]     压缩失败 [GE3wsaGYX6uFVGKjGaJJEaO5_debc7fe0@ios]: Skipped due to cooking limit
[2026-03-18 22:46:56] 📋   [WARN]     压缩失败 [GE3wsaGYX6uFVGKjGaJJEaO5_debc7fe0@android]: Skipped due to cooking limit
[2026-03-18 22:46:56] 📋   [WARN]     压缩失败 [GE3wsaGYX6uFVGKjGaJJEaO5_debc7fe0@windows]: Skipped due to cooking limit
[2026-03-18 22:46:56] 📋   [WARN]     压缩失败 [Fn2qmTMtnXlRPH2XlOmuB5kE_782fae44@ios]: Skipped due to cooking limit
[2026-03-18 22:46:56] 📋   [WARN]     压缩失败 [Fn2qmTMtnXlRPH2XlOmuB5kE_782fae44@android]: Skipped due to cooking limit
[2026-03-18 22:46:56] 📋   [WARN]     压缩失败 [Fn2qmTMtnXlRPH2XlOmuB5kE_782fae44@windows]: Skipped due to cooking limit
[2026-03-18 22:46:56] 📋   [WARN]     压缩失败 [FXktEaMmlHPV08YSwM4HpZQV_30b3b495@ios]: Skipped due to cooking limit
[2026-03-18 22:46:56] 📋   [WARN]     压缩失败 [FXktEaMmlHPV08YSwM4HpZQV_30b3b495@android]: Skipped due to cooking limit
[2026-03-18 22:46:56] 📋   [WARN]     压缩失败 [FXktEaMmlHPV08YSwM4HpZQV_30b3b495@windows]: Skipped due to cooking limit
[2026-03-18 22:46:56] 📋   [WARN]     压缩失败 [GP2qCYEJNAoIKFkxck2lu8GC_16052486@ios]: Skipped due to cooking limit
[2026-03-18 22:46:56] 📋   [WARN]     压缩失败 [GP2qCYEJNAoIKFkxck2lu8GC_16052486@android]: Skipped due to cooking limit
[2026-03-18 22:46:56] 📋   [WARN]     压缩失败 [GP2qCYEJNAoIKFkxck2lu8GC_16052486@windows]: Skipped due to cooking limit
[2026-03-18 22:46:56] 📋   [WARN]     压缩失败 [FJQ38XGgpk0h0-zW7vPAvw6-_818b6907@ios]: Skipped due to cooking limit
[2026-03-18 22:46:56] 📋   [WARN]     压缩失败 [FJQ38XGgpk0h0-zW7vPAvw6-_818b6907@android]: Skipped due to cooking limit
[2026-03-18 22:46:56] 📋   [WARN]     压缩失败 [FJQ38XGgpk0h0-zW7vPAvw6-_818b6907@windows]: Skipped due to cooking limit
[2026-03-18 22:46:56] 📋   [WARN]     压缩失败 [BuJKcfanJz_dro_5pEUbckL5_16df1936@ios]: Skipped due to cooking limit
[2026-03-18 22:46:56] 📋   [WARN]     压缩失败 [BuJKcfanJz_dro_5pEUbckL5_16df1936@android]: Skipped due to cooking limit
[2026-03-18 22:46:56] 📋   [WARN]     压缩失败 [BuJKcfanJz_dro_5pEUbckL5_16df1936@windows]: Skipped due to cooking limit
[2026-03-18 22:46:56] 📋   [WARN]     压缩失败 [GCySiasCWvIogKcP4L-TBE5e_576c8d6c@ios]: Skipped due to cooking limit
[2026-03-18 22:46:56] 📋   [WARN]     压缩失败 [GCySiasCWvIogKcP4L-TBE5e_576c8d6c@android]: Skipped due to cooking limit
[2026-03-18 22:46:56] 📋   [WARN]     压缩失败 [GCySiasCWvIogKcP4L-TBE5e_576c8d6c@windows]: Skipped due to cooking limit
[2026-03-18 22:46:56] 📋   [WARN]     压缩失败 [AgjYSemUb4nx4XLq1TmDYUyg_d11e3ba7@ios]: Skipped due to cooking limit
[2026-03-18 22:46:56] 📋   [WARN]     压缩失败 [AgjYSemUb4nx4XLq1TmDYUyg_d11e3ba7@android]: Skipped due to cooking limit
[2026-03-18 22:46:56] 📋   [WARN]     压缩失败 [AgjYSemUb4nx4XLq1TmDYUyg_d11e3ba7@windows]: Skipped due to cooking limit
[2026-03-18 22:46:56] 📋   [WARN]     压缩失败 [BtiXEcVjTd4LtY01Emv267vS_84ab094c@ios]: Skipped due to cooking limit
[2026-03-18 22:46:56] 📋   [WARN]     压缩失败 [BtiXEcVjTd4LtY01Emv267vS_84ab094c@android]: Skipped due to cooking limit
[2026-03-18 22:46:56] 📋   [WARN]     压缩失败 [BtiXEcVjTd4LtY01Emv267vS_84ab094c@windows]: Skipped due to cooking limit
[2026-03-18 22:46:56] 📋   [WARN]     压缩失败 [ClOKiQUnrI06SOHOMbEX_U6M_efe53883@ios]: Skipped due to cooking limit
[2026-03-18 22:46:56] 📋   [WARN]     压缩失败 [ClOKiQUnrI06SOHOMbEX_U6M_efe53883@android]: Skipped due to cooking limit
[2026-03-18 22:46:56] 📋   [WARN]     压缩失败 [ClOKiQUnrI06SOHOMbEX_U6M_efe53883@windows]: Skipped due to cooking limit
[2026-03-18 22:46:56] 📋   [WARN]     压缩失败 [FP7Aab9o2SQwtFnb8NUkrJVk_8e29aa30@ios]: Skipped due to cooking limit
[2026-03-18 22:46:56] 📋   [WARN]     压缩失败 [FP7Aab9o2SQwtFnb8NUkrJVk_8e29aa30@android]: Skipped due to cooking limit
[2026-03-18 22:46:56] 📋   [WARN]     压缩失败 [FP7Aab9o2SQwtFnb8NUkrJVk_8e29aa30@windows]: Skipped due to cooking limit
[2026-03-18 22:46:56] 📋   [WARN]     压缩失败 [Da9IeQBTmlnJtjmAZ3NAv3n0_edc12add@ios]: Skipped due to cooking limit
[2026-03-18 22:46:56] 📋   [WARN]     压缩失败 [Da9IeQBTmlnJtjmAZ3NAv3n0_edc12add@android]: Skipped due to cooking limit
[2026-03-18 22:46:56] 📋   [WARN]     压缩失败 [Da9IeQBTmlnJtjmAZ3NAv3n0_edc12add@windows]: Skipped due to cooking limit
[2026-03-18 22:46:56] 📋   [WARN]     压缩失败 [Farf8dJle2DCuXgegAJVwzXi_dc6a105d@ios]: Skipped due to cooking limit
[2026-03-18 22:46:56] 📋   [WARN]     压缩失败 [Farf8dJle2DCuXgegAJVwzXi_dc6a105d@android]: Skipped due to cooking limit
[2026-03-18 22:46:56] 📋   [WARN]     压缩失败 [Farf8dJle2DCuXgegAJVwzXi_dc6a105d@windows]: Skipped due to cooking limit
[2026-03-18 22:46:56] 📋   [WARN]     压缩失败 [D34z4QJYX55Twy9D1URX9iLQ_c1c4fb70@ios]: Skipped due to cooking limit
[2026-03-18 22:46:56] 📋   [WARN]     压缩失败 [D34z4QJYX55Twy9D1URX9iLQ_c1c4fb70@android]: Skipped due to cooking limit
[2026-03-18 22:46:56] 📋   [WARN]     压缩失败 [D34z4QJYX55Twy9D1URX9iLQ_c1c4fb70@windows]: Skipped due to cooking limit
[2026-03-18 22:46:56] 📋   [WARN]     压缩失败 [DOPLMQkj4aRly52D8pAEQe-r_34c0a6c1@ios]: Skipped due to cooking limit
[2026-03-18 22:46:56] 📋   [WARN]     压缩失败 [DOPLMQkj4aRly52D8pAEQe-r_34c0a6c1@android]: Skipped due to cooking limit
[2026-03-18 22:46:56] 📋   [WARN]     压缩失败 [DOPLMQkj4aRly52D8pAEQe-r_34c0a6c1@windows]: Skipped due to cooking limit
[2026-03-18 22:46:56] 📋   [WARN]     压缩失败 [HpOIIX8KEPL-Pvqh0YivU3ka_893f2050@ios]: Skipped due to cooking limit
[2026-03-18 22:46:56] 📋   [WARN]     压缩失败 [HpOIIX8KEPL-Pvqh0YivU3ka_893f2050@android]: Skipped due to cooking limit
[2026-03-18 22:46:56] 📋   [WARN]     压缩失败 [HpOIIX8KEPL-Pvqh0YivU3ka_893f2050@windows]: Skipped due to cooking limit
[2026-03-18 22:46:56] 📋   [WARN]     压缩失败 [AcetGQnzldCH7FCE6Ddj7biO_a6961fdf@ios]: Skipped due to cooking limit
[2026-03-18 22:46:56] 📋   [WARN]     压缩失败 [AcetGQnzldCH7FCE6Ddj7biO_a6961fdf@android]: Skipped due to cooking limit
[2026-03-18 22:46:56] 📋   [WARN]     压缩失败 [AcetGQnzldCH7FCE6Ddj7biO_a6961fdf@windows]: Skipped due to cooking limit
[2026-03-18 22:46:56] 📋   [WARN]     压缩失败 [EKiSOV6lHvEx5TJrWLoK9owV_2a9826f9@ios]: Skipped due to cooking limit
[2026-03-18 22:46:56] 📋   [WARN]     压缩失败 [EKiSOV6lHvEx5TJrWLoK9owV_2a9826f9@android]: Skipped due to cooking limit
[2026-03-18 22:46:56] 📋   [WARN]     压缩失败 [EKiSOV6lHvEx5TJrWLoK9owV_2a9826f9@windows]: Skipped due to cooking limit
[2026-03-18 22:46:56] 📋   [WARN]     压缩失败 [HjIbecdr1r24P6i6Sv8-eDk9_59e18149@ios]: Skipped due to cooking limit
[2026-03-18 22:46:56] 📋   [WARN]     压缩失败 [HjIbecdr1r24P6i6Sv8-eDk9_59e18149@android]: Skipped due to cooking limit
[2026-03-18 22:46:56] 📋   [WARN]     压缩失败 [HjIbecdr1r24P6i6Sv8-eDk9_59e18149@windows]: Skipped due to cooking limit
[2026-03-18 22:46:56] 📋   [WARN]     压缩失败 [HTk7OcB4guUMhhvpx50mQ5u1_8d61a885@ios]: Skipped due to cooking limit
[2026-03-18 22:46:56] 📋   [WARN]     压缩失败 [HTk7OcB4guUMhhvpx50mQ5u1_8d61a885@android]: Skipped due to cooking limit
[2026-03-18 22:46:56] 📋   [WARN]     压缩失败 [HTk7OcB4guUMhhvpx50mQ5u1_8d61a885@windows]: Skipped due to cooking limit
[2026-03-18 22:46:56] 📋   [WARN]     压缩失败 [Cu4nwRcwpE7SjLZ3pTubUG_N_405e519a@ios]: Skipped due to cooking limit
[2026-03-18 22:46:56] 📋   [WARN]     压缩失败 [Cu4nwRcwpE7SjLZ3pTubUG_N_405e519a@android]: Skipped due to cooking limit
[2026-03-18 22:46:56] 📋   [WARN]     压缩失败 [Cu4nwRcwpE7SjLZ3pTubUG_N_405e519a@windows]: Skipped due to cooking limit
[2026-03-18 22:46:56] 📋   [WARN]     压缩失败 [Hu0QyY1ym7v9YiWf4PCcAYGG_d03782e0@ios]: Skipped due to cooking limit
[2026-03-18 22:46:56] 📋   [WARN]     压缩失败 [Hu0QyY1ym7v9YiWf4PCcAYGG_d03782e0@android]: Skipped due to cooking limit
[2026-03-18 22:46:56] 📋   [WARN]     压缩失败 [Hu0QyY1ym7v9YiWf4PCcAYGG_d03782e0@windows]: Skipped due to cooking limit
[2026-03-18 22:46:56] 📋   [WARN]     压缩失败 [CyHAsTgeChLPf03mimR798-e_219ad1e1@ios]: Skipped due to cooking limit
[2026-03-18 22:46:56] 📋   [WARN]     压缩失败 [CyHAsTgeChLPf03mimR798-e_219ad1e1@android]: Skipped due to cooking limit
[2026-03-18 22:46:56] 📋   [WARN]     压缩失败 [CyHAsTgeChLPf03mimR798-e_219ad1e1@windows]: Skipped due to cooking limit
[2026-03-18 22:46:56] 📋   [WARN]     压缩失败 [EfQJCf5mBZTSRre6C-WzGu_1_1cab4e30@ios]: Skipped due to cooking limit
[2026-03-18 22:46:56] 📋   [WARN]     压缩失败 [EfQJCf5mBZTSRre6C-WzGu_1_1cab4e30@android]: Skipped due to cooking limit
[2026-03-18 22:46:56] 📋   [WARN]     压缩失败 [EfQJCf5mBZTSRre6C-WzGu_1_1cab4e30@windows]: Skipped due to cooking limit
[2026-03-18 22:46:56] 📋   [WARN]     压缩失败 [CjC_-R8YbwBqUZrCowyPPu3d_097b9e6e@ios]: Skipped due to cooking limit
[2026-03-18 22:46:56] 📋   [WARN]     压缩失败 [CjC_-R8YbwBqUZrCowyPPu3d_097b9e6e@android]: Skipped due to cooking limit
[2026-03-18 22:46:56] 📋   [WARN]     压缩失败 [CjC_-R8YbwBqUZrCowyPPu3d_097b9e6e@windows]: Skipped due to cooking limit
[2026-03-18 22:46:56] 📋   [WARN]     压缩失败 [B70SIdetzXSCbIx1OlhLft22_0c29c1f0@ios]: Skipped due to cooking limit
[2026-03-18 22:46:56] 📋   [WARN]     压缩失败 [B70SIdetzXSCbIx1OlhLft22_0c29c1f0@android]: Skipped due to cooking limit
[2026-03-18 22:46:56] 📋   [WARN]     压缩失败 [B70SIdetzXSCbIx1OlhLft22_0c29c1f0@windows]: Skipped due to cooking limit
[2026-03-18 22:46:56] 📋   [WARN]     压缩失败 [B-hbAbXTonUWn75tQ0dHqDIR_35ac64ac@ios]: Skipped due to cooking limit
[2026-03-18 22:46:56] 📋   [WARN]     压缩失败 [B-hbAbXTonUWn75tQ0dHqDIR_35ac64ac@android]: Skipped due to cooking limit
[2026-03-18 22:46:56] 📋   [WARN]     压缩失败 [B-hbAbXTonUWn75tQ0dHqDIR_35ac64ac@windows]: Skipped due to cooking limit
[2026-03-18 22:46:56] 📋   [WARN]     压缩失败 [E836oa2GwEuogu61K1Pdd_Os_a6b714f4@ios]: Skipped due to cooking limit
[2026-03-18 22:46:56] 📋   [WARN]     压缩失败 [E836oa2GwEuogu61K1Pdd_Os_a6b714f4@android]: Skipped due to cooking limit
[2026-03-18 22:46:56] 📋   [WARN]     压缩失败 [E836oa2GwEuogu61K1Pdd_Os_a6b714f4@windows]: Skipped due to cooking limit
[2026-03-18 22:46:56] 📋   [WARN]     压缩失败 [A0wQiaBdM7zgcAppb0df2SP6_bf7bafaf@ios]: Skipped due to cooking limit
[2026-03-18 22:46:56] 📋   [WARN]     压缩失败 [A0wQiaBdM7zgcAppb0df2SP6_bf7bafaf@android]: Skipped due to cooking limit
[2026-03-18 22:46:56] 📋   [WARN]     压缩失败 [A0wQiaBdM7zgcAppb0df2SP6_bf7bafaf@windows]: Skipped due to cooking limit
[2026-03-18 22:46:56] 📋   [WARN]     压缩失败 [HD9iObcUwtgwaaMbdXcF-KaI_d082a151@ios]: Skipped due to cooking limit
[2026-03-18 22:46:56] 📋   [WARN]     压缩失败 [HD9iObcUwtgwaaMbdXcF-KaI_d082a151@android]: Skipped due to cooking limit
[2026-03-18 22:46:56] 📋   [WARN]     压缩失败 [HD9iObcUwtgwaaMbdXcF-KaI_d082a151@windows]: Skipped due to cooking limit
[2026-03-18 22:46:56] 📋   [WARN]     压缩失败 [FlpqoZqYEbB9iqC8ptMg7rvX_52fcb131@ios]: Skipped due to cooking limit
[2026-03-18 22:46:56] 📋   [WARN]     压缩失败 [FlpqoZqYEbB9iqC8ptMg7rvX_52fcb131@android]: Skipped due to cooking limit
[2026-03-18 22:46:56] 📋   [WARN]     压缩失败 [FlpqoZqYEbB9iqC8ptMg7rvX_52fcb131@windows]: Skipped due to cooking limit
[2026-03-18 22:46:56] 📋   [WARN]     压缩失败 [CCVVmTgDAoqKya3b-wPMbcEF_45eb8698@ios]: Skipped due to cooking limit
[2026-03-18 22:46:56] 📋   [WARN]     压缩失败 [CCVVmTgDAoqKya3b-wPMbcEF_45eb8698@android]: Skipped due to cooking limit
[2026-03-18 22:46:56] 📋   [WARN]     压缩失败 [CCVVmTgDAoqKya3b-wPMbcEF_45eb8698@windows]: Skipped due to cooking limit
[2026-03-18 22:46:57] 📋   [WARN]     压缩失败 [AaSO6XiDeIS8u1ivojAYlyMl_ab42ab1b@ios]: Skipped due to cooking limit
[2026-03-18 22:46:57] 📋   [WARN]     压缩失败 [AaSO6XiDeIS8u1ivojAYlyMl_ab42ab1b@android]: Skipped due to cooking limit
[2026-03-18 22:46:57] 📋   [WARN]     压缩失败 [AaSO6XiDeIS8u1ivojAYlyMl_ab42ab1b@windows]: Skipped due to cooking limit
[2026-03-18 22:46:57] 📋   [WARN]     压缩失败 [A-G_MRaIioPmkgdKCsTJHd80_5df210a2@ios]: Skipped due to cooking limit
[2026-03-18 22:46:57] 📋   [WARN]     压缩失败 [A-G_MRaIioPmkgdKCsTJHd80_5df210a2@android]: Skipped due to cooking limit
[2026-03-18 22:46:57] 📋   [WARN]     压缩失败 [A-G_MRaIioPmkgdKCsTJHd80_5df210a2@windows]: Skipped due to cooking limit
[2026-03-18 22:46:57] 📋   [WARN]     压缩失败 [C7MGwXCowemrYe9l7bGMPy9R_9c419432@ios]: Skipped due to cooking limit
[2026-03-18 22:46:57] 📋   [WARN]     压缩失败 [C7MGwXCowemrYe9l7bGMPy9R_9c419432@android]: Skipped due to cooking limit
[2026-03-18 22:46:57] 📋   [WARN]     压缩失败 [C7MGwXCowemrYe9l7bGMPy9R_9c419432@windows]: Skipped due to cooking limit
[2026-03-18 22:46:57] 📋   [WARN]     压缩失败 [DVCBmVzcGKRPuPvVpXDqE8t3_63cbca35@ios]: Skipped due to cooking limit
[2026-03-18 22:46:57] 📋   [WARN]     压缩失败 [DVCBmVzcGKRPuPvVpXDqE8t3_63cbca35@android]: Skipped due to cooking limit
[2026-03-18 22:46:57] 📋   [WARN]     压缩失败 [DVCBmVzcGKRPuPvVpXDqE8t3_63cbca35@windows]: Skipped due to cooking limit
[2026-03-18 22:46:57] 📋   [WARN]     压缩失败 [EcQ5uVSL4-ADp1Ya81re_8iD_99c50bfa@ios]: Skipped due to cooking limit
[2026-03-18 22:46:57] 📋   [WARN]     压缩失败 [EcQ5uVSL4-ADp1Ya81re_8iD_99c50bfa@android]: Skipped due to cooking limit
[2026-03-18 22:46:57] 📋   [WARN]     压缩失败 [EcQ5uVSL4-ADp1Ya81re_8iD_99c50bfa@windows]: Skipped due to cooking limit
[2026-03-18 22:46:57] 📋   [WARN]     压缩失败 [GZBaSdBj-bpGRFS30OjZcPAB_94cfb4ba@ios]: Skipped due to cooking limit
[2026-03-18 22:46:57] 📋   [WARN]     压缩失败 [GZBaSdBj-bpGRFS30OjZcPAB_94cfb4ba@android]: Skipped due to cooking limit
[2026-03-18 22:46:57] 📋   [WARN]     压缩失败 [GZBaSdBj-bpGRFS30OjZcPAB_94cfb4ba@windows]: Skipped due to cooking limit
[2026-03-18 22:46:57] 📋   [WARN]     压缩失败 [GiB3wbfbZAzKmXdOuPZrp1U0_ad361a9a@ios]: Skipped due to cooking limit
[2026-03-18 22:46:57] 📋   [WARN]     压缩失败 [GiB3wbfbZAzKmXdOuPZrp1U0_ad361a9a@android]: Skipped due to cooking limit
[2026-03-18 22:46:57] 📋   [WARN]     压缩失败 [GiB3wbfbZAzKmXdOuPZrp1U0_ad361a9a@windows]: Skipped due to cooking limit
[2026-03-18 22:46:57] 📋   [WARN]     压缩失败 [BUbgSZKfoeUdLv_N2dE1cnB5_2881857c@ios]: Skipped due to cooking limit
[2026-03-18 22:46:57] 📋   [WARN]     压缩失败 [BUbgSZKfoeUdLv_N2dE1cnB5_2881857c@android]: Skipped due to cooking limit
[2026-03-18 22:46:57] 📋   [WARN]     压缩失败 [BUbgSZKfoeUdLv_N2dE1cnB5_2881857c@windows]: Skipped due to cooking limit
[2026-03-18 22:46:57] 📋   [WARN]     压缩失败 [AzKzWYKupmMaiaXJUVylHaBR_ea5dcc36@ios]: Skipped due to cooking limit
[2026-03-18 22:46:57] 📋   [WARN]     压缩失败 [AzKzWYKupmMaiaXJUVylHaBR_ea5dcc36@android]: Skipped due to cooking limit
[2026-03-18 22:46:57] 📋   [WARN]     压缩失败 [AzKzWYKupmMaiaXJUVylHaBR_ea5dcc36@windows]: Skipped due to cooking limit
[2026-03-18 22:46:57] 📋   [WARN]     压缩失败 [EXdnScdoU7ZtlF0cypJsNC1i_95848777@ios]: Skipped due to cooking limit
[2026-03-18 22:46:57] 📋   [WARN]     压缩失败 [EXdnScdoU7ZtlF0cypJsNC1i_95848777@android]: Skipped due to cooking limit
[2026-03-18 22:46:57] 📋   [WARN]     压缩失败 [EXdnScdoU7ZtlF0cypJsNC1i_95848777@windows]: Skipped due to cooking limit
[2026-03-18 22:46:57] 📋   [WARN]     压缩失败 [C1I3gaIzYPEFyhtVtZFJbDvr_5fdedb89@ios]: Skipped due to cooking limit
[2026-03-18 22:46:57] 📋   [WARN]     压缩失败 [C1I3gaIzYPEFyhtVtZFJbDvr_5fdedb89@android]: Skipped due to cooking limit
[2026-03-18 22:46:57] 📋   [WARN]     压缩失败 [C1I3gaIzYPEFyhtVtZFJbDvr_5fdedb89@windows]: Skipped due to cooking limit
[2026-03-18 22:46:57] 📋   [WARN]     压缩失败 [El_pufMeL6uUwcL1TSMQMBpa_183ed5d7@ios]: Skipped due to cooking limit
[2026-03-18 22:46:57] 📋   [WARN]     压缩失败 [El_pufMeL6uUwcL1TSMQMBpa_183ed5d7@android]: Skipped due to cooking limit
[2026-03-18 22:46:57] 📋   [WARN]     压缩失败 [El_pufMeL6uUwcL1TSMQMBpa_183ed5d7@windows]: Skipped due to cooking limit
[2026-03-18 22:46:57] 📋   [WARN]     压缩失败 [AA0O-Wf1h1xGJbqA7aaZ0Hm__db173dc8@ios]: Skipped due to cooking limit
[2026-03-18 22:46:57] 📋   [WARN]     压缩失败 [AA0O-Wf1h1xGJbqA7aaZ0Hm__db173dc8@android]: Skipped due to cooking limit
[2026-03-18 22:46:57] 📋   [WARN]     压缩失败 [AA0O-Wf1h1xGJbqA7aaZ0Hm__db173dc8@windows]: Skipped due to cooking limit
[2026-03-18 22:46:57] 📋   [WARN]     压缩失败 [Cu-GQZa9wBbO3TBYh5zSyJYD_64061d2e@ios]: Skipped due to cooking limit
[2026-03-18 22:46:57] 📋   [WARN]     压缩失败 [Cu-GQZa9wBbO3TBYh5zSyJYD_64061d2e@android]: Skipped due to cooking limit
[2026-03-18 22:46:57] 📋   [WARN]     压缩失败 [Cu-GQZa9wBbO3TBYh5zSyJYD_64061d2e@windows]: Skipped due to cooking limit
[2026-03-18 22:46:57] 📋   [WARN]     压缩失败 [HnD5uZISe7fK48eIe1SLJNOV_5afa30a6@ios]: Skipped due to cooking limit
[2026-03-18 22:46:57] 📋   [WARN]     压缩失败 [HnD5uZISe7fK48eIe1SLJNOV_5afa30a6@android]: Skipped due to cooking limit
[2026-03-18 22:46:57] 📋   [WARN]     压缩失败 [HnD5uZISe7fK48eIe1SLJNOV_5afa30a6@windows]: Skipped due to cooking limit
[2026-03-18 22:46:57] 📋   [WARN]     压缩失败 [CeO6gWl7Qbm3ZF_-fBw1BEvI_0198f772@ios]: Skipped due to cooking limit
[2026-03-18 22:46:57] 📋   [WARN]     压缩失败 [CeO6gWl7Qbm3ZF_-fBw1BEvI_0198f772@android]: Skipped due to cooking limit
[2026-03-18 22:46:57] 📋   [WARN]     压缩失败 [CeO6gWl7Qbm3ZF_-fBw1BEvI_0198f772@windows]: Skipped due to cooking limit
[2026-03-18 22:46:57] 📋   [WARN]     压缩失败 [BzFqGRnFYv4BeRLPxo8Djy17_793550d0@ios]: Skipped due to cooking limit
[2026-03-18 22:46:57] 📋   [WARN]     压缩失败 [BzFqGRnFYv4BeRLPxo8Djy17_793550d0@android]: Skipped due to cooking limit
[2026-03-18 22:46:57] 📋   [WARN]     压缩失败 [BzFqGRnFYv4BeRLPxo8Djy17_793550d0@windows]: Skipped due to cooking limit
[2026-03-18 22:46:57] 📋   [WARN]     压缩失败 [Fg6nyWFwH3HFDXE_H7ZzmfW6_fdd6b8d7@ios]: Skipped due to cooking limit
[2026-03-18 22:46:57] 📋   [WARN]     压缩失败 [Fg6nyWFwH3HFDXE_H7ZzmfW6_fdd6b8d7@android]: Skipped due to cooking limit
[2026-03-18 22:46:57] 📋   [WARN]     压缩失败 [Fg6nyWFwH3HFDXE_H7ZzmfW6_fdd6b8d7@windows]: Skipped due to cooking limit
[2026-03-18 22:46:57] 📋   [WARN]     压缩失败 [BL9iCYPa1NjZ-JGF_kcXGyUM_14e611ae@ios]: Skipped due to cooking limit
[2026-03-18 22:46:57] 📋   [WARN]     压缩失败 [BL9iCYPa1NjZ-JGF_kcXGyUM_14e611ae@android]: Skipped due to cooking limit
[2026-03-18 22:46:57] 📋   [WARN]     压缩失败 [BL9iCYPa1NjZ-JGF_kcXGyUM_14e611ae@windows]: Skipped due to cooking limit
[2026-03-18 22:46:57] 📋   [WARN]     压缩失败 [A4gX6YWG1bPS2bl230m4nVxm_ec506e86@ios]: Skipped due to cooking limit
[2026-03-18 22:46:57] 📋   [WARN]     压缩失败 [A4gX6YWG1bPS2bl230m4nVxm_ec506e86@android]: Skipped due to cooking limit
[2026-03-18 22:46:57] 📋   [WARN]     压缩失败 [A4gX6YWG1bPS2bl230m4nVxm_ec506e86@windows]: Skipped due to cooking limit
[2026-03-18 22:46:57] 📋   [WARN]     压缩失败 [BLMJSa3R7AQY89UmIZJeP9wQ_54a8a3b7@ios]: Skipped due to cooking limit
[2026-03-18 22:46:57] 📋   [WARN]     压缩失败 [BLMJSa3R7AQY89UmIZJeP9wQ_54a8a3b7@android]: Skipped due to cooking limit
[2026-03-18 22:46:57] 📋   [WARN]     压缩失败 [BLMJSa3R7AQY89UmIZJeP9wQ_54a8a3b7@windows]: Skipped due to cooking limit
[2026-03-18 22:46:57] 📋   [WARN]     压缩失败 [B8wRQX3rY6x6_34K4xPAX5Ty_f717bca8@ios]: Skipped due to cooking limit
[2026-03-18 22:46:57] 📋   [WARN]     压缩失败 [B8wRQX3rY6x6_34K4xPAX5Ty_f717bca8@android]: Skipped due to cooking limit
[2026-03-18 22:46:57] 📋   [WARN]     压缩失败 [B8wRQX3rY6x6_34K4xPAX5Ty_f717bca8@windows]: Skipped due to cooking limit
[2026-03-18 22:46:57] 📋   [WARN]     压缩失败 [FvIFgUtDqCYOo2dyMt62VVXX_fef771f4@ios]: Skipped due to cooking limit
[2026-03-18 22:46:57] 📋   [WARN]     压缩失败 [FvIFgUtDqCYOo2dyMt62VVXX_fef771f4@android]: Skipped due to cooking limit
[2026-03-18 22:46:57] 📋   [WARN]     压缩失败 [FvIFgUtDqCYOo2dyMt62VVXX_fef771f4@windows]: Skipped due to cooking limit
[2026-03-18 22:46:57] 📋   [WARN]     压缩失败 [Hfq3mZUbjDtR_tzqj4fqU-3F_ad32fedf@ios]: Skipped due to cooking limit
[2026-03-18 22:46:57] 📋   [WARN]     压缩失败 [Hfq3mZUbjDtR_tzqj4fqU-3F_ad32fedf@android]: Skipped due to cooking limit
[2026-03-18 22:46:57] 📋   [WARN]     压缩失败 [Hfq3mZUbjDtR_tzqj4fqU-3F_ad32fedf@windows]: Skipped due to cooking limit
[2026-03-18 22:46:57] 📋   [WARN]     压缩失败 [AsVXsci3K8FnISrF2XfwVGwF_213db245@ios]: Skipped due to cooking limit
[2026-03-18 22:46:57] 📋   [WARN]     压缩失败 [AsVXsci3K8FnISrF2XfwVGwF_213db245@android]: Skipped due to cooking limit
[2026-03-18 22:46:57] 📋   [WARN]     压缩失败 [AsVXsci3K8FnISrF2XfwVGwF_213db245@windows]: Skipped due to cooking limit
[2026-03-18 22:46:57] 📋   [WARN]     压缩失败 [F7s4wW8GU3Wr4flAb8BIh05G_0823cd76@ios]: Skipped due to cooking limit
[2026-03-18 22:46:57] 📋   [WARN]     压缩失败 [F7s4wW8GU3Wr4flAb8BIh05G_0823cd76@android]: Skipped due to cooking limit
[2026-03-18 22:46:57] 📋   [WARN]     压缩失败 [F7s4wW8GU3Wr4flAb8BIh05G_0823cd76@windows]: Skipped due to cooking limit
[2026-03-18 22:46:57] 📋   [WARN]     压缩失败 [FggoUWPuShcQ18CDHtnlfIeA_925af328@ios]: Skipped due to cooking limit
[2026-03-18 22:46:57] 📋   [WARN]     压缩失败 [FggoUWPuShcQ18CDHtnlfIeA_925af328@android]: Skipped due to cooking limit
[2026-03-18 22:46:57] 📋   [WARN]     压缩失败 [FggoUWPuShcQ18CDHtnlfIeA_925af328@windows]: Skipped due to cooking limit
[2026-03-18 22:46:57] 📋   [WARN]     压缩失败 [GOd62a4y3yrCBK0BhtjSx70V_3474181c@ios]: Skipped due to cooking limit
[2026-03-18 22:46:57] 📋   [WARN]     压缩失败 [GOd62a4y3yrCBK0BhtjSx70V_3474181c@android]: Skipped due to cooking limit
[2026-03-18 22:46:57] 📋   [WARN]     压缩失败 [GOd62a4y3yrCBK0BhtjSx70V_3474181c@windows]: Skipped due to cooking limit
[2026-03-18 22:46:57] 📋   [WARN]     压缩失败 [HJvQAZIMDYA6VzFICSkD6k9I_05c82507@ios]: Skipped due to cooking limit
[2026-03-18 22:46:57] 📋   [WARN]     压缩失败 [HJvQAZIMDYA6VzFICSkD6k9I_05c82507@android]: Skipped due to cooking limit
[2026-03-18 22:46:57] 📋   [WARN]     压缩失败 [HJvQAZIMDYA6VzFICSkD6k9I_05c82507@windows]: Skipped due to cooking limit
[2026-03-18 22:46:57] 📋   [WARN]     压缩失败 [GVCo0XHUuK6Ma7e1F1HHCnKs_1a5d2c8c@ios]: Skipped due to cooking limit
[2026-03-18 22:46:57] 📋   [WARN]     压缩失败 [GVCo0XHUuK6Ma7e1F1HHCnKs_1a5d2c8c@android]: Skipped due to cooking limit
[2026-03-18 22:46:57] 📋   [WARN]     压缩失败 [GVCo0XHUuK6Ma7e1F1HHCnKs_1a5d2c8c@windows]: Skipped due to cooking limit
[2026-03-18 22:46:57] 📋   [WARN]     压缩失败 [FDBb4Tdji7zl6vvWUWd8gLb4_df599594@ios]: Skipped due to cooking limit
[2026-03-18 22:46:57] 📋   [WARN]     压缩失败 [FDBb4Tdji7zl6vvWUWd8gLb4_df599594@android]: Skipped due to cooking limit
[2026-03-18 22:46:57] 📋   [WARN]     压缩失败 [FDBb4Tdji7zl6vvWUWd8gLb4_df599594@windows]: Skipped due to cooking limit
[2026-03-18 22:46:57] 📋   [WARN]     压缩失败 [DTqReZ4HFHIgz1QUO3Us2y5O_3502872d@ios]: Skipped due to cooking limit
[2026-03-18 22:46:57] 📋   [WARN]     压缩失败 [DTqReZ4HFHIgz1QUO3Us2y5O_3502872d@android]: Skipped due to cooking limit
[2026-03-18 22:46:57] 📋   [WARN]     压缩失败 [DTqReZ4HFHIgz1QUO3Us2y5O_3502872d@windows]: Skipped due to cooking limit
[2026-03-18 22:46:57] 📋   [WARN]     压缩失败 [A8Z24dj5LNMzwq_QrWPep27H_cb2f9421@ios]: Skipped due to cooking limit
[2026-03-18 22:46:57] 📋   [WARN]     压缩失败 [A8Z24dj5LNMzwq_QrWPep27H_cb2f9421@android]: Skipped due to cooking limit
[2026-03-18 22:46:57] 📋   [WARN]     压缩失败 [A8Z24dj5LNMzwq_QrWPep27H_cb2f9421@windows]: Skipped due to cooking limit
[2026-03-18 22:46:57] 📋   [WARN]     压缩失败 [EBEd0fy93zmzfLr8gk5KeOvH_55e64894@ios]: Skipped due to cooking limit
[2026-03-18 22:46:57] 📋   [WARN]     压缩失败 [EBEd0fy93zmzfLr8gk5KeOvH_55e64894@android]: Skipped due to cooking limit
[2026-03-18 22:46:57] 📋   [WARN]     压缩失败 [EBEd0fy93zmzfLr8gk5KeOvH_55e64894@windows]: Skipped due to cooking limit
[2026-03-18 22:46:57] 📋   [WARN]     压缩失败 [HTOfUQJtzsWAljf-aUpw_qoh_2a8477b7@ios]: Skipped due to cooking limit
[2026-03-18 22:46:57] 📋   [WARN]     压缩失败 [HTOfUQJtzsWAljf-aUpw_qoh_2a8477b7@android]: Skipped due to cooking limit
[2026-03-18 22:46:57] 📋   [WARN]     压缩失败 [HTOfUQJtzsWAljf-aUpw_qoh_2a8477b7@windows]: Skipped due to cooking limit
[2026-03-18 22:46:57] 📋   [WARN]     压缩失败 [ANnY-ZpBjbl0bXOeu7C-oo7t_62f73e14@ios]: Skipped due to cooking limit
[2026-03-18 22:46:58] 📋   [WARN]     压缩失败 [ANnY-ZpBjbl0bXOeu7C-oo7t_62f73e14@android]: Skipped due to cooking limit
[2026-03-18 22:46:58] 📋   [WARN]     压缩失败 [ANnY-ZpBjbl0bXOeu7C-oo7t_62f73e14@windows]: Skipped due to cooking limit
[2026-03-18 22:46:58] 📋   [WARN]     压缩失败 [BM2Bcabjh1bxUdW8cMJR6Z-r_e082f882@ios]: Skipped due to cooking limit
[2026-03-18 22:46:58] 📋   [WARN]     压缩失败 [BM2Bcabjh1bxUdW8cMJR6Z-r_e082f882@android]: Skipped due to cooking limit
[2026-03-18 22:46:58] 📋   [WARN]     压缩失败 [BM2Bcabjh1bxUdW8cMJR6Z-r_e082f882@windows]: Skipped due to cooking limit
[2026-03-18 22:46:58] 📋   [WARN]     压缩失败 [D60yEdBU0U2_3bN2uf03SoVZ_b9a9f8df@ios]: Skipped due to cooking limit
[2026-03-18 22:46:58] 📋   [WARN]     压缩失败 [D60yEdBU0U2_3bN2uf03SoVZ_b9a9f8df@android]: Skipped due to cooking limit
[2026-03-18 22:46:58] 📋   [WARN]     压缩失败 [D60yEdBU0U2_3bN2uf03SoVZ_b9a9f8df@windows]: Skipped due to cooking limit
[2026-03-18 22:46:58] 📋   [WARN]     压缩失败 [DjpNyQ2Zhxg2OxjyRoN4VWAa_bc09d85f@ios]: Skipped due to cooking limit
[2026-03-18 22:46:58] 📋   [WARN]     压缩失败 [DjpNyQ2Zhxg2OxjyRoN4VWAa_bc09d85f@android]: Skipped due to cooking limit
[2026-03-18 22:46:58] 📋   [WARN]     压缩失败 [DjpNyQ2Zhxg2OxjyRoN4VWAa_bc09d85f@windows]: Skipped due to cooking limit
[2026-03-18 22:46:58] 📋   [WARN]     压缩失败 [G0fHoYxhIL8HDylFowWJ5R7c_5c2f2ebc@ios]: Skipped due to cooking limit
[2026-03-18 22:46:58] 📋   [WARN]     压缩失败 [G0fHoYxhIL8HDylFowWJ5R7c_5c2f2ebc@android]: Skipped due to cooking limit
[2026-03-18 22:46:58] 📋   [WARN]     压缩失败 [G0fHoYxhIL8HDylFowWJ5R7c_5c2f2ebc@windows]: Skipped due to cooking limit
[2026-03-18 22:46:58] 📋   [WARN]     压缩失败 [GwJ_uewyDAQc0_yqWq3FWg21_afc2a177@ios]: Skipped due to cooking limit
[2026-03-18 22:46:58] 📋   [WARN]     压缩失败 [GwJ_uewyDAQc0_yqWq3FWg21_afc2a177@android]: Skipped due to cooking limit
[2026-03-18 22:46:58] 📋   [WARN]     压缩失败 [GwJ_uewyDAQc0_yqWq3FWg21_afc2a177@windows]: Skipped due to cooking limit
[2026-03-18 22:46:58] 📋   [WARN]     压缩失败 [EBVtKTNOJOHmKlzQb9tXg7dI_5a06f7b0@ios]: Skipped due to cooking limit
[2026-03-18 22:46:58] 📋   [WARN]     压缩失败 [EBVtKTNOJOHmKlzQb9tXg7dI_5a06f7b0@android]: Skipped due to cooking limit
[2026-03-18 22:46:58] 📋   [WARN]     压缩失败 [EBVtKTNOJOHmKlzQb9tXg7dI_5a06f7b0@windows]: Skipped due to cooking limit
[2026-03-18 22:46:58] 📋   [WARN]     压缩失败 [HRkZuebqUifp8zxUpywlFJ6Z_8236c009@ios]: Skipped due to cooking limit
[2026-03-18 22:46:58] 📋   [WARN]     压缩失败 [HRkZuebqUifp8zxUpywlFJ6Z_8236c009@android]: Skipped due to cooking limit
[2026-03-18 22:46:58] 📋   [WARN]     压缩失败 [HRkZuebqUifp8zxUpywlFJ6Z_8236c009@windows]: Skipped due to cooking limit
[2026-03-18 22:46:58] 📋   [WARN]     压缩失败 [AlTgiUMjTE_8zgCKc8H5UNH9_b120dce7@ios]: Skipped due to cooking limit
[2026-03-18 22:46:58] 📋   [WARN]     压缩失败 [AlTgiUMjTE_8zgCKc8H5UNH9_b120dce7@android]: Skipped due to cooking limit
[2026-03-18 22:46:58] 📋   [WARN]     压缩失败 [AlTgiUMjTE_8zgCKc8H5UNH9_b120dce7@windows]: Skipped due to cooking limit
[2026-03-18 22:46:58] 📋   [WARN]     压缩失败 [COIFcSF_9YjFXb9jp1j1vGfo_bc6e6c97@ios]: Skipped due to cooking limit
[2026-03-18 22:46:58] 📋   [WARN]     压缩失败 [COIFcSF_9YjFXb9jp1j1vGfo_bc6e6c97@android]: Skipped due to cooking limit
[2026-03-18 22:46:58] 📋   [WARN]     压缩失败 [COIFcSF_9YjFXb9jp1j1vGfo_bc6e6c97@windows]: Skipped due to cooking limit
[2026-03-18 22:46:58] 📋   [WARN]     压缩失败 [BavuwekeWvIYE305PH7_RBxd_b5fdc83a@ios]: Skipped due to cooking limit
[2026-03-18 22:46:58] 📋   [WARN]     压缩失败 [BavuwekeWvIYE305PH7_RBxd_b5fdc83a@android]: Skipped due to cooking limit
[2026-03-18 22:46:58] 📋   [WARN]     压缩失败 [BavuwekeWvIYE305PH7_RBxd_b5fdc83a@windows]: Skipped due to cooking limit
[2026-03-18 22:46:58] 📋   [WARN]     压缩失败 [AhNnuTE1FL9RbiSn5mmmIs3k_fe32735d@ios]: Skipped due to cooking limit
[2026-03-18 22:46:58] 📋   [WARN]     压缩失败 [AhNnuTE1FL9RbiSn5mmmIs3k_fe32735d@android]: Skipped due to cooking limit
[2026-03-18 22:46:58] 📋   [WARN]     压缩失败 [AhNnuTE1FL9RbiSn5mmmIs3k_fe32735d@windows]: Skipped due to cooking limit
[2026-03-18 22:46:58] 📋   [WARN]     压缩失败 [EJQwgYog9563l1S-iHUZPMMt_7ab1a4c3@ios]: Skipped due to cooking limit
[2026-03-18 22:46:58] 📋   [WARN]     压缩失败 [EJQwgYog9563l1S-iHUZPMMt_7ab1a4c3@android]: Skipped due to cooking limit
[2026-03-18 22:46:58] 📋   [WARN]     压缩失败 [EJQwgYog9563l1S-iHUZPMMt_7ab1a4c3@windows]: Skipped due to cooking limit
[2026-03-18 22:46:58] 📋   [WARN]     压缩失败 [D_wymeTuR9LVYeaz9U1xXlhK_3495b8c8@ios]: Skipped due to cooking limit
[2026-03-18 22:46:58] 📋   [WARN]     压缩失败 [D_wymeTuR9LVYeaz9U1xXlhK_3495b8c8@android]: Skipped due to cooking limit
[2026-03-18 22:46:58] 📋   [WARN]     压缩失败 [D_wymeTuR9LVYeaz9U1xXlhK_3495b8c8@windows]: Skipped due to cooking limit
[2026-03-18 22:46:58] 📋   [WARN]     压缩失败 [AyADGQIRHY7zLE0NBbhCVw8h_3601beb4@ios]: Skipped due to cooking limit
[2026-03-18 22:46:58] 📋   [WARN]     压缩失败 [AyADGQIRHY7zLE0NBbhCVw8h_3601beb4@android]: Skipped due to cooking limit
[2026-03-18 22:46:58] 📋   [WARN]     压缩失败 [AyADGQIRHY7zLE0NBbhCVw8h_3601beb4@windows]: Skipped due to cooking limit
[2026-03-18 22:46:58] 📋   [WARN]     压缩失败 [Ha7YuWIqZ-FhMZ03yfWZ1_-i_e88af318@ios]: Skipped due to cooking limit
[2026-03-18 22:46:58] 📋   [WARN]     压缩失败 [Ha7YuWIqZ-FhMZ03yfWZ1_-i_e88af318@android]: Skipped due to cooking limit
[2026-03-18 22:46:58] 📋   [WARN]     压缩失败 [Ha7YuWIqZ-FhMZ03yfWZ1_-i_e88af318@windows]: Skipped due to cooking limit
[2026-03-18 22:46:58] 📋   [WARN]     压缩失败 [HcWYyf1xj5vLAj226tClx9sz_9be92ec7@ios]: Skipped due to cooking limit
[2026-03-18 22:46:58] 📋   [WARN]     压缩失败 [HcWYyf1xj5vLAj226tClx9sz_9be92ec7@android]: Skipped due to cooking limit
[2026-03-18 22:46:58] 📋   [WARN]     压缩失败 [HcWYyf1xj5vLAj226tClx9sz_9be92ec7@windows]: Skipped due to cooking limit
[2026-03-18 22:46:58] 📋   [WARN]     压缩失败 [CqLzIVW6sckwVDI5ku5JSuAi_104d4f62@ios]: Skipped due to cooking limit
[2026-03-18 22:46:58] 📋   [WARN]     压缩失败 [CqLzIVW6sckwVDI5ku5JSuAi_104d4f62@android]: Skipped due to cooking limit
[2026-03-18 22:46:58] 📋   [WARN]     压缩失败 [CqLzIVW6sckwVDI5ku5JSuAi_104d4f62@windows]: Skipped due to cooking limit
[2026-03-18 22:46:58] 📋   [WARN]     压缩失败 [HHWvGe1gCbkOJz1xlzyyzhxg_08bf696c@ios]: Skipped due to cooking limit
[2026-03-18 22:46:58] 📋   [WARN]     压缩失败 [HHWvGe1gCbkOJz1xlzyyzhxg_08bf696c@android]: Skipped due to cooking limit
[2026-03-18 22:46:58] 📋   [WARN]     压缩失败 [HHWvGe1gCbkOJz1xlzyyzhxg_08bf696c@windows]: Skipped due to cooking limit
[2026-03-18 22:46:58] 📋   [WARN]     压缩失败 [CF5O0Qm0hVge9gto492dbYoF_3d9479bf@ios]: Skipped due to cooking limit
[2026-03-18 22:46:58] 📋   [WARN]     压缩失败 [CF5O0Qm0hVge9gto492dbYoF_3d9479bf@android]: Skipped due to cooking limit
[2026-03-18 22:46:58] 📋   [WARN]     压缩失败 [CF5O0Qm0hVge9gto492dbYoF_3d9479bf@windows]: Skipped due to cooking limit
[2026-03-18 22:46:58] 📋   [WARN]     压缩失败 [HFQsqSP-zN4SQhe9MUUPmreK_f9de1323@ios]: Skipped due to cooking limit
[2026-03-18 22:46:58] 📋   [WARN]     压缩失败 [HFQsqSP-zN4SQhe9MUUPmreK_f9de1323@android]: Skipped due to cooking limit
[2026-03-18 22:46:58] 📋   [WARN]     压缩失败 [HFQsqSP-zN4SQhe9MUUPmreK_f9de1323@windows]: Skipped due to cooking limit
[2026-03-18 22:46:58] 📋   [WARN]     压缩失败 [HUreCQF-FBL0F4V0kSIh4UgN_81dcc997@ios]: Skipped due to cooking limit
[2026-03-18 22:46:58] 📋   [WARN]     压缩失败 [HUreCQF-FBL0F4V0kSIh4UgN_81dcc997@android]: Skipped due to cooking limit
[2026-03-18 22:46:58] 📋   [WARN]     压缩失败 [HUreCQF-FBL0F4V0kSIh4UgN_81dcc997@windows]: Skipped due to cooking limit
[2026-03-18 22:46:58] 📋   [WARN]     压缩失败 [ERZnMeVmRFW6sQQyEywKtA0s_8ebcb3d7@ios]: Skipped due to cooking limit
[2026-03-18 22:46:58] 📋   [WARN]     压缩失败 [ERZnMeVmRFW6sQQyEywKtA0s_8ebcb3d7@android]: Skipped due to cooking limit
[2026-03-18 22:46:58] 📋   [WARN]     压缩失败 [ERZnMeVmRFW6sQQyEywKtA0s_8ebcb3d7@windows]: Skipped due to cooking limit
[2026-03-18 22:46:58] 📋   [WARN]     压缩失败 [F2HVueC55c0-59tvk8jX_vgy_8162ee71@ios]: Skipped due to cooking limit
[2026-03-18 22:46:58] 📋   [WARN]     压缩失败 [F2HVueC55c0-59tvk8jX_vgy_8162ee71@android]: Skipped due to cooking limit
[2026-03-18 22:46:58] 📋   [WARN]     压缩失败 [F2HVueC55c0-59tvk8jX_vgy_8162ee71@windows]: Skipped due to cooking limit
[2026-03-18 22:46:58] 📋   [WARN]     压缩失败 [HpE_UdYJw7K5pnQWI7FgL3TF_b4702c73@ios]: Skipped due to cooking limit
[2026-03-18 22:46:58] 📋   [WARN]     压缩失败 [HpE_UdYJw7K5pnQWI7FgL3TF_b4702c73@android]: Skipped due to cooking limit
[2026-03-18 22:46:58] 📋   [WARN]     压缩失败 [HpE_UdYJw7K5pnQWI7FgL3TF_b4702c73@windows]: Skipped due to cooking limit
[2026-03-18 22:46:58] 📋   [WARN]     压缩失败 [AE3dYWX2W7PzubqEYTckC6WM_dbda669a@ios]: Skipped due to cooking limit
[2026-03-18 22:46:58] 📋   [WARN]     压缩失败 [AE3dYWX2W7PzubqEYTckC6WM_dbda669a@android]: Skipped due to cooking limit
[2026-03-18 22:46:58] 📋   [WARN]     压缩失败 [AE3dYWX2W7PzubqEYTckC6WM_dbda669a@windows]: Skipped due to cooking limit
[2026-03-18 22:46:58] 📋   [WARN]     压缩失败 [G09ukdg_6rTlbWFVMTtOdzDG_f92b1f2b@ios]: Skipped due to cooking limit
[2026-03-18 22:46:58] 📋   [WARN]     压缩失败 [G09ukdg_6rTlbWFVMTtOdzDG_f92b1f2b@android]: Skipped due to cooking limit
[2026-03-18 22:46:58] 📋   [WARN]     压缩失败 [G09ukdg_6rTlbWFVMTtOdzDG_f92b1f2b@windows]: Skipped due to cooking limit
[2026-03-18 22:46:58] 📋   [WARN]     压缩失败 [DVa8CaredLQxU1ZP0JbUv-7M_6bbc227a@ios]: Skipped due to cooking limit
[2026-03-18 22:46:58] 📋   [WARN]     压缩失败 [DVa8CaredLQxU1ZP0JbUv-7M_6bbc227a@android]: Skipped due to cooking limit
[2026-03-18 22:46:58] 📋   [WARN]     压缩失败 [DVa8CaredLQxU1ZP0JbUv-7M_6bbc227a@windows]: Skipped due to cooking limit
[2026-03-18 22:46:58] 📋   [WARN]     压缩失败 [G9rqic_nzSUteYORZ-HYBkSV_6c8b332f@ios]: Skipped due to cooking limit
[2026-03-18 22:46:58] 📋   [WARN]     压缩失败 [G9rqic_nzSUteYORZ-HYBkSV_6c8b332f@android]: Skipped due to cooking limit
[2026-03-18 22:46:58] 📋   [WARN]     压缩失败 [G9rqic_nzSUteYORZ-HYBkSV_6c8b332f@windows]: Skipped due to cooking limit
[2026-03-18 22:46:58] 📋   [WARN]     压缩失败 [DWv3-WcMxR16j_p5LTcmr2vf_08e1a967@ios]: Skipped due to cooking limit
[2026-03-18 22:46:58] 📋   [WARN]     压缩失败 [DWv3-WcMxR16j_p5LTcmr2vf_08e1a967@android]: Skipped due to cooking limit
[2026-03-18 22:46:58] 📋   [WARN]     压缩失败 [DWv3-WcMxR16j_p5LTcmr2vf_08e1a967@windows]: Skipped due to cooking limit
[2026-03-18 22:46:58] 📋   [WARN]     压缩失败 [D0hwid6KszWU_HstFJL-Dfsb_50a89719@ios]: Skipped due to cooking limit
[2026-03-18 22:46:58] 📋   [WARN]     压缩失败 [D0hwid6KszWU_HstFJL-Dfsb_50a89719@android]: Skipped due to cooking limit
[2026-03-18 22:46:58] 📋   [WARN]     压缩失败 [D0hwid6KszWU_HstFJL-Dfsb_50a89719@windows]: Skipped due to cooking limit
[2026-03-18 22:46:58] 📋   [WARN]     压缩失败 [G26zAQTPVErATdksDeDGBqcS_f154c9bc@ios]: Skipped due to cooking limit
[2026-03-18 22:46:58] 📋   [WARN]     压缩失败 [G26zAQTPVErATdksDeDGBqcS_f154c9bc@android]: Skipped due to cooking limit
[2026-03-18 22:46:58] 📋   [WARN]     压缩失败 [G26zAQTPVErATdksDeDGBqcS_f154c9bc@windows]: Skipped due to cooking limit
[2026-03-18 22:46:58] 📋   [WARN]     压缩失败 [CtZ8wVJuCEZ6v0wKTCpF4ytI_e79f9581@ios]: Skipped due to cooking limit
[2026-03-18 22:46:58] 📋   [WARN]     压缩失败 [CtZ8wVJuCEZ6v0wKTCpF4ytI_e79f9581@android]: Skipped due to cooking limit
[2026-03-18 22:46:58] 📋   [WARN]     压缩失败 [CtZ8wVJuCEZ6v0wKTCpF4ytI_e79f9581@windows]: Skipped due to cooking limit
[2026-03-18 22:46:58] 📋   [WARN]     压缩失败 [Ad0d-WVvfm97aQ3uzUbobPZ2_ef535740@ios]: Skipped due to cooking limit
[2026-03-18 22:46:58] 📋   [WARN]     压缩失败 [Ad0d-WVvfm97aQ3uzUbobPZ2_ef535740@android]: Skipped due to cooking limit
[2026-03-18 22:46:58] 📋   [WARN]     压缩失败 [Ad0d-WVvfm97aQ3uzUbobPZ2_ef535740@windows]: Skipped due to cooking limit
[2026-03-18 22:46:58] 📋   [WARN]     压缩失败 [G2FFmcbmJkg-iDnjCQthVDkp_581c2f4f@ios]: Skipped due to cooking limit
[2026-03-18 22:46:58] 📋   [WARN]     压缩失败 [G2FFmcbmJkg-iDnjCQthVDkp_581c2f4f@android]: Skipped due to cooking limit
[2026-03-18 22:46:58] 📋   [WARN]     压缩失败 [G2FFmcbmJkg-iDnjCQthVDkp_581c2f4f@windows]: Skipped due to cooking limit
[2026-03-18 22:46:58] 📋   [WARN]     压缩失败 [EYJr-UlQXBlsHxY4FwSqn-du_3152f47a@ios]: Skipped due to cooking limit
[2026-03-18 22:46:58] 📋   [WARN]     压缩失败 [EYJr-UlQXBlsHxY4FwSqn-du_3152f47a@android]: Skipped due to cooking limit
[2026-03-18 22:46:58] 📋   [WARN]     压缩失败 [EYJr-UlQXBlsHxY4FwSqn-du_3152f47a@windows]: Skipped due to cooking limit
[2026-03-18 22:46:58] 📋   [WARN]     压缩失败 [F2KgOdGABp8CcxqJsn486vsp_db8b8cd9@ios]: Skipped due to cooking limit
[2026-03-18 22:46:58] 📋   [WARN]     压缩失败 [F2KgOdGABp8CcxqJsn486vsp_db8b8cd9@android]: Skipped due to cooking limit
[2026-03-18 22:46:58] 📋   [WARN]     压缩失败 [F2KgOdGABp8CcxqJsn486vsp_db8b8cd9@windows]: Skipped due to cooking limit
[2026-03-18 22:46:58] 📋   [WARN]     压缩失败 [HebzMS2RQz-8s7ccXM5TDYi9_e8739426@ios]: Skipped due to cooking limit
[2026-03-18 22:46:58] 📋   [WARN]     压缩失败 [HebzMS2RQz-8s7ccXM5TDYi9_e8739426@android]: Skipped due to cooking limit
[2026-03-18 22:46:59] 📋   [WARN]     压缩失败 [HebzMS2RQz-8s7ccXM5TDYi9_e8739426@windows]: Skipped due to cooking limit
[2026-03-18 22:46:59] 📋   [WARN]     压缩失败 [CeDxId25bIKmPbBODXWU2i72_43263bd2@ios]: Skipped due to cooking limit
[2026-03-18 22:46:59] 📋   [WARN]     压缩失败 [CeDxId25bIKmPbBODXWU2i72_43263bd2@android]: Skipped due to cooking limit
[2026-03-18 22:46:59] 📋   [WARN]     压缩失败 [CeDxId25bIKmPbBODXWU2i72_43263bd2@windows]: Skipped due to cooking limit
[2026-03-18 22:46:59] 📋   [WARN]     压缩失败 [DUhQaR6umPUpdSEi16OIA62J_0eecbcca@ios]: Skipped due to cooking limit
[2026-03-18 22:46:59] 📋   [WARN]     压缩失败 [DUhQaR6umPUpdSEi16OIA62J_0eecbcca@android]: Skipped due to cooking limit
[2026-03-18 22:46:59] 📋   [WARN]     压缩失败 [DUhQaR6umPUpdSEi16OIA62J_0eecbcca@windows]: Skipped due to cooking limit
[2026-03-18 22:46:59] 📋   [WARN]     压缩失败 [DKhCkVu8CNAWXUFV4ejjTE0w_25e0ae64@ios]: Skipped due to cooking limit
[2026-03-18 22:46:59] 📋   [WARN]     压缩失败 [DKhCkVu8CNAWXUFV4ejjTE0w_25e0ae64@android]: Skipped due to cooking limit
[2026-03-18 22:46:59] 📋   [WARN]     压缩失败 [DKhCkVu8CNAWXUFV4ejjTE0w_25e0ae64@windows]: Skipped due to cooking limit
[2026-03-18 22:46:59] 📋   [WARN]     压缩失败 [BRCuCcoaTGJYOqRDaClVoo_6_4f51a1d5@ios]: Skipped due to cooking limit
[2026-03-18 22:46:59] 📋   [WARN]     压缩失败 [BRCuCcoaTGJYOqRDaClVoo_6_4f51a1d5@android]: Skipped due to cooking limit
[2026-03-18 22:46:59] 📋   [WARN]     压缩失败 [BRCuCcoaTGJYOqRDaClVoo_6_4f51a1d5@windows]: Skipped due to cooking limit
[2026-03-18 22:46:59] 📋   [WARN]     压缩失败 [EMSuKQ2oRGrRn2mzS9-Ip0EB_e4716cfc@ios]: Skipped due to cooking limit
[2026-03-18 22:46:59] 📋   [WARN]     压缩失败 [EMSuKQ2oRGrRn2mzS9-Ip0EB_e4716cfc@android]: Skipped due to cooking limit
[2026-03-18 22:46:59] 📋   [WARN]     压缩失败 [EMSuKQ2oRGrRn2mzS9-Ip0EB_e4716cfc@windows]: Skipped due to cooking limit
[2026-03-18 22:46:59] 📋   [WARN]     压缩失败 [DTMDeVPKXix9twsuWVuuCf9b_07e27171@ios]: Skipped due to cooking limit
[2026-03-18 22:46:59] 📋   [WARN]     压缩失败 [DTMDeVPKXix9twsuWVuuCf9b_07e27171@android]: Skipped due to cooking limit
[2026-03-18 22:46:59] 📋   [WARN]     压缩失败 [DTMDeVPKXix9twsuWVuuCf9b_07e27171@windows]: Skipped due to cooking limit
[2026-03-18 22:46:59] 📋   [WARN]     压缩失败 [FbEdkZMwRIYEFV4h-z3lpPl2_b8f7115b@ios]: Skipped due to cooking limit
[2026-03-18 22:46:59] 📋   [WARN]     压缩失败 [FbEdkZMwRIYEFV4h-z3lpPl2_b8f7115b@android]: Skipped due to cooking limit
[2026-03-18 22:46:59] 📋   [WARN]     压缩失败 [FbEdkZMwRIYEFV4h-z3lpPl2_b8f7115b@windows]: Skipped due to cooking limit
[2026-03-18 22:46:59] 📋   [WARN]     压缩失败 [F-2PqfxYqi_T7ocXkXfjM8Fm_180ff1e2@ios]: Skipped due to cooking limit
[2026-03-18 22:46:59] 📋   [WARN]     压缩失败 [F-2PqfxYqi_T7ocXkXfjM8Fm_180ff1e2@android]: Skipped due to cooking limit
[2026-03-18 22:46:59] 📋   [WARN]     压缩失败 [F-2PqfxYqi_T7ocXkXfjM8Fm_180ff1e2@windows]: Skipped due to cooking limit
[2026-03-18 22:46:59] 📋   [WARN]     压缩失败 [EhyIUXhvk1WPosqZn2Xkr6eu_c5b77069@ios]: Skipped due to cooking limit
[2026-03-18 22:46:59] 📋   [WARN]     压缩失败 [EhyIUXhvk1WPosqZn2Xkr6eu_c5b77069@android]: Skipped due to cooking limit
[2026-03-18 22:46:59] 📋   [WARN]     压缩失败 [EhyIUXhvk1WPosqZn2Xkr6eu_c5b77069@windows]: Skipped due to cooking limit
[2026-03-18 22:46:59] 📋   [WARN]     压缩失败 [EOXLYbfCEXyX1rxpdJwJufGO_3c56a856@ios]: Skipped due to cooking limit
[2026-03-18 22:46:59] 📋   [WARN]     压缩失败 [EOXLYbfCEXyX1rxpdJwJufGO_3c56a856@android]: Skipped due to cooking limit
[2026-03-18 22:46:59] 📋   [WARN]     压缩失败 [EOXLYbfCEXyX1rxpdJwJufGO_3c56a856@windows]: Skipped due to cooking limit
[2026-03-18 22:46:59] 📋   [WARN]     压缩失败 [BkuN-f46YjCfsxpqenFJ3kj8_ef624730@ios]: Skipped due to cooking limit
[2026-03-18 22:46:59] 📋   [WARN]     压缩失败 [BkuN-f46YjCfsxpqenFJ3kj8_ef624730@android]: Skipped due to cooking limit
[2026-03-18 22:46:59] 📋   [WARN]     压缩失败 [BkuN-f46YjCfsxpqenFJ3kj8_ef624730@windows]: Skipped due to cooking limit
[2026-03-18 22:46:59] 📋   [WARN]     压缩失败 [CpBi0dNEYfPcP6Nq-nvNamMQ_811b7dea@ios]: Skipped due to cooking limit
[2026-03-18 22:46:59] 📋   [WARN]     压缩失败 [CpBi0dNEYfPcP6Nq-nvNamMQ_811b7dea@android]: Skipped due to cooking limit
[2026-03-18 22:46:59] 📋   [WARN]     压缩失败 [CpBi0dNEYfPcP6Nq-nvNamMQ_811b7dea@windows]: Skipped due to cooking limit
[2026-03-18 22:46:59] 📋   [WARN]     压缩失败 [HzPBSdBGpyi3Op3e26MTx42E_903685f1@ios]: Skipped due to cooking limit
[2026-03-18 22:46:59] 📋   [WARN]     压缩失败 [HzPBSdBGpyi3Op3e26MTx42E_903685f1@android]: Skipped due to cooking limit
[2026-03-18 22:46:59] 📋   [WARN]     压缩失败 [HzPBSdBGpyi3Op3e26MTx42E_903685f1@windows]: Skipped due to cooking limit
[2026-03-18 22:46:59] 📋   [WARN]     压缩失败 [EfDaecw_jhjpwaSO0a21z1fu_dd0be491@ios]: Skipped due to cooking limit
[2026-03-18 22:46:59] 📋   [WARN]     压缩失败 [EfDaecw_jhjpwaSO0a21z1fu_dd0be491@android]: Skipped due to cooking limit
[2026-03-18 22:46:59] 📋   [WARN]     压缩失败 [EfDaecw_jhjpwaSO0a21z1fu_dd0be491@windows]: Skipped due to cooking limit
[2026-03-18 22:46:59] 📋   [WARN]     压缩失败 [Grh-4VkhyG5KDo9m96q1NJu9_85e88c05@ios]: Skipped due to cooking limit
[2026-03-18 22:46:59] 📋   [WARN]     压缩失败 [Grh-4VkhyG5KDo9m96q1NJu9_85e88c05@android]: Skipped due to cooking limit
[2026-03-18 22:46:59] 📋   [WARN]     压缩失败 [Grh-4VkhyG5KDo9m96q1NJu9_85e88c05@windows]: Skipped due to cooking limit
[2026-03-18 22:46:59] 📋   [WARN]     压缩失败 [DsKUmUwAKHgtcjmhBBL2pj3q_dff4010e@ios]: Skipped due to cooking limit
[2026-03-18 22:46:59] 📋   [WARN]     压缩失败 [DsKUmUwAKHgtcjmhBBL2pj3q_dff4010e@android]: Skipped due to cooking limit
[2026-03-18 22:46:59] 📋   [WARN]     压缩失败 [DsKUmUwAKHgtcjmhBBL2pj3q_dff4010e@windows]: Skipped due to cooking limit
[2026-03-18 22:46:59] 📋   [WARN]     压缩失败 [F365weqZMjYPFkiVpJ_7jX8s_04fd22c1@ios]: Skipped due to cooking limit
[2026-03-18 22:46:59] 📋   [WARN]     压缩失败 [F365weqZMjYPFkiVpJ_7jX8s_04fd22c1@android]: Skipped due to cooking limit
[2026-03-18 22:46:59] 📋   [WARN]     压缩失败 [F365weqZMjYPFkiVpJ_7jX8s_04fd22c1@windows]: Skipped due to cooking limit
[2026-03-18 22:46:59] 📋   [WARN]     压缩失败 [BWnU4biqk_vduuBpil87ON_p_43c85c5a@ios]: Skipped due to cooking limit
[2026-03-18 22:46:59] 📋   [WARN]     压缩失败 [BWnU4biqk_vduuBpil87ON_p_43c85c5a@android]: Skipped due to cooking limit
[2026-03-18 22:46:59] 📋   [WARN]     压缩失败 [BWnU4biqk_vduuBpil87ON_p_43c85c5a@windows]: Skipped due to cooking limit
[2026-03-18 22:46:59] 📋   [WARN]     压缩失败 [BKd96XNqXjviCiJX3YPy4-N__fc3c6a5d@ios]: Skipped due to cooking limit
[2026-03-18 22:46:59] 📋   [WARN]     压缩失败 [BKd96XNqXjviCiJX3YPy4-N__fc3c6a5d@android]: Skipped due to cooking limit
[2026-03-18 22:46:59] 📋   [WARN]     压缩失败 [BKd96XNqXjviCiJX3YPy4-N__fc3c6a5d@windows]: Skipped due to cooking limit
[2026-03-18 22:46:59] 📋   [WARN]     压缩失败 [AGODcdCc1OdtyFpH0iW10nje_3c737d37@ios]: Skipped due to cooking limit
[2026-03-18 22:46:59] 📋   [WARN]     压缩失败 [AGODcdCc1OdtyFpH0iW10nje_3c737d37@android]: Skipped due to cooking limit
[2026-03-18 22:46:59] 📋   [WARN]     压缩失败 [AGODcdCc1OdtyFpH0iW10nje_3c737d37@windows]: Skipped due to cooking limit
[2026-03-18 22:46:59] 📋   [WARN]     压缩失败 [BIT9SWu-FnDoadybUkhSY1hz_a27915b0@ios]: Skipped due to cooking limit
[2026-03-18 22:46:59] 📋   [WARN]     压缩失败 [BIT9SWu-FnDoadybUkhSY1hz_a27915b0@android]: Skipped due to cooking limit
[2026-03-18 22:46:59] 📋   [WARN]     压缩失败 [BIT9SWu-FnDoadybUkhSY1hz_a27915b0@windows]: Skipped due to cooking limit
[2026-03-18 22:46:59] 📋   [WARN]     压缩失败 [Cj7Q-cJ1Yda8leT4mf0uPvy0_479e20d5@ios]: Skipped due to cooking limit
[2026-03-18 22:46:59] 📋   [WARN]     压缩失败 [Cj7Q-cJ1Yda8leT4mf0uPvy0_479e20d5@android]: Skipped due to cooking limit
[2026-03-18 22:46:59] 📋   [WARN]     压缩失败 [Cj7Q-cJ1Yda8leT4mf0uPvy0_479e20d5@windows]: Skipped due to cooking limit
[2026-03-18 22:46:59] 📋   [WARN]     压缩失败 [Gh4cCbr89ojJIaGYVMQAtcop_f1985907@ios]: Skipped due to cooking limit
[2026-03-18 22:46:59] 📋   [WARN]     压缩失败 [Gh4cCbr89ojJIaGYVMQAtcop_f1985907@android]: Skipped due to cooking limit
[2026-03-18 22:46:59] 📋   [WARN]     压缩失败 [Gh4cCbr89ojJIaGYVMQAtcop_f1985907@windows]: Skipped due to cooking limit
[2026-03-18 22:46:59] 📋   [WARN]     压缩失败 [AhehcUZLopSGTxEhuKq67Ri1_a0c2f210@ios]: Skipped due to cooking limit
[2026-03-18 22:46:59] 📋   [WARN]     压缩失败 [AhehcUZLopSGTxEhuKq67Ri1_a0c2f210@android]: Skipped due to cooking limit
[2026-03-18 22:46:59] 📋   [WARN]     压缩失败 [AhehcUZLopSGTxEhuKq67Ri1_a0c2f210@windows]: Skipped due to cooking limit
[2026-03-18 22:46:59] 📋   [INFO]   批量压缩完成: 总计 993, 成功 39, 缓存命中 29 (2.9%), 错误 954
[2026-03-18 22:46:59] 📋   [INFO]   完成 (11.86s)
[2026-03-18 22:46:59] 📋   [INFO] [10/13] 生成产物...
[2026-03-18 22:46:59] 📋   [INFO]   清空版本目录: /workspace/.project/../dist/1.0.0
[2026-03-18 22:46:59] 📋   [INFO]   生成: manifest-e44f35e1.json (client)
[2026-03-18 22:46:59] 📋   [INFO]   生成: manifest-ed65b0d2.json (server)
[2026-03-18 22:46:59] 📋   [INFO]   生成: engine-ef9e23e2.json
[2026-03-18 22:46:59] 📋   [INFO]   生成: version.json
[2026-03-18 22:46:59] 📋   [INFO]   生成: project.json
[2026-03-18 22:46:59] 📋   [INFO]   生成: dist/project.json
[2026-03-18 22:46:59] 📋   [INFO]   生成 tag: latest.json (默认)
[2026-03-18 22:46:59] 📋   [INFO]   生成 tag: 1.x.x.json (默认)
[2026-03-18 22:46:59] 📋   [INFO]   完成 (2.41s)
[2026-03-18 22:46:59] 📋   [INFO] [11/13] 复制资产...
[2026-03-18 22:46:59] 📋   [INFO]   复制资源到: /workspace/.project/../dist/assets
[2026-03-18 22:46:59] 📋   [INFO]   已复制: 154 个文件
[2026-03-18 22:46:59] 📋   [INFO]   完成 (8.18s)
[2026-03-18 22:46:59] 📋   [INFO] [12/13] 清理旧版本...
[2026-03-18 22:46:59] 📋   [INFO]   清理完成: 0 个旧版本, 3 个孤立资源
[2026-03-18 22:46:59] 📋   [INFO]   完成 (1.03s)
[2026-03-18 22:47:00] 📋   [INFO] [13/13] 输出统计...
[2026-03-18 22:47:00] 📋   
[2026-03-18 22:47:00] 📋   === 构建统计 ===
[2026-03-18 22:47:00] 📋   项目根目录: /workspace
[2026-03-18 22:47:00] 📋   目标平台: all
[2026-03-18 22:47:00] 📋   资产目录: ../assets, ../scripts
[2026-03-18 22:47:00] 📋   
[2026-03-18 22:47:00] 📋   资源统计:
[2026-03-18 22:47:00] 📋     扫描文件: 570
[2026-03-18 22:47:00] 📋     发现资源: 1581
[2026-03-18 22:47:00] 📋     忽略文件: 0
[2026-03-18 22:47:00] 📋     生成 meta: 146
[2026-03-18 22:47:00] 📋     Client 资源: 1581
[2026-03-18 22:47:00] 📋     Server 资源: 1
[2026-03-18 22:47:00] 📋     复制资源: 154
[2026-03-18 22:47:00] 📋     纹理压缩: 13
[2026-03-18 22:47:00] 📋   
[2026-03-18 22:47:00] 📋   Meta 缓存:
[2026-03-18 22:47:00] 📋   
[2026-03-18 22:47:00] 📋   === Meta 缓存统计 ===
[2026-03-18 22:47:00] 📋   本地缓存: 358 条目
[2026-03-18 22:47:00] 📋   命中次数: 0
[2026-03-18 22:47:00] 📋   未命中次数: 358
[2026-03-18 22:47:00] 📋   命中率: 0.0%
[2026-03-18 22:47:00] 📋   加载次数: 358
[2026-03-18 22:47:00] 📋   刷新次数: 0
[2026-03-18 22:47:00] 📋   
[2026-03-18 22:47:00] 📋   远端来源: 3 个
[2026-03-18 22:47:00] 📋     - engine: 4 个文件
[2026-03-18 22:47:00] 📋     - engine-res: 1223 个文件
[2026-03-18 22:47:00] 📋     - official-res: 25358 个文件
[2026-03-18 22:47:00] 📋   
[2026-03-18 22:47:00] 📋   构建完成!
[2026-03-18 22:47:00] 📋     版本: 1.0.0
[2026-03-18 22:47:00] 📋     输出: /workspace/.project/../dist/1.0.0
[2026-03-18 22:47:00] 📋     Client: manifest-e44f35e1.json
[2026-03-18 22:47:00] 📋     Server: manifest-ed65b0d2.json
[2026-03-18 22:47:00] 📋   [INFO]   完成 (0.00s)
[2026-03-18 22:47:00] 📋   [INFO] 总耗时: 40.64s
[2026-03-18 22:47:00] 📋   [INFO] 构建完成!
[2026-03-18 22:47:00] 📋 设置目录权限...
[2026-03-18 22:47:00] 📋 设置 dist 目录权限: /workspace/dist
[2026-03-18 22:47:04] ✅ dist 目录权限已设置 (root:root, 755/644)
[2026-03-18 22:47:04] 📋 设置目录权限: /workspace/logs
[2026-03-18 22:47:05] 📋 设置目录权限: /workspace/.project
[2026-03-18 22:47:05] 📋 设置目录权限: /workspace/.build
[2026-03-18 22:47:05] ✅ 非 dist 目录权限已设置 (1000:1000)
[2026-03-18 22:47:05] 📋 ⏱️  耗时: 61.29s
[2026-03-18 22:47:05] ✅ ==================================================
[2026-03-18 22:47:05] ✅ 构建完成！总耗时: 61.91s
[2026-03-18 22:47:05] ✅ ==================================================
