[2026-03-21 20:21:50] 📋 ==================================================
[2026-03-21 20:21:50] 📋 构建开始
[2026-03-21 20:21:50] 📋 ==================================================
[2026-03-21 20:21:50] 📋 日志文件: /workspace/logs/build/build_20260321_202150.log
[2026-03-21 20:21:50] 📋 入口文件: /workspace/scripts/main.lua
[2026-03-21 20:21:50] 📋 脚本目录: /workspace/scripts
[2026-03-21 20:21:50] 📋 工作目录: /workspace
[2026-03-21 20:21:50] 📋 MCP 环境: production
[2026-03-21 20:21:50] 📋 纹理压缩限制: 每次最多 10 张
[2026-03-21 20:21:50] 📋 步骤 1: 验证入口 Lua 文件存在
[2026-03-21 20:21:50] ✅ 入口文件存在
[2026-03-21 20:21:50] 📋 ⏱️  耗时: 0.01s
[2026-03-21 20:21:50] 📋 步骤 2: 验证 Lua 文件包含 Start() 函数
[2026-03-21 20:21:50] ✅ Start() 函数验证通过
[2026-03-21 20:21:50] 📋 ⏱️  耗时: 0.01s
[2026-03-21 20:21:50] 📋 步骤 3: 验证 scripts 目录存在
[2026-03-21 20:21:50] ✅ scripts 目录存在
[2026-03-21 20:21:50] 📋 ⏱️  耗时: 0.06s
[2026-03-21 20:21:50] 📋 步骤 4: 启动 Lua LSP watch 模式
[2026-03-21 20:21:50] 📋 LSP watch 已运行 (PID: 5048)
[2026-03-21 20:21:50] ✅ Lua LSP 检查通过: 0 个错误
[2026-03-21 20:21:50] 📋 ⏱️  耗时: 0.03s
[2026-03-21 20:21:50] 📋 步骤 5: 检查并初始化 .project 目录
[2026-03-21 20:21:50] ✅ .project 目录已正确初始化
[2026-03-21 20:21:50] 📋 ⏱️  耗时: 0.01s
[2026-03-21 20:21:50] 📋 步骤 5.6: 检查/更新 multiplayer 配置
[2026-03-21 20:21:50] ✅ 使用本地已有的 multiplayer 配置
[2026-03-21 20:21:50] 📋 ⏱️  耗时: 0.01s
[2026-03-21 20:21:50] 📋 步骤 6: 更新 project.json 的 entry
[2026-03-21 20:21:50] 📋 更新 project.json: /workspace/.project/project.json
[2026-03-21 20:21:50] 📋   设置 entry: main.lua
[2026-03-21 20:21:50] ✅ project.json 更新完成
[2026-03-21 20:21:50] 📋 步骤 6.1: 检查 project_id 一致性
[2026-03-21 20:21:50] ✅ project_id 一致性检查通过: p_70vd
[2026-03-21 20:21:50] 📋 ⏱️  耗时: 0.03s
[2026-03-21 20:21:50] 📋 步骤 7: 调用 project_builder.py 进行构建
[2026-03-21 20:21:50] 📋 已设置 AssetsCooking 可执行权限: /home/Maker/.sce/build/AssetsCooking
[2026-03-21 20:21:50] 📋 已设置 TileTerrainCLI 可执行权限: /workspace/.cli/TileTerrainCLI
[2026-03-21 20:21:50] 📋 已设置 download_tile_resources.py 可执行权限: /workspace/.cli/download_tile_resources.py
[2026-03-21 20:21:50] 📋 执行脚本: /home/Maker/.sce/build/project_builder.py
[2026-03-21 20:21:50] 📋 参数: --project /workspace --platform all --cooking /home/Maker/.sce/build/AssetsCooking --cooking-limit 10 --no-7z
[2026-03-21 20:21:50] 📋 Python: python3
[2026-03-21 20:22:26] 📋 project_builder.py stdout:
[2026-03-21 20:22:26] 📋   [INFO] 开始构建项目: /workspace [平台: all]
[2026-03-21 20:22:26] 📋   [INFO] [1/13] 初始化构建目录...
[2026-03-21 20:22:26] 📋   [INFO]   完成 (0.01s)
[2026-03-21 20:22:26] 📋   [INFO] [2/13] 加载配置...
[2026-03-21 20:22:26] 📋   [INFO]   解析平台配置: all
[2026-03-21 20:22:26] 📋   [INFO]   项目: p_70vd v1.0.6
[2026-03-21 20:22:26] 📋   [INFO]   入口: main.lua
[2026-03-21 20:22:26] 📋   [INFO]   输出: /workspace/.project/../dist/1.0.6
[2026-03-21 20:22:26] 📋   [INFO]   构建号: 2
[2026-03-21 20:22:26] 📋   [INFO]   完成 (0.01s)
[2026-03-21 20:22:26] 📋   [INFO] [3/13] 加载远程资源...
[2026-03-21 20:22:26] 📋   [INFO]   加载远端来源: engine (tag: stable)
[2026-03-21 20:22:26] 📋   [INFO]     导入 4 个远端资源: engine
[2026-03-21 20:22:26] 📋   [INFO]   加载远端来源: engine-res (tag: stable)
[2026-03-21 20:22:26] 📋   [INFO]     导入 1223 个远端资源: engine-res
[2026-03-21 20:22:26] 📋   [INFO]   加载远端来源: official-res (tag: stable)
[2026-03-21 20:22:26] 📋   [INFO]     导入 25358 个远端资源: official-res
[2026-03-21 20:22:26] 📋   [INFO]   完成 (3.40s)
[2026-03-21 20:22:26] 📋   [INFO] [4/13] 扫描本地资源...
[2026-03-21 20:22:26] 📋   [INFO]   扫描目录: ../assets (prefix: ../assets)
[2026-03-21 20:22:26] 📋   [INFO]   生成 meta: AI训练显卡_20260321115816.png -> EpVmQVF9...
[2026-03-21 20:22:26] 📋   [INFO]   生成 meta: AI训练显卡_20260321121343.png -> DzaiAVmN...
[2026-03-21 20:22:26] 📋   [INFO]   生成 meta: ASML光刻机核心组件_20260321115343.png -> EE198QW2...
[2026-03-21 20:22:26] 📋   [INFO]   生成 meta: ASML光刻机核心组件_20260321121017.png -> FBsdKblu...
[2026-03-21 20:22:26] 📋   [INFO]   生成 meta: LED动态艺术装置_20260321115935.png -> Hy9hQaKm...
[2026-03-21 20:22:26] 📋   [INFO]   生成 meta: LED动态艺术装置_20260321121417.png -> CvKRKYtw...
[2026-03-21 20:22:26] 📋   [INFO]   生成 meta: 二手VR头显_20260321115729.png -> HIlEsfu2...
[2026-03-21 20:22:26] 📋   [INFO]   生成 meta: 二手VR头显_20260321121241.png -> APQQWVU-...
[2026-03-21 20:22:26] 📋   [INFO]   生成 meta: 二手机械键盘_20260321115739.png -> ANkp0YIl...
[2026-03-21 20:22:26] 📋   [INFO]   生成 meta: 二手机械键盘_20260321121253.png -> HBEZ4d8y...
[2026-03-21 20:22:26] 📋   [INFO]   生成 meta: 人形机器人原型_20260321115406.png -> GFK5AYdU...
[2026-03-21 20:22:26] 📋   [INFO]   生成 meta: 人形机器人原型_20260321120933.png -> H-roSWAn...
[2026-03-21 20:22:26] 📋   [INFO]   生成 meta: 企业级交换机_20260321115831.png -> AeY7CZRY...
[2026-03-21 20:22:26] 📋   [INFO]   生成 meta: 企业级交换机_20260321121350.png -> BOUDcWAo...
[2026-03-21 20:22:26] 📋   [INFO]   生成 meta: 光刻机镜组模块_20260321115345.png -> EXaTmY7G...
[2026-03-21 20:22:26] 📋   [INFO]   生成 meta: 光刻机镜组模块_20260321120918.png -> Ggzwaf4m...
[2026-03-21 20:22:26] 📋   [INFO]   生成 meta: 六轴工业机械臂_20260321115408.png -> BYqtYQY2...
[2026-03-21 20:22:26] 📋   [INFO]   生成 meta: 六轴工业机械臂_20260321120927.png -> CLkYuSRV...
[2026-03-21 20:22:26] 📋   [INFO]   生成 meta: 协作机器人控制柜_20260321115347.png -> A0zhse_b...
[2026-03-21 20:22:26] 📋   [INFO]   生成 meta: 协作机器人控制柜_20260321120936.png -> Ds7_oVpr...
[2026-03-21 20:22:26] 📋   [INFO]   生成 meta: 固态电池原型模组_20260321115647.png -> FwXmmfIq...
[2026-03-21 20:22:26] 📋   [INFO]   生成 meta: 固态电池原型模组_20260321121149.png -> Akw9eZlp...
[2026-03-21 20:22:26] 📋   [INFO]   生成 meta: 坏智能手环_20260321115930.png -> BtIA8W6g...
[2026-03-21 20:22:26] 📋   [INFO]   生成 meta: 坏智能手环_20260321121413.png -> CkEZ0fDn...
[2026-03-21 20:22:26] 📋   [INFO]   生成 meta: 坏电动滑板_20260321115506.png -> DiJ34cX4...
[2026-03-21 20:22:26] 📋   [INFO]   生成 meta: 坏电动滑板_20260321121005.png -> AWo6IVVc...
[2026-03-21 20:22:26] 📋   [INFO]   生成 meta: 坏路由器_20260321115725.png -> Bd05SUWK...
[2026-03-21 20:22:26] 📋   [INFO]   生成 meta: 坏路由器_20260321121246.png -> CjhMCV8Z...
[2026-03-21 20:22:26] 📋   [INFO]   生成 meta: 定制AI芯片_20260321115815.png -> Gf99ecPg...
[2026-03-21 20:22:26] 📋   [INFO]   生成 meta: 定制AI芯片_20260321121331.png -> Grk-sQ4O...
[2026-03-21 20:22:26] 📋   [INFO]   生成 meta: 小型CNC主轴_20260321115315.png -> HdX4IQIv...
[2026-03-21 20:22:26] 📋   [INFO]   生成 meta: 小型CNC主轴_20260321120918.png -> CvYn8cbW...
[2026-03-21 20:22:26] 📋   [INFO]   生成 meta: 小型气缸_20260321115251.png -> A-kG2QR2...
[2026-03-21 20:22:26] 📋   [INFO]   生成 meta: 小型气缸_20260321120833.png -> Grz_Yb8d...
[2026-03-21 20:22:26] 📋   [INFO]   生成 meta: 小型液压缸_20260321115248.png -> Czn_uTx9...
[2026-03-21 20:22:26] 📋   [INFO]   生成 meta: 小型液压缸_20260321120835.png -> Hy8Hmb2V...
[2026-03-21 20:22:26] 📋   [INFO]   生成 meta: 工业视觉相机_20260321115415.png -> GM7xuT3v...
[2026-03-21 20:22:26] 📋   [INFO]   生成 meta: 工业视觉相机_20260321120927.png -> GMrbgb36...
[2026-03-21 20:22:26] 📋   [INFO]   生成 meta: 废弃传感器_20260321115203.png -> GeeEUSik...
[2026-03-21 20:22:26] 📋   [INFO]   生成 meta: 废弃传感器_20260321120739.png -> EpVD0Xgx...
[2026-03-21 20:22:26] 📋   [INFO]   生成 meta: 废弃反光镜_20260321115440.png -> HN_DQRek...
[2026-03-21 20:22:26] 📋   [INFO]   生成 meta: 废弃反光镜_20260321121026.png -> BWD1cWBG...
[2026-03-21 20:22:26] 📋   [INFO]   生成 meta: 废弃电路板_20260321115202.png -> HuFWuTmx...
[2026-03-21 20:22:26] 📋   [INFO]   生成 meta: 废弃电路板_20260321120736.png -> FR4-eeIV...
[2026-03-21 20:22:26] 📋   [INFO]   生成 meta: 废齿轮组_20260321115217.png -> AstM6cmk...
[2026-03-21 20:22:26] 📋   [INFO]   生成 meta: 废齿轮组_20260321120741.png -> AoxzOYzX...
[2026-03-21 20:22:26] 📋   [INFO]   生成 meta: 当代艺术家签名版画_20260321115911.png -> HmKx8Q9q...
[2026-03-21 20:22:26] 📋   [INFO]   生成 meta: 当代艺术家签名版画_20260321121417.png -> E0EPeeKL...
[2026-03-21 20:22:26] 📋   [INFO]   生成 meta: 排气管总成_20260321115537.png -> FSChAaKI...
[2026-03-21 20:22:26] 📋   [INFO]   生成 meta: 排气管总成_20260321121106.png -> AJaoWWAs...
[2026-03-21 20:22:26] 📋   [INFO]   生成 meta: 断裂传动带_20260321115201.png -> Bhfn8YER...
[2026-03-21 20:22:26] 📋   [INFO]   生成 meta: 断裂传动带_20260321120806.png -> Cd9FAXyM...
[2026-03-21 20:22:26] 📋   [INFO]   生成 meta: 旧GPS导航仪_20260321115534.png -> GzYLMcs4...
[2026-03-21 20:22:26] 📋   [INFO]   生成 meta: 旧GPS导航仪_20260321121057.png -> GgVNUXdO...
[2026-03-21 20:22:26] 📋   [INFO]   生成 meta: 旧PLC控制器_20260321115306.png -> BUfewZ9y...
[2026-03-21 20:22:26] 📋   [INFO]   生成 meta: 旧PLC控制器_20260321120840.png -> AOppYRw5...
[2026-03-21 20:22:26] 📋   [INFO]   生成 meta: 旧USB集线器_20260321115727.png -> EzEVCSvL...
[2026-03-21 20:22:26] 📋   [INFO]   生成 meta: 旧USB集线器_20260321121247.png -> Extwib3Q...
[2026-03-21 20:22:26] 📋   [INFO]   生成 meta: 旧仪表壳_20260321115449.png -> FFf5Uew-...
[2026-03-21 20:22:26] 📋   [INFO]   生成 meta: 旧仪表壳_20260321121058.png -> Ai_4UXe7...
[2026-03-21 20:22:26] 📋   [INFO]   生成 meta: 旧伺服驱动器_20260321115254.png -> BvvCgeVB...
[2026-03-21 20:22:26] 📋   [INFO]   生成 meta: 旧伺服驱动器_20260321120839.png -> Gf9hKeSU...
[2026-03-21 20:22:26] 📋   [INFO]   生成 meta: 旧充电头_20260321115738.png -> HoK3Qet0...
[2026-03-21 20:22:26] 📋   [INFO]   生成 meta: 旧充电头_20260321121302.png -> D0-bARnj...
[2026-03-21 20:22:26] 📋   [INFO]   生成 meta: 旧减速器_20260321115246.png -> Gx9jkekh...
[2026-03-21 20:22:26] 📋   [INFO]   生成 meta: 旧减速器_20260321120834.png -> HcIZYXMo...
[2026-03-21 20:22:26] 📋   [INFO]   生成 meta: 旧头盔_20260321115443.png -> DPo8wQ_N...
[2026-03-21 20:22:26] 📋   [INFO]   生成 meta: 旧头盔_20260321121011.png -> BMc0cfqv...
[2026-03-21 20:22:26] 📋   [INFO]   生成 meta: 旧工具箱_20260321115210.png -> AO9mmaTB...
[2026-03-21 20:22:26] 📋   [INFO]   生成 meta: 旧工具箱_20260321120743.png -> EXYYSZoF...
[2026-03-21 20:22:26] 📋   [INFO]   生成 meta: 旧平板电脑_20260321115731.png -> EznhAUgH...
[2026-03-21 20:22:26] 📋   [INFO]   生成 meta: 旧平板电脑_20260321121244.png -> AVBC8XjG...
[2026-03-21 20:22:26] 📋   [INFO]   生成 meta: 旧散热风扇_20260321115219.png -> AxpYWdPh...
[2026-03-21 20:22:26] 📋   [INFO]   生成 meta: 旧散热风扇_20260321120740.png -> HbtDSR10...
[2026-03-21 20:22:26] 📋   [INFO]   生成 meta: 旧无人机_20260321115737.png -> AKtmmfqg...
[2026-03-21 20:22:26] 📋   [INFO]   生成 meta: 旧无人机_20260321121241.png -> CHJ88YyN...
[2026-03-21 20:22:26] 📋   [INFO]   生成 meta: 旧无线耳机_20260321115733.png -> AVp2cWm5...
[2026-03-21 20:22:26] 📋   [INFO]   生成 meta: 旧无线耳机_20260321121259.png -> FSsNCWGo...
[2026-03-21 20:22:26] 📋   [INFO]   生成 meta: 旧智能音箱_20260321115730.png -> AxvDMRZu...
[2026-03-21 20:22:26] 📋   [INFO]   生成 meta: 旧智能音箱_20260321121242.png -> F-LnwVo1...
[2026-03-21 20:22:26] 📋   [INFO]   生成 meta: 旧海报_20260321115818.png -> F10TiXWV...
[2026-03-21 20:22:26] 📋   [INFO]   生成 meta: 旧海报_20260321121332.png -> E18C6RKh...
[2026-03-21 20:22:26] 📋   [INFO]   生成 meta: 旧涡轮增压器_20260321115643.png -> ERoxkSeu...
[2026-03-21 20:22:26] 📋   [INFO]   生成 meta: 旧涡轮增压器_20260321121145.png -> AqQycUCo...
[2026-03-21 20:22:26] 📋   [INFO]   生成 meta: 旧电机外壳_20260321115204.png -> Byw1eY-f...
[2026-03-21 20:22:26] 📋   [INFO]   生成 meta: 旧电机外壳_20260321120737.png -> GmA-SWy3...
[2026-03-21 20:22:26] 📋   [INFO]   生成 meta: 旧画框_20260321115833.png -> D8AS-ZcU...
[2026-03-21 20:22:26] 📋   [INFO]   生成 meta: 旧画框_20260321121329.png -> EEpMKdXq...
[2026-03-21 20:22:26] 📋   [INFO]   生成 meta: 旧线缆束_20260321115201.png -> BVdUQddr...
[2026-03-21 20:22:26] 📋   [INFO]   生成 meta: 旧线缆束_20260321120738.png -> GkDNQbFh...
[2026-03-21 20:22:26] 📋   [INFO]   生成 meta: 旧自行车轮_20260321115448.png -> GI1O-ZzA...
[2026-03-21 20:22:26] 📋   [INFO]   生成 meta: 旧自行车轮_20260321121006.png -> DbxTYULG...
[2026-03-21 20:22:26] 📋   [INFO]   生成 meta: 旧蓝牙戒指_20260321115915.png -> FijigV_4...
[2026-03-21 20:22:26] 📋   [INFO]   生成 meta: 旧蓝牙戒指_20260321121416.png -> GWAewcdU...
[2026-03-21 20:22:26] 📋   [INFO]   生成 meta: 旧行车电脑_20260321115539.png -> BzvnMY1i...
[2026-03-21 20:22:26] 📋   [INFO]   生成 meta: 旧行车电脑_20260321121059.png -> FkG0QXck...
[2026-03-21 20:22:26] 📋   [INFO]   生成 meta: 旧行车记录仪_20260321115446.png -> EzNdgcOY...
[2026-03-21 20:22:26] 📋   [INFO]   生成 meta: 旧行车记录仪_20260321121027.png -> Gycbuf4g...
[2026-03-21 20:22:26] 📋   [INFO]   生成 meta: 旧赛车座椅_20260321115600.png -> Aj8a-QsR...
[2026-03-21 20:22:26] 📋   [INFO]   生成 meta: 旧赛车座椅_20260321121053.png -> CGeVWcmW...
[2026-03-21 20:22:26] 📋   [INFO]   生成 meta: 旧车牌框_20260321115455.png -> A_NN8U-k...
[2026-03-21 20:22:26] 📋   [INFO]   生成 meta: 旧车牌框_20260321121015.png -> G_SoySCP...
[2026-03-21 20:22:26] 📋   [INFO]   生成 meta: 旧车载充电器_20260321115448.png -> BKNbCcC3...
[2026-03-21 20:22:26] 📋   [INFO]   生成 meta: 旧车载充电器_20260321121023.png -> CPB2WbJz...
[2026-03-21 20:22:26] 📋   [INFO]   生成 meta: 旧车载音响_20260321115538.png -> EreYUbMb...
[2026-03-21 20:22:26] 📋   [INFO]   生成 meta: 旧车载音响_20260321121115.png -> GpnrgXa1...
[2026-03-21 20:22:26] 📋   [INFO]   生成 meta: 服务器机柜满配_20260321115821.png -> Cp59GWVU...
[2026-03-21 20:22:26] 📋   [INFO]   生成 meta: 服务器机柜满配_20260321121335.png -> HDLb-Zzp...
[2026-03-21 20:22:26] 📋   [INFO]   生成 meta: 机械臂关节模组_20260321115248.png -> EVAPcaw4...
[2026-03-21 20:22:26] 📋   [INFO]   生成 meta: 机械臂关节模组_20260321120916.png -> A8TnqW88...
[2026-03-21 20:22:26] 📋   [INFO]   生成 meta: 概念艺术画册_20260321115913.png -> Es5emQda...
[2026-03-21 20:22:26] 📋   [INFO]   生成 meta: 概念艺术画册_20260321121448.png -> AGnbIabG...
[2026-03-21 20:22:26] 📋   [INFO]   生成 meta: 步进电机_20260321115245.png -> Fd-U6cKt...
[2026-03-21 20:22:26] 📋   [INFO]   生成 meta: 步进电机_20260321120837.png -> DUxsyduW...
[2026-03-21 20:22:26] 📋   [INFO]   生成 meta: 残缺手办_20260321115817.png -> AdJISZgh...
[2026-03-21 20:22:26] 📋   [INFO]   生成 meta: 残缺手办_20260321121346.png -> DNPIWWsB...
[2026-03-21 20:22:26] 📋   [INFO]   生成 meta: 激光切割头_20260321115303.png -> CdHuITBe...
[2026-03-21 20:22:26] 📋   [INFO]   生成 meta: 激光切割头_20260321120838.png -> B3CSSRQ6...
[2026-03-21 20:22:26] 📋   [INFO]   生成 meta: 现代抽象油画_20260321115925.png -> G3KsmX6g...
[2026-03-21 20:22:26] 📋   [INFO]   生成 meta: 现代抽象油画_20260321121433.png -> FVYj-ZZx...
[2026-03-21 20:22:26] 📋   [INFO]   生成 meta: 电动汽车电池模组_20260321115542.png -> BmndYbeu...
[2026-03-21 20:22:26] 📋   [INFO]   生成 meta: 电动汽车电池模组_20260321121114.png -> EYctCSRI...
[2026-03-21 20:22:26] 📋   [INFO]   生成 meta: 电动汽车驱动电机_20260321115658.png -> COYjAX5U...
[2026-03-21 20:22:26] 📋   [INFO]   生成 meta: 电动汽车驱动电机_20260321121146.png -> Dptj0XTM...
[2026-03-21 20:22:26] 📋   [INFO]   生成 meta: 电动滑板车电池_20260321115539.png -> DAB6yTaH...
[2026-03-21 20:22:26] 📋   [INFO]   生成 meta: 电动滑板车电池_20260321121053.png -> GJxd4Y-G...
[2026-03-21 20:22:26] 📋   [INFO]   生成 meta: 电动超跑轮毂套装_20260321115652.png -> FUbUcUQG...
[2026-03-21 20:22:26] 📋   [INFO]   生成 meta: 电动超跑轮毂套装_20260321121204.png -> DsUIWRu1...
[2026-03-21 20:22:26] 📋   [INFO]   生成 meta: 电动车控制器_20260321115543.png -> EAgsIZ8x...
[2026-03-21 20:22:26] 📋   [INFO]   生成 meta: 电动车控制器_20260321121056.png -> ASuUwaTo...
[2026-03-21 20:22:26] 📋   [INFO]   生成 meta: 知名艺术家雕塑_20260321115915.png -> FACmKS5R...
[2026-03-21 20:22:26] 📋   [INFO]   生成 meta: 知名艺术家雕塑_20260321121421.png -> Ayzc4YX3...
[2026-03-21 20:22:26] 📋   [INFO]   生成 meta: 破轮胎_20260321115505.png -> EgqmKTeM...
[2026-03-21 20:22:26] 📋   [INFO]   生成 meta: 破轮胎_20260321121007.png -> Fp6w0aoX...
[2026-03-21 20:22:26] 📋   [INFO]   生成 meta: 碎屏手机_20260321115747.png -> DPR6ucm8...
[2026-03-21 20:22:26] 📋   [INFO]   生成 meta: 碎屏手机_20260321121245.png -> CU2kKWaw...
[2026-03-21 20:22:26] 📋   [INFO]   生成 meta: 碎马赛克片_20260321115836.png -> AAj9-ZwE...
[2026-03-21 20:22:26] 📋   [INFO]   生成 meta: 碎马赛克片_20260321121330.png -> BNCpiQo_...
[2026-03-21 20:22:26] 📋   [INFO]   生成 meta: 碳纤维车架_20260321115547.png -> DTXS-QjB...
[2026-03-21 20:22:26] 📋   [INFO]   生成 meta: 碳纤维车架_20260321121055.png -> HodjQR4k...
[2026-03-21 20:22:26] 📋   [INFO]   生成 meta: 碳纤维车身面板_20260321115628.png -> GDvjiYTu...
[2026-03-21 20:22:26] 📋   [INFO]   生成 meta: 碳纤维车身面板_20260321121143.png -> DkvuEe9G...
[2026-03-21 20:22:26] 📋   [INFO]   生成 meta: 碳陶刹车盘_20260321115544.png -> FAZCuXoj...
[2026-03-21 20:22:26] 📋   [INFO]   生成 meta: 碳陶刹车盘_20260321121211.png -> AG90ES5n...
[2026-03-21 20:22:26] 📋   [INFO]   生成 meta: 稀土金属样品套装_20260321120023.png -> D9SHYSDE...
[2026-03-21 20:22:26] 📋   [INFO]   生成 meta: 稀土金属样品套装_20260321121534.png -> DcTyUTMa...
[2026-03-21 20:22:26] 📋   [INFO]   生成 meta: 精密坐标测量仪_20260321115346.png -> HPdECeQE...
[2026-03-21 20:22:26] 📋   [INFO]   生成 meta: 精密坐标测量仪_20260321120916.png -> CUG8ITnj...
[2026-03-21 20:22:26] 📋   [INFO]   生成 meta: 精密导轨_20260321115247.png -> D_ddEZUO...
[2026-03-21 20:22:26] 📋   [INFO]   生成 meta: 精密导轨_20260321120847.png -> Cn5U2VTD...
[2026-03-21 20:22:26] 📋   [INFO]   生成 meta: 精密谐波减速机_20260321115350.png -> FXn0yThp...
[2026-03-21 20:22:26] 📋   [INFO]   生成 meta: 精密谐波减速机_20260321120915.png -> H5T9Oa_8...
[2026-03-21 20:22:26] 📋   [INFO]   生成 meta: 自动驾驶传感器套件_20260321115634.png -> CjnG0boV...
[2026-03-21 20:22:26] 📋   [INFO]   生成 meta: 自动驾驶传感器套件_20260321121141.png -> Asz9sebc...
[2026-03-21 20:22:26] 📋   [INFO]   生成 meta: 自动驾驶计算平台_20260321115630.png -> BL3WaQuC...
[2026-03-21 20:22:26] 📋   [INFO]   生成 meta: 自动驾驶计算平台_20260321121144.png -> G8guEUL0...
[2026-03-21 20:22:26] 📋   [INFO]   生成 meta: 设计师台灯_20260321115837.png -> HHGpsf17...
[2026-03-21 20:22:26] 📋   [INFO]   生成 meta: 设计师台灯_20260321121327.png -> EjhEAQts...
[2026-03-21 20:22:26] 📋   [INFO]   生成 meta: 设计师限量摆件_20260321115903.png -> AeJeCfsn...
[2026-03-21 20:22:26] 📋   [INFO]   生成 meta: 设计师限量摆件_20260321121419.png -> C3AC0RDp...
[2026-03-21 20:22:26] 📋   [INFO]   生成 meta: 赛车方向盘_20260321115629.png -> Hxr6oUUf...
[2026-03-21 20:22:26] 📋   [INFO]   生成 meta: 赛车方向盘_20260321121200.png -> Hpm8ITi7...
[2026-03-21 20:22:26] 📋   [INFO]   生成 meta: 量子计算处理器原型_20260321115835.png -> DCE04YPR...
[2026-03-21 20:22:26] 📋   [INFO]   生成 meta: 量子计算处理器原型_20260321121328.png -> B0w9eVgB...
[2026-03-21 20:22:26] 📋   [INFO]   生成 meta: 钛合金表壳_20260321115914.png -> HPgoUQF_...
[2026-03-21 20:22:26] 📋   [INFO]   生成 meta: 钛合金表壳_20260321121442.png -> CHjSkcnX...
[2026-03-21 20:22:26] 📋   [INFO]   生成 meta: 铂金催化剂样品_20260321115912.png -> Fpot2bd6...
[2026-03-21 20:22:26] 📋   [INFO]   生成 meta: 铂金催化剂样品_20260321121415.png -> DHbocQPh...
[2026-03-21 20:22:26] 📋   [INFO]   生成 meta: 铱金坩埚_20260321120003.png -> G-a2CTrv...
[2026-03-21 20:22:26] 📋   [INFO]   生成 meta: 铱金坩埚_20260321121519.png -> AlBDCZPs...
[2026-03-21 20:22:26] 📋   [INFO]   生成 meta: 锈蚀弹簧组_20260321115200.png -> GeAaGfcX...
[2026-03-21 20:22:26] 📋   [INFO]   生成 meta: 锈蚀弹簧组_20260321120734.png -> Bw0pSetu...
[2026-03-21 20:22:26] 📋   [INFO]   生成 meta: 锈蚀轴承_20260321115205.png -> E1RRuemo...
[2026-03-21 20:22:26] 📋   [INFO]   生成 meta: 锈蚀轴承_20260321120732.png -> CQKNOZYK...
[2026-03-21 20:22:26] 📋   [INFO]   生成 meta: 锈蚀链条_20260321115445.png -> G1QKSdTI...
[2026-03-21 20:22:26] 📋   [INFO]   生成 meta: 锈蚀链条_20260321121013.png -> AqsgIdNL...
[2026-03-21 20:22:26] 📋   [INFO]   生成 meta: 飞行汽车原型引擎_20260321115630.png -> BJ4_EbGK...
[2026-03-21 20:22:26] 📋   [INFO]   生成 meta: 飞行汽车原型引擎_20260321121144.png -> FZ4LYQwd...
[2026-03-21 20:22:26] 📋   [INFO]   生成 meta: 高精度3D打印机_20260321115348.png -> HzsJKfhc...
[2026-03-21 20:22:26] 📋   [INFO]   生成 meta: 高精度3D打印机_20260321120933.png -> AHf8qR1s...
[2026-03-21 20:22:26] 📋   [INFO]   生成 meta: 固态电池原型模组.png -> H7H9EU1z...
[2026-03-21 20:22:26] 📋   [INFO]   生成 meta: 坏电动滑板.png -> Drz9oY8y...
[2026-03-21 20:22:26] 📋   [INFO]   生成 meta: 废弃反光镜.png -> GiTusXKG...
[2026-03-21 20:22:26] 📋   [INFO]   生成 meta: 排气管总成.png -> CtCcwRYk...
[2026-03-21 20:22:26] 📋   [INFO]   生成 meta: 旧GPS导航仪.png -> HqBCKUgS...
[2026-03-21 20:22:26] 📋   [INFO]   生成 meta: 旧仪表壳.png -> GvYdEeu_...
[2026-03-21 20:22:26] 📋   [INFO]   生成 meta: 旧头盔.png -> DpEkuVy3...
[2026-03-21 20:22:26] 📋   [INFO]   生成 meta: 旧涡轮增压器.png -> FPjqUdrA...
[2026-03-21 20:22:26] 📋   [INFO]   生成 meta: 旧自行车轮.png -> Gr3bcTG-...
[2026-03-21 20:22:26] 📋   [INFO]   生成 meta: 旧行车电脑.png -> HhDo0Z2v...
[2026-03-21 20:22:26] 📋   [INFO]   生成 meta: 旧行车记录仪.png -> FAeTQUq7...
[2026-03-21 20:22:26] 📋   [INFO]   生成 meta: 旧赛车座椅.png -> DHLC8WpW...
[2026-03-21 20:22:26] 📋   [INFO]   生成 meta: 旧车牌框.png -> HRerOXvE...
[2026-03-21 20:22:26] 📋   [INFO]   生成 meta: 旧车载充电器.png -> AczICSbY...
[2026-03-21 20:22:26] 📋   [INFO]   生成 meta: 旧车载音响.png -> HAxPKX0S...
[2026-03-21 20:22:26] 📋   [INFO]   生成 meta: 电动汽车电池模组.png -> CNLgmU2U...
[2026-03-21 20:22:26] 📋   [INFO]   生成 meta: 电动汽车驱动电机.png -> BAi9-W70...
[2026-03-21 20:22:26] 📋   [INFO]   生成 meta: 电动滑板车电池.png -> Bdb2sRp9...
[2026-03-21 20:22:26] 📋   [INFO]   生成 meta: 电动超跑轮毂套装.png -> E39EYeSS...
[2026-03-21 20:22:26] 📋   [INFO]   生成 meta: 电动车控制器.png -> GR_PwUil...
[2026-03-21 20:22:26] 📋   [INFO]   生成 meta: 破轮胎.png -> DQPQQdkh...
[2026-03-21 20:22:26] 📋   [INFO]   生成 meta: 碳纤维车架.png -> FF-SoZz8...
[2026-03-21 20:22:26] 📋   [INFO]   生成 meta: 碳纤维车身面板.png -> GSiL-a_9...
[2026-03-21 20:22:26] 📋   [INFO]   生成 meta: 碳陶刹车盘.png -> De0OsW30...
[2026-03-21 20:22:26] 📋   [INFO]   生成 meta: 自动驾驶传感器套件.png -> AI4zwQHJ...
[2026-03-21 20:22:26] 📋   [INFO]   生成 meta: 自动驾驶计算平台.png -> FdS0KV03...
[2026-03-21 20:22:26] 📋   [INFO]   生成 meta: 赛车方向盘.png -> AzJDGSwu...
[2026-03-21 20:22:26] 📋   [INFO]   生成 meta: 锈蚀链条.png -> F9XkYQDH...
[2026-03-21 20:22:26] 📋   [INFO]   生成 meta: 飞行汽车原型引擎.png -> GAcSAYYM...
[2026-03-21 20:22:26] 📋   [INFO]   生成 meta: ASML光刻机核心组件.png -> CussAXSj...
[2026-03-21 20:22:26] 📋   [INFO]   生成 meta: 人形机器人原型.png -> D_KzEbbt...
[2026-03-21 20:22:26] 📋   [INFO]   生成 meta: 光刻机镜组模块.png -> BgEOSQeR...
[2026-03-21 20:22:26] 📋   [INFO]   生成 meta: 六轴工业机械臂.png -> GQWvIfTG...
[2026-03-21 20:22:26] 📋   [INFO]   生成 meta: 协作机器人控制柜.png -> Htj-KXGL...
[2026-03-21 20:22:26] 📋   [INFO]   生成 meta: 小型CNC主轴.png -> Akk6efK2...
[2026-03-21 20:22:26] 📋   [INFO]   生成 meta: 小型气缸.png -> EDzqiRwB...
[2026-03-21 20:22:26] 📋   [INFO]   生成 meta: 小型液压缸.png -> BPq7iaN1...
[2026-03-21 20:22:26] 📋   [INFO]   生成 meta: 工业视觉相机.png -> DoghcSCb...
[2026-03-21 20:22:26] 📋   [INFO]   生成 meta: 废弃传感器.png -> AuGj-eu4...
[2026-03-21 20:22:27] 📋   [INFO]   生成 meta: 废弃电路板.png -> AH_MQSOR...
[2026-03-21 20:22:27] 📋   [INFO]   生成 meta: 废齿轮组.png -> HAvLwQZT...
[2026-03-21 20:22:27] 📋   [INFO]   生成 meta: 断裂传动带.png -> GmXvWbPx...
[2026-03-21 20:22:27] 📋   [INFO]   生成 meta: 旧PLC控制器.png -> BAReeRZP...
[2026-03-21 20:22:27] 📋   [INFO]   生成 meta: 旧伺服驱动器.png -> EV2c2TWr...
[2026-03-21 20:22:27] 📋   [INFO]   生成 meta: 旧减速器.png -> BQc3gbBa...
[2026-03-21 20:22:27] 📋   [INFO]   生成 meta: 旧工具箱.png -> GsjZiXrZ...
[2026-03-21 20:22:27] 📋   [INFO]   生成 meta: 旧散热风扇.png -> Dt6sERN6...
[2026-03-21 20:22:27] 📋   [INFO]   生成 meta: 旧电机外壳.png -> GFnR6cAt...
[2026-03-21 20:22:27] 📋   [INFO]   生成 meta: 旧线缆束.png -> Ar20cbfg...
[2026-03-21 20:22:27] 📋   [INFO]   生成 meta: 机械臂关节模组.png -> Gzagic3g...
[2026-03-21 20:22:27] 📋   [INFO]   生成 meta: 步进电机.png -> GMQdYdzJ...
[2026-03-21 20:22:27] 📋   [INFO]   生成 meta: 激光切割头.png -> HdTaUUFq...
[2026-03-21 20:22:27] 📋   [INFO]   生成 meta: 精密坐标测量仪.png -> FljwoXb4...
[2026-03-21 20:22:27] 📋   [INFO]   生成 meta: 精密导轨.png -> GDmlGfgN...
[2026-03-21 20:22:27] 📋   [INFO]   生成 meta: 精密谐波减速机.png -> DXc6WVfP...
[2026-03-21 20:22:27] 📋   [INFO]   生成 meta: 锈蚀弹簧组.png -> GLKNuc-X...
[2026-03-21 20:22:27] 📋   [INFO]   生成 meta: 锈蚀轴承.png -> CJGDgRh3...
[2026-03-21 20:22:27] 📋   [INFO]   生成 meta: 高精度3D打印机.png -> FTQ-IXXi...
[2026-03-21 20:22:27] 📋   [INFO]   生成 meta: 坏智能手环.png -> FTCxcdUR...
[2026-03-21 20:22:27] 📋   [INFO]   生成 meta: 旧蓝牙戒指.png -> DusZAc-v...
[2026-03-21 20:22:27] 📋   [INFO]   生成 meta: 稀土金属样品套装.png -> GsPz6TqB...
[2026-03-21 20:22:27] 📋   [INFO]   生成 meta: 钛合金表壳.png -> DZ2zgbou...
[2026-03-21 20:22:27] 📋   [INFO]   生成 meta: 铂金催化剂样品.png -> D13tuTXT...
[2026-03-21 20:22:27] 📋   [INFO]   生成 meta: 铱金坩埚.png -> GaWeYa2W...
[2026-03-21 20:22:27] 📋   [INFO]   生成 meta: AI训练显卡.png -> D-YyoQrj...
[2026-03-21 20:22:27] 📋   [INFO]   生成 meta: 二手VR头显.png -> AlepEfMn...
[2026-03-21 20:22:27] 📋   [INFO]   生成 meta: 二手机械键盘.png -> EcGcEepX...
[2026-03-21 20:22:27] 📋   [INFO]   生成 meta: 企业级交换机.png -> CA6GQcxS...
[2026-03-21 20:22:27] 📋   [INFO]   生成 meta: 坏路由器.png -> EcApAT3J...
[2026-03-21 20:22:27] 📋   [INFO]   生成 meta: 定制AI芯片.png -> E7JpCfXf...
[2026-03-21 20:22:27] 📋   [INFO]   生成 meta: 旧USB集线器.png -> FeEOwf-r...
[2026-03-21 20:22:27] 📋   [INFO]   生成 meta: 旧充电头.png -> BcsLUbTm...
[2026-03-21 20:22:27] 📋   [INFO]   生成 meta: 旧平板电脑.png -> DADNUS6x...
[2026-03-21 20:22:27] 📋   [INFO]   生成 meta: 旧无人机.png -> FqRkYTHn...
[2026-03-21 20:22:27] 📋   [INFO]   生成 meta: 旧无线耳机.png -> Gzi0cXYr...
[2026-03-21 20:22:27] 📋   [INFO]   生成 meta: 旧智能音箱.png -> C7gnidTy...
[2026-03-21 20:22:27] 📋   [INFO]   生成 meta: 服务器机柜(满配).png -> HpvIgUVg...
[2026-03-21 20:22:27] 📋   [INFO]   生成 meta: 碎屏手机.png -> H4XAATXg...
[2026-03-21 20:22:27] 📋   [INFO]   生成 meta: 量子计算处理器原型.png -> E5E0Mb4S...
[2026-03-21 20:22:27] 📋   [INFO]   生成 meta: LED动态艺术装置.png -> B2BUiYxs...
[2026-03-21 20:22:27] 📋   [INFO]   生成 meta: 当代艺术家签名版画.png -> GYC7uc1V...
[2026-03-21 20:22:27] 📋   [INFO]   生成 meta: 旧海报.png -> G7-IGa2j...
[2026-03-21 20:22:27] 📋   [INFO]   生成 meta: 旧画框.png -> FoQ7KWru...
[2026-03-21 20:22:27] 📋   [INFO]   生成 meta: 概念艺术画册.png -> CCfv8W43...
[2026-03-21 20:22:27] 📋   [INFO]   生成 meta: 残缺手办.png -> Bp_X4T0T...
[2026-03-21 20:22:27] 📋   [INFO]   生成 meta: 现代抽象油画.png -> HO8NsZfg...
[2026-03-21 20:22:27] 📋   [INFO]   生成 meta: 知名艺术家雕塑.png -> BOujOe1P...
[2026-03-21 20:22:27] 📋   [INFO]   生成 meta: 碎马赛克片.png -> BOFb2YBl...
[2026-03-21 20:22:27] 📋   [INFO]   生成 meta: 设计师台灯.png -> AzsQoZxD...
[2026-03-21 20:22:27] 📋   [INFO]   生成 meta: 设计师限量摆件.png -> BWcuMUfJ...
[2026-03-21 20:22:27] 📋   [INFO]   扫描目录: ../scripts (prefix: ../scripts)
[2026-03-21 20:22:27] 📋   [INFO]   发现资源: 942 个
[2026-03-21 20:22:27] 📋   [INFO]   完成 (7.74s)
[2026-03-21 20:22:27] 📋   [INFO] [5/13] 处理配置文件运行时变体...
[2026-03-21 20:22:27] 📋   [INFO]   处理配置文件运行时变体: settings.json
[2026-03-21 20:22:27] 📋   [INFO]     UUID: FiU5KSoyQiGlA6fMBhu0kw, hash: 82e0a33f
[2026-03-21 20:22:27] 📋   [INFO]     自动添加 #config 到 preload_groups
[2026-03-21 20:22:27] 📋   [INFO]   完成 (0.01s)
[2026-03-21 20:22:27] 📋   [INFO] [6/13] 解析别名...
[2026-03-21 20:22:27] 📋   [INFO]   解析别名: 0 个
[2026-03-21 20:22:27] 📋   [INFO]   完成 (0.00s)
[2026-03-21 20:22:27] 📋   [INFO] [7/13] 分配分组...
[2026-03-21 20:22:27] 📋   [INFO]   添加远端资源: 1223 个
[2026-03-21 20:22:27] 📋   [INFO]   分组完成，总资源: 2166 个
[2026-03-21 20:22:27] 📋   [INFO]   完成 (0.01s)
[2026-03-21 20:22:27] 📋   [INFO] [8/13] 展开引用...
[2026-03-21 20:22:27] 📋   [INFO]   递归收集 uuid:// 和 alias:// 引用...（全量模式（兼容旧二进制））
[2026-03-21 20:22:27] 📋   [INFO]   #blocking 组: 909 个阻塞类型资源
[2026-03-21 20:22:27] 📋   [INFO]   完成 (0.13s)
[2026-03-21 20:22:27] 📋   [INFO] [9/13] 资产烘焙...
[2026-03-21 20:22:27] 📋   [INFO]   使用 AssetsCooking: /home/Maker/.sce/build/AssetsCooking
[2026-03-21 20:22:27] 📋   [INFO]   发现 848 个纹理文件
[2026-03-21 20:22:27] 📋   [INFO]   生成 tasks.json: 848 个任务
[2026-03-21 20:22:27] 📋   [WARN]     压缩失败 [CvKRKYtwyjzOOO31ienSusIU_8ed8aad9@ios]: Skipped due to cooking limit
[2026-03-21 20:22:27] 📋   [WARN]     压缩失败 [CvKRKYtwyjzOOO31ienSusIU_8ed8aad9@android]: Skipped due to cooking limit
[2026-03-21 20:22:27] 📋   [WARN]     压缩失败 [CvKRKYtwyjzOOO31ienSusIU_8ed8aad9@windows]: Skipped due to cooking limit
[2026-03-21 20:22:27] 📋   [WARN]     压缩失败 [HIlEsfu2Exg448-4gFIOlK3D_8c0b5b86@ios]: Skipped due to cooking limit
[2026-03-21 20:22:27] 📋   [WARN]     压缩失败 [HIlEsfu2Exg448-4gFIOlK3D_8c0b5b86@android]: Skipped due to cooking limit
[2026-03-21 20:22:27] 📋   [WARN]     压缩失败 [HIlEsfu2Exg448-4gFIOlK3D_8c0b5b86@windows]: Skipped due to cooking limit
[2026-03-21 20:22:27] 📋   [WARN]     压缩失败 [APQQWVU-LY1-F50BMJneVHfc_0d6913b7@ios]: Skipped due to cooking limit
[2026-03-21 20:22:27] 📋   [WARN]     压缩失败 [APQQWVU-LY1-F50BMJneVHfc_0d6913b7@android]: Skipped due to cooking limit
[2026-03-21 20:22:27] 📋   [WARN]     压缩失败 [APQQWVU-LY1-F50BMJneVHfc_0d6913b7@windows]: Skipped due to cooking limit
[2026-03-21 20:22:27] 📋   [WARN]     压缩失败 [ANkp0YIlgaLU2cuELLDPNpp9_e5a4f8b1@ios]: Skipped due to cooking limit
[2026-03-21 20:22:27] 📋   [WARN]     压缩失败 [ANkp0YIlgaLU2cuELLDPNpp9_e5a4f8b1@android]: Skipped due to cooking limit
[2026-03-21 20:22:27] 📋   [WARN]     压缩失败 [ANkp0YIlgaLU2cuELLDPNpp9_e5a4f8b1@windows]: Skipped due to cooking limit
[2026-03-21 20:22:27] 📋   [WARN]     压缩失败 [HBEZ4d8ylKrKJLfpdkPApznL_9872481d@ios]: Skipped due to cooking limit
[2026-03-21 20:22:27] 📋   [WARN]     压缩失败 [HBEZ4d8ylKrKJLfpdkPApznL_9872481d@android]: Skipped due to cooking limit
[2026-03-21 20:22:27] 📋   [WARN]     压缩失败 [HBEZ4d8ylKrKJLfpdkPApznL_9872481d@windows]: Skipped due to cooking limit
[2026-03-21 20:22:27] 📋   [WARN]     压缩失败 [GFK5AYdU-FVoA7S0-XrTf8rG_7fe5a571@ios]: Skipped due to cooking limit
[2026-03-21 20:22:27] 📋   [WARN]     压缩失败 [GFK5AYdU-FVoA7S0-XrTf8rG_7fe5a571@android]: Skipped due to cooking limit
[2026-03-21 20:22:27] 📋   [WARN]     压缩失败 [GFK5AYdU-FVoA7S0-XrTf8rG_7fe5a571@windows]: Skipped due to cooking limit
[2026-03-21 20:22:27] 📋   [WARN]     压缩失败 [H-roSWAno4KNdBCNzbb1NItG_b24aa35f@ios]: Skipped due to cooking limit
[2026-03-21 20:22:27] 📋   [WARN]     压缩失败 [H-roSWAno4KNdBCNzbb1NItG_b24aa35f@android]: Skipped due to cooking limit
[2026-03-21 20:22:27] 📋   [WARN]     压缩失败 [H-roSWAno4KNdBCNzbb1NItG_b24aa35f@windows]: Skipped due to cooking limit
[2026-03-21 20:22:27] 📋   [WARN]     压缩失败 [AeY7CZRY5PmxSeuDn8RtofLd_d909d5f4@ios]: Skipped due to cooking limit
[2026-03-21 20:22:27] 📋   [WARN]     压缩失败 [AeY7CZRY5PmxSeuDn8RtofLd_d909d5f4@android]: Skipped due to cooking limit
[2026-03-21 20:22:27] 📋   [WARN]     压缩失败 [AeY7CZRY5PmxSeuDn8RtofLd_d909d5f4@windows]: Skipped due to cooking limit
[2026-03-21 20:22:27] 📋   [WARN]     压缩失败 [BOUDcWAou8IuP_NJItKwpWLq_5eb289a2@ios]: Skipped due to cooking limit
[2026-03-21 20:22:27] 📋   [WARN]     压缩失败 [BOUDcWAou8IuP_NJItKwpWLq_5eb289a2@android]: Skipped due to cooking limit
[2026-03-21 20:22:27] 📋   [WARN]     压缩失败 [BOUDcWAou8IuP_NJItKwpWLq_5eb289a2@windows]: Skipped due to cooking limit
[2026-03-21 20:22:27] 📋   [WARN]     压缩失败 [EXaTmY7G2l7HlXRUxtZyK0qd_b44f41fc@ios]: Skipped due to cooking limit
[2026-03-21 20:22:27] 📋   [WARN]     压缩失败 [EXaTmY7G2l7HlXRUxtZyK0qd_b44f41fc@android]: Skipped due to cooking limit
[2026-03-21 20:22:27] 📋   [WARN]     压缩失败 [EXaTmY7G2l7HlXRUxtZyK0qd_b44f41fc@windows]: Skipped due to cooking limit
[2026-03-21 20:22:27] 📋   [WARN]     压缩失败 [Ggzwaf4mhHzfjsVFljLORI4I_5b47dd60@ios]: Skipped due to cooking limit
[2026-03-21 20:22:27] 📋   [WARN]     压缩失败 [Ggzwaf4mhHzfjsVFljLORI4I_5b47dd60@android]: Skipped due to cooking limit
[2026-03-21 20:22:27] 📋   [WARN]     压缩失败 [Ggzwaf4mhHzfjsVFljLORI4I_5b47dd60@windows]: Skipped due to cooking limit
[2026-03-21 20:22:27] 📋   [WARN]     压缩失败 [BYqtYQY2wHW1DWvcjJj2cXIM_9962cc46@ios]: Skipped due to cooking limit
[2026-03-21 20:22:27] 📋   [WARN]     压缩失败 [BYqtYQY2wHW1DWvcjJj2cXIM_9962cc46@android]: Skipped due to cooking limit
[2026-03-21 20:22:27] 📋   [WARN]     压缩失败 [BYqtYQY2wHW1DWvcjJj2cXIM_9962cc46@windows]: Skipped due to cooking limit
[2026-03-21 20:22:27] 📋   [WARN]     压缩失败 [CLkYuSRV6DeeZM-1TW9SAcyu_4c723e44@ios]: Skipped due to cooking limit
[2026-03-21 20:22:27] 📋   [WARN]     压缩失败 [CLkYuSRV6DeeZM-1TW9SAcyu_4c723e44@android]: Skipped due to cooking limit
[2026-03-21 20:22:27] 📋   [WARN]     压缩失败 [CLkYuSRV6DeeZM-1TW9SAcyu_4c723e44@windows]: Skipped due to cooking limit
[2026-03-21 20:22:27] 📋   [WARN]     压缩失败 [A0zhse_b93NQztC7Mdtp3iUs_92ada3af@ios]: Skipped due to cooking limit
[2026-03-21 20:22:27] 📋   [WARN]     压缩失败 [A0zhse_b93NQztC7Mdtp3iUs_92ada3af@android]: Skipped due to cooking limit
[2026-03-21 20:22:27] 📋   [WARN]     压缩失败 [A0zhse_b93NQztC7Mdtp3iUs_92ada3af@windows]: Skipped due to cooking limit
[2026-03-21 20:22:27] 📋   [WARN]     压缩失败 [Ds7_oVpru2KB4-x7pBPXWL2x_c9d308db@ios]: Skipped due to cooking limit
[2026-03-21 20:22:27] 📋   [WARN]     压缩失败 [Ds7_oVpru2KB4-x7pBPXWL2x_c9d308db@android]: Skipped due to cooking limit
[2026-03-21 20:22:27] 📋   [WARN]     压缩失败 [Ds7_oVpru2KB4-x7pBPXWL2x_c9d308db@windows]: Skipped due to cooking limit
[2026-03-21 20:22:27] 📋   [WARN]     压缩失败 [FwXmmfIqMAxtP0J2V9Lyl95C_549903ba@ios]: Skipped due to cooking limit
[2026-03-21 20:22:27] 📋   [WARN]     压缩失败 [FwXmmfIqMAxtP0J2V9Lyl95C_549903ba@android]: Skipped due to cooking limit
[2026-03-21 20:22:27] 📋   [WARN]     压缩失败 [FwXmmfIqMAxtP0J2V9Lyl95C_549903ba@windows]: Skipped due to cooking limit
[2026-03-21 20:22:27] 📋   [WARN]     压缩失败 [Akw9eZlpLWiSUZv8eSg6v-ku_9b255b77@ios]: Skipped due to cooking limit
[2026-03-21 20:22:27] 📋   [WARN]     压缩失败 [Akw9eZlpLWiSUZv8eSg6v-ku_9b255b77@android]: Skipped due to cooking limit
[2026-03-21 20:22:27] 📋   [WARN]     压缩失败 [Akw9eZlpLWiSUZv8eSg6v-ku_9b255b77@windows]: Skipped due to cooking limit
[2026-03-21 20:22:27] 📋   [WARN]     压缩失败 [BtIA8W6gMUn927FCdHZbGEG6_c78205f9@ios]: Skipped due to cooking limit
[2026-03-21 20:22:27] 📋   [WARN]     压缩失败 [BtIA8W6gMUn927FCdHZbGEG6_c78205f9@android]: Skipped due to cooking limit
[2026-03-21 20:22:27] 📋   [WARN]     压缩失败 [BtIA8W6gMUn927FCdHZbGEG6_c78205f9@windows]: Skipped due to cooking limit
[2026-03-21 20:22:27] 📋   [WARN]     压缩失败 [CkEZ0fDnEaT_gS-OCKDvtTli_71d6aef6@ios]: Skipped due to cooking limit
[2026-03-21 20:22:27] 📋   [WARN]     压缩失败 [CkEZ0fDnEaT_gS-OCKDvtTli_71d6aef6@android]: Skipped due to cooking limit
[2026-03-21 20:22:27] 📋   [WARN]     压缩失败 [CkEZ0fDnEaT_gS-OCKDvtTli_71d6aef6@windows]: Skipped due to cooking limit
[2026-03-21 20:22:27] 📋   [WARN]     压缩失败 [DiJ34cX4f_Ct1LWjVy7ojtdv_e7b7b06f@ios]: Skipped due to cooking limit
[2026-03-21 20:22:27] 📋   [WARN]     压缩失败 [DiJ34cX4f_Ct1LWjVy7ojtdv_e7b7b06f@android]: Skipped due to cooking limit
[2026-03-21 20:22:27] 📋   [WARN]     压缩失败 [DiJ34cX4f_Ct1LWjVy7ojtdv_e7b7b06f@windows]: Skipped due to cooking limit
[2026-03-21 20:22:27] 📋   [WARN]     压缩失败 [AWo6IVVc_xMkKyRYz7LrBZog_1a65b94c@ios]: Skipped due to cooking limit
[2026-03-21 20:22:27] 📋   [WARN]     压缩失败 [AWo6IVVc_xMkKyRYz7LrBZog_1a65b94c@android]: Skipped due to cooking limit
[2026-03-21 20:22:27] 📋   [WARN]     压缩失败 [AWo6IVVc_xMkKyRYz7LrBZog_1a65b94c@windows]: Skipped due to cooking limit
[2026-03-21 20:22:27] 📋   [WARN]     压缩失败 [Bd05SUWK_9MwrR52W1PW4klH_dcc11304@ios]: Skipped due to cooking limit
[2026-03-21 20:22:27] 📋   [WARN]     压缩失败 [Bd05SUWK_9MwrR52W1PW4klH_dcc11304@android]: Skipped due to cooking limit
[2026-03-21 20:22:27] 📋   [WARN]     压缩失败 [Bd05SUWK_9MwrR52W1PW4klH_dcc11304@windows]: Skipped due to cooking limit
[2026-03-21 20:22:27] 📋   [WARN]     压缩失败 [CjhMCV8ZgUnYpQXPfn6g-mIn_a4d03b34@ios]: Skipped due to cooking limit
[2026-03-21 20:22:27] 📋   [WARN]     压缩失败 [CjhMCV8ZgUnYpQXPfn6g-mIn_a4d03b34@android]: Skipped due to cooking limit
[2026-03-21 20:22:27] 📋   [WARN]     压缩失败 [CjhMCV8ZgUnYpQXPfn6g-mIn_a4d03b34@windows]: Skipped due to cooking limit
[2026-03-21 20:22:27] 📋   [WARN]     压缩失败 [Gf99ecPg3fSdIuLqg1t4tTp7_7f5e60b6@ios]: Skipped due to cooking limit
[2026-03-21 20:22:27] 📋   [WARN]     压缩失败 [Gf99ecPg3fSdIuLqg1t4tTp7_7f5e60b6@android]: Skipped due to cooking limit
[2026-03-21 20:22:27] 📋   [WARN]     压缩失败 [Gf99ecPg3fSdIuLqg1t4tTp7_7f5e60b6@windows]: Skipped due to cooking limit
[2026-03-21 20:22:27] 📋   [WARN]     压缩失败 [Grk-sQ4OUbHrVMzjGmQYx0zr_09086aba@ios]: Skipped due to cooking limit
[2026-03-21 20:22:27] 📋   [WARN]     压缩失败 [Grk-sQ4OUbHrVMzjGmQYx0zr_09086aba@android]: Skipped due to cooking limit
[2026-03-21 20:22:27] 📋   [WARN]     压缩失败 [Grk-sQ4OUbHrVMzjGmQYx0zr_09086aba@windows]: Skipped due to cooking limit
[2026-03-21 20:22:27] 📋   [WARN]     压缩失败 [HdX4IQIv3hRGL3qpeVAik-b1_4bab2220@ios]: Skipped due to cooking limit
[2026-03-21 20:22:27] 📋   [WARN]     压缩失败 [HdX4IQIv3hRGL3qpeVAik-b1_4bab2220@android]: Skipped due to cooking limit
[2026-03-21 20:22:27] 📋   [WARN]     压缩失败 [HdX4IQIv3hRGL3qpeVAik-b1_4bab2220@windows]: Skipped due to cooking limit
[2026-03-21 20:22:27] 📋   [WARN]     压缩失败 [CvYn8cbW4sHUxHu90nw-U15g_e2bd7bdb@ios]: Skipped due to cooking limit
[2026-03-21 20:22:27] 📋   [WARN]     压缩失败 [CvYn8cbW4sHUxHu90nw-U15g_e2bd7bdb@android]: Skipped due to cooking limit
[2026-03-21 20:22:27] 📋   [WARN]     压缩失败 [CvYn8cbW4sHUxHu90nw-U15g_e2bd7bdb@windows]: Skipped due to cooking limit
[2026-03-21 20:22:27] 📋   [WARN]     压缩失败 [A-kG2QR2SqZR5-aAkpr3QXaX_725bb6ca@ios]: Skipped due to cooking limit
[2026-03-21 20:22:27] 📋   [WARN]     压缩失败 [A-kG2QR2SqZR5-aAkpr3QXaX_725bb6ca@android]: Skipped due to cooking limit
[2026-03-21 20:22:27] 📋   [WARN]     压缩失败 [A-kG2QR2SqZR5-aAkpr3QXaX_725bb6ca@windows]: Skipped due to cooking limit
[2026-03-21 20:22:27] 📋   [WARN]     压缩失败 [Grz_Yb8dg2q3zMtpiUmXNLv6_2d831589@ios]: Skipped due to cooking limit
[2026-03-21 20:22:27] 📋   [WARN]     压缩失败 [Grz_Yb8dg2q3zMtpiUmXNLv6_2d831589@android]: Skipped due to cooking limit
[2026-03-21 20:22:27] 📋   [WARN]     压缩失败 [Grz_Yb8dg2q3zMtpiUmXNLv6_2d831589@windows]: Skipped due to cooking limit
[2026-03-21 20:22:27] 📋   [WARN]     压缩失败 [Czn_uTx9IFTYYO1SXBpc2wbf_12b6468e@ios]: Skipped due to cooking limit
[2026-03-21 20:22:27] 📋   [WARN]     压缩失败 [Czn_uTx9IFTYYO1SXBpc2wbf_12b6468e@android]: Skipped due to cooking limit
[2026-03-21 20:22:27] 📋   [WARN]     压缩失败 [Czn_uTx9IFTYYO1SXBpc2wbf_12b6468e@windows]: Skipped due to cooking limit
[2026-03-21 20:22:27] 📋   [WARN]     压缩失败 [Hy8Hmb2VdA5XzpHtN5KTSyk9_7235e1af@ios]: Skipped due to cooking limit
[2026-03-21 20:22:27] 📋   [WARN]     压缩失败 [Hy8Hmb2VdA5XzpHtN5KTSyk9_7235e1af@android]: Skipped due to cooking limit
[2026-03-21 20:22:27] 📋   [WARN]     压缩失败 [Hy8Hmb2VdA5XzpHtN5KTSyk9_7235e1af@windows]: Skipped due to cooking limit
[2026-03-21 20:22:27] 📋   [WARN]     压缩失败 [GM7xuT3v9g0Pa081xlW4Deka_5046496d@ios]: Skipped due to cooking limit
[2026-03-21 20:22:27] 📋   [WARN]     压缩失败 [GM7xuT3v9g0Pa081xlW4Deka_5046496d@android]: Skipped due to cooking limit
[2026-03-21 20:22:27] 📋   [WARN]     压缩失败 [GM7xuT3v9g0Pa081xlW4Deka_5046496d@windows]: Skipped due to cooking limit
[2026-03-21 20:22:27] 📋   [WARN]     压缩失败 [GMrbgb36H34T49-CKUUmgkk__597b6513@ios]: Skipped due to cooking limit
[2026-03-21 20:22:27] 📋   [WARN]     压缩失败 [GMrbgb36H34T49-CKUUmgkk__597b6513@android]: Skipped due to cooking limit
[2026-03-21 20:22:27] 📋   [WARN]     压缩失败 [GMrbgb36H34T49-CKUUmgkk__597b6513@windows]: Skipped due to cooking limit
[2026-03-21 20:22:27] 📋   [WARN]     压缩失败 [GeeEUSikWhpKd-H4qTRY12T8_9fe9e9d0@ios]: Skipped due to cooking limit
[2026-03-21 20:22:27] 📋   [WARN]     压缩失败 [GeeEUSikWhpKd-H4qTRY12T8_9fe9e9d0@android]: Skipped due to cooking limit
[2026-03-21 20:22:27] 📋   [WARN]     压缩失败 [GeeEUSikWhpKd-H4qTRY12T8_9fe9e9d0@windows]: Skipped due to cooking limit
[2026-03-21 20:22:27] 📋   [WARN]     压缩失败 [EpVD0XgxelrOFEVFnrKfRcmF_559222e2@ios]: Skipped due to cooking limit
[2026-03-21 20:22:27] 📋   [WARN]     压缩失败 [EpVD0XgxelrOFEVFnrKfRcmF_559222e2@android]: Skipped due to cooking limit
[2026-03-21 20:22:27] 📋   [WARN]     压缩失败 [EpVD0XgxelrOFEVFnrKfRcmF_559222e2@windows]: Skipped due to cooking limit
[2026-03-21 20:22:27] 📋   [WARN]     压缩失败 [HN_DQRekpiLWkgrJcp-G1j3x_dfe4db6e@ios]: Skipped due to cooking limit
[2026-03-21 20:22:27] 📋   [WARN]     压缩失败 [HN_DQRekpiLWkgrJcp-G1j3x_dfe4db6e@android]: Skipped due to cooking limit
[2026-03-21 20:22:27] 📋   [WARN]     压缩失败 [HN_DQRekpiLWkgrJcp-G1j3x_dfe4db6e@windows]: Skipped due to cooking limit
[2026-03-21 20:22:27] 📋   [WARN]     压缩失败 [BWD1cWBG3Jfb8YlnkmC-RUhG_65a08655@ios]: Skipped due to cooking limit
[2026-03-21 20:22:27] 📋   [WARN]     压缩失败 [BWD1cWBG3Jfb8YlnkmC-RUhG_65a08655@android]: Skipped due to cooking limit
[2026-03-21 20:22:27] 📋   [WARN]     压缩失败 [BWD1cWBG3Jfb8YlnkmC-RUhG_65a08655@windows]: Skipped due to cooking limit
[2026-03-21 20:22:27] 📋   [WARN]     压缩失败 [HuFWuTmxgszrk1WHDkhCtffO_c471144b@ios]: Skipped due to cooking limit
[2026-03-21 20:22:27] 📋   [WARN]     压缩失败 [HuFWuTmxgszrk1WHDkhCtffO_c471144b@android]: Skipped due to cooking limit
[2026-03-21 20:22:27] 📋   [WARN]     压缩失败 [HuFWuTmxgszrk1WHDkhCtffO_c471144b@windows]: Skipped due to cooking limit
[2026-03-21 20:22:27] 📋   [WARN]     压缩失败 [FR4-eeIVrzHbRw7h17CeLUsU_2982dcdb@ios]: Skipped due to cooking limit
[2026-03-21 20:22:27] 📋   [WARN]     压缩失败 [FR4-eeIVrzHbRw7h17CeLUsU_2982dcdb@android]: Skipped due to cooking limit
[2026-03-21 20:22:27] 📋   [WARN]     压缩失败 [FR4-eeIVrzHbRw7h17CeLUsU_2982dcdb@windows]: Skipped due to cooking limit
[2026-03-21 20:22:27] 📋   [WARN]     压缩失败 [AstM6cmk83fQwRNG2ovy09In_3145810d@ios]: Skipped due to cooking limit
[2026-03-21 20:22:27] 📋   [WARN]     压缩失败 [AstM6cmk83fQwRNG2ovy09In_3145810d@android]: Skipped due to cooking limit
[2026-03-21 20:22:27] 📋   [WARN]     压缩失败 [AstM6cmk83fQwRNG2ovy09In_3145810d@windows]: Skipped due to cooking limit
[2026-03-21 20:22:27] 📋   [WARN]     压缩失败 [AoxzOYzXPlwehbENLU6SZFd8_b4d3d16b@ios]: Skipped due to cooking limit
[2026-03-21 20:22:27] 📋   [WARN]     压缩失败 [AoxzOYzXPlwehbENLU6SZFd8_b4d3d16b@android]: Skipped due to cooking limit
[2026-03-21 20:22:27] 📋   [WARN]     压缩失败 [AoxzOYzXPlwehbENLU6SZFd8_b4d3d16b@windows]: Skipped due to cooking limit
[2026-03-21 20:22:27] 📋   [WARN]     压缩失败 [HmKx8Q9qJBG1aEYyPnky2ReT_d9ef641d@ios]: Skipped due to cooking limit
[2026-03-21 20:22:27] 📋   [WARN]     压缩失败 [HmKx8Q9qJBG1aEYyPnky2ReT_d9ef641d@android]: Skipped due to cooking limit
[2026-03-21 20:22:27] 📋   [WARN]     压缩失败 [HmKx8Q9qJBG1aEYyPnky2ReT_d9ef641d@windows]: Skipped due to cooking limit
[2026-03-21 20:22:27] 📋   [WARN]     压缩失败 [E0EPeeKLt93RwDxMVwTpEhxY_ef513992@ios]: Skipped due to cooking limit
[2026-03-21 20:22:27] 📋   [WARN]     压缩失败 [E0EPeeKLt93RwDxMVwTpEhxY_ef513992@android]: Skipped due to cooking limit
[2026-03-21 20:22:27] 📋   [WARN]     压缩失败 [E0EPeeKLt93RwDxMVwTpEhxY_ef513992@windows]: Skipped due to cooking limit
[2026-03-21 20:22:27] 📋   [WARN]     压缩失败 [FSChAaKI60ufgErBIbKMWBVp_bbb32b37@ios]: Skipped due to cooking limit
[2026-03-21 20:22:27] 📋   [WARN]     压缩失败 [FSChAaKI60ufgErBIbKMWBVp_bbb32b37@android]: Skipped due to cooking limit
[2026-03-21 20:22:27] 📋   [WARN]     压缩失败 [FSChAaKI60ufgErBIbKMWBVp_bbb32b37@windows]: Skipped due to cooking limit
[2026-03-21 20:22:27] 📋   [WARN]     压缩失败 [AJaoWWAs2v-futCOi5UUSVSD_340ccab1@ios]: Skipped due to cooking limit
[2026-03-21 20:22:27] 📋   [WARN]     压缩失败 [AJaoWWAs2v-futCOi5UUSVSD_340ccab1@android]: Skipped due to cooking limit
[2026-03-21 20:22:27] 📋   [WARN]     压缩失败 [AJaoWWAs2v-futCOi5UUSVSD_340ccab1@windows]: Skipped due to cooking limit
[2026-03-21 20:22:27] 📋   [WARN]     压缩失败 [Bhfn8YERtNDV1_CWoMCXNcvC_18c98f84@ios]: Skipped due to cooking limit
[2026-03-21 20:22:27] 📋   [WARN]     压缩失败 [Bhfn8YERtNDV1_CWoMCXNcvC_18c98f84@android]: Skipped due to cooking limit
[2026-03-21 20:22:27] 📋   [WARN]     压缩失败 [Bhfn8YERtNDV1_CWoMCXNcvC_18c98f84@windows]: Skipped due to cooking limit
[2026-03-21 20:22:27] 📋   [WARN]     压缩失败 [Cd9FAXyMuf3B6yJqr29r1oj-_5d3f229d@ios]: Skipped due to cooking limit
[2026-03-21 20:22:27] 📋   [WARN]     压缩失败 [Cd9FAXyMuf3B6yJqr29r1oj-_5d3f229d@android]: Skipped due to cooking limit
[2026-03-21 20:22:27] 📋   [WARN]     压缩失败 [Cd9FAXyMuf3B6yJqr29r1oj-_5d3f229d@windows]: Skipped due to cooking limit
[2026-03-21 20:22:27] 📋   [WARN]     压缩失败 [GzYLMcs4y5WpZea7OSLcqZBx_6023586e@ios]: Skipped due to cooking limit
[2026-03-21 20:22:27] 📋   [WARN]     压缩失败 [GzYLMcs4y5WpZea7OSLcqZBx_6023586e@android]: Skipped due to cooking limit
[2026-03-21 20:22:27] 📋   [WARN]     压缩失败 [GzYLMcs4y5WpZea7OSLcqZBx_6023586e@windows]: Skipped due to cooking limit
[2026-03-21 20:22:27] 📋   [WARN]     压缩失败 [GgVNUXdOVkkiJ_PPrCYkJ4uY_590383b4@ios]: Skipped due to cooking limit
[2026-03-21 20:22:27] 📋   [WARN]     压缩失败 [GgVNUXdOVkkiJ_PPrCYkJ4uY_590383b4@android]: Skipped due to cooking limit
[2026-03-21 20:22:27] 📋   [WARN]     压缩失败 [GgVNUXdOVkkiJ_PPrCYkJ4uY_590383b4@windows]: Skipped due to cooking limit
[2026-03-21 20:22:27] 📋   [WARN]     压缩失败 [BUfewZ9yzkcUuFd9KgZqwo43_3b668345@ios]: Skipped due to cooking limit
[2026-03-21 20:22:27] 📋   [WARN]     压缩失败 [BUfewZ9yzkcUuFd9KgZqwo43_3b668345@android]: Skipped due to cooking limit
[2026-03-21 20:22:27] 📋   [WARN]     压缩失败 [BUfewZ9yzkcUuFd9KgZqwo43_3b668345@windows]: Skipped due to cooking limit
[2026-03-21 20:22:27] 📋   [WARN]     压缩失败 [AOppYRw5RMFlqn0MtADvTUeJ_57d080f9@ios]: Skipped due to cooking limit
[2026-03-21 20:22:27] 📋   [WARN]     压缩失败 [AOppYRw5RMFlqn0MtADvTUeJ_57d080f9@android]: Skipped due to cooking limit
[2026-03-21 20:22:27] 📋   [WARN]     压缩失败 [AOppYRw5RMFlqn0MtADvTUeJ_57d080f9@windows]: Skipped due to cooking limit
[2026-03-21 20:22:27] 📋   [WARN]     压缩失败 [EzEVCSvLlnp4HhJrj80RnQde_a7bdbc72@ios]: Skipped due to cooking limit
[2026-03-21 20:22:27] 📋   [WARN]     压缩失败 [EzEVCSvLlnp4HhJrj80RnQde_a7bdbc72@android]: Skipped due to cooking limit
[2026-03-21 20:22:27] 📋   [WARN]     压缩失败 [EzEVCSvLlnp4HhJrj80RnQde_a7bdbc72@windows]: Skipped due to cooking limit
[2026-03-21 20:22:27] 📋   [WARN]     压缩失败 [Extwib3QEcBgxfh8WYbT_6rJ_bd80826b@ios]: Skipped due to cooking limit
[2026-03-21 20:22:27] 📋   [WARN]     压缩失败 [Extwib3QEcBgxfh8WYbT_6rJ_bd80826b@android]: Skipped due to cooking limit
[2026-03-21 20:22:28] 📋   [WARN]     压缩失败 [Extwib3QEcBgxfh8WYbT_6rJ_bd80826b@windows]: Skipped due to cooking limit
[2026-03-21 20:22:28] 📋   [WARN]     压缩失败 [FFf5Uew-r_PhTAMXIuoRWy4r_f8294850@ios]: Skipped due to cooking limit
[2026-03-21 20:22:28] 📋   [WARN]     压缩失败 [FFf5Uew-r_PhTAMXIuoRWy4r_f8294850@android]: Skipped due to cooking limit
[2026-03-21 20:22:28] 📋   [WARN]     压缩失败 [FFf5Uew-r_PhTAMXIuoRWy4r_f8294850@windows]: Skipped due to cooking limit
[2026-03-21 20:22:28] 📋   [WARN]     压缩失败 [Ai_4UXe7U3ejVwUqP12PTrBy_1b56e2b2@ios]: Skipped due to cooking limit
[2026-03-21 20:22:28] 📋   [WARN]     压缩失败 [Ai_4UXe7U3ejVwUqP12PTrBy_1b56e2b2@android]: Skipped due to cooking limit
[2026-03-21 20:22:28] 📋   [WARN]     压缩失败 [Ai_4UXe7U3ejVwUqP12PTrBy_1b56e2b2@windows]: Skipped due to cooking limit
[2026-03-21 20:22:28] 📋   [WARN]     压缩失败 [BvvCgeVB2YJkK3TOEVq73RlE_33e4f2c5@ios]: Skipped due to cooking limit
[2026-03-21 20:22:28] 📋   [WARN]     压缩失败 [BvvCgeVB2YJkK3TOEVq73RlE_33e4f2c5@android]: Skipped due to cooking limit
[2026-03-21 20:22:28] 📋   [WARN]     压缩失败 [BvvCgeVB2YJkK3TOEVq73RlE_33e4f2c5@windows]: Skipped due to cooking limit
[2026-03-21 20:22:28] 📋   [WARN]     压缩失败 [Gf9hKeSUPQVuWJ5c3qTKPQQB_966b7d02@ios]: Skipped due to cooking limit
[2026-03-21 20:22:28] 📋   [WARN]     压缩失败 [Gf9hKeSUPQVuWJ5c3qTKPQQB_966b7d02@android]: Skipped due to cooking limit
[2026-03-21 20:22:28] 📋   [WARN]     压缩失败 [Gf9hKeSUPQVuWJ5c3qTKPQQB_966b7d02@windows]: Skipped due to cooking limit
[2026-03-21 20:22:28] 📋   [WARN]     压缩失败 [HoK3Qet01pbXufUGUsOYRb4c_0342a9be@ios]: Skipped due to cooking limit
[2026-03-21 20:22:28] 📋   [WARN]     压缩失败 [HoK3Qet01pbXufUGUsOYRb4c_0342a9be@android]: Skipped due to cooking limit
[2026-03-21 20:22:28] 📋   [WARN]     压缩失败 [HoK3Qet01pbXufUGUsOYRb4c_0342a9be@windows]: Skipped due to cooking limit
[2026-03-21 20:22:28] 📋   [WARN]     压缩失败 [D0-bARnjcPA2HpNv49xX0ZK9_21064053@ios]: Skipped due to cooking limit
[2026-03-21 20:22:28] 📋   [WARN]     压缩失败 [D0-bARnjcPA2HpNv49xX0ZK9_21064053@android]: Skipped due to cooking limit
[2026-03-21 20:22:28] 📋   [WARN]     压缩失败 [D0-bARnjcPA2HpNv49xX0ZK9_21064053@windows]: Skipped due to cooking limit
[2026-03-21 20:22:28] 📋   [WARN]     压缩失败 [Gx9jkekhk-U-cGUDsIrvWI7T_f25d93ac@ios]: Skipped due to cooking limit
[2026-03-21 20:22:28] 📋   [WARN]     压缩失败 [Gx9jkekhk-U-cGUDsIrvWI7T_f25d93ac@android]: Skipped due to cooking limit
[2026-03-21 20:22:28] 📋   [WARN]     压缩失败 [Gx9jkekhk-U-cGUDsIrvWI7T_f25d93ac@windows]: Skipped due to cooking limit
[2026-03-21 20:22:28] 📋   [WARN]     压缩失败 [HcIZYXMoSdKhd7p4t8nnK5JS_4cc08c98@ios]: Skipped due to cooking limit
[2026-03-21 20:22:28] 📋   [WARN]     压缩失败 [HcIZYXMoSdKhd7p4t8nnK5JS_4cc08c98@android]: Skipped due to cooking limit
[2026-03-21 20:22:28] 📋   [WARN]     压缩失败 [HcIZYXMoSdKhd7p4t8nnK5JS_4cc08c98@windows]: Skipped due to cooking limit
[2026-03-21 20:22:28] 📋   [WARN]     压缩失败 [DPo8wQ_NAsZ4O23duOFWjqEZ_a97546f0@ios]: Skipped due to cooking limit
[2026-03-21 20:22:28] 📋   [WARN]     压缩失败 [DPo8wQ_NAsZ4O23duOFWjqEZ_a97546f0@android]: Skipped due to cooking limit
[2026-03-21 20:22:28] 📋   [WARN]     压缩失败 [DPo8wQ_NAsZ4O23duOFWjqEZ_a97546f0@windows]: Skipped due to cooking limit
[2026-03-21 20:22:28] 📋   [WARN]     压缩失败 [BMc0cfqvS6HyOKwmSfb_uknq_594a0872@ios]: Skipped due to cooking limit
[2026-03-21 20:22:28] 📋   [WARN]     压缩失败 [BMc0cfqvS6HyOKwmSfb_uknq_594a0872@android]: Skipped due to cooking limit
[2026-03-21 20:22:28] 📋   [WARN]     压缩失败 [BMc0cfqvS6HyOKwmSfb_uknq_594a0872@windows]: Skipped due to cooking limit
[2026-03-21 20:22:28] 📋   [WARN]     压缩失败 [AO9mmaTBnvcCBTcrbJVPi9_p_21ba4fcb@ios]: Skipped due to cooking limit
[2026-03-21 20:22:28] 📋   [WARN]     压缩失败 [AO9mmaTBnvcCBTcrbJVPi9_p_21ba4fcb@android]: Skipped due to cooking limit
[2026-03-21 20:22:28] 📋   [WARN]     压缩失败 [AO9mmaTBnvcCBTcrbJVPi9_p_21ba4fcb@windows]: Skipped due to cooking limit
[2026-03-21 20:22:28] 📋   [WARN]     压缩失败 [EXYYSZoFDSa-LjI7llzjzzTG_c314bb4f@ios]: Skipped due to cooking limit
[2026-03-21 20:22:28] 📋   [WARN]     压缩失败 [EXYYSZoFDSa-LjI7llzjzzTG_c314bb4f@android]: Skipped due to cooking limit
[2026-03-21 20:22:28] 📋   [WARN]     压缩失败 [EXYYSZoFDSa-LjI7llzjzzTG_c314bb4f@windows]: Skipped due to cooking limit
[2026-03-21 20:22:28] 📋   [WARN]     压缩失败 [EznhAUgHfcUKEKAWJR5YrWoU_68d142d1@ios]: Skipped due to cooking limit
[2026-03-21 20:22:28] 📋   [WARN]     压缩失败 [EznhAUgHfcUKEKAWJR5YrWoU_68d142d1@android]: Skipped due to cooking limit
[2026-03-21 20:22:28] 📋   [WARN]     压缩失败 [EznhAUgHfcUKEKAWJR5YrWoU_68d142d1@windows]: Skipped due to cooking limit
[2026-03-21 20:22:28] 📋   [WARN]     压缩失败 [AVBC8XjGMHIocOEPq77epKMY_89fba469@ios]: Skipped due to cooking limit
[2026-03-21 20:22:28] 📋   [WARN]     压缩失败 [AVBC8XjGMHIocOEPq77epKMY_89fba469@android]: Skipped due to cooking limit
[2026-03-21 20:22:28] 📋   [WARN]     压缩失败 [AVBC8XjGMHIocOEPq77epKMY_89fba469@windows]: Skipped due to cooking limit
[2026-03-21 20:22:28] 📋   [WARN]     压缩失败 [AxpYWdPhE2p5GGQylli4yNzf_33b69d55@ios]: Skipped due to cooking limit
[2026-03-21 20:22:28] 📋   [WARN]     压缩失败 [AxpYWdPhE2p5GGQylli4yNzf_33b69d55@android]: Skipped due to cooking limit
[2026-03-21 20:22:28] 📋   [WARN]     压缩失败 [AxpYWdPhE2p5GGQylli4yNzf_33b69d55@windows]: Skipped due to cooking limit
[2026-03-21 20:22:28] 📋   [WARN]     压缩失败 [HbtDSR102nK-TWImHrylfvly_0c7eafdc@ios]: Skipped due to cooking limit
[2026-03-21 20:22:28] 📋   [WARN]     压缩失败 [HbtDSR102nK-TWImHrylfvly_0c7eafdc@android]: Skipped due to cooking limit
[2026-03-21 20:22:28] 📋   [WARN]     压缩失败 [HbtDSR102nK-TWImHrylfvly_0c7eafdc@windows]: Skipped due to cooking limit
[2026-03-21 20:22:28] 📋   [WARN]     压缩失败 [AKtmmfqg_Gwbplum-KYj51wZ_00af71fb@ios]: Skipped due to cooking limit
[2026-03-21 20:22:28] 📋   [WARN]     压缩失败 [AKtmmfqg_Gwbplum-KYj51wZ_00af71fb@android]: Skipped due to cooking limit
[2026-03-21 20:22:28] 📋   [WARN]     压缩失败 [AKtmmfqg_Gwbplum-KYj51wZ_00af71fb@windows]: Skipped due to cooking limit
[2026-03-21 20:22:28] 📋   [WARN]     压缩失败 [CHJ88YyNgptJMMuQLfct4yF0_0f708604@ios]: Skipped due to cooking limit
[2026-03-21 20:22:28] 📋   [WARN]     压缩失败 [CHJ88YyNgptJMMuQLfct4yF0_0f708604@android]: Skipped due to cooking limit
[2026-03-21 20:22:28] 📋   [WARN]     压缩失败 [CHJ88YyNgptJMMuQLfct4yF0_0f708604@windows]: Skipped due to cooking limit
[2026-03-21 20:22:28] 📋   [WARN]     压缩失败 [AVp2cWm5cvA5VnnFRhCmEZdS_6390f720@ios]: Skipped due to cooking limit
[2026-03-21 20:22:28] 📋   [WARN]     压缩失败 [AVp2cWm5cvA5VnnFRhCmEZdS_6390f720@android]: Skipped due to cooking limit
[2026-03-21 20:22:28] 📋   [WARN]     压缩失败 [AVp2cWm5cvA5VnnFRhCmEZdS_6390f720@windows]: Skipped due to cooking limit
[2026-03-21 20:22:28] 📋   [WARN]     压缩失败 [FSsNCWGojaPkT11e9kui-Xez_26eb121c@ios]: Skipped due to cooking limit
[2026-03-21 20:22:28] 📋   [WARN]     压缩失败 [FSsNCWGojaPkT11e9kui-Xez_26eb121c@android]: Skipped due to cooking limit
[2026-03-21 20:22:28] 📋   [WARN]     压缩失败 [FSsNCWGojaPkT11e9kui-Xez_26eb121c@windows]: Skipped due to cooking limit
[2026-03-21 20:22:28] 📋   [WARN]     压缩失败 [AxvDMRZu_zgo4c69slTKV_hH_8bb74301@ios]: Skipped due to cooking limit
[2026-03-21 20:22:28] 📋   [WARN]     压缩失败 [AxvDMRZu_zgo4c69slTKV_hH_8bb74301@android]: Skipped due to cooking limit
[2026-03-21 20:22:28] 📋   [WARN]     压缩失败 [AxvDMRZu_zgo4c69slTKV_hH_8bb74301@windows]: Skipped due to cooking limit
[2026-03-21 20:22:28] 📋   [WARN]     压缩失败 [F-LnwVo19kje7KkjC510_Idy_318ec690@ios]: Skipped due to cooking limit
[2026-03-21 20:22:28] 📋   [WARN]     压缩失败 [F-LnwVo19kje7KkjC510_Idy_318ec690@android]: Skipped due to cooking limit
[2026-03-21 20:22:28] 📋   [WARN]     压缩失败 [F-LnwVo19kje7KkjC510_Idy_318ec690@windows]: Skipped due to cooking limit
[2026-03-21 20:22:28] 📋   [WARN]     压缩失败 [F10TiXWVIpRy5lzs6BDaaqkV_cbbdb7f6@ios]: Skipped due to cooking limit
[2026-03-21 20:22:28] 📋   [WARN]     压缩失败 [F10TiXWVIpRy5lzs6BDaaqkV_cbbdb7f6@android]: Skipped due to cooking limit
[2026-03-21 20:22:28] 📋   [WARN]     压缩失败 [F10TiXWVIpRy5lzs6BDaaqkV_cbbdb7f6@windows]: Skipped due to cooking limit
[2026-03-21 20:22:28] 📋   [WARN]     压缩失败 [E18C6RKhAcwt_mdzmE6RgPu0_581f1ee4@ios]: Skipped due to cooking limit
[2026-03-21 20:22:28] 📋   [WARN]     压缩失败 [E18C6RKhAcwt_mdzmE6RgPu0_581f1ee4@android]: Skipped due to cooking limit
[2026-03-21 20:22:28] 📋   [WARN]     压缩失败 [E18C6RKhAcwt_mdzmE6RgPu0_581f1ee4@windows]: Skipped due to cooking limit
[2026-03-21 20:22:28] 📋   [WARN]     压缩失败 [ERoxkSeuaQMaGy7wuNcl688y_bd4977c5@ios]: Skipped due to cooking limit
[2026-03-21 20:22:28] 📋   [WARN]     压缩失败 [ERoxkSeuaQMaGy7wuNcl688y_bd4977c5@android]: Skipped due to cooking limit
[2026-03-21 20:22:28] 📋   [WARN]     压缩失败 [ERoxkSeuaQMaGy7wuNcl688y_bd4977c5@windows]: Skipped due to cooking limit
[2026-03-21 20:22:28] 📋   [WARN]     压缩失败 [AqQycUCov8yMsbRe1pN7Xwpl_20101298@ios]: Skipped due to cooking limit
[2026-03-21 20:22:28] 📋   [WARN]     压缩失败 [AqQycUCov8yMsbRe1pN7Xwpl_20101298@android]: Skipped due to cooking limit
[2026-03-21 20:22:28] 📋   [WARN]     压缩失败 [AqQycUCov8yMsbRe1pN7Xwpl_20101298@windows]: Skipped due to cooking limit
[2026-03-21 20:22:28] 📋   [WARN]     压缩失败 [Byw1eY-fWW1D0mUBLazDe0g4_7039d1e8@ios]: Skipped due to cooking limit
[2026-03-21 20:22:28] 📋   [WARN]     压缩失败 [Byw1eY-fWW1D0mUBLazDe0g4_7039d1e8@android]: Skipped due to cooking limit
[2026-03-21 20:22:28] 📋   [WARN]     压缩失败 [Byw1eY-fWW1D0mUBLazDe0g4_7039d1e8@windows]: Skipped due to cooking limit
[2026-03-21 20:22:28] 📋   [WARN]     压缩失败 [GmA-SWy3ny-EhwKYLwVilIsx_6ebe5e2b@ios]: Skipped due to cooking limit
[2026-03-21 20:22:28] 📋   [WARN]     压缩失败 [GmA-SWy3ny-EhwKYLwVilIsx_6ebe5e2b@android]: Skipped due to cooking limit
[2026-03-21 20:22:28] 📋   [WARN]     压缩失败 [GmA-SWy3ny-EhwKYLwVilIsx_6ebe5e2b@windows]: Skipped due to cooking limit
[2026-03-21 20:22:28] 📋   [WARN]     压缩失败 [D8AS-ZcUwipMdTtTQ9futoUb_c417551d@ios]: Skipped due to cooking limit
[2026-03-21 20:22:28] 📋   [WARN]     压缩失败 [D8AS-ZcUwipMdTtTQ9futoUb_c417551d@android]: Skipped due to cooking limit
[2026-03-21 20:22:28] 📋   [WARN]     压缩失败 [D8AS-ZcUwipMdTtTQ9futoUb_c417551d@windows]: Skipped due to cooking limit
[2026-03-21 20:22:28] 📋   [WARN]     压缩失败 [EEpMKdXqYJ3IqA2Eog-1xqMG_eb0b579e@ios]: Skipped due to cooking limit
[2026-03-21 20:22:28] 📋   [WARN]     压缩失败 [EEpMKdXqYJ3IqA2Eog-1xqMG_eb0b579e@android]: Skipped due to cooking limit
[2026-03-21 20:22:28] 📋   [WARN]     压缩失败 [EEpMKdXqYJ3IqA2Eog-1xqMG_eb0b579e@windows]: Skipped due to cooking limit
[2026-03-21 20:22:28] 📋   [WARN]     压缩失败 [BVdUQddrFONRbbFDD7T4cpTg_b52fedba@ios]: Skipped due to cooking limit
[2026-03-21 20:22:28] 📋   [WARN]     压缩失败 [BVdUQddrFONRbbFDD7T4cpTg_b52fedba@android]: Skipped due to cooking limit
[2026-03-21 20:22:28] 📋   [WARN]     压缩失败 [BVdUQddrFONRbbFDD7T4cpTg_b52fedba@windows]: Skipped due to cooking limit
[2026-03-21 20:22:28] 📋   [WARN]     压缩失败 [GkDNQbFho4CSJv7Xr7U9UgW7_0db40a6f@ios]: Skipped due to cooking limit
[2026-03-21 20:22:28] 📋   [WARN]     压缩失败 [GkDNQbFho4CSJv7Xr7U9UgW7_0db40a6f@android]: Skipped due to cooking limit
[2026-03-21 20:22:28] 📋   [WARN]     压缩失败 [GkDNQbFho4CSJv7Xr7U9UgW7_0db40a6f@windows]: Skipped due to cooking limit
[2026-03-21 20:22:28] 📋   [WARN]     压缩失败 [GI1O-ZzAH37Ar-xq4ZvXjzvA_b243406d@ios]: Skipped due to cooking limit
[2026-03-21 20:22:28] 📋   [WARN]     压缩失败 [GI1O-ZzAH37Ar-xq4ZvXjzvA_b243406d@android]: Skipped due to cooking limit
[2026-03-21 20:22:28] 📋   [WARN]     压缩失败 [GI1O-ZzAH37Ar-xq4ZvXjzvA_b243406d@windows]: Skipped due to cooking limit
[2026-03-21 20:22:28] 📋   [WARN]     压缩失败 [DbxTYULGhCJpxxPqNlL7BR7D_0a772be3@ios]: Skipped due to cooking limit
[2026-03-21 20:22:28] 📋   [WARN]     压缩失败 [DbxTYULGhCJpxxPqNlL7BR7D_0a772be3@android]: Skipped due to cooking limit
[2026-03-21 20:22:28] 📋   [WARN]     压缩失败 [DbxTYULGhCJpxxPqNlL7BR7D_0a772be3@windows]: Skipped due to cooking limit
[2026-03-21 20:22:28] 📋   [WARN]     压缩失败 [FijigV_4Ta4covGpGkZHY8bZ_5427af3e@ios]: Skipped due to cooking limit
[2026-03-21 20:22:28] 📋   [WARN]     压缩失败 [FijigV_4Ta4covGpGkZHY8bZ_5427af3e@android]: Skipped due to cooking limit
[2026-03-21 20:22:28] 📋   [WARN]     压缩失败 [FijigV_4Ta4covGpGkZHY8bZ_5427af3e@windows]: Skipped due to cooking limit
[2026-03-21 20:22:28] 📋   [WARN]     压缩失败 [GWAewcdU9JuZrkMYpF_Y2ftK_14abba10@ios]: Skipped due to cooking limit
[2026-03-21 20:22:28] 📋   [WARN]     压缩失败 [GWAewcdU9JuZrkMYpF_Y2ftK_14abba10@android]: Skipped due to cooking limit
[2026-03-21 20:22:28] 📋   [WARN]     压缩失败 [GWAewcdU9JuZrkMYpF_Y2ftK_14abba10@windows]: Skipped due to cooking limit
[2026-03-21 20:22:28] 📋   [WARN]     压缩失败 [BzvnMY1ilmEO9cOCJD9g0Hre_f8343a4f@ios]: Skipped due to cooking limit
[2026-03-21 20:22:28] 📋   [WARN]     压缩失败 [BzvnMY1ilmEO9cOCJD9g0Hre_f8343a4f@android]: Skipped due to cooking limit
[2026-03-21 20:22:28] 📋   [WARN]     压缩失败 [BzvnMY1ilmEO9cOCJD9g0Hre_f8343a4f@windows]: Skipped due to cooking limit
[2026-03-21 20:22:28] 📋   [WARN]     压缩失败 [FkG0QXckDyaUAKn7WYd-Qjtw_d10abb50@ios]: Skipped due to cooking limit
[2026-03-21 20:22:28] 📋   [WARN]     压缩失败 [FkG0QXckDyaUAKn7WYd-Qjtw_d10abb50@android]: Skipped due to cooking limit
[2026-03-21 20:22:28] 📋   [WARN]     压缩失败 [FkG0QXckDyaUAKn7WYd-Qjtw_d10abb50@windows]: Skipped due to cooking limit
[2026-03-21 20:22:28] 📋   [WARN]     压缩失败 [EzNdgcOYhfa4blqpqFgrXdzk_40b71dae@ios]: Skipped due to cooking limit
[2026-03-21 20:22:28] 📋   [WARN]     压缩失败 [EzNdgcOYhfa4blqpqFgrXdzk_40b71dae@android]: Skipped due to cooking limit
[2026-03-21 20:22:28] 📋   [WARN]     压缩失败 [EzNdgcOYhfa4blqpqFgrXdzk_40b71dae@windows]: Skipped due to cooking limit
[2026-03-21 20:22:28] 📋   [WARN]     压缩失败 [Gycbuf4g0Jkuu0qReCTPX6DC_4dba4e51@ios]: Skipped due to cooking limit
[2026-03-21 20:22:28] 📋   [WARN]     压缩失败 [Gycbuf4g0Jkuu0qReCTPX6DC_4dba4e51@android]: Skipped due to cooking limit
[2026-03-21 20:22:28] 📋   [WARN]     压缩失败 [Gycbuf4g0Jkuu0qReCTPX6DC_4dba4e51@windows]: Skipped due to cooking limit
[2026-03-21 20:22:28] 📋   [WARN]     压缩失败 [Aj8a-QsRpJqN_6UydLVT6MBG_9431f8e7@ios]: Skipped due to cooking limit
[2026-03-21 20:22:28] 📋   [WARN]     压缩失败 [Aj8a-QsRpJqN_6UydLVT6MBG_9431f8e7@android]: Skipped due to cooking limit
[2026-03-21 20:22:28] 📋   [WARN]     压缩失败 [Aj8a-QsRpJqN_6UydLVT6MBG_9431f8e7@windows]: Skipped due to cooking limit
[2026-03-21 20:22:28] 📋   [WARN]     压缩失败 [CGeVWcmWSxewu-NMtUhXM9Lk_2bcb1f59@ios]: Skipped due to cooking limit
[2026-03-21 20:22:28] 📋   [WARN]     压缩失败 [CGeVWcmWSxewu-NMtUhXM9Lk_2bcb1f59@android]: Skipped due to cooking limit
[2026-03-21 20:22:28] 📋   [WARN]     压缩失败 [CGeVWcmWSxewu-NMtUhXM9Lk_2bcb1f59@windows]: Skipped due to cooking limit
[2026-03-21 20:22:28] 📋   [WARN]     压缩失败 [A_NN8U-kwJluytbgQ5JaRBPV_625db325@ios]: Skipped due to cooking limit
[2026-03-21 20:22:28] 📋   [WARN]     压缩失败 [A_NN8U-kwJluytbgQ5JaRBPV_625db325@android]: Skipped due to cooking limit
[2026-03-21 20:22:28] 📋   [WARN]     压缩失败 [A_NN8U-kwJluytbgQ5JaRBPV_625db325@windows]: Skipped due to cooking limit
[2026-03-21 20:22:28] 📋   [WARN]     压缩失败 [G_SoySCPS9SMohaPEC6y8l0n_9af6f2f8@ios]: Skipped due to cooking limit
[2026-03-21 20:22:28] 📋   [WARN]     压缩失败 [G_SoySCPS9SMohaPEC6y8l0n_9af6f2f8@android]: Skipped due to cooking limit
[2026-03-21 20:22:28] 📋   [WARN]     压缩失败 [G_SoySCPS9SMohaPEC6y8l0n_9af6f2f8@windows]: Skipped due to cooking limit
[2026-03-21 20:22:28] 📋   [WARN]     压缩失败 [BKNbCcC3OOt1GaUA-f5fxUOq_76494a69@ios]: Skipped due to cooking limit
[2026-03-21 20:22:28] 📋   [WARN]     压缩失败 [BKNbCcC3OOt1GaUA-f5fxUOq_76494a69@android]: Skipped due to cooking limit
[2026-03-21 20:22:28] 📋   [WARN]     压缩失败 [BKNbCcC3OOt1GaUA-f5fxUOq_76494a69@windows]: Skipped due to cooking limit
[2026-03-21 20:22:28] 📋   [WARN]     压缩失败 [CPB2WbJztTVELqAAp_WFwNag_4d5a2ffb@ios]: Skipped due to cooking limit
[2026-03-21 20:22:28] 📋   [WARN]     压缩失败 [CPB2WbJztTVELqAAp_WFwNag_4d5a2ffb@android]: Skipped due to cooking limit
[2026-03-21 20:22:28] 📋   [WARN]     压缩失败 [CPB2WbJztTVELqAAp_WFwNag_4d5a2ffb@windows]: Skipped due to cooking limit
[2026-03-21 20:22:28] 📋   [WARN]     压缩失败 [EreYUbMb7htHyzPbzDk9dWeX_0aec0442@ios]: Skipped due to cooking limit
[2026-03-21 20:22:28] 📋   [WARN]     压缩失败 [EreYUbMb7htHyzPbzDk9dWeX_0aec0442@android]: Skipped due to cooking limit
[2026-03-21 20:22:28] 📋   [WARN]     压缩失败 [EreYUbMb7htHyzPbzDk9dWeX_0aec0442@windows]: Skipped due to cooking limit
[2026-03-21 20:22:28] 📋   [WARN]     压缩失败 [GpnrgXa1aoEnUaQp1326X4Ml_3f5fb8f8@ios]: Skipped due to cooking limit
[2026-03-21 20:22:28] 📋   [WARN]     压缩失败 [GpnrgXa1aoEnUaQp1326X4Ml_3f5fb8f8@android]: Skipped due to cooking limit
[2026-03-21 20:22:28] 📋   [WARN]     压缩失败 [GpnrgXa1aoEnUaQp1326X4Ml_3f5fb8f8@windows]: Skipped due to cooking limit
[2026-03-21 20:22:28] 📋   [WARN]     压缩失败 [Cp59GWVUE7ge2DY6S6wCmwwr_dface37d@ios]: Skipped due to cooking limit
[2026-03-21 20:22:28] 📋   [WARN]     压缩失败 [Cp59GWVUE7ge2DY6S6wCmwwr_dface37d@android]: Skipped due to cooking limit
[2026-03-21 20:22:28] 📋   [WARN]     压缩失败 [Cp59GWVUE7ge2DY6S6wCmwwr_dface37d@windows]: Skipped due to cooking limit
[2026-03-21 20:22:28] 📋   [WARN]     压缩失败 [HDLb-ZzpnfrvwCP2tc7etHAf_08d86581@ios]: Skipped due to cooking limit
[2026-03-21 20:22:28] 📋   [WARN]     压缩失败 [HDLb-ZzpnfrvwCP2tc7etHAf_08d86581@android]: Skipped due to cooking limit
[2026-03-21 20:22:28] 📋   [WARN]     压缩失败 [HDLb-ZzpnfrvwCP2tc7etHAf_08d86581@windows]: Skipped due to cooking limit
[2026-03-21 20:22:28] 📋   [WARN]     压缩失败 [EVAPcaw4wqMQKspfLcM2N95Z_bbd426af@ios]: Skipped due to cooking limit
[2026-03-21 20:22:28] 📋   [WARN]     压缩失败 [EVAPcaw4wqMQKspfLcM2N95Z_bbd426af@android]: Skipped due to cooking limit
[2026-03-21 20:22:28] 📋   [WARN]     压缩失败 [EVAPcaw4wqMQKspfLcM2N95Z_bbd426af@windows]: Skipped due to cooking limit
[2026-03-21 20:22:28] 📋   [WARN]     压缩失败 [A8TnqW88kf49bcKAkyizhcJY_4ac68800@ios]: Skipped due to cooking limit
[2026-03-21 20:22:28] 📋   [WARN]     压缩失败 [A8TnqW88kf49bcKAkyizhcJY_4ac68800@android]: Skipped due to cooking limit
[2026-03-21 20:22:28] 📋   [WARN]     压缩失败 [A8TnqW88kf49bcKAkyizhcJY_4ac68800@windows]: Skipped due to cooking limit
[2026-03-21 20:22:28] 📋   [WARN]     压缩失败 [Es5emQda38V5-Lsc4y7tP5_o_4b64864b@ios]: Skipped due to cooking limit
[2026-03-21 20:22:28] 📋   [WARN]     压缩失败 [Es5emQda38V5-Lsc4y7tP5_o_4b64864b@android]: Skipped due to cooking limit
[2026-03-21 20:22:28] 📋   [WARN]     压缩失败 [Es5emQda38V5-Lsc4y7tP5_o_4b64864b@windows]: Skipped due to cooking limit
[2026-03-21 20:22:28] 📋   [WARN]     压缩失败 [AGnbIabGytC6asfDEPc1ipIn_63278ca9@ios]: Skipped due to cooking limit
[2026-03-21 20:22:28] 📋   [WARN]     压缩失败 [AGnbIabGytC6asfDEPc1ipIn_63278ca9@android]: Skipped due to cooking limit
[2026-03-21 20:22:28] 📋   [WARN]     压缩失败 [AGnbIabGytC6asfDEPc1ipIn_63278ca9@windows]: Skipped due to cooking limit
[2026-03-21 20:22:28] 📋   [WARN]     压缩失败 [Fd-U6cKtD3Xw9NY5w8qOSRK4_680e0814@ios]: Skipped due to cooking limit
[2026-03-21 20:22:28] 📋   [WARN]     压缩失败 [Fd-U6cKtD3Xw9NY5w8qOSRK4_680e0814@android]: Skipped due to cooking limit
[2026-03-21 20:22:28] 📋   [WARN]     压缩失败 [Fd-U6cKtD3Xw9NY5w8qOSRK4_680e0814@windows]: Skipped due to cooking limit
[2026-03-21 20:22:28] 📋   [WARN]     压缩失败 [DUxsyduWPSOQer-FU1p_mdwm_29725571@ios]: Skipped due to cooking limit
[2026-03-21 20:22:28] 📋   [WARN]     压缩失败 [DUxsyduWPSOQer-FU1p_mdwm_29725571@android]: Skipped due to cooking limit
[2026-03-21 20:22:28] 📋   [WARN]     压缩失败 [DUxsyduWPSOQer-FU1p_mdwm_29725571@windows]: Skipped due to cooking limit
[2026-03-21 20:22:28] 📋   [WARN]     压缩失败 [AdJISZgh6DU_pq45ziTTdJqq_2ecc7511@ios]: Skipped due to cooking limit
[2026-03-21 20:22:28] 📋   [WARN]     压缩失败 [AdJISZgh6DU_pq45ziTTdJqq_2ecc7511@android]: Skipped due to cooking limit
[2026-03-21 20:22:28] 📋   [WARN]     压缩失败 [AdJISZgh6DU_pq45ziTTdJqq_2ecc7511@windows]: Skipped due to cooking limit
[2026-03-21 20:22:28] 📋   [WARN]     压缩失败 [DNPIWWsBcmFkFpK2jI4TAYjA_d0e5b62d@ios]: Skipped due to cooking limit
[2026-03-21 20:22:28] 📋   [WARN]     压缩失败 [DNPIWWsBcmFkFpK2jI4TAYjA_d0e5b62d@android]: Skipped due to cooking limit
[2026-03-21 20:22:28] 📋   [WARN]     压缩失败 [DNPIWWsBcmFkFpK2jI4TAYjA_d0e5b62d@windows]: Skipped due to cooking limit
[2026-03-21 20:22:28] 📋   [WARN]     压缩失败 [CdHuITBe4RHnqhpgeypWphay_90cbfee2@ios]: Skipped due to cooking limit
[2026-03-21 20:22:28] 📋   [WARN]     压缩失败 [CdHuITBe4RHnqhpgeypWphay_90cbfee2@android]: Skipped due to cooking limit
[2026-03-21 20:22:28] 📋   [WARN]     压缩失败 [CdHuITBe4RHnqhpgeypWphay_90cbfee2@windows]: Skipped due to cooking limit
[2026-03-21 20:22:28] 📋   [WARN]     压缩失败 [B3CSSRQ6wUpCaRwhMkOtkv92_0b307ef5@ios]: Skipped due to cooking limit
[2026-03-21 20:22:28] 📋   [WARN]     压缩失败 [B3CSSRQ6wUpCaRwhMkOtkv92_0b307ef5@android]: Skipped due to cooking limit
[2026-03-21 20:22:28] 📋   [WARN]     压缩失败 [B3CSSRQ6wUpCaRwhMkOtkv92_0b307ef5@windows]: Skipped due to cooking limit
[2026-03-21 20:22:28] 📋   [WARN]     压缩失败 [G3KsmX6gWO37PlmllfNy-3qX_8fcb9826@ios]: Skipped due to cooking limit
[2026-03-21 20:22:28] 📋   [WARN]     压缩失败 [G3KsmX6gWO37PlmllfNy-3qX_8fcb9826@android]: Skipped due to cooking limit
[2026-03-21 20:22:28] 📋   [WARN]     压缩失败 [G3KsmX6gWO37PlmllfNy-3qX_8fcb9826@windows]: Skipped due to cooking limit
[2026-03-21 20:22:28] 📋   [WARN]     压缩失败 [FVYj-ZZx4yrOgyNPqchG3CuC_14df1832@ios]: Skipped due to cooking limit
[2026-03-21 20:22:28] 📋   [WARN]     压缩失败 [FVYj-ZZx4yrOgyNPqchG3CuC_14df1832@android]: Skipped due to cooking limit
[2026-03-21 20:22:28] 📋   [WARN]     压缩失败 [FVYj-ZZx4yrOgyNPqchG3CuC_14df1832@windows]: Skipped due to cooking limit
[2026-03-21 20:22:28] 📋   [WARN]     压缩失败 [BmndYbeuOsfZJ1h5JGyooLH8_93ac9573@ios]: Skipped due to cooking limit
[2026-03-21 20:22:28] 📋   [WARN]     压缩失败 [BmndYbeuOsfZJ1h5JGyooLH8_93ac9573@android]: Skipped due to cooking limit
[2026-03-21 20:22:28] 📋   [WARN]     压缩失败 [BmndYbeuOsfZJ1h5JGyooLH8_93ac9573@windows]: Skipped due to cooking limit
[2026-03-21 20:22:28] 📋   [WARN]     压缩失败 [EYctCSRIrcHG_0zWeRuWHwYr_379e26a4@ios]: Skipped due to cooking limit
[2026-03-21 20:22:28] 📋   [WARN]     压缩失败 [EYctCSRIrcHG_0zWeRuWHwYr_379e26a4@android]: Skipped due to cooking limit
[2026-03-21 20:22:28] 📋   [WARN]     压缩失败 [EYctCSRIrcHG_0zWeRuWHwYr_379e26a4@windows]: Skipped due to cooking limit
[2026-03-21 20:22:28] 📋   [WARN]     压缩失败 [COYjAX5UkrkojB4w-UFFSatp_263b56f4@ios]: Skipped due to cooking limit
[2026-03-21 20:22:28] 📋   [WARN]     压缩失败 [COYjAX5UkrkojB4w-UFFSatp_263b56f4@android]: Skipped due to cooking limit
[2026-03-21 20:22:28] 📋   [WARN]     压缩失败 [COYjAX5UkrkojB4w-UFFSatp_263b56f4@windows]: Skipped due to cooking limit
[2026-03-21 20:22:28] 📋   [WARN]     压缩失败 [Dptj0XTMOhbSAIpMMjKqvg1u_b66791bd@ios]: Skipped due to cooking limit
[2026-03-21 20:22:28] 📋   [WARN]     压缩失败 [Dptj0XTMOhbSAIpMMjKqvg1u_b66791bd@android]: Skipped due to cooking limit
[2026-03-21 20:22:28] 📋   [WARN]     压缩失败 [Dptj0XTMOhbSAIpMMjKqvg1u_b66791bd@windows]: Skipped due to cooking limit
[2026-03-21 20:22:28] 📋   [WARN]     压缩失败 [DAB6yTaHvvNrn5SS1P66vXJL_8a557b2c@ios]: Skipped due to cooking limit
[2026-03-21 20:22:28] 📋   [WARN]     压缩失败 [DAB6yTaHvvNrn5SS1P66vXJL_8a557b2c@android]: Skipped due to cooking limit
[2026-03-21 20:22:28] 📋   [WARN]     压缩失败 [DAB6yTaHvvNrn5SS1P66vXJL_8a557b2c@windows]: Skipped due to cooking limit
[2026-03-21 20:22:28] 📋   [WARN]     压缩失败 [GJxd4Y-GQ5aHd-7eZKXkWytP_b8fcf028@ios]: Skipped due to cooking limit
[2026-03-21 20:22:28] 📋   [WARN]     压缩失败 [GJxd4Y-GQ5aHd-7eZKXkWytP_b8fcf028@android]: Skipped due to cooking limit
[2026-03-21 20:22:28] 📋   [WARN]     压缩失败 [GJxd4Y-GQ5aHd-7eZKXkWytP_b8fcf028@windows]: Skipped due to cooking limit
[2026-03-21 20:22:28] 📋   [WARN]     压缩失败 [FUbUcUQGiVjZhzRPJBVxdAZM_57ea9b45@ios]: Skipped due to cooking limit
[2026-03-21 20:22:28] 📋   [WARN]     压缩失败 [FUbUcUQGiVjZhzRPJBVxdAZM_57ea9b45@android]: Skipped due to cooking limit
[2026-03-21 20:22:28] 📋   [WARN]     压缩失败 [FUbUcUQGiVjZhzRPJBVxdAZM_57ea9b45@windows]: Skipped due to cooking limit
[2026-03-21 20:22:28] 📋   [WARN]     压缩失败 [DsUIWRu1GTt7z0wS_HTZaczo_ea64955c@ios]: Skipped due to cooking limit
[2026-03-21 20:22:28] 📋   [WARN]     压缩失败 [DsUIWRu1GTt7z0wS_HTZaczo_ea64955c@android]: Skipped due to cooking limit
[2026-03-21 20:22:28] 📋   [WARN]     压缩失败 [DsUIWRu1GTt7z0wS_HTZaczo_ea64955c@windows]: Skipped due to cooking limit
[2026-03-21 20:22:28] 📋   [WARN]     压缩失败 [EAgsIZ8xl6mr5dZDN6VZNjTO_d37d2bb7@ios]: Skipped due to cooking limit
[2026-03-21 20:22:28] 📋   [WARN]     压缩失败 [EAgsIZ8xl6mr5dZDN6VZNjTO_d37d2bb7@android]: Skipped due to cooking limit
[2026-03-21 20:22:28] 📋   [WARN]     压缩失败 [EAgsIZ8xl6mr5dZDN6VZNjTO_d37d2bb7@windows]: Skipped due to cooking limit
[2026-03-21 20:22:28] 📋   [WARN]     压缩失败 [ASuUwaTo4q4yCJIKUhxpYxQH_6af55825@ios]: Skipped due to cooking limit
[2026-03-21 20:22:28] 📋   [WARN]     压缩失败 [ASuUwaTo4q4yCJIKUhxpYxQH_6af55825@android]: Skipped due to cooking limit
[2026-03-21 20:22:28] 📋   [WARN]     压缩失败 [ASuUwaTo4q4yCJIKUhxpYxQH_6af55825@windows]: Skipped due to cooking limit
[2026-03-21 20:22:28] 📋   [WARN]     压缩失败 [FACmKS5RjHKee6_zPJQTBK3-_28fe81e3@ios]: Skipped due to cooking limit
[2026-03-21 20:22:28] 📋   [WARN]     压缩失败 [FACmKS5RjHKee6_zPJQTBK3-_28fe81e3@android]: Skipped due to cooking limit
[2026-03-21 20:22:28] 📋   [WARN]     压缩失败 [FACmKS5RjHKee6_zPJQTBK3-_28fe81e3@windows]: Skipped due to cooking limit
[2026-03-21 20:22:28] 📋   [WARN]     压缩失败 [Ayzc4YX3CdkPqyLDkC2Y4Fnz_8e2e14da@ios]: Skipped due to cooking limit
[2026-03-21 20:22:28] 📋   [WARN]     压缩失败 [Ayzc4YX3CdkPqyLDkC2Y4Fnz_8e2e14da@android]: Skipped due to cooking limit
[2026-03-21 20:22:28] 📋   [WARN]     压缩失败 [Ayzc4YX3CdkPqyLDkC2Y4Fnz_8e2e14da@windows]: Skipped due to cooking limit
[2026-03-21 20:22:28] 📋   [WARN]     压缩失败 [EgqmKTeMOzXVKdo5kq2DfWXo_c2c465ee@ios]: Skipped due to cooking limit
[2026-03-21 20:22:28] 📋   [WARN]     压缩失败 [EgqmKTeMOzXVKdo5kq2DfWXo_c2c465ee@android]: Skipped due to cooking limit
[2026-03-21 20:22:28] 📋   [WARN]     压缩失败 [EgqmKTeMOzXVKdo5kq2DfWXo_c2c465ee@windows]: Skipped due to cooking limit
[2026-03-21 20:22:28] 📋   [WARN]     压缩失败 [Fp6w0aoXw0YgVGwve3D3llfA_a4e11cf8@ios]: Skipped due to cooking limit
[2026-03-21 20:22:28] 📋   [WARN]     压缩失败 [Fp6w0aoXw0YgVGwve3D3llfA_a4e11cf8@android]: Skipped due to cooking limit
[2026-03-21 20:22:28] 📋   [WARN]     压缩失败 [Fp6w0aoXw0YgVGwve3D3llfA_a4e11cf8@windows]: Skipped due to cooking limit
[2026-03-21 20:22:28] 📋   [WARN]     压缩失败 [DPR6ucm8HRqhDpRRyInoQYne_5f3278ef@ios]: Skipped due to cooking limit
[2026-03-21 20:22:28] 📋   [WARN]     压缩失败 [DPR6ucm8HRqhDpRRyInoQYne_5f3278ef@android]: Skipped due to cooking limit
[2026-03-21 20:22:28] 📋   [WARN]     压缩失败 [DPR6ucm8HRqhDpRRyInoQYne_5f3278ef@windows]: Skipped due to cooking limit
[2026-03-21 20:22:28] 📋   [WARN]     压缩失败 [CU2kKWawtQTqxiyAwverYmzQ_d0df7330@ios]: Skipped due to cooking limit
[2026-03-21 20:22:28] 📋   [WARN]     压缩失败 [CU2kKWawtQTqxiyAwverYmzQ_d0df7330@android]: Skipped due to cooking limit
[2026-03-21 20:22:28] 📋   [WARN]     压缩失败 [CU2kKWawtQTqxiyAwverYmzQ_d0df7330@windows]: Skipped due to cooking limit
[2026-03-21 20:22:28] 📋   [WARN]     压缩失败 [AAj9-ZwEVQ3RV6l9xf-TCYHQ_b22e9b15@ios]: Skipped due to cooking limit
[2026-03-21 20:22:28] 📋   [WARN]     压缩失败 [AAj9-ZwEVQ3RV6l9xf-TCYHQ_b22e9b15@android]: Skipped due to cooking limit
[2026-03-21 20:22:28] 📋   [WARN]     压缩失败 [AAj9-ZwEVQ3RV6l9xf-TCYHQ_b22e9b15@windows]: Skipped due to cooking limit
[2026-03-21 20:22:28] 📋   [WARN]     压缩失败 [BNCpiQo_uLIZPQXm2NN94a52_6e664abb@ios]: Skipped due to cooking limit
[2026-03-21 20:22:28] 📋   [WARN]     压缩失败 [BNCpiQo_uLIZPQXm2NN94a52_6e664abb@android]: Skipped due to cooking limit
[2026-03-21 20:22:28] 📋   [WARN]     压缩失败 [BNCpiQo_uLIZPQXm2NN94a52_6e664abb@windows]: Skipped due to cooking limit
[2026-03-21 20:22:28] 📋   [WARN]     压缩失败 [DTXS-QjByu5IJHgmtYInibU0_dca67bbb@ios]: Skipped due to cooking limit
[2026-03-21 20:22:28] 📋   [WARN]     压缩失败 [DTXS-QjByu5IJHgmtYInibU0_dca67bbb@android]: Skipped due to cooking limit
[2026-03-21 20:22:28] 📋   [WARN]     压缩失败 [DTXS-QjByu5IJHgmtYInibU0_dca67bbb@windows]: Skipped due to cooking limit
[2026-03-21 20:22:28] 📋   [WARN]     压缩失败 [HodjQR4kpiYx5tJatYcmyDf4_cd6ac2c2@ios]: Skipped due to cooking limit
[2026-03-21 20:22:28] 📋   [WARN]     压缩失败 [HodjQR4kpiYx5tJatYcmyDf4_cd6ac2c2@android]: Skipped due to cooking limit
[2026-03-21 20:22:28] 📋   [WARN]     压缩失败 [HodjQR4kpiYx5tJatYcmyDf4_cd6ac2c2@windows]: Skipped due to cooking limit
[2026-03-21 20:22:28] 📋   [WARN]     压缩失败 [GDvjiYTuk5bqKi8Vvz_BJTsL_6a4e41f0@ios]: Skipped due to cooking limit
[2026-03-21 20:22:28] 📋   [WARN]     压缩失败 [GDvjiYTuk5bqKi8Vvz_BJTsL_6a4e41f0@android]: Skipped due to cooking limit
[2026-03-21 20:22:28] 📋   [WARN]     压缩失败 [GDvjiYTuk5bqKi8Vvz_BJTsL_6a4e41f0@windows]: Skipped due to cooking limit
[2026-03-21 20:22:28] 📋   [WARN]     压缩失败 [DkvuEe9GIQjMSo9BzK41A2o4_11a44d34@ios]: Skipped due to cooking limit
[2026-03-21 20:22:28] 📋   [WARN]     压缩失败 [DkvuEe9GIQjMSo9BzK41A2o4_11a44d34@android]: Skipped due to cooking limit
[2026-03-21 20:22:28] 📋   [WARN]     压缩失败 [DkvuEe9GIQjMSo9BzK41A2o4_11a44d34@windows]: Skipped due to cooking limit
[2026-03-21 20:22:28] 📋   [WARN]     压缩失败 [FAZCuXojKnWGeWF87DvZAezS_fe52cf8f@ios]: Skipped due to cooking limit
[2026-03-21 20:22:28] 📋   [WARN]     压缩失败 [FAZCuXojKnWGeWF87DvZAezS_fe52cf8f@android]: Skipped due to cooking limit
[2026-03-21 20:22:28] 📋   [WARN]     压缩失败 [FAZCuXojKnWGeWF87DvZAezS_fe52cf8f@windows]: Skipped due to cooking limit
[2026-03-21 20:22:28] 📋   [WARN]     压缩失败 [AG90ES5nJTLDL1eF1vxcvNyX_dc399945@ios]: Skipped due to cooking limit
[2026-03-21 20:22:28] 📋   [WARN]     压缩失败 [AG90ES5nJTLDL1eF1vxcvNyX_dc399945@android]: Skipped due to cooking limit
[2026-03-21 20:22:28] 📋   [WARN]     压缩失败 [AG90ES5nJTLDL1eF1vxcvNyX_dc399945@windows]: Skipped due to cooking limit
[2026-03-21 20:22:28] 📋   [WARN]     压缩失败 [D9SHYSDEQ_55qfSknO6JyKDI_fa083be2@ios]: Skipped due to cooking limit
[2026-03-21 20:22:28] 📋   [WARN]     压缩失败 [D9SHYSDEQ_55qfSknO6JyKDI_fa083be2@android]: Skipped due to cooking limit
[2026-03-21 20:22:28] 📋   [WARN]     压缩失败 [D9SHYSDEQ_55qfSknO6JyKDI_fa083be2@windows]: Skipped due to cooking limit
[2026-03-21 20:22:28] 📋   [WARN]     压缩失败 [DcTyUTMa3NA0_vH5XsVKmHcg_a50a40bc@ios]: Skipped due to cooking limit
[2026-03-21 20:22:28] 📋   [WARN]     压缩失败 [DcTyUTMa3NA0_vH5XsVKmHcg_a50a40bc@android]: Skipped due to cooking limit
[2026-03-21 20:22:28] 📋   [WARN]     压缩失败 [DcTyUTMa3NA0_vH5XsVKmHcg_a50a40bc@windows]: Skipped due to cooking limit
[2026-03-21 20:22:28] 📋   [WARN]     压缩失败 [HPdECeQEEo_nRiGmnSXQeeBh_000790e1@ios]: Skipped due to cooking limit
[2026-03-21 20:22:28] 📋   [WARN]     压缩失败 [HPdECeQEEo_nRiGmnSXQeeBh_000790e1@android]: Skipped due to cooking limit
[2026-03-21 20:22:28] 📋   [WARN]     压缩失败 [HPdECeQEEo_nRiGmnSXQeeBh_000790e1@windows]: Skipped due to cooking limit
[2026-03-21 20:22:28] 📋   [WARN]     压缩失败 [CUG8ITnjFn0qptdW9GEg-tHR_bba75ba2@ios]: Skipped due to cooking limit
[2026-03-21 20:22:28] 📋   [WARN]     压缩失败 [CUG8ITnjFn0qptdW9GEg-tHR_bba75ba2@android]: Skipped due to cooking limit
[2026-03-21 20:22:28] 📋   [WARN]     压缩失败 [CUG8ITnjFn0qptdW9GEg-tHR_bba75ba2@windows]: Skipped due to cooking limit
[2026-03-21 20:22:28] 📋   [WARN]     压缩失败 [D_ddEZUOdZ-dHFuGh6iSR0YW_87329f56@ios]: Skipped due to cooking limit
[2026-03-21 20:22:28] 📋   [WARN]     压缩失败 [D_ddEZUOdZ-dHFuGh6iSR0YW_87329f56@android]: Skipped due to cooking limit
[2026-03-21 20:22:28] 📋   [WARN]     压缩失败 [D_ddEZUOdZ-dHFuGh6iSR0YW_87329f56@windows]: Skipped due to cooking limit
[2026-03-21 20:22:28] 📋   [WARN]     压缩失败 [Cn5U2VTDZexQD94MTjCugqXk_48255129@ios]: Skipped due to cooking limit
[2026-03-21 20:22:28] 📋   [WARN]     压缩失败 [Cn5U2VTDZexQD94MTjCugqXk_48255129@android]: Skipped due to cooking limit
[2026-03-21 20:22:28] 📋   [WARN]     压缩失败 [Cn5U2VTDZexQD94MTjCugqXk_48255129@windows]: Skipped due to cooking limit
[2026-03-21 20:22:28] 📋   [WARN]     压缩失败 [FXn0yThpQfLAp4V0HUvCgUSs_20346758@ios]: Skipped due to cooking limit
[2026-03-21 20:22:28] 📋   [WARN]     压缩失败 [FXn0yThpQfLAp4V0HUvCgUSs_20346758@android]: Skipped due to cooking limit
[2026-03-21 20:22:28] 📋   [WARN]     压缩失败 [FXn0yThpQfLAp4V0HUvCgUSs_20346758@windows]: Skipped due to cooking limit
[2026-03-21 20:22:28] 📋   [WARN]     压缩失败 [H5T9Oa_8MyZtthRGWwcieZek_9ffe106a@ios]: Skipped due to cooking limit
[2026-03-21 20:22:28] 📋   [WARN]     压缩失败 [H5T9Oa_8MyZtthRGWwcieZek_9ffe106a@android]: Skipped due to cooking limit
[2026-03-21 20:22:28] 📋   [WARN]     压缩失败 [H5T9Oa_8MyZtthRGWwcieZek_9ffe106a@windows]: Skipped due to cooking limit
[2026-03-21 20:22:28] 📋   [WARN]     压缩失败 [CjnG0boVnuGwKyOYh_YgbM4F_3e0ac164@ios]: Skipped due to cooking limit
[2026-03-21 20:22:28] 📋   [WARN]     压缩失败 [CjnG0boVnuGwKyOYh_YgbM4F_3e0ac164@android]: Skipped due to cooking limit
[2026-03-21 20:22:28] 📋   [WARN]     压缩失败 [CjnG0boVnuGwKyOYh_YgbM4F_3e0ac164@windows]: Skipped due to cooking limit
[2026-03-21 20:22:28] 📋   [WARN]     压缩失败 [Asz9sebcjOLxnPQbSx6VZonA_539f823f@ios]: Skipped due to cooking limit
[2026-03-21 20:22:28] 📋   [WARN]     压缩失败 [Asz9sebcjOLxnPQbSx6VZonA_539f823f@android]: Skipped due to cooking limit
[2026-03-21 20:22:28] 📋   [WARN]     压缩失败 [Asz9sebcjOLxnPQbSx6VZonA_539f823f@windows]: Skipped due to cooking limit
[2026-03-21 20:22:28] 📋   [WARN]     压缩失败 [BL3WaQuCWRYvX-puJWL-zfr1_f092c97b@ios]: Skipped due to cooking limit
[2026-03-21 20:22:28] 📋   [WARN]     压缩失败 [BL3WaQuCWRYvX-puJWL-zfr1_f092c97b@android]: Skipped due to cooking limit
[2026-03-21 20:22:28] 📋   [WARN]     压缩失败 [BL3WaQuCWRYvX-puJWL-zfr1_f092c97b@windows]: Skipped due to cooking limit
[2026-03-21 20:22:28] 📋   [WARN]     压缩失败 [G8guEUL0lSn32wgsaKGOT9cU_fe78c583@ios]: Skipped due to cooking limit
[2026-03-21 20:22:28] 📋   [WARN]     压缩失败 [G8guEUL0lSn32wgsaKGOT9cU_fe78c583@android]: Skipped due to cooking limit
[2026-03-21 20:22:28] 📋   [WARN]     压缩失败 [G8guEUL0lSn32wgsaKGOT9cU_fe78c583@windows]: Skipped due to cooking limit
[2026-03-21 20:22:28] 📋   [WARN]     压缩失败 [HHGpsf17xHIPU6MKmJvt4v_2_611faa92@ios]: Skipped due to cooking limit
[2026-03-21 20:22:28] 📋   [WARN]     压缩失败 [HHGpsf17xHIPU6MKmJvt4v_2_611faa92@android]: Skipped due to cooking limit
[2026-03-21 20:22:28] 📋   [WARN]     压缩失败 [HHGpsf17xHIPU6MKmJvt4v_2_611faa92@windows]: Skipped due to cooking limit
[2026-03-21 20:22:28] 📋   [WARN]     压缩失败 [EjhEAQtso69-a_7Ckq2A6oPN_7add671a@ios]: Skipped due to cooking limit
[2026-03-21 20:22:28] 📋   [WARN]     压缩失败 [EjhEAQtso69-a_7Ckq2A6oPN_7add671a@android]: Skipped due to cooking limit
[2026-03-21 20:22:28] 📋   [WARN]     压缩失败 [EjhEAQtso69-a_7Ckq2A6oPN_7add671a@windows]: Skipped due to cooking limit
[2026-03-21 20:22:28] 📋   [WARN]     压缩失败 [AeJeCfsnmDp5GEvpHDD6weox_814d47cc@ios]: Skipped due to cooking limit
[2026-03-21 20:22:28] 📋   [WARN]     压缩失败 [AeJeCfsnmDp5GEvpHDD6weox_814d47cc@android]: Skipped due to cooking limit
[2026-03-21 20:22:28] 📋   [WARN]     压缩失败 [AeJeCfsnmDp5GEvpHDD6weox_814d47cc@windows]: Skipped due to cooking limit
[2026-03-21 20:22:28] 📋   [WARN]     压缩失败 [C3AC0RDpZawcOLcz7gjT--Dz_85487317@ios]: Skipped due to cooking limit
[2026-03-21 20:22:29] 📋   [WARN]     压缩失败 [C3AC0RDpZawcOLcz7gjT--Dz_85487317@android]: Skipped due to cooking limit
[2026-03-21 20:22:29] 📋   [WARN]     压缩失败 [C3AC0RDpZawcOLcz7gjT--Dz_85487317@windows]: Skipped due to cooking limit
[2026-03-21 20:22:29] 📋   [WARN]     压缩失败 [Hxr6oUUft_IHX2dQ9TYRhwXB_4a4f8d27@ios]: Skipped due to cooking limit
[2026-03-21 20:22:29] 📋   [WARN]     压缩失败 [Hxr6oUUft_IHX2dQ9TYRhwXB_4a4f8d27@android]: Skipped due to cooking limit
[2026-03-21 20:22:29] 📋   [WARN]     压缩失败 [Hxr6oUUft_IHX2dQ9TYRhwXB_4a4f8d27@windows]: Skipped due to cooking limit
[2026-03-21 20:22:29] 📋   [WARN]     压缩失败 [Hpm8ITi7jNNlKeOaZHOOqZIZ_02be35d8@ios]: Skipped due to cooking limit
[2026-03-21 20:22:29] 📋   [WARN]     压缩失败 [Hpm8ITi7jNNlKeOaZHOOqZIZ_02be35d8@android]: Skipped due to cooking limit
[2026-03-21 20:22:29] 📋   [WARN]     压缩失败 [Hpm8ITi7jNNlKeOaZHOOqZIZ_02be35d8@windows]: Skipped due to cooking limit
[2026-03-21 20:22:29] 📋   [WARN]     压缩失败 [DCE04YPRBZ8w-v3gYnL0lmOu_889a356b@ios]: Skipped due to cooking limit
[2026-03-21 20:22:29] 📋   [WARN]     压缩失败 [DCE04YPRBZ8w-v3gYnL0lmOu_889a356b@android]: Skipped due to cooking limit
[2026-03-21 20:22:29] 📋   [WARN]     压缩失败 [DCE04YPRBZ8w-v3gYnL0lmOu_889a356b@windows]: Skipped due to cooking limit
[2026-03-21 20:22:29] 📋   [WARN]     压缩失败 [B0w9eVgBmBNNnOyggWcMl3Wm_0903cf80@ios]: Skipped due to cooking limit
[2026-03-21 20:22:29] 📋   [WARN]     压缩失败 [B0w9eVgBmBNNnOyggWcMl3Wm_0903cf80@android]: Skipped due to cooking limit
[2026-03-21 20:22:29] 📋   [WARN]     压缩失败 [B0w9eVgBmBNNnOyggWcMl3Wm_0903cf80@windows]: Skipped due to cooking limit
[2026-03-21 20:22:29] 📋   [WARN]     压缩失败 [HPgoUQF_5fdiLZzxqAFYO7jv_22a4a691@ios]: Skipped due to cooking limit
[2026-03-21 20:22:29] 📋   [WARN]     压缩失败 [HPgoUQF_5fdiLZzxqAFYO7jv_22a4a691@android]: Skipped due to cooking limit
[2026-03-21 20:22:29] 📋   [WARN]     压缩失败 [HPgoUQF_5fdiLZzxqAFYO7jv_22a4a691@windows]: Skipped due to cooking limit
[2026-03-21 20:22:29] 📋   [WARN]     压缩失败 [CHjSkcnXaTlpHlEq8eehisEG_6cd03031@ios]: Skipped due to cooking limit
[2026-03-21 20:22:29] 📋   [WARN]     压缩失败 [CHjSkcnXaTlpHlEq8eehisEG_6cd03031@android]: Skipped due to cooking limit
[2026-03-21 20:22:29] 📋   [WARN]     压缩失败 [CHjSkcnXaTlpHlEq8eehisEG_6cd03031@windows]: Skipped due to cooking limit
[2026-03-21 20:22:29] 📋   [WARN]     压缩失败 [Fpot2bd6xY-Ndv9fQ2NVa8aQ_cb02a598@ios]: Skipped due to cooking limit
[2026-03-21 20:22:29] 📋   [WARN]     压缩失败 [Fpot2bd6xY-Ndv9fQ2NVa8aQ_cb02a598@android]: Skipped due to cooking limit
[2026-03-21 20:22:29] 📋   [WARN]     压缩失败 [Fpot2bd6xY-Ndv9fQ2NVa8aQ_cb02a598@windows]: Skipped due to cooking limit
[2026-03-21 20:22:29] 📋   [WARN]     压缩失败 [DHbocQPh_-Wzbzilptm5BR9A_c2991f23@ios]: Skipped due to cooking limit
[2026-03-21 20:22:29] 📋   [WARN]     压缩失败 [DHbocQPh_-Wzbzilptm5BR9A_c2991f23@android]: Skipped due to cooking limit
[2026-03-21 20:22:29] 📋   [WARN]     压缩失败 [DHbocQPh_-Wzbzilptm5BR9A_c2991f23@windows]: Skipped due to cooking limit
[2026-03-21 20:22:29] 📋   [WARN]     压缩失败 [G-a2CTrvdjNR9fHYFgHCe4lC_6a6cfb62@ios]: Skipped due to cooking limit
[2026-03-21 20:22:29] 📋   [WARN]     压缩失败 [G-a2CTrvdjNR9fHYFgHCe4lC_6a6cfb62@android]: Skipped due to cooking limit
[2026-03-21 20:22:29] 📋   [WARN]     压缩失败 [G-a2CTrvdjNR9fHYFgHCe4lC_6a6cfb62@windows]: Skipped due to cooking limit
[2026-03-21 20:22:29] 📋   [WARN]     压缩失败 [AlBDCZPsbClPDEYSJyZC1LxU_9802e2be@ios]: Skipped due to cooking limit
[2026-03-21 20:22:29] 📋   [WARN]     压缩失败 [AlBDCZPsbClPDEYSJyZC1LxU_9802e2be@android]: Skipped due to cooking limit
[2026-03-21 20:22:29] 📋   [WARN]     压缩失败 [AlBDCZPsbClPDEYSJyZC1LxU_9802e2be@windows]: Skipped due to cooking limit
[2026-03-21 20:22:29] 📋   [WARN]     压缩失败 [GeAaGfcXkyBADJB9sbARpgc1_a9905f04@ios]: Skipped due to cooking limit
[2026-03-21 20:22:29] 📋   [WARN]     压缩失败 [GeAaGfcXkyBADJB9sbARpgc1_a9905f04@android]: Skipped due to cooking limit
[2026-03-21 20:22:29] 📋   [WARN]     压缩失败 [GeAaGfcXkyBADJB9sbARpgc1_a9905f04@windows]: Skipped due to cooking limit
[2026-03-21 20:22:29] 📋   [WARN]     压缩失败 [Bw0pSetuNt3cnNxlPVwq0xrc_1f19ca87@ios]: Skipped due to cooking limit
[2026-03-21 20:22:29] 📋   [WARN]     压缩失败 [Bw0pSetuNt3cnNxlPVwq0xrc_1f19ca87@android]: Skipped due to cooking limit
[2026-03-21 20:22:29] 📋   [WARN]     压缩失败 [Bw0pSetuNt3cnNxlPVwq0xrc_1f19ca87@windows]: Skipped due to cooking limit
[2026-03-21 20:22:29] 📋   [WARN]     压缩失败 [E1RRuemocV3ztGaSdU7TslAG_8c2954cc@ios]: Skipped due to cooking limit
[2026-03-21 20:22:29] 📋   [WARN]     压缩失败 [E1RRuemocV3ztGaSdU7TslAG_8c2954cc@android]: Skipped due to cooking limit
[2026-03-21 20:22:29] 📋   [WARN]     压缩失败 [E1RRuemocV3ztGaSdU7TslAG_8c2954cc@windows]: Skipped due to cooking limit
[2026-03-21 20:22:29] 📋   [WARN]     压缩失败 [CQKNOZYKuld-VwPiB5c2INbh_c97116cd@ios]: Skipped due to cooking limit
[2026-03-21 20:22:29] 📋   [WARN]     压缩失败 [CQKNOZYKuld-VwPiB5c2INbh_c97116cd@android]: Skipped due to cooking limit
[2026-03-21 20:22:29] 📋   [WARN]     压缩失败 [CQKNOZYKuld-VwPiB5c2INbh_c97116cd@windows]: Skipped due to cooking limit
[2026-03-21 20:22:29] 📋   [WARN]     压缩失败 [G1QKSdTIsIm4pFNOSNfJOzNX_c7c45db5@ios]: Skipped due to cooking limit
[2026-03-21 20:22:29] 📋   [WARN]     压缩失败 [G1QKSdTIsIm4pFNOSNfJOzNX_c7c45db5@android]: Skipped due to cooking limit
[2026-03-21 20:22:29] 📋   [WARN]     压缩失败 [G1QKSdTIsIm4pFNOSNfJOzNX_c7c45db5@windows]: Skipped due to cooking limit
[2026-03-21 20:22:29] 📋   [WARN]     压缩失败 [AqsgIdNLhf9HJWvVMNoMCGxa_df3fa796@ios]: Skipped due to cooking limit
[2026-03-21 20:22:29] 📋   [WARN]     压缩失败 [AqsgIdNLhf9HJWvVMNoMCGxa_df3fa796@android]: Skipped due to cooking limit
[2026-03-21 20:22:29] 📋   [WARN]     压缩失败 [AqsgIdNLhf9HJWvVMNoMCGxa_df3fa796@windows]: Skipped due to cooking limit
[2026-03-21 20:22:29] 📋   [WARN]     压缩失败 [BJ4_EbGK6r-Jnfh6Cuk8_pCl_226b1aaa@ios]: Skipped due to cooking limit
[2026-03-21 20:22:29] 📋   [WARN]     压缩失败 [BJ4_EbGK6r-Jnfh6Cuk8_pCl_226b1aaa@android]: Skipped due to cooking limit
[2026-03-21 20:22:29] 📋   [WARN]     压缩失败 [BJ4_EbGK6r-Jnfh6Cuk8_pCl_226b1aaa@windows]: Skipped due to cooking limit
[2026-03-21 20:22:29] 📋   [WARN]     压缩失败 [FZ4LYQwd9nWoE-tT-wWgp7hr_fb4f123f@ios]: Skipped due to cooking limit
[2026-03-21 20:22:29] 📋   [WARN]     压缩失败 [FZ4LYQwd9nWoE-tT-wWgp7hr_fb4f123f@android]: Skipped due to cooking limit
[2026-03-21 20:22:29] 📋   [WARN]     压缩失败 [FZ4LYQwd9nWoE-tT-wWgp7hr_fb4f123f@windows]: Skipped due to cooking limit
[2026-03-21 20:22:29] 📋   [WARN]     压缩失败 [HzsJKfhcwOvNw9V79oEnIU_Z_d20f0232@ios]: Skipped due to cooking limit
[2026-03-21 20:22:29] 📋   [WARN]     压缩失败 [HzsJKfhcwOvNw9V79oEnIU_Z_d20f0232@android]: Skipped due to cooking limit
[2026-03-21 20:22:29] 📋   [WARN]     压缩失败 [HzsJKfhcwOvNw9V79oEnIU_Z_d20f0232@windows]: Skipped due to cooking limit
[2026-03-21 20:22:29] 📋   [WARN]     压缩失败 [AHf8qR1s8VVRRgAQjYAxnX3k_704699c8@ios]: Skipped due to cooking limit
[2026-03-21 20:22:29] 📋   [WARN]     压缩失败 [AHf8qR1s8VVRRgAQjYAxnX3k_704699c8@android]: Skipped due to cooking limit
[2026-03-21 20:22:29] 📋   [WARN]     压缩失败 [AHf8qR1s8VVRRgAQjYAxnX3k_704699c8@windows]: Skipped due to cooking limit
[2026-03-21 20:22:29] 📋   [WARN]     压缩失败 [H7H9EU1zXOWRAeXyEKh2w5-Q_549903ba@ios]: Skipped due to cooking limit
[2026-03-21 20:22:29] 📋   [WARN]     压缩失败 [H7H9EU1zXOWRAeXyEKh2w5-Q_549903ba@android]: Skipped due to cooking limit
[2026-03-21 20:22:29] 📋   [WARN]     压缩失败 [H7H9EU1zXOWRAeXyEKh2w5-Q_549903ba@windows]: Skipped due to cooking limit
[2026-03-21 20:22:29] 📋   [WARN]     压缩失败 [Drz9oY8yfEngtDFkO_rJ3bQN_e7b7b06f@ios]: Skipped due to cooking limit
[2026-03-21 20:22:29] 📋   [WARN]     压缩失败 [Drz9oY8yfEngtDFkO_rJ3bQN_e7b7b06f@android]: Skipped due to cooking limit
[2026-03-21 20:22:29] 📋   [WARN]     压缩失败 [Drz9oY8yfEngtDFkO_rJ3bQN_e7b7b06f@windows]: Skipped due to cooking limit
[2026-03-21 20:22:29] 📋   [WARN]     压缩失败 [GiTusXKG8DjVUJGaABUJhirL_dfe4db6e@ios]: Skipped due to cooking limit
[2026-03-21 20:22:29] 📋   [WARN]     压缩失败 [GiTusXKG8DjVUJGaABUJhirL_dfe4db6e@android]: Skipped due to cooking limit
[2026-03-21 20:22:29] 📋   [WARN]     压缩失败 [GiTusXKG8DjVUJGaABUJhirL_dfe4db6e@windows]: Skipped due to cooking limit
[2026-03-21 20:22:29] 📋   [WARN]     压缩失败 [CtCcwRYkVraRQwc7GxqNJ0Ct_bbb32b37@ios]: Skipped due to cooking limit
[2026-03-21 20:22:29] 📋   [WARN]     压缩失败 [CtCcwRYkVraRQwc7GxqNJ0Ct_bbb32b37@android]: Skipped due to cooking limit
[2026-03-21 20:22:29] 📋   [WARN]     压缩失败 [CtCcwRYkVraRQwc7GxqNJ0Ct_bbb32b37@windows]: Skipped due to cooking limit
[2026-03-21 20:22:29] 📋   [WARN]     压缩失败 [HqBCKUgSxUzdbfZI6um2AIeK_6023586e@ios]: Skipped due to cooking limit
[2026-03-21 20:22:29] 📋   [WARN]     压缩失败 [HqBCKUgSxUzdbfZI6um2AIeK_6023586e@android]: Skipped due to cooking limit
[2026-03-21 20:22:29] 📋   [WARN]     压缩失败 [HqBCKUgSxUzdbfZI6um2AIeK_6023586e@windows]: Skipped due to cooking limit
[2026-03-21 20:22:29] 📋   [WARN]     压缩失败 [GvYdEeu_sLi0wQxbsA7GOf_W_f8294850@ios]: Skipped due to cooking limit
[2026-03-21 20:22:29] 📋   [WARN]     压缩失败 [GvYdEeu_sLi0wQxbsA7GOf_W_f8294850@android]: Skipped due to cooking limit
[2026-03-21 20:22:29] 📋   [WARN]     压缩失败 [GvYdEeu_sLi0wQxbsA7GOf_W_f8294850@windows]: Skipped due to cooking limit
[2026-03-21 20:22:29] 📋   [WARN]     压缩失败 [DpEkuVy3kI4R-SBXublhvBSr_a97546f0@ios]: Skipped due to cooking limit
[2026-03-21 20:22:29] 📋   [WARN]     压缩失败 [DpEkuVy3kI4R-SBXublhvBSr_a97546f0@android]: Skipped due to cooking limit
[2026-03-21 20:22:29] 📋   [WARN]     压缩失败 [DpEkuVy3kI4R-SBXublhvBSr_a97546f0@windows]: Skipped due to cooking limit
[2026-03-21 20:22:29] 📋   [WARN]     压缩失败 [FPjqUdrAAnz22PFtdPH_sCih_bd4977c5@ios]: Skipped due to cooking limit
[2026-03-21 20:22:29] 📋   [WARN]     压缩失败 [FPjqUdrAAnz22PFtdPH_sCih_bd4977c5@android]: Skipped due to cooking limit
[2026-03-21 20:22:29] 📋   [WARN]     压缩失败 [FPjqUdrAAnz22PFtdPH_sCih_bd4977c5@windows]: Skipped due to cooking limit
[2026-03-21 20:22:29] 📋   [WARN]     压缩失败 [Gr3bcTG-j-mVpTVOWxg8_g9y_b243406d@ios]: Skipped due to cooking limit
[2026-03-21 20:22:29] 📋   [WARN]     压缩失败 [Gr3bcTG-j-mVpTVOWxg8_g9y_b243406d@android]: Skipped due to cooking limit
[2026-03-21 20:22:29] 📋   [WARN]     压缩失败 [Gr3bcTG-j-mVpTVOWxg8_g9y_b243406d@windows]: Skipped due to cooking limit
[2026-03-21 20:22:29] 📋   [WARN]     压缩失败 [HhDo0Z2vc5v6mQtXe31RF2KL_f8343a4f@ios]: Skipped due to cooking limit
[2026-03-21 20:22:29] 📋   [WARN]     压缩失败 [HhDo0Z2vc5v6mQtXe31RF2KL_f8343a4f@android]: Skipped due to cooking limit
[2026-03-21 20:22:29] 📋   [WARN]     压缩失败 [HhDo0Z2vc5v6mQtXe31RF2KL_f8343a4f@windows]: Skipped due to cooking limit
[2026-03-21 20:22:29] 📋   [WARN]     压缩失败 [FAeTQUq7Z_imzk89czkfKn2S_40b71dae@ios]: Skipped due to cooking limit
[2026-03-21 20:22:29] 📋   [WARN]     压缩失败 [FAeTQUq7Z_imzk89czkfKn2S_40b71dae@android]: Skipped due to cooking limit
[2026-03-21 20:22:29] 📋   [WARN]     压缩失败 [FAeTQUq7Z_imzk89czkfKn2S_40b71dae@windows]: Skipped due to cooking limit
[2026-03-21 20:22:29] 📋   [WARN]     压缩失败 [DHLC8WpWx8xJEb8BTuLxR3Dc_9431f8e7@ios]: Skipped due to cooking limit
[2026-03-21 20:22:29] 📋   [WARN]     压缩失败 [DHLC8WpWx8xJEb8BTuLxR3Dc_9431f8e7@android]: Skipped due to cooking limit
[2026-03-21 20:22:29] 📋   [WARN]     压缩失败 [DHLC8WpWx8xJEb8BTuLxR3Dc_9431f8e7@windows]: Skipped due to cooking limit
[2026-03-21 20:22:29] 📋   [WARN]     压缩失败 [HRerOXvEJk9gYNgRjIHHgG3l_625db325@ios]: Skipped due to cooking limit
[2026-03-21 20:22:29] 📋   [WARN]     压缩失败 [HRerOXvEJk9gYNgRjIHHgG3l_625db325@android]: Skipped due to cooking limit
[2026-03-21 20:22:29] 📋   [WARN]     压缩失败 [HRerOXvEJk9gYNgRjIHHgG3l_625db325@windows]: Skipped due to cooking limit
[2026-03-21 20:22:29] 📋   [WARN]     压缩失败 [AczICSbY9XNLBSrj3lPnwi0F_76494a69@ios]: Skipped due to cooking limit
[2026-03-21 20:22:29] 📋   [WARN]     压缩失败 [AczICSbY9XNLBSrj3lPnwi0F_76494a69@android]: Skipped due to cooking limit
[2026-03-21 20:22:29] 📋   [WARN]     压缩失败 [AczICSbY9XNLBSrj3lPnwi0F_76494a69@windows]: Skipped due to cooking limit
[2026-03-21 20:22:29] 📋   [WARN]     压缩失败 [HAxPKX0S0VinGPFZXC6LVHt1_0aec0442@ios]: Skipped due to cooking limit
[2026-03-21 20:22:29] 📋   [WARN]     压缩失败 [HAxPKX0S0VinGPFZXC6LVHt1_0aec0442@android]: Skipped due to cooking limit
[2026-03-21 20:22:29] 📋   [WARN]     压缩失败 [HAxPKX0S0VinGPFZXC6LVHt1_0aec0442@windows]: Skipped due to cooking limit
[2026-03-21 20:22:29] 📋   [WARN]     压缩失败 [CNLgmU2UZr30WSG9zirOe3Ne_93ac9573@ios]: Skipped due to cooking limit
[2026-03-21 20:22:29] 📋   [WARN]     压缩失败 [CNLgmU2UZr30WSG9zirOe3Ne_93ac9573@android]: Skipped due to cooking limit
[2026-03-21 20:22:29] 📋   [WARN]     压缩失败 [CNLgmU2UZr30WSG9zirOe3Ne_93ac9573@windows]: Skipped due to cooking limit
[2026-03-21 20:22:29] 📋   [WARN]     压缩失败 [BAi9-W70epFCbjdEdLTmZ2Fq_263b56f4@ios]: Skipped due to cooking limit
[2026-03-21 20:22:29] 📋   [WARN]     压缩失败 [BAi9-W70epFCbjdEdLTmZ2Fq_263b56f4@android]: Skipped due to cooking limit
[2026-03-21 20:22:29] 📋   [WARN]     压缩失败 [BAi9-W70epFCbjdEdLTmZ2Fq_263b56f4@windows]: Skipped due to cooking limit
[2026-03-21 20:22:29] 📋   [WARN]     压缩失败 [Bdb2sRp9NiXySbekN54XNvkJ_8a557b2c@ios]: Skipped due to cooking limit
[2026-03-21 20:22:29] 📋   [WARN]     压缩失败 [Bdb2sRp9NiXySbekN54XNvkJ_8a557b2c@android]: Skipped due to cooking limit
[2026-03-21 20:22:29] 📋   [WARN]     压缩失败 [Bdb2sRp9NiXySbekN54XNvkJ_8a557b2c@windows]: Skipped due to cooking limit
[2026-03-21 20:22:29] 📋   [WARN]     压缩失败 [E39EYeSSJRF7_76XR1AQpsY-_57ea9b45@ios]: Skipped due to cooking limit
[2026-03-21 20:22:29] 📋   [WARN]     压缩失败 [E39EYeSSJRF7_76XR1AQpsY-_57ea9b45@android]: Skipped due to cooking limit
[2026-03-21 20:22:29] 📋   [WARN]     压缩失败 [E39EYeSSJRF7_76XR1AQpsY-_57ea9b45@windows]: Skipped due to cooking limit
[2026-03-21 20:22:29] 📋   [WARN]     压缩失败 [GR_PwUilOdDFSg3bWAlliDJA_d37d2bb7@ios]: Skipped due to cooking limit
[2026-03-21 20:22:29] 📋   [WARN]     压缩失败 [GR_PwUilOdDFSg3bWAlliDJA_d37d2bb7@android]: Skipped due to cooking limit
[2026-03-21 20:22:29] 📋   [WARN]     压缩失败 [GR_PwUilOdDFSg3bWAlliDJA_d37d2bb7@windows]: Skipped due to cooking limit
[2026-03-21 20:22:29] 📋   [WARN]     压缩失败 [DQPQQdkhw8-b1XSt-71ifuan_c2c465ee@ios]: Skipped due to cooking limit
[2026-03-21 20:22:29] 📋   [WARN]     压缩失败 [DQPQQdkhw8-b1XSt-71ifuan_c2c465ee@android]: Skipped due to cooking limit
[2026-03-21 20:22:29] 📋   [WARN]     压缩失败 [DQPQQdkhw8-b1XSt-71ifuan_c2c465ee@windows]: Skipped due to cooking limit
[2026-03-21 20:22:29] 📋   [WARN]     压缩失败 [FF-SoZz8VtEAAHuJDEzwOZSs_dca67bbb@ios]: Skipped due to cooking limit
[2026-03-21 20:22:29] 📋   [WARN]     压缩失败 [FF-SoZz8VtEAAHuJDEzwOZSs_dca67bbb@android]: Skipped due to cooking limit
[2026-03-21 20:22:29] 📋   [WARN]     压缩失败 [FF-SoZz8VtEAAHuJDEzwOZSs_dca67bbb@windows]: Skipped due to cooking limit
[2026-03-21 20:22:29] 📋   [WARN]     压缩失败 [GSiL-a_91BA8AJT31_4TWXku_6a4e41f0@ios]: Skipped due to cooking limit
[2026-03-21 20:22:29] 📋   [WARN]     压缩失败 [GSiL-a_91BA8AJT31_4TWXku_6a4e41f0@android]: Skipped due to cooking limit
[2026-03-21 20:22:29] 📋   [WARN]     压缩失败 [GSiL-a_91BA8AJT31_4TWXku_6a4e41f0@windows]: Skipped due to cooking limit
[2026-03-21 20:22:29] 📋   [WARN]     压缩失败 [De0OsW30Icr4ClZ0mOiVfi-H_fe52cf8f@ios]: Skipped due to cooking limit
[2026-03-21 20:22:29] 📋   [WARN]     压缩失败 [De0OsW30Icr4ClZ0mOiVfi-H_fe52cf8f@android]: Skipped due to cooking limit
[2026-03-21 20:22:29] 📋   [WARN]     压缩失败 [De0OsW30Icr4ClZ0mOiVfi-H_fe52cf8f@windows]: Skipped due to cooking limit
[2026-03-21 20:22:29] 📋   [WARN]     压缩失败 [AI4zwQHJZ0OoknL7EEoV0sZt_3e0ac164@ios]: Skipped due to cooking limit
[2026-03-21 20:22:29] 📋   [WARN]     压缩失败 [AI4zwQHJZ0OoknL7EEoV0sZt_3e0ac164@android]: Skipped due to cooking limit
[2026-03-21 20:22:29] 📋   [WARN]     压缩失败 [AI4zwQHJZ0OoknL7EEoV0sZt_3e0ac164@windows]: Skipped due to cooking limit
[2026-03-21 20:22:29] 📋   [WARN]     压缩失败 [FdS0KV035rm-DB9ZP76ce_Ty_f092c97b@ios]: Skipped due to cooking limit
[2026-03-21 20:22:29] 📋   [WARN]     压缩失败 [FdS0KV035rm-DB9ZP76ce_Ty_f092c97b@android]: Skipped due to cooking limit
[2026-03-21 20:22:29] 📋   [WARN]     压缩失败 [FdS0KV035rm-DB9ZP76ce_Ty_f092c97b@windows]: Skipped due to cooking limit
[2026-03-21 20:22:29] 📋   [WARN]     压缩失败 [AzJDGSwuQKjrSbgTtS9fom0K_4a4f8d27@ios]: Skipped due to cooking limit
[2026-03-21 20:22:29] 📋   [WARN]     压缩失败 [AzJDGSwuQKjrSbgTtS9fom0K_4a4f8d27@android]: Skipped due to cooking limit
[2026-03-21 20:22:29] 📋   [WARN]     压缩失败 [AzJDGSwuQKjrSbgTtS9fom0K_4a4f8d27@windows]: Skipped due to cooking limit
[2026-03-21 20:22:29] 📋   [WARN]     压缩失败 [F9XkYQDHAFni7uWTTWeVZDbG_c7c45db5@ios]: Skipped due to cooking limit
[2026-03-21 20:22:29] 📋   [WARN]     压缩失败 [F9XkYQDHAFni7uWTTWeVZDbG_c7c45db5@android]: Skipped due to cooking limit
[2026-03-21 20:22:29] 📋   [WARN]     压缩失败 [F9XkYQDHAFni7uWTTWeVZDbG_c7c45db5@windows]: Skipped due to cooking limit
[2026-03-21 20:22:29] 📋   [WARN]     压缩失败 [GAcSAYYM2xwsHWpXu-5gDes0_226b1aaa@ios]: Skipped due to cooking limit
[2026-03-21 20:22:29] 📋   [WARN]     压缩失败 [GAcSAYYM2xwsHWpXu-5gDes0_226b1aaa@android]: Skipped due to cooking limit
[2026-03-21 20:22:29] 📋   [WARN]     压缩失败 [GAcSAYYM2xwsHWpXu-5gDes0_226b1aaa@windows]: Skipped due to cooking limit
[2026-03-21 20:22:29] 📋   [WARN]     压缩失败 [CussAXSjPER6pjldCZjk8KEc_0747a5d7@ios]: Skipped due to cooking limit
[2026-03-21 20:22:29] 📋   [WARN]     压缩失败 [CussAXSjPER6pjldCZjk8KEc_0747a5d7@android]: Skipped due to cooking limit
[2026-03-21 20:22:29] 📋   [WARN]     压缩失败 [CussAXSjPER6pjldCZjk8KEc_0747a5d7@windows]: Skipped due to cooking limit
[2026-03-21 20:22:29] 📋   [WARN]     压缩失败 [D_KzEbbt1mAb7wy7WSuNQUMR_7fe5a571@ios]: Skipped due to cooking limit
[2026-03-21 20:22:29] 📋   [WARN]     压缩失败 [D_KzEbbt1mAb7wy7WSuNQUMR_7fe5a571@android]: Skipped due to cooking limit
[2026-03-21 20:22:29] 📋   [WARN]     压缩失败 [D_KzEbbt1mAb7wy7WSuNQUMR_7fe5a571@windows]: Skipped due to cooking limit
[2026-03-21 20:22:29] 📋   [WARN]     压缩失败 [BgEOSQeRuYZ6ORAfhjtw0Vzg_b44f41fc@ios]: Skipped due to cooking limit
[2026-03-21 20:22:29] 📋   [WARN]     压缩失败 [BgEOSQeRuYZ6ORAfhjtw0Vzg_b44f41fc@android]: Skipped due to cooking limit
[2026-03-21 20:22:29] 📋   [WARN]     压缩失败 [BgEOSQeRuYZ6ORAfhjtw0Vzg_b44f41fc@windows]: Skipped due to cooking limit
[2026-03-21 20:22:29] 📋   [WARN]     压缩失败 [GQWvIfTGZQ9P0i0W6Nc2Dmiq_9962cc46@ios]: Skipped due to cooking limit
[2026-03-21 20:22:29] 📋   [WARN]     压缩失败 [GQWvIfTGZQ9P0i0W6Nc2Dmiq_9962cc46@android]: Skipped due to cooking limit
[2026-03-21 20:22:29] 📋   [WARN]     压缩失败 [GQWvIfTGZQ9P0i0W6Nc2Dmiq_9962cc46@windows]: Skipped due to cooking limit
[2026-03-21 20:22:29] 📋   [WARN]     压缩失败 [Htj-KXGLjGshHPsncvAaybwy_92ada3af@ios]: Skipped due to cooking limit
[2026-03-21 20:22:29] 📋   [WARN]     压缩失败 [Htj-KXGLjGshHPsncvAaybwy_92ada3af@android]: Skipped due to cooking limit
[2026-03-21 20:22:29] 📋   [WARN]     压缩失败 [Htj-KXGLjGshHPsncvAaybwy_92ada3af@windows]: Skipped due to cooking limit
[2026-03-21 20:22:29] 📋   [WARN]     压缩失败 [Akk6efK2PJgNSIqglCyp_xrw_4bab2220@ios]: Skipped due to cooking limit
[2026-03-21 20:22:29] 📋   [WARN]     压缩失败 [Akk6efK2PJgNSIqglCyp_xrw_4bab2220@android]: Skipped due to cooking limit
[2026-03-21 20:22:29] 📋   [WARN]     压缩失败 [Akk6efK2PJgNSIqglCyp_xrw_4bab2220@windows]: Skipped due to cooking limit
[2026-03-21 20:22:29] 📋   [WARN]     压缩失败 [EDzqiRwBv6CLjcWH0xd1zxaH_725bb6ca@ios]: Skipped due to cooking limit
[2026-03-21 20:22:29] 📋   [WARN]     压缩失败 [EDzqiRwBv6CLjcWH0xd1zxaH_725bb6ca@android]: Skipped due to cooking limit
[2026-03-21 20:22:29] 📋   [WARN]     压缩失败 [EDzqiRwBv6CLjcWH0xd1zxaH_725bb6ca@windows]: Skipped due to cooking limit
[2026-03-21 20:22:29] 📋   [WARN]     压缩失败 [BPq7iaN1Ush5uChZfDMqGuL5_12b6468e@ios]: Skipped due to cooking limit
[2026-03-21 20:22:29] 📋   [WARN]     压缩失败 [BPq7iaN1Ush5uChZfDMqGuL5_12b6468e@android]: Skipped due to cooking limit
[2026-03-21 20:22:29] 📋   [WARN]     压缩失败 [BPq7iaN1Ush5uChZfDMqGuL5_12b6468e@windows]: Skipped due to cooking limit
[2026-03-21 20:22:29] 📋   [WARN]     压缩失败 [DoghcSCbp7iO6KCHbAJ6SR6N_5046496d@ios]: Skipped due to cooking limit
[2026-03-21 20:22:29] 📋   [WARN]     压缩失败 [DoghcSCbp7iO6KCHbAJ6SR6N_5046496d@android]: Skipped due to cooking limit
[2026-03-21 20:22:29] 📋   [WARN]     压缩失败 [DoghcSCbp7iO6KCHbAJ6SR6N_5046496d@windows]: Skipped due to cooking limit
[2026-03-21 20:22:29] 📋   [WARN]     压缩失败 [AuGj-eu46wyYSFV5r5EgB0g9_9fe9e9d0@ios]: Skipped due to cooking limit
[2026-03-21 20:22:29] 📋   [WARN]     压缩失败 [AuGj-eu46wyYSFV5r5EgB0g9_9fe9e9d0@android]: Skipped due to cooking limit
[2026-03-21 20:22:29] 📋   [WARN]     压缩失败 [AuGj-eu46wyYSFV5r5EgB0g9_9fe9e9d0@windows]: Skipped due to cooking limit
[2026-03-21 20:22:29] 📋   [WARN]     压缩失败 [AH_MQSOR4-oYB3r5sGvi5co0_c471144b@ios]: Skipped due to cooking limit
[2026-03-21 20:22:29] 📋   [WARN]     压缩失败 [AH_MQSOR4-oYB3r5sGvi5co0_c471144b@android]: Skipped due to cooking limit
[2026-03-21 20:22:29] 📋   [WARN]     压缩失败 [AH_MQSOR4-oYB3r5sGvi5co0_c471144b@windows]: Skipped due to cooking limit
[2026-03-21 20:22:29] 📋   [WARN]     压缩失败 [HAvLwQZTBFwNn6xdSVomrFUk_3145810d@ios]: Skipped due to cooking limit
[2026-03-21 20:22:29] 📋   [WARN]     压缩失败 [HAvLwQZTBFwNn6xdSVomrFUk_3145810d@android]: Skipped due to cooking limit
[2026-03-21 20:22:29] 📋   [WARN]     压缩失败 [HAvLwQZTBFwNn6xdSVomrFUk_3145810d@windows]: Skipped due to cooking limit
[2026-03-21 20:22:29] 📋   [WARN]     压缩失败 [GmXvWbPx3g77W-_9J0cyUM7F_18c98f84@ios]: Skipped due to cooking limit
[2026-03-21 20:22:29] 📋   [WARN]     压缩失败 [GmXvWbPx3g77W-_9J0cyUM7F_18c98f84@android]: Skipped due to cooking limit
[2026-03-21 20:22:29] 📋   [WARN]     压缩失败 [GmXvWbPx3g77W-_9J0cyUM7F_18c98f84@windows]: Skipped due to cooking limit
[2026-03-21 20:22:29] 📋   [WARN]     压缩失败 [BAReeRZPDNE1Cmi9n9ZK9OIN_3b668345@ios]: Skipped due to cooking limit
[2026-03-21 20:22:29] 📋   [WARN]     压缩失败 [BAReeRZPDNE1Cmi9n9ZK9OIN_3b668345@android]: Skipped due to cooking limit
[2026-03-21 20:22:29] 📋   [WARN]     压缩失败 [BAReeRZPDNE1Cmi9n9ZK9OIN_3b668345@windows]: Skipped due to cooking limit
[2026-03-21 20:22:29] 📋   [WARN]     压缩失败 [EV2c2TWrmLU9m8BD8shpzrA3_33e4f2c5@ios]: Skipped due to cooking limit
[2026-03-21 20:22:29] 📋   [WARN]     压缩失败 [EV2c2TWrmLU9m8BD8shpzrA3_33e4f2c5@android]: Skipped due to cooking limit
[2026-03-21 20:22:29] 📋   [WARN]     压缩失败 [EV2c2TWrmLU9m8BD8shpzrA3_33e4f2c5@windows]: Skipped due to cooking limit
[2026-03-21 20:22:29] 📋   [WARN]     压缩失败 [BQc3gbBa-Gju4sPlmle5dVI5_f25d93ac@ios]: Skipped due to cooking limit
[2026-03-21 20:22:29] 📋   [WARN]     压缩失败 [BQc3gbBa-Gju4sPlmle5dVI5_f25d93ac@android]: Skipped due to cooking limit
[2026-03-21 20:22:29] 📋   [WARN]     压缩失败 [BQc3gbBa-Gju4sPlmle5dVI5_f25d93ac@windows]: Skipped due to cooking limit
[2026-03-21 20:22:29] 📋   [WARN]     压缩失败 [GsjZiXrZcIhwnuZZoWOCJ4IB_21ba4fcb@ios]: Skipped due to cooking limit
[2026-03-21 20:22:29] 📋   [WARN]     压缩失败 [GsjZiXrZcIhwnuZZoWOCJ4IB_21ba4fcb@android]: Skipped due to cooking limit
[2026-03-21 20:22:29] 📋   [WARN]     压缩失败 [GsjZiXrZcIhwnuZZoWOCJ4IB_21ba4fcb@windows]: Skipped due to cooking limit
[2026-03-21 20:22:29] 📋   [WARN]     压缩失败 [Dt6sERN6e4aTl5l5Vig4QIPn_33b69d55@ios]: Skipped due to cooking limit
[2026-03-21 20:22:29] 📋   [WARN]     压缩失败 [Dt6sERN6e4aTl5l5Vig4QIPn_33b69d55@android]: Skipped due to cooking limit
[2026-03-21 20:22:29] 📋   [WARN]     压缩失败 [Dt6sERN6e4aTl5l5Vig4QIPn_33b69d55@windows]: Skipped due to cooking limit
[2026-03-21 20:22:29] 📋   [WARN]     压缩失败 [GFnR6cAtFlvSl5sU04xARvp5_7039d1e8@ios]: Skipped due to cooking limit
[2026-03-21 20:22:29] 📋   [WARN]     压缩失败 [GFnR6cAtFlvSl5sU04xARvp5_7039d1e8@android]: Skipped due to cooking limit
[2026-03-21 20:22:29] 📋   [WARN]     压缩失败 [GFnR6cAtFlvSl5sU04xARvp5_7039d1e8@windows]: Skipped due to cooking limit
[2026-03-21 20:22:29] 📋   [WARN]     压缩失败 [Ar20cbfgxVs2w5OLVL5HSQrm_b52fedba@ios]: Skipped due to cooking limit
[2026-03-21 20:22:29] 📋   [WARN]     压缩失败 [Ar20cbfgxVs2w5OLVL5HSQrm_b52fedba@android]: Skipped due to cooking limit
[2026-03-21 20:22:29] 📋   [WARN]     压缩失败 [Ar20cbfgxVs2w5OLVL5HSQrm_b52fedba@windows]: Skipped due to cooking limit
[2026-03-21 20:22:29] 📋   [WARN]     压缩失败 [Gzagic3gezeCNe9ENOZrg950_bbd426af@ios]: Skipped due to cooking limit
[2026-03-21 20:22:29] 📋   [WARN]     压缩失败 [Gzagic3gezeCNe9ENOZrg950_bbd426af@android]: Skipped due to cooking limit
[2026-03-21 20:22:29] 📋   [WARN]     压缩失败 [Gzagic3gezeCNe9ENOZrg950_bbd426af@windows]: Skipped due to cooking limit
[2026-03-21 20:22:29] 📋   [WARN]     压缩失败 [GMQdYdzJBj9OBTbYn6fsWVJw_680e0814@ios]: Skipped due to cooking limit
[2026-03-21 20:22:29] 📋   [WARN]     压缩失败 [GMQdYdzJBj9OBTbYn6fsWVJw_680e0814@android]: Skipped due to cooking limit
[2026-03-21 20:22:29] 📋   [WARN]     压缩失败 [GMQdYdzJBj9OBTbYn6fsWVJw_680e0814@windows]: Skipped due to cooking limit
[2026-03-21 20:22:29] 📋   [WARN]     压缩失败 [HdTaUUFqcS_3B0KJJ0M9XKDd_90cbfee2@ios]: Skipped due to cooking limit
[2026-03-21 20:22:29] 📋   [WARN]     压缩失败 [HdTaUUFqcS_3B0KJJ0M9XKDd_90cbfee2@android]: Skipped due to cooking limit
[2026-03-21 20:22:29] 📋   [WARN]     压缩失败 [HdTaUUFqcS_3B0KJJ0M9XKDd_90cbfee2@windows]: Skipped due to cooking limit
[2026-03-21 20:22:29] 📋   [WARN]     压缩失败 [FljwoXb4YtuDa6CvYxCmFwFJ_000790e1@ios]: Skipped due to cooking limit
[2026-03-21 20:22:29] 📋   [WARN]     压缩失败 [FljwoXb4YtuDa6CvYxCmFwFJ_000790e1@android]: Skipped due to cooking limit
[2026-03-21 20:22:29] 📋   [WARN]     压缩失败 [FljwoXb4YtuDa6CvYxCmFwFJ_000790e1@windows]: Skipped due to cooking limit
[2026-03-21 20:22:29] 📋   [WARN]     压缩失败 [GDmlGfgNtbVoJCYmZqnvPNXq_87329f56@ios]: Skipped due to cooking limit
[2026-03-21 20:22:29] 📋   [WARN]     压缩失败 [GDmlGfgNtbVoJCYmZqnvPNXq_87329f56@android]: Skipped due to cooking limit
[2026-03-21 20:22:29] 📋   [WARN]     压缩失败 [GDmlGfgNtbVoJCYmZqnvPNXq_87329f56@windows]: Skipped due to cooking limit
[2026-03-21 20:22:29] 📋   [WARN]     压缩失败 [DXc6WVfPWht__jpztz23kdKk_20346758@ios]: Skipped due to cooking limit
[2026-03-21 20:22:29] 📋   [WARN]     压缩失败 [DXc6WVfPWht__jpztz23kdKk_20346758@android]: Skipped due to cooking limit
[2026-03-21 20:22:29] 📋   [WARN]     压缩失败 [DXc6WVfPWht__jpztz23kdKk_20346758@windows]: Skipped due to cooking limit
[2026-03-21 20:22:29] 📋   [WARN]     压缩失败 [GLKNuc-XvMFBEa7JC7s5xgJA_a9905f04@ios]: Skipped due to cooking limit
[2026-03-21 20:22:29] 📋   [WARN]     压缩失败 [GLKNuc-XvMFBEa7JC7s5xgJA_a9905f04@android]: Skipped due to cooking limit
[2026-03-21 20:22:29] 📋   [WARN]     压缩失败 [GLKNuc-XvMFBEa7JC7s5xgJA_a9905f04@windows]: Skipped due to cooking limit
[2026-03-21 20:22:29] 📋   [WARN]     压缩失败 [CJGDgRh3_XroSSKebhcwwn-W_8c2954cc@ios]: Skipped due to cooking limit
[2026-03-21 20:22:29] 📋   [WARN]     压缩失败 [CJGDgRh3_XroSSKebhcwwn-W_8c2954cc@android]: Skipped due to cooking limit
[2026-03-21 20:22:29] 📋   [WARN]     压缩失败 [CJGDgRh3_XroSSKebhcwwn-W_8c2954cc@windows]: Skipped due to cooking limit
[2026-03-21 20:22:29] 📋   [WARN]     压缩失败 [FTQ-IXXi2Q5cEWZLGKrZjuhS_d20f0232@ios]: Skipped due to cooking limit
[2026-03-21 20:22:29] 📋   [WARN]     压缩失败 [FTQ-IXXi2Q5cEWZLGKrZjuhS_d20f0232@android]: Skipped due to cooking limit
[2026-03-21 20:22:29] 📋   [WARN]     压缩失败 [FTQ-IXXi2Q5cEWZLGKrZjuhS_d20f0232@windows]: Skipped due to cooking limit
[2026-03-21 20:22:29] 📋   [WARN]     压缩失败 [FTCxcdURsIA3u5iZLQ9YFvwu_c78205f9@ios]: Skipped due to cooking limit
[2026-03-21 20:22:29] 📋   [WARN]     压缩失败 [FTCxcdURsIA3u5iZLQ9YFvwu_c78205f9@android]: Skipped due to cooking limit
[2026-03-21 20:22:29] 📋   [WARN]     压缩失败 [FTCxcdURsIA3u5iZLQ9YFvwu_c78205f9@windows]: Skipped due to cooking limit
[2026-03-21 20:22:29] 📋   [WARN]     压缩失败 [DusZAc-v35Ev0H99YrLuPFYf_5427af3e@ios]: Skipped due to cooking limit
[2026-03-21 20:22:29] 📋   [WARN]     压缩失败 [DusZAc-v35Ev0H99YrLuPFYf_5427af3e@android]: Skipped due to cooking limit
[2026-03-21 20:22:29] 📋   [WARN]     压缩失败 [DusZAc-v35Ev0H99YrLuPFYf_5427af3e@windows]: Skipped due to cooking limit
[2026-03-21 20:22:29] 📋   [WARN]     压缩失败 [GsPz6TqBzlTxk65Uiiwd1pWT_fa083be2@ios]: Skipped due to cooking limit
[2026-03-21 20:22:29] 📋   [WARN]     压缩失败 [GsPz6TqBzlTxk65Uiiwd1pWT_fa083be2@android]: Skipped due to cooking limit
[2026-03-21 20:22:29] 📋   [WARN]     压缩失败 [GsPz6TqBzlTxk65Uiiwd1pWT_fa083be2@windows]: Skipped due to cooking limit
[2026-03-21 20:22:29] 📋   [WARN]     压缩失败 [DZ2zgbouAJ_vEydBMllGpx_h_22a4a691@ios]: Skipped due to cooking limit
[2026-03-21 20:22:29] 📋   [WARN]     压缩失败 [DZ2zgbouAJ_vEydBMllGpx_h_22a4a691@android]: Skipped due to cooking limit
[2026-03-21 20:22:29] 📋   [WARN]     压缩失败 [DZ2zgbouAJ_vEydBMllGpx_h_22a4a691@windows]: Skipped due to cooking limit
[2026-03-21 20:22:29] 📋   [WARN]     压缩失败 [D13tuTXTx43oQIo4OGJyH6ml_cb02a598@ios]: Skipped due to cooking limit
[2026-03-21 20:22:29] 📋   [WARN]     压缩失败 [D13tuTXTx43oQIo4OGJyH6ml_cb02a598@android]: Skipped due to cooking limit
[2026-03-21 20:22:29] 📋   [WARN]     压缩失败 [D13tuTXTx43oQIo4OGJyH6ml_cb02a598@windows]: Skipped due to cooking limit
[2026-03-21 20:22:29] 📋   [WARN]     压缩失败 [GaWeYa2W1igielzyqu1vuGO2_6a6cfb62@ios]: Skipped due to cooking limit
[2026-03-21 20:22:29] 📋   [WARN]     压缩失败 [GaWeYa2W1igielzyqu1vuGO2_6a6cfb62@android]: Skipped due to cooking limit
[2026-03-21 20:22:29] 📋   [WARN]     压缩失败 [GaWeYa2W1igielzyqu1vuGO2_6a6cfb62@windows]: Skipped due to cooking limit
[2026-03-21 20:22:29] 📋   [WARN]     压缩失败 [D-YyoQrjYDnHo0ZsbW6bnlRs_a9014440@ios]: Skipped due to cooking limit
[2026-03-21 20:22:29] 📋   [WARN]     压缩失败 [D-YyoQrjYDnHo0ZsbW6bnlRs_a9014440@android]: Skipped due to cooking limit
[2026-03-21 20:22:29] 📋   [WARN]     压缩失败 [D-YyoQrjYDnHo0ZsbW6bnlRs_a9014440@windows]: Skipped due to cooking limit
[2026-03-21 20:22:29] 📋   [WARN]     压缩失败 [AlepEfMnRS339xmeOrpGmyeC_8c0b5b86@ios]: Skipped due to cooking limit
[2026-03-21 20:22:29] 📋   [WARN]     压缩失败 [AlepEfMnRS339xmeOrpGmyeC_8c0b5b86@android]: Skipped due to cooking limit
[2026-03-21 20:22:29] 📋   [WARN]     压缩失败 [AlepEfMnRS339xmeOrpGmyeC_8c0b5b86@windows]: Skipped due to cooking limit
[2026-03-21 20:22:29] 📋   [WARN]     压缩失败 [EcGcEepXp6wd1oXphI9TG_Ek_e5a4f8b1@ios]: Skipped due to cooking limit
[2026-03-21 20:22:29] 📋   [WARN]     压缩失败 [EcGcEepXp6wd1oXphI9TG_Ek_e5a4f8b1@android]: Skipped due to cooking limit
[2026-03-21 20:22:29] 📋   [WARN]     压缩失败 [EcGcEepXp6wd1oXphI9TG_Ek_e5a4f8b1@windows]: Skipped due to cooking limit
[2026-03-21 20:22:29] 📋   [WARN]     压缩失败 [CA6GQcxSGs3p-bHUH7jYVXVi_d909d5f4@ios]: Skipped due to cooking limit
[2026-03-21 20:22:29] 📋   [WARN]     压缩失败 [CA6GQcxSGs3p-bHUH7jYVXVi_d909d5f4@android]: Skipped due to cooking limit
[2026-03-21 20:22:29] 📋   [WARN]     压缩失败 [CA6GQcxSGs3p-bHUH7jYVXVi_d909d5f4@windows]: Skipped due to cooking limit
[2026-03-21 20:22:29] 📋   [WARN]     压缩失败 [EcApAT3J-8Vq8MOhTi2jqONB_dcc11304@ios]: Skipped due to cooking limit
[2026-03-21 20:22:29] 📋   [WARN]     压缩失败 [EcApAT3J-8Vq8MOhTi2jqONB_dcc11304@android]: Skipped due to cooking limit
[2026-03-21 20:22:29] 📋   [WARN]     压缩失败 [EcApAT3J-8Vq8MOhTi2jqONB_dcc11304@windows]: Skipped due to cooking limit
[2026-03-21 20:22:29] 📋   [WARN]     压缩失败 [E7JpCfXfo1WyEjaV9kC4jScP_7f5e60b6@ios]: Skipped due to cooking limit
[2026-03-21 20:22:29] 📋   [WARN]     压缩失败 [E7JpCfXfo1WyEjaV9kC4jScP_7f5e60b6@android]: Skipped due to cooking limit
[2026-03-21 20:22:29] 📋   [WARN]     压缩失败 [E7JpCfXfo1WyEjaV9kC4jScP_7f5e60b6@windows]: Skipped due to cooking limit
[2026-03-21 20:22:30] 📋   [WARN]     压缩失败 [FeEOwf-rWKGmlhoRcC0-tdYV_a7bdbc72@ios]: Skipped due to cooking limit
[2026-03-21 20:22:30] 📋   [WARN]     压缩失败 [FeEOwf-rWKGmlhoRcC0-tdYV_a7bdbc72@android]: Skipped due to cooking limit
[2026-03-21 20:22:30] 📋   [WARN]     压缩失败 [FeEOwf-rWKGmlhoRcC0-tdYV_a7bdbc72@windows]: Skipped due to cooking limit
[2026-03-21 20:22:30] 📋   [WARN]     压缩失败 [BcsLUbTmBo43N9Un2h2OtsGo_0342a9be@ios]: Skipped due to cooking limit
[2026-03-21 20:22:30] 📋   [WARN]     压缩失败 [BcsLUbTmBo43N9Un2h2OtsGo_0342a9be@android]: Skipped due to cooking limit
[2026-03-21 20:22:30] 📋   [WARN]     压缩失败 [BcsLUbTmBo43N9Un2h2OtsGo_0342a9be@windows]: Skipped due to cooking limit
[2026-03-21 20:22:30] 📋   [WARN]     压缩失败 [DADNUS6xOOEy6q3g0NZsmrDP_68d142d1@ios]: Skipped due to cooking limit
[2026-03-21 20:22:30] 📋   [WARN]     压缩失败 [DADNUS6xOOEy6q3g0NZsmrDP_68d142d1@android]: Skipped due to cooking limit
[2026-03-21 20:22:30] 📋   [WARN]     压缩失败 [DADNUS6xOOEy6q3g0NZsmrDP_68d142d1@windows]: Skipped due to cooking limit
[2026-03-21 20:22:30] 📋   [WARN]     压缩失败 [FqRkYTHnSSSIbcLBaSH_aB-T_00af71fb@ios]: Skipped due to cooking limit
[2026-03-21 20:22:30] 📋   [WARN]     压缩失败 [FqRkYTHnSSSIbcLBaSH_aB-T_00af71fb@android]: Skipped due to cooking limit
[2026-03-21 20:22:30] 📋   [WARN]     压缩失败 [FqRkYTHnSSSIbcLBaSH_aB-T_00af71fb@windows]: Skipped due to cooking limit
[2026-03-21 20:22:30] 📋   [WARN]     压缩失败 [Gzi0cXYrnnze8Tjjg4I3vRLH_6390f720@ios]: Skipped due to cooking limit
[2026-03-21 20:22:30] 📋   [WARN]     压缩失败 [Gzi0cXYrnnze8Tjjg4I3vRLH_6390f720@android]: Skipped due to cooking limit
[2026-03-21 20:22:30] 📋   [WARN]     压缩失败 [Gzi0cXYrnnze8Tjjg4I3vRLH_6390f720@windows]: Skipped due to cooking limit
[2026-03-21 20:22:30] 📋   [WARN]     压缩失败 [C7gnidTydTXml9cpDUCdZGOn_8bb74301@ios]: Skipped due to cooking limit
[2026-03-21 20:22:30] 📋   [WARN]     压缩失败 [C7gnidTydTXml9cpDUCdZGOn_8bb74301@android]: Skipped due to cooking limit
[2026-03-21 20:22:30] 📋   [WARN]     压缩失败 [C7gnidTydTXml9cpDUCdZGOn_8bb74301@windows]: Skipped due to cooking limit
[2026-03-21 20:22:30] 📋   [WARN]     压缩失败 [HpvIgUVgWPvXgxMAQUIwnqd__dface37d@ios]: Skipped due to cooking limit
[2026-03-21 20:22:30] 📋   [WARN]     压缩失败 [HpvIgUVgWPvXgxMAQUIwnqd__dface37d@android]: Skipped due to cooking limit
[2026-03-21 20:22:30] 📋   [WARN]     压缩失败 [HpvIgUVgWPvXgxMAQUIwnqd__dface37d@windows]: Skipped due to cooking limit
[2026-03-21 20:22:30] 📋   [WARN]     压缩失败 [H4XAATXgUNI0qavQaQ5eSeeb_5f3278ef@ios]: Skipped due to cooking limit
[2026-03-21 20:22:30] 📋   [WARN]     压缩失败 [H4XAATXgUNI0qavQaQ5eSeeb_5f3278ef@android]: Skipped due to cooking limit
[2026-03-21 20:22:30] 📋   [WARN]     压缩失败 [H4XAATXgUNI0qavQaQ5eSeeb_5f3278ef@windows]: Skipped due to cooking limit
[2026-03-21 20:22:30] 📋   [WARN]     压缩失败 [E5E0Mb4SskWLmhXPNYU8wFiG_889a356b@ios]: Skipped due to cooking limit
[2026-03-21 20:22:30] 📋   [WARN]     压缩失败 [E5E0Mb4SskWLmhXPNYU8wFiG_889a356b@android]: Skipped due to cooking limit
[2026-03-21 20:22:30] 📋   [WARN]     压缩失败 [E5E0Mb4SskWLmhXPNYU8wFiG_889a356b@windows]: Skipped due to cooking limit
[2026-03-21 20:22:30] 📋   [WARN]     压缩失败 [B2BUiYxsWfYgT_h6cGE1mF1c_2760c72e@ios]: Skipped due to cooking limit
[2026-03-21 20:22:30] 📋   [WARN]     压缩失败 [B2BUiYxsWfYgT_h6cGE1mF1c_2760c72e@android]: Skipped due to cooking limit
[2026-03-21 20:22:30] 📋   [WARN]     压缩失败 [B2BUiYxsWfYgT_h6cGE1mF1c_2760c72e@windows]: Skipped due to cooking limit
[2026-03-21 20:22:30] 📋   [WARN]     压缩失败 [GYC7uc1V7gEANZ6fpuI5gMKG_d9ef641d@ios]: Skipped due to cooking limit
[2026-03-21 20:22:30] 📋   [WARN]     压缩失败 [GYC7uc1V7gEANZ6fpuI5gMKG_d9ef641d@android]: Skipped due to cooking limit
[2026-03-21 20:22:30] 📋   [WARN]     压缩失败 [GYC7uc1V7gEANZ6fpuI5gMKG_d9ef641d@windows]: Skipped due to cooking limit
[2026-03-21 20:22:30] 📋   [WARN]     压缩失败 [G7-IGa2jIkIjp4KaGyn04K0m_cbbdb7f6@ios]: Skipped due to cooking limit
[2026-03-21 20:22:30] 📋   [WARN]     压缩失败 [G7-IGa2jIkIjp4KaGyn04K0m_cbbdb7f6@android]: Skipped due to cooking limit
[2026-03-21 20:22:30] 📋   [WARN]     压缩失败 [G7-IGa2jIkIjp4KaGyn04K0m_cbbdb7f6@windows]: Skipped due to cooking limit
[2026-03-21 20:22:30] 📋   [WARN]     压缩失败 [FoQ7KWru6ArBIYTbUWso6LUX_c417551d@ios]: Skipped due to cooking limit
[2026-03-21 20:22:30] 📋   [WARN]     压缩失败 [FoQ7KWru6ArBIYTbUWso6LUX_c417551d@android]: Skipped due to cooking limit
[2026-03-21 20:22:30] 📋   [WARN]     压缩失败 [FoQ7KWru6ArBIYTbUWso6LUX_c417551d@windows]: Skipped due to cooking limit
[2026-03-21 20:22:30] 📋   [WARN]     压缩失败 [CCfv8W435PhoiZfFbjehtOvF_4b64864b@ios]: Skipped due to cooking limit
[2026-03-21 20:22:30] 📋   [WARN]     压缩失败 [CCfv8W435PhoiZfFbjehtOvF_4b64864b@android]: Skipped due to cooking limit
[2026-03-21 20:22:30] 📋   [WARN]     压缩失败 [CCfv8W435PhoiZfFbjehtOvF_4b64864b@windows]: Skipped due to cooking limit
[2026-03-21 20:22:30] 📋   [WARN]     压缩失败 [Bp_X4T0TID7VJO7foovtvOM__2ecc7511@ios]: Skipped due to cooking limit
[2026-03-21 20:22:30] 📋   [WARN]     压缩失败 [Bp_X4T0TID7VJO7foovtvOM__2ecc7511@android]: Skipped due to cooking limit
[2026-03-21 20:22:30] 📋   [WARN]     压缩失败 [Bp_X4T0TID7VJO7foovtvOM__2ecc7511@windows]: Skipped due to cooking limit
[2026-03-21 20:22:30] 📋   [WARN]     压缩失败 [HO8NsZfgf9p_UZMScaLfoDq6_8fcb9826@ios]: Skipped due to cooking limit
[2026-03-21 20:22:30] 📋   [WARN]     压缩失败 [HO8NsZfgf9p_UZMScaLfoDq6_8fcb9826@android]: Skipped due to cooking limit
[2026-03-21 20:22:30] 📋   [WARN]     压缩失败 [HO8NsZfgf9p_UZMScaLfoDq6_8fcb9826@windows]: Skipped due to cooking limit
[2026-03-21 20:22:30] 📋   [WARN]     压缩失败 [BOujOe1P3qpUdppAqLaTe33t_28fe81e3@ios]: Skipped due to cooking limit
[2026-03-21 20:22:30] 📋   [WARN]     压缩失败 [BOujOe1P3qpUdppAqLaTe33t_28fe81e3@android]: Skipped due to cooking limit
[2026-03-21 20:22:30] 📋   [WARN]     压缩失败 [BOujOe1P3qpUdppAqLaTe33t_28fe81e3@windows]: Skipped due to cooking limit
[2026-03-21 20:22:30] 📋   [WARN]     压缩失败 [BOFb2YBlEZnkN1gJWC-H5glP_b22e9b15@ios]: Skipped due to cooking limit
[2026-03-21 20:22:30] 📋   [WARN]     压缩失败 [BOFb2YBlEZnkN1gJWC-H5glP_b22e9b15@android]: Skipped due to cooking limit
[2026-03-21 20:22:30] 📋   [WARN]     压缩失败 [BOFb2YBlEZnkN1gJWC-H5glP_b22e9b15@windows]: Skipped due to cooking limit
[2026-03-21 20:22:30] 📋   [WARN]     压缩失败 [AzsQoZxDztb65rCZaBpV2b91_611faa92@ios]: Skipped due to cooking limit
[2026-03-21 20:22:30] 📋   [WARN]     压缩失败 [AzsQoZxDztb65rCZaBpV2b91_611faa92@android]: Skipped due to cooking limit
[2026-03-21 20:22:30] 📋   [WARN]     压缩失败 [AzsQoZxDztb65rCZaBpV2b91_611faa92@windows]: Skipped due to cooking limit
[2026-03-21 20:22:30] 📋   [WARN]     压缩失败 [BWcuMUfJo3pjF7hWoerKBhu7_814d47cc@ios]: Skipped due to cooking limit
[2026-03-21 20:22:30] 📋   [WARN]     压缩失败 [BWcuMUfJo3pjF7hWoerKBhu7_814d47cc@android]: Skipped due to cooking limit
[2026-03-21 20:22:30] 📋   [WARN]     压缩失败 [BWcuMUfJo3pjF7hWoerKBhu7_814d47cc@windows]: Skipped due to cooking limit
[2026-03-21 20:22:30] 📋   [INFO]   批量压缩完成: 总计 2544, 成功 1749, 缓存命中 1739 (68.4%), 错误 795
[2026-03-21 20:22:30] 📋   [INFO]   完成 (18.76s)
[2026-03-21 20:22:30] 📋   [INFO] [10/13] 生成产物...
[2026-03-21 20:22:30] 📋   [INFO]   清空版本目录: /workspace/.project/../dist/1.0.6
[2026-03-21 20:22:30] 📋   [INFO]   生成: manifest-4a80d0ba.json (client)
[2026-03-21 20:22:30] 📋   [INFO]   生成: manifest-19cc59b5.json (server)
[2026-03-21 20:22:30] 📋   [INFO]   生成: engine-ef9e23e2.json
[2026-03-21 20:22:30] 📋   [INFO]   生成: version.json
[2026-03-21 20:22:30] 📋   [INFO]   生成: project.json
[2026-03-21 20:22:30] 📋   [INFO]   生成: dist/project.json
[2026-03-21 20:22:30] 📋   [INFO]   生成 tag: latest.json (默认)
[2026-03-21 20:22:30] 📋   [INFO]   生成 tag: 1.x.x.json (默认)
[2026-03-21 20:22:30] 📋   [INFO]   完成 (0.38s)
[2026-03-21 20:22:30] 📋   [INFO] [11/13] 复制资产...
[2026-03-21 20:22:30] 📋   [INFO]   复制资源到: /workspace/.project/../dist/assets
[2026-03-21 20:22:30] 📋   [INFO]   已复制: 276 个文件
[2026-03-21 20:22:30] 📋   [INFO]   完成 (3.78s)
[2026-03-21 20:22:30] 📋   [INFO] [12/13] 清理旧版本...
[2026-03-21 20:22:30] 📋   [INFO]   清理完成: 0 个旧版本, 1 个孤立资源
[2026-03-21 20:22:30] 📋   [INFO]   完成 (0.77s)
[2026-03-21 20:22:30] 📋   [INFO] [13/13] 输出统计...
[2026-03-21 20:22:30] 📋   
[2026-03-21 20:22:30] 📋   === 构建统计 ===
[2026-03-21 20:22:30] 📋   项目根目录: /workspace
[2026-03-21 20:22:30] 📋   目标平台: all
[2026-03-21 20:22:30] 📋   资产目录: ../assets, ../scripts
[2026-03-21 20:22:30] 📋   
[2026-03-21 20:22:30] 📋   资源统计:
[2026-03-21 20:22:30] 📋     扫描文件: 1615
[2026-03-21 20:22:30] 📋     发现资源: 2165
[2026-03-21 20:22:30] 📋     忽略文件: 0
[2026-03-21 20:22:30] 📋     生成 meta: 270
[2026-03-21 20:22:30] 📋     Client 资源: 2165
[2026-03-21 20:22:30] 📋     Server 资源: 1
[2026-03-21 20:22:30] 📋     复制资源: 276
[2026-03-21 20:22:30] 📋     纹理压缩: 583
[2026-03-21 20:22:30] 📋   
[2026-03-21 20:22:30] 📋   Meta 缓存:
[2026-03-21 20:22:30] 📋   
[2026-03-21 20:22:30] 📋   === Meta 缓存统计 ===
[2026-03-21 20:22:30] 📋   本地缓存: 942 条目
[2026-03-21 20:22:30] 📋   命中次数: 0
[2026-03-21 20:22:30] 📋   未命中次数: 942
[2026-03-21 20:22:30] 📋   命中率: 0.0%
[2026-03-21 20:22:30] 📋   加载次数: 942
[2026-03-21 20:22:30] 📋   刷新次数: 0
[2026-03-21 20:22:30] 📋   
[2026-03-21 20:22:30] 📋   远端来源: 3 个
[2026-03-21 20:22:30] 📋     - engine: 4 个文件
[2026-03-21 20:22:30] 📋     - engine-res: 1223 个文件
[2026-03-21 20:22:30] 📋     - official-res: 25358 个文件
[2026-03-21 20:22:30] 📋   
[2026-03-21 20:22:30] 📋   构建完成!
[2026-03-21 20:22:30] 📋     版本: 1.0.6
[2026-03-21 20:22:30] 📋     输出: /workspace/.project/../dist/1.0.6
[2026-03-21 20:22:30] 📋     Client: manifest-4a80d0ba.json
[2026-03-21 20:22:30] 📋     Server: manifest-19cc59b5.json
[2026-03-21 20:22:30] 📋   [INFO]   完成 (0.00s)
[2026-03-21 20:22:30] 📋   [INFO] 总耗时: 35.01s
[2026-03-21 20:22:30] 📋   [INFO] 构建完成!
[2026-03-21 20:22:30] 📋 设置目录权限...
[2026-03-21 20:22:30] 📋 设置 dist 目录权限: /workspace/dist
[2026-03-21 20:22:35] ✅ dist 目录权限已设置 (root:root, 755/644)
[2026-03-21 20:22:35] 📋 设置目录权限: /workspace/logs
[2026-03-21 20:22:35] 📋 设置目录权限: /workspace/.project
[2026-03-21 20:22:35] 📋 设置目录权限: /workspace/.build
[2026-03-21 20:22:37] ✅ 非 dist 目录权限已设置 (1000:1000)
[2026-03-21 20:22:37] 📋 ⏱️  耗时: 46.79s
[2026-03-21 20:22:37] ✅ ==================================================
[2026-03-21 20:22:37] ✅ 构建完成！总耗时: 46.97s
[2026-03-21 20:22:37] ✅ ==================================================
